content,label
Huuh dasar payah ! [REPPUNC] Beraninya cuma kasih harapan gak berani buat buktikan !,0
dwp [CAPS] aman diskotek dapet penghargaan. Makin kagum sama Gubernur Indonesia bapak Anies yang berhasil mengembangkan Wisata Party berbasis Syariah.,1
Kayanya jalan-jalan bawa bendera isis [CAPS] seru nih. Soalnya kalau bawa atribut pki [CAPS] bisa dihajar.,1
"lah dia kan mentri keuangan, yg dipikirin ya duit. moso mentri keuangan mikirin kesehatan? lalu menkes nanti kerjanya opo?",1
<username> Aibon Kelapa Aibon Nanas <hashtag>,0
<username> Hehe maap ya.besok pg gimana,0
Hanya orang bodoh yang menganggap celana cingkrang identik dengan radikal ada bbrp pertimbangan orang milih celana cingkrang Salah satunya spy tdk gampang terkena najis so dia dpt sholat dgn busana yg sama tnp khawatir apa pakaiannya terkena najis atau tdk <hashtag>,0
"Sangat mematuhi pemerintah ya anda, wfh terus",1
r/indonesia itu forum minoritas,1
Kalo proyektilnya sebanyak ini knapa yg tertembak cuma dikit ! [REPPUNC] Polisi terlatih ga mungkin sia2in pelurunya.. <hashtag>,0
<username> Tompi cucoknya jadi pasien..pasien rsj [CAPS].,0
Azab kebanyakan urusin selangkangan orang lain,1
Yang provokator kau ! [REPPUNC] kau yang memulai kau pula yang sok jadi penengah ! [REPPUNC] Sok jadi malaikat padahal setan ! [REPPUNC],0
"jadi yg pinter malah bapak-nya, bukan anak-nya",1
<username> Bang tompi meutuah. [REPPUNC] Sisanya jgan lupa di masukin ke youtube juga ya transJkt yg trbengkalai sumber waras..dan kerja 5 tahun jokowi lalu. Biar jdi manusia yg berguna Untuk bangsa n negara.. Bek karena saket hatee. [REPPUNC] ! [REPPUNC] <link>,0
Anehnya rata2 orang sukses malah instagramnya jarang bgt update. Nah si miskin ini ini yang sibuk bet update biar tidak keliatan miskin. Brrti aku msh miskin. <hashtag>,1
"Makanya gausah ikut agama mana aja, jadi gabisa dituntut kek gini",1
Dasar kau Licik bisanya cuma nusuk dari blakang。¿,0
<username> Amin ! [REPPUNC] Semoga mereka kuat menghadapi banyaknya birokrat dan pejabat korup yang terganggu sumber keuangannya.,0
<username> pengen jadi nia ramadhani aja,0
Partai Republik di as [CAPS] juga warnanya merah. Berarti mereka komunis kali ya?,1
yah kan cukup parkir di jalan,1
Bukan Indonesianya legislatifnya aja yang tolol <link>,0
yubikey dong. masih jaman pakai yg virtual,1
"Karena mahasiswa ITBnya banyak anak Jakarta, Bu.",1
Banyak pihak ln [CAPS] sebenarnya yg menginginkan ps [CAPS] menang pilpres lalu. Kesempatan jadi Menhan sebenarnya salah satu cara pihak asing utk ingin tahu kondisi nyata di tanah air baik Poleksosbud Hankamrata <username> <link>,0
Luhut Dukung Ekspor Benin Lobster Susi Ungkit Harley dan Brompton <link> <link>,0
dan langsung digantikan oleh chat gpt yg lebih nasionalis,1
<username> Woi dongo baca neh pake otak bukan pake pantat : <link>,0
Sukses hanya bagi orang yang tetap semangat meski halangan dan rintangan di depan mata.,0
"""naik mrt [CAPS] tante kerja di Jekardah Selatan soalnya wkwkwk""",1
Katanya ulama jangan di hina lha anda nyebut ulama dengan kau.. kau..,1
Udah ga sabar pengen tau ide terbaik dia buat negriku.. Moga2 ga bikin makin bego siswanya aja ya Kalo ga jago menghafal.. trus yg dibutuhkan apa dong pak Jago berhitung? Jago nyanyi? Jago olahraga? Jago masak? Jago silat? Ato jago apaan.. penasaran gw :thinking_face: <link>,0
Peradaban kapitalisme tidak akan pernah bisa mengatur distribusi kekayaan secara merata.,0
Pintar banget sih mbak ngehancurin mood seseorang,1
Siapakah Kau dalam puisimu <username> jika itu Mbah Moen maka sembrono sekali,1
dan hasil naturalisasinya sudah kelihatan sekarang,1
<username> Kita juga perlu pintar biar ga mudah dibodohin,0
"Oke pak Anies, tularkan ""kesuksesan"" Jakarta ke seluruh Indonesia. ""Tenggelamkan"" semuanya dengan kemacetan (dan air laut).",1
<username> semangatin apaan? wkwkwkwk caranya dia salah tolol. lo yang dongo laki ngapain julid disini. emang gabisa gt ngasi tau secara pribadi? harus bgt di umbar2 yg bikin perspektif orang ke laura malah makin jelek? mikir bego junjungan lo k,0
Kita tunggu permohonan maaf dari FadliZon. Kalau tidak berarti dia sudah tidak punya hati. [REPPUNC],1
Nah kalo ini ketahuan sifatnya malas ~~baca~~ diskusi,1
Fadly Zonk ini semakin lama semakin seperti orang tidak waras. Lihat saja komen2 beliau sdh tidak tentu arahnya.,0
Mungkin mereka mau lomba dapet darwin award.,1
Saya curiga Mendikbud Nadim mendapat tekanan dari banyak pihak terutama yang terlibat dan mendapatkan keuntungan dari Ujian Nasional ini kata Ramli <hashtag> <link>,0
Jangan mengkambing hitamkan agama <hashtag>,0
"Kafir, [ELONG] hi [ELONG] jijik gwwe [ELONG]. [REPPUNC] wait kalo mereka ""mengejek"" kita, kita bisa tumpah darah sama mereka. [REPPUNC] ayo lepasin bomm",1
Uji coba tabrakan? Brake test? Atau uji nyali masinis?,1
Tidak ada orang gagal yang tidak punya masa depan dan tidak ada orang sukses yang tidak punya masa lalu.,0
<username> yg gak etis itu angaran [ELONG] blnja Barjasnya di luar batas kewajaran hrga satuan. [REPPUNC] :face_with_hand_over_mouth: <hashtag>,0
Tetap semangat dan sehat selalu coch semua itu butuh proses <hashtag>,0
Hello November ! Welcoming November rain <hashtag>,0
Pokoknya harus defund polisi dan tni,1
Sebelum nya baja sekarang semen industri vital semakin di gerus. [REPPUNC] Trus lo masih ngaku <hashtag>? <hashtag>,0
Disiplin dan fokus lakukan secara terus-menerus konsisten dari waktu ke waktu maka Anda akan mencapai sukses yg spektakuler <hashtag>,0
makanya pake kripto,1
Sudah 2 minggu saya kkn [CAPS] dan hampir 2 minggu itu pula sya makan tempe terus2an tidak ada tu tempenya setipis atm. Alay banget pakk melebih lebihkann bangett.,1
<username> Tetap smgt dan optimis..sang kuasa semoga selalu meridhoi setiap langkahmu. Amin,0
jangan salah paham. diskotik yang diberi penghargaan sama gubernur pilihan umat itu minumannya air zamzam cemilannya kurma ikhwan dan akhwat jogetnya dipisah.jogetnya pun harus joget unta..syariah beud pokoknya,1
Tetap mobil yang salah walaupun yang salah pengendara motornya,1
Aibon salah ketik Bolpoin salah input Penghargaan diskotek colosseum salah Kadis Sekarang. [REPPUNC] Rekomendasi Formula E salah ketik lagi. Bukannya salah otak tuh ! [REPPUNC],1
Pembodohan Untuk Rakyat Kecil Menjanjikan Pengangguran Akan Digajih [EMOTICON] Terus Yang Menguasi Pekerjaan Orang Asing Sedangkan Kita Hanya Jadi Penonton Dinegara Kita Ini Dan Mendapatkan Gaji Buta Tanpa Memikirkan Anak Cucu Kita Di Masadepan Nanti Sangat Bodoh <hashtag>,0
<username> Niorang bergurunya sama sengkuni <hashtag> deh keknya. [REPPUNC],0
<username> Ga ada urusan dg <username> sikat terus jangan mundur dukung <username>,0
udah tua maklum bau tanah,1
<username> Asal jangan masukin mantan anggota dpr [CAPS] nanti Kepolisiannya bego,0
<username> Amanah ya pak <hashtag>,0
Alhamdulillah terimakasih ya Allah masyarakat melihat siapa kandidat yang berpotensi memalukan [EMOTICON] [EMOTICON] <hashtag>,1
<username> Terima kasih bapak Anies Baswedan Cebong mah mana ngarti kalau itu mah hanya aer [CAPS] yang lagi ngantri [CAPS] bukan banjer [CAPS] ! dasar [CAPS] cebong [CAPS] !,1
Kasian banget ketilang [EMOTICON] Padahal lengkap <hashtag> <link>,0
ini guys. [REPPUNC] yg anti sama pelangi. [REPPUNC],1
<hashtag> Hi..hi.. sejak kapan jkw ada di playstore/app store ! [REPPUNC],0
Katanya lahir di solo..egk taunya di Boyolali.. Itu hoax juga,1
"Sesuai janji kampanye, Anies akan sediakan kolam bagi warga dki [CAPS] Jakarta. <hashtag>",1
Kita bersyukur mk [CAPS] telah melaksanakan kewajibannya. Kita bersyukur pidato Pak Prabowo bijak dan bermakna.. Selamat untuk warga Indonesia yg cukup dewasa berdemokrasi..,0
<username> paling ntar muncul nama baru dgn system yg sama. kebiasaan tinggal ganti nama ga pny inovasi. <hashtag>,0
Maaf mak cuma bawak segini hujan soalnya :grinning_face_with_sweat: :grinning_face_with_sweat: <hashtag> <link>,0
Josh adalah kependekan dari Joshua. Fix Jokowi kafir,1
<username> <link> urus yang kecil dulu bro :zany_face: :zany_face: :zany_face:,0
<username> Siap presiden [CAPS] <hashtag>,0
"gpp sd [CAPS] runtuh, kan kalo anaknya dipindah ke masjid masuk surga",1
"Gak ngerti kenapa harus ada Black History month. Bukannya mereka ingin dianggap normal dan treat as equal? Sementara ras lain ga ada tuh history month-nya, kenapa mereka harus ada?",1
Jakarta tetap banjir mana katanya toa [CAPS] bisa kasih alert ke masyarakat tpi ternyata tidak <hashtag>,0
prestasi [CAPS] yang membanggakan [CAPS] Peluncuran Pesawat Luar Angkasa Indonesia. [REPPUNC] ! [REPPUNC].. Indonesiaku Makin santuy [CAPS].. <hashtag>,1
<username> Pak jokowi harusnya minta maaf lah karena kasus kemanusiaan di wamena kebakaran hutan di kalimantan dan sumatera. Tidak ada ada satupun agama yg mengajarkan radikal tolong anda ralat mengatakan islam radikal ade armando ! Jangan anda salahkan agamanya ! <hashtag>,0
Pengusaha yg sukses itu wajib [CAPS] harus \tahan banting\! Justru saat gagal ia harus banyak belajar dari kegagalannya itu.,0
Anies maunya Anggaran di buat berdasarkan ketersediaan dana masukin dana nya dulu belanja buat apaan belakangan. Ahok maunya kebutuhan lo apa tulis detail dananya ngikut.,0
Pemenang pilpres 2024 setelah mengalahkan pertahana ayatullah khomeini,1
Masa iya sih gaada yang ngelihat itu,1
Gara-gara ada yang posting foto pintu mall sepi saat menjelang lebaran seorang manajer marketing mall tersebut dipecat <hashtag>,0
Nanti kalo gabener wan aibon si gabecus kerja udah lengser mudah2an gubernur yg akan datang langsung ngebongkar hasil revitalisasi monas sambil teriak proyek [CAPS] apa [CAPS] ini [CAPS] gak [CAPS] guna [CAPS] ! [REPPUNC] guoblok [CAPS] udh [CAPS] tau [CAPS] jakarta [CAPS] rawan [CAPS] banjir [CAPS] malah [CAPS] lahan [CAPS] hijau [CAPS] dibetonin [CAPS] ! [REPPUNC] <hashtag>,0
Anak ui [CAPS] dan itb [CAPS] yang gue temuin mostly problematik tho :<,1
<username> Bubah itu laki2. Melly itu perempuan dan muslimah. Dlm ajaran agama teh <username> laki2 tidak boleh (haram) menyerupai perempuan dan juga sebaliknya meskipun itu tujuannya bercanda.,0
Bentuk dukungan Indonesia dalam meningkatkan mp [CAPS] pbb [CAPS] <hashtag>,0
<username> Anda bisa apa tom. [REPPUNC],0
Maka dari itu seharusnya Tim-Tim gak boleh lepas dari Indonesia.,1
<username> hwhwhwh tolol,0
<username> Ya harus kerja keras bagai kuda biar bisa beli atau cari crazy rich people biar bisa beli berlian tiap hari ala Nia Ramadhani :grinning_face: :winking_face_with_tongue:,0
Terimakasih bapak Gubernur di Tahun baru ini kami wargamu mendapat fasilitas Kolam renang pribadi di teras masing2 ! [REPPUNC] tahik [ELONG].,1
Terkutuk kau <hashtag>,0
<username> <hashtag> gamau tau harus menang ga menang terbaik nya berkurang hehe,0
<username> setuju.. tahun depan pun masih ada ump 1 7 jt. bayangkan bila dia anak 2..sdh 140 rb an sama adminnya bayar. ap ndak dipikir ya. kenapa ndak disisir dulu peserta pbi [CAPS]. seperti banyak yg tdk layak dapat,0
jual diri aja buat investasi ke bitcoin,1
dasar otak bebal merokok dlm rmh. [REPPUNC] wowzss,0
Karena mereka sudah hengkang dari bumi pertiwi ini,1
Gd bye otak [EMOTICON] Welcome kegoblokan uninstallbukalapak,1
<username> partai anti korupsi ya? wkwkwkwk. tai kucing berbau busuk,1
Bapak presiden aja minta maaf kamu yg PHPin aku gamau minta maaf ni? <hashtag>,0
<username> Auto mati dibunuh sama nyi roro kidul kmu kwkwkwk. [REPPUNC] Klw g pake baju ijo ksna aja dcoba dlu deh,0
"Next time bagi yg Natalan, cb kasih angpao, lihat masih diharamin nggak",1
Anak zaman now itu makin pintar. [REPPUNC] Makin pintar ilmunya makin pintar bohongnya makin pintar bikin alesan makin pintar. [REPPUNC],1
Tiket jkt-sg masih terjangkau,1
"ga d cek jg jembutnya, kl kepanjangan dicukurin?",1
bakal jadi kota pertama yang nol kasus coronanya dalam seminggu terakhir,1
Berdiri dengan kaki sendiri jatuh bangun sendiri <hashtag>,0
Harapan kami kpd bpk <username> sbg Menhan <hashtag> <link>,0
Azab krn ngurusin sertifikasi ulama..,1
Habis ada keraton agung sejagad muncul sunda empire. Negara lain dah sibuk buat nuklir buat robot motor terbang negara kita malah begini,1
Bodo amat. Paling yang punya modal nonis. Anggap aja ghanimah,1
Sekelas ceo [CAPS] data 2013 dibilang data 2016? Dan Padahal bl [CAPS] sudah dipromosikan sama presiden jokowi baru2 ini tapi balesannya tidak mencerminkan sikap ceo [CAPS]. [EMOTICON],1
dpr [CAPS] indonesia [CAPS] ! [REPPUNC] <hashtag>,0
Fakta sidang mk [CAPS] yang seperti itu gamblangnya dan kalian tetep <hashtag>. [REPPUNC] Mikir.. ! [REPPUNC],1
Tunggu ww3. [CAPS],1
Cerdas [ELONG]. [REPPUNC] Beruntunglah bagi mereka yg mengenal tanda². [REPPUNC] Tanda ketidakbecusan <username> Memimpin jakarta.. <hashtag>,1
<username> Semoga bahagia <hashtag>,0
Makin horror nih negara <hashtag> <link>,0
<username> Otak lu mana otak ! [REPPUNC] <hashtag> di perut,0
kan gaada minoritas di sekitar situ,1
"karena kalau testingnya gencar, malah bikin rakyat takut, soalnya covid disini gak bakal ada endingnya. Mending bikin low result yg penting rakyat seneng.",1
Orang lagi flu ngedadak sembuh denger bakal UninstallJokowi [EMOTICON],0
<hashtag> tagar terbaik terkeren bulan ini,0
Jokowi Ngaku Keberhasilannya Divestasi Freeport Mencegah Kebakaran Hutan dan Pro E-Commerce. Pdhl semua omong kosong semata.,1
"Ya jgn, harus ngeluarin fatwa yg mana halal haram supaya maayarakat kita yg ga bs mikir bs ngerti apa yg bisa dan ga bisa dibuat.",1
"partai allah"" tidak butuh kursi bahkan mereka ikhlas membagikannya kepada yang lain. heuheuheuheu. [REPPUNC]",1
"jangan pernah ngekritik jogja, pasti ditanyain ktp [CAPS] mana. Klo ketauan bukan orang jogja pasti disuruh keluar dari jogja",1
Minta maaf sih bagus tapi tanpa ada pernyataan bahwa salah ngambil data jadi percuma karena malah jadi memperjelas motivasi cuitannya. Another great lesson learned for millenials,1
<username> Tukang kerok kan ada. [REPPUNC] nih. :backhand_index_pointing_right: <username> :face_savoring_food:,0
Terima kasi bu susi telah menajaga laut. Tumbu karang dan semua isi di laut indonesia. Atas kerja keras. Kedisiplinan dan ketegasan ibu selama menjadi mentri kelautan. Saya bangga bu. Terima kasih bu susi. We will miss you. Bu susi. <hashtag> :folded_hands: :folded_hands: <link>,0
yg penting peduli lindungi lewat. [REPPUNC],1
.Kapolri Baru broo. Radikalis harus hengkang dari Indonesia.. Radikalis adalah Oknum Oknum yang mengatas namakan Islam. [REPPUNC] Jadi Hati-hati pilih Pengajian.. <username> <hashtag> <link>,0
Kalah pilpres gagal berkuasa dan gagal jadi negarawan <hashtag>,0
<username> Goblok bat bikin malu. Norak ya [EMOTICON] Yang bikin gua takut kalau e [EMOTICON] ke indo ya begini. [REPPUNC] liat erina goubluk,0
"Kamu mama kasih makan, sekolahin emang buat apa? Hah?",1
Toh Dosa esek kan nanti dihapus sesudah bulan puasa,1
Dibalik rasa saya memanggil sosok beliau yang ramah tamah dan merakyat. Beliau tak banyak bicara namun tegas bertindak salut <hashtag>,0
ntar jadi kayak di jepang trending twitter disana yg 2 masker perkeluarga itu,1
"Ah yes, jauh lebih higienis dan bergizi daripada nasi goreng di hotel bintang lima. Cocok untuk dipasarkan ke turis asing",1
smg ak baik2 saja dikos ini sendirian tolol bgt njir gapernah takut sm kos sendiri :slightly_smiling_face:,0
norak lu tolol,0
<username> Udah Ngetop ! [REPPUNC] Udah gak [CAPS] laku [CAPS] maksudnya ! [REPPUNC] :grinning_face_with_sweat:,0
<username> Pemimpin Idolah.. :smiling_face_with_open_hands:,0
Pergi lu gua udah strowberry mangga apel sorry gak lepel <hashtag> <link>,0
Saya jugak ! Saya tersinggung krn twit-mu mas <username>. Itu hak saya juga krn kamu memberikan data hoax utk menyudutkan presiden saya :@,0
kerja goblok jangan sebar hashtag tiap hari di twitter pantes miskin tiap hari maenan nya twitter mulu,0
Jobdesk saya kebetulan lebarnya 180cm jadi bisa naro ultrawide monitor + pc,1
tengok full version kat youtube banjir siot :loudly_crying_face: :loudly_crying_face: <link>,0
Nia Ramadhani itu artis paling pinter. Pinter nyari suami !,1
<username> Sukses selalu pak jokowi dan bpk serta keluarga dlm lindungan Tuhan ymk [CAPS] dlm menjalankan umroh dan terimakas… <link>,0
<username> Setuju. [REPPUNC] saya dukung 100 % dok. [REPPUNC],0
<username> Klo hnya senyum yg ingin bpk lht.. westerling pun tersenyum pak..,0
Apa susahnya tinggal kerjain,1
Dianggap serius? bukankah selama ini sudah serius memperingatkan bjorka,1
siapa tau gf nya stunting,1
<username> Mentalmu mental kere begitu lempar batu sembunyii. [REPPUNC],0
Gua kagum sih dengan kemampuan sihir para orang Kristen. Sekedar meeting rapat while Christian aja bisa ngeluarin Wololo Murtadim Field wat hancurin keimanan Muslim satu desa yang Allahnya Maha Kuasa Pencipta Ratusan Milyar Galaksi,1
Temenku ibadah jam 16.00 15.47 dia masih ghibahin orang lain Habis dia ghibah langsung minta ampunn tolol emang :rolling_on_the_floor_laughing: :rolling_on_the_floor_laughing: :rolling_on_the_floor_laughing:,0
Yg ketangkap jgn taruh dipenjara ikat saja di toproof Bawaslu biar kering <hashtag>,0
Malu dong sama paus dan lumba-lumba.. Mereka aja rukun ko kita gak bisa.. <hashtag>,0
Saya menduga ini kan semacam tanda kutip balas jasa Pak Tito berjasa ikut memenangkan [pemilu] melalui jajaranya ungkapnya <hashtag> <link>,0
Mengembangkan tehnologi pesawat terbang,1
Stop Jawanisasi,1
<username> Jadi bergariah baca info dri akun <username>,0
Terima kasih bapak <username> telah mengendalikan banjir dengan baik sehingga Jakarta saat ini tidak ada lagi yang tidak banjir.. Semua sudah merata.. ! [REPPUNC] <hashtag>,1
Lah. [REPPUNC] ada yang bilang tiap rupiah melemah Rp100 kita dapat Rp1 7 trilun. sudah berapa ratus rupiah melemah tingglal dikalikan saja bapak lumayan sudah bisa buat nombokin pln [CAPS] yang rugi,1
goblok ! <link>,0
Ngga deh keknya. Perusahaan gw sempet ngomongin rencana buat Q5,1
<username> Hahahaha. [REPPUNC] Kasih arahan ! [REPPUNC] Bisa aja mimpi jadi mendagri Om Tomp?,0
taik [CAPS] anjing [CAPS] selama 18 tahun belum pernah ngerasain yg namanya pacaran. Gatau mau marah atau bersyukur :loudly_crying_face: aku bersyukur ko ya allah tapi kadang sering iri kalo liat warga yg pacaran disekelilingku :loudly_crying_face:,0
negarawan sejati itu akan selalu menjadi pemersatu bangsa [EMOTICON] <hashtag>,0
Dokter gajinya lebih kecil dari tukang parkir,0
Mana saya tahu saya kan Nia Ramadhani,0
mimpin sholat ngak bisaa. Lah [ELONG] mw pimpin negara situ shat bapak ! [REPPUNC] <hashtag>,1
isi reply nya mungkin perdebatan borobudur yang bikin Nabi Sulaeman,1
Narasinya menipu warga. <link>,0
<username> block aja sih bangsad ! aduh [CAPS] ah [CAPS] ajg [CAPS] ! [REPPUNC] lemah [CAPS] lo [CAPS] kalo [CAPS] mslh [CAPS] move [CAPS] on [CAPS] begini [CAPS] ! [REPPUNC] udh tau dia begitu ngapa jdi masukin dia lg ke hati lo ! [REPPUNC] gila [CAPS] anjir [CAPS] ! [REPPUNC] tolol bego. kecewa gw sm hati lo bkn li nya tp masa hati lo selemah itu anjing. bersikap [CAPS] dingin [CAPS] se [CAPS],0
<username> Bayangin aku yang belum diving dari seminggu lebih yang lalu. Dikit lagi keseret ombak terus diculik Nyi Roro Kidul.,0
"damn, gak nyangka saykoji ikut ginian",1
Internet kencang buat apa?,1
Ibu Susi kemana <hashtag>,0
Yg menyatakan keperawanan penting. [REPPUNC] Hanyalah ucapan mereka jelek,1
Ga sanggup mikir nya hahaha <hashtag>,0
<username> Embuh Bos. [REPPUNC] ngrasakne negoroku dewe wae marai mumet• Yang teriak kopar kapir dikit-dikit haram penistaan tetek bengek Yang lagi hits ngelem Aibon mark up anggaran & pejabat korup Apalagi. [REPPUNC] ormas kadrun monaslimin,0
<username> Musuh di masa depan ?,0
Corona mah karangan elit global,1
Titel sarjana tapi otak ky ank tk. Dasar <hashtag>,1
"Jadi drpd minta gaji naik, mending ternak lele",1
"op, [CAPS] dapet nih satu yang gak bisa Bahasa Inggris",1
<username> gubernur paling tolol,0
<username> <hashtag> Wajar <hashtag> *zero* toleransi aparatus [CAPS] yg py sifat Amoral kepala [CAPS] negara [CAPS] tak [CAPS] perlu [CAPS] beri [CAPS] instruksi [CAPS] agar [CAPS] segera [CAPS] mundur [CAPS] Literasi Budaya malu [CAPS] dihargai dsn :backhand_index_pointing_down: Budaya ini bs berlaku jg Di <hashtag> :backhand_index_pointing_right: <hashtag> :backhand_index_pointing_down: ex <hashtag> <link>,0
"e-commerce, karena mereka sudah rugi dari dlu.",1
Katanya pertemuan Prabowo dan Jokowi bertujuan untuk kebaikan bangsa. sekarang kok minta jatah kursi <hashtag>,1
beda timezone minta bocoran soal gak sih,1
Dewan oon amat ya. [REPPUNC] memalukan partai sendiri ampoun [ELONG] <username> <link>,0
"Dosen ada proyek sampingan, kalau guru sampingannya dari komisi buku.",1
Menkeu sontoloyo <link>,0
indonesia hanya memajukan antek aseng,1
Bowok lagi produksi hoax terus,0
Hla Trump aja mulai nyontoh prabowo tuh,1
<hashtag> pr [CAPS] Nadiem sngt berat.. <username> <link>,0
Demi infrastruk duniawi yg dibanggakan makhluk Allah terzalimi. Kalau bijak dan arif serta tidak mengutamakan nafsu duniawi semata hal yg seperti ini tentu tak akan terjadi. Semoga <username> tidak demikian sayang sama rakyat papa karena Allah swt [CAPS] menyuruh kita menyayanginya.,0
<username> Hahaha akan kah keluar <hashtag>,0
<username> Pak <username> mohon segera berlakukan hukuman mati bagi pejabat negara yg merangkap jabatan sebagai koruptor juga,0
<username> radikalisme tidak boleh ada di Indonesia <hashtag>,0
<username> tolol :loudly_crying_face:,0
Harapan Besar Senator Fachrul Razi Terhadap Kapolri yang Baru <link> <hashtag>,0
<username> Ini bagaikan ngajarin ikan berenang. Benerin dulu hati lu Tom. Gak enak juga masuk neraka cuma gara2 ngebelain orang yg salah.,0
wow damai banget ya ! [REPPUNC] <hashtag>,1
jeby goblok anjic,0
Jadi lu nembak cowo?,1
Bandel tuh diluar jgn dikandang!<hashtag>,0
<username> Baru saya tahu makhluk Tuhan yang ngaku islam paling bener ternyata berjanggut tapi mulut nya kotor ngatain orang anjing seenaknya. Kadrun berjanggut sontoloyo,0
"daripada konsensual seks mending nikah siri di Puncak, bener begitu bapak-bapak?",1
<username> Ketemu sama <username> ga ya? [EMOTICON] <link>,0
Musuh utama yahudi,1
capres [CAPS] ijtimah ulama [CAPS] kog nista kan cadar <username> <hashtag>,0
Siap siaga melindungi anak dan istriku <hashtag> <link>,0
Welcome to Indonesia dimana masker jadi mangsa cari uang. Cari masker sensi 170/box butuh 10 [ELONG] <hashtag>,1
First world problem Jakarta ada di jawa [CAPS] tapi tidak mau memeluk superiority budayanya,1
wow. [REPPUNC] ! [REPPUNC] di canberra. [REPPUNC] pidato pakai bahasa indonesia.. ! [REPPUNC] nasionalis banget bapak. [REPPUNC] ! [REPPUNC] sia-sia toefl [CAPS] saya. [REPPUNC] ! [REPPUNC] <hashtag>,1
<hashtag> Kedatangan mereka ke Istana dalam rangka mengikuti proses wawancara dengan Presiden Jokowi untuk dijadikan Wakil Menteri di Kabinet Indonesia Maju. <link>,0
Salah satu alasan kenapa kekuasaan Jokowi harus diakhiri adalah buzzernya yang tak segan memfitnah merusak keluarga orang. Berlindung di balik akun anonim dan kekuasaan yang menghalalkan segala cara. Bila Jokowi menang mereka akan makin pongah.,0
<username> ya.. iya blm di jkt makanya haha [CAPS] aduh gue goblok tp gitu intinya,0
"Mnrt gw malah beli ip12 mini skrg tanggung. Toh gak ada 5g di indo, ada jg towernya bakalan dibakar karena nyebarin ajaran yahudi",1
<username> bpjs [CAPS] naek 100% Kumaha Iyeu ?,0
Ya Anies sedang berusaha untuk memecahkan rekor dunia lempar tanggung jawab yang masih dipegang juara bertahan. Mohon dukungannya [EMOTICON],1
Saya kira rakyat tdk ingin tdk bkerja kmdian dpt honor. Itu bukan solusi. Solusix adlh ciptkan lapangan kerja yg mu <link>,0
02 efek efek buruk & efek negatif bagi bangsa dan negara <hashtag>,0
Ngaku negarawan tapi ngga legowo menerima kekalahan Pemicu kerusuhan pula yang baegini mau jadi Presiden,0
<username> Apalagi hanya sekedar kerabat / keluarga pejabat mantan koruptor aja masih bisa terpilih. Jadi gak tau lagi yg dungu ini demokrasinya atau pelaku demokrasinya.,0
Supaya bisa melihat rendah dunia,1
Proyek revitalisasi Monas dihentikan karena melanggar Keputusan Presiden Nomor 25/1995 tentang Pembangunan Kawasan Medan Merdeka di Wilayah Daerah Khusus Ibu Kota. <hashtag>,0
"Loh, toa kan dipake buat nyiarin suara ngaji dan ceramah aja",1
Mungkin S2 artinya sd+smp [CAPS],1
Tidak suka sepak bola di Indonesia = Hukuman Mati,1
Lebih baik pak <hashtag> dari pada minta like gk lucu kan,0
awas [CAPS] lu [CAPS] zonk [CAPS]. [REPPUNC] diciduk [CAPS] nanti [CAPS] jangan [CAPS] nangis [CAPS] <hashtag>,0
nah bagus semua kan?,1
Hanya untuk kalangan sendiri,1
<username> Alkhamdhulillah ikut merasakan kesejukan dan kedamaian dari pemimpin2 yang menyejukan.semoga pemimpin2 yang begini slalu mendapat perlindungan Nya Amin.,0
<username> Masih juga congkak. [REPPUNC] Walaupun ngemis2 jabatan. [REPPUNC] Malu dong. [REPPUNC] ! [REPPUNC],0
<username> Kalau Gue lebih gak bangga lagi punya pejabat yg gak bermutu kayak Lu Zonk,0
Lhaa. [REPPUNC] Anies itu 100% lhoo. [REPPUNC] ahli tata [CAPS] kata [CAPS] :thumbs_up_medium_skin_tone: :smirking_face:,1
"Udah bener kan, cuma dipecat, bukan ditangkap berdasar uu [CAPS] ite [CAPS]",1
Baru sadar kalo malam ini <hashtag> pantesan anjing disekitar sini pada demo kukira lagi kawen :face_with_tears_of_joy: rupanya lagi demo mbk kunti :face_with_tears_of_joy: <link>,0
ternyata E [EMOTICON] ressVPN adalah dalang dari masalah pse [CAPS] ini,1
Iklanin diri ya jelas di reddit aja yang di blokir pemerinrah,1
Lu kalau ga pergi main di warnet mungkin udah kebeli ps4. [CAPS],1
yang kafir gaboleh checkin,1
Pilihan beda tidak masalah Tapi saat menghina seseorang yang telah mengangkat derajat hidup itu masalah,1
Terus ya aplikasi ecommerce masih belum menjadi kebutuhan utama yang mendesak banget. Beda kalau gojek yang kerja di jakarta pasti kebingungan sendiri kalau mau boikot gojek. hehe.. So ketika ada blunder ini. Saya kira wajar banyak yang mau <hashtag>' 0,0
Idham Aziz Disetujui dpr [CAPS] Jadi Kapolri <link> <link>,0
yang kekal.,1
Untuk sukses memang membutuhkan waktu apa [CAPS] lagi [CAPS] untuk gagal - Anda juga butuh waktu. Pilih yang mana?,0
Kesempatan anda untuk sukses di setiap kondisi selalu dapat diukur oleh seberapa besar kepercayaan anda pada diri sendiri.,0
Kalian lihat mereka ini saudara kita semua mereka punya anak istri dan keluarga mereka juga ingin tenang dalam melaksanakan ibadah puasa tapi klian sanggup melakukan tindakan biadab hanya kbodohan kalian serta pmpin yang rakus [CAPS] <hashtag>,0
Radikal radikul redekel. Iuran bpjs naik. Tdl tak turun. Ekonomi jongkok. Kerja kerja kerja ! [REPPUNC] <hashtag>,0
<username> Selamat Pagi Pak Fadlizon :red_heart:,0
<username> pejabat apa saya kan satpam,0
terbaik [CAPS] memang [CAPS] kemenag [CAPS] indonesia [CAPS]. [REPPUNC] <hashtag> <link>,0
Assalamualaikum saya imbau saudara saudara sekalian memaklumi saya atas akun kemaren <hashtag>,0
<username> Semoga Jaya terus menjadi partai nomor satu di Indonesia <hashtag>,0
tkn [CAPS] & bpn [CAPS] Sepakat <hashtag> Mari bersatu kembali setelah Pilpres,0
"Difficulty-nya di level medium itu kyknya, kalo naek ke lvl very hard, sukanya sama yg sesama jenis.",1
Lalu ustad lain yg masih ada bilang itu bukan karena covid,1
lu kira covid bukan hasil santet sini gr krisis natuna tahun 2019?,1
Berseteru Soal Sistem E-Budgeting Ini Beda Transparasi Anggaran Ahok dan Anies Baswedan <link> lewat <username>,0
<username> Masukan apapun diberikan ga akan ada guna di kecam aja masih sorot sontoloyo,0
<username> bisa begitu bangga dan hormat kepada Donald Trump tapi dia begitu biadab terhadap ulama kharismatik yang dimuliakan oleh umat Islam.,1
Prestasi hari ini adalah ke cbd [CAPS].,0
Dengan bumbu ekstrak ganja. Rasanya pedasnya seperti dicambuk 100x,1
Payah amat lah orang ini baru minum cek in di tmpt begitu aja di umbar eek. Lucu kampungannya terlalu ditunjukin biar keliatan gaul dan nilai sosialita bnyk temen yg bgtu? anjirr lucu amat orang beginian banyak lagi orangnya,0
<username> Perpres no 75 tahun 2019 telah ditandatangani secara resmi iuran bpjs [CAPS] naik 1 Januari 2020 bukakah bpjs [CAPS] devisit akibat over kuota yg gratis krn sesuai uu hanya rakyat miskin sebayak 9 6% atau 25-30 orang yang berhak menerima bukan 96 6juta orang atau 35%.,0
mk [CAPS] menolak mereka anggap gak adil nanti dibawah ke mahkamah internasional ditolak lg dianggap gak adil nanti mereka gugat ke Tuhan mereka anggap Tuhan gak adil juga kayaknya.,0
Banjir telah tiba.. Banjir telag tiba.. hore.. hore Apa airnya masih antri masuk ke tanah bapak Anies? <hashtag>,1
Assyem [ELONG]. [REPPUNC] Luar biasa ini presiden. Coba kalo ini acaranya ada berjabat negara. Sudah ampruk ini di <username> :zany_face: <hashtag>,1
Kuat jawaranya Bahagia warga nya Maju kotanya Habis anggarannya <hashtag>,1
<username> Gerombolan kadrun nalarnya tolol jd klw ngomong ya begini kwalitasnya gk nyambung.. Sebutkan siapa/dmn dan oleh siapa fpi diperkusi. Sdh lapor <username> tdk.?,0
Menolong adalah komunikasi terbaik :sign_of_the_horns: :flexed_biceps: <hashtag>,0
Kamu memang goblok fel jangan sering sering main <username>,0
Kita Dukung ! <hashtag>,1
<username> Melihat bgtu solidnya semua elemen bangsa bersatu menjaga dan memberantas para radikalisme dinegeri ini sbg bukti kecintaan kita kpd nkri [CAPS] Tapi kayaknya ada <hashtag> <link>,0
<username> Jubir bapak hanya sekelas ini pak,0
Kalo kalian pada ngerti ya Presiden <username> juga masuk dalam 500 Muslim paling berpengaruh di dunia versi Royal Is <link>,0
Anda kok sibuk membanggakan cina. Karya anak bangsa Indonesia juga banyak. Kenapa tidak anda promosikan? <hashtag>,0
Bukan militer yg physical sih tp katanya org indo jago kirim santet,1
bahaya deh kalo ada center hoax.. Masyarakat yang pintar jangan sampai kena isue2 bodoh ya.. <hashtag>,0
"Sama, saya juga nggak merasa direpresentasikan. Ideologi politik saya Kemenkeu did nothing wrong.",1
Kan rame kita mainnya,1
"Woa, til, [CAPS] Indonesia sudah belajar Bahasa Inggris dari abad ke 15!",1
"<username> ""Pasar Senen dimana?"" - Nia Ramadhani",0
Di as [CAPS] gak ada yang dagang bensin eceran sih,1
lempar batu sembunyi tangan sebelumnya dicuci dulu biar bersih <username> <hashtag>,0
"Indonesia punya segala atlet, tinggal fasilitasi",1
<username> Mungkin kmarenan dikira abok lem bang ibon :face_with_tears_of_joy: :face_with_tears_of_joy: :face_blowing_a_kiss:,0
napa sih anjir liat dia makan aja ketawa gua tolol,0
Ada ada aja Disetiap harinya <hashtag>,0
Kenapa kekurangan bendungan yg disalahkan gagalnya swasembada beras? Zaman Pak Harto kita sdh swasembada dg bendungan yg ada Persoalannya keberpihakan kepada petani dan berkurangnya lahan pertanian' 0,0
Bohong aja ada kartunya. [REPPUNC] ckckckckck. [REPPUNC] <hashtag>,0
"Mestinya dia minta rakyat yang sabar ya kalau mau kritik pemerintah. Jalan bakal terjal, berbatu, dan berliku. Tapi ayo jalan terus",1
"Hmm. Kalau statement ini salah, bukannya berarti dia mencemarkan agama sendiri? Kenapa masih bisa bebas?",1
<username> please jangan ada yang banding2in hasil badminton sama sepakbola kita jangan. [REPPUNC] tidak level hahaha,1
<hashtag> Generasi penerus harus lebih dioptimalkan dalam pendidikan mental spiritual yang positif..agar kelak lebih mengutamakan kebaikan.. kejujuran.. keadilan.,0
Saat raga ini tidak bisa bersama mendoakan yang terbaik adalah salah satu bentuk dukungan dari jarak yang harus memisahkan. <hashtag>',0
jangan campur adukkan kemanusiaan dengan sepakbola. sepakbola di atas segalanya,1
Ketololan <username> berawal dari sini.. karna seringnya dicekoki ahok tai kering yg disangka pisang goreng maka buyarlah otaknya jadi idiot. <link>,0
<username> Manusia2 sakit jiwa Bajingan2 Perusak Negara yg disingkat bpn [CAPS]. Kalian mmg bajingan2 sejati pengadu domba rakyat & perusak kedamaian ! Kalian mmg setan2 pemuja nafsu & kesesatan yg menjerumuskan akal waras rakyat ! Kalian mmg layak ditumpas habis ! [REPPUNC] <hashtag>,0
zombie? belajar dari covid si bakal ada mentri yang bilang 'doa aja cukup..',1
Bu <username> terima kasih atas kerja keras Ibu dalam menjaga perairan ri [CAPS] dan setiap keputusan dan kinerja baik Ibu. Enjoy your quality time with your family &lt [EMOTICON] <hashtag> <link>,0
"Pake jargon dan kata"" susah, supaya orang"" bakal kira lo tau semuanya",1
<username> Cara elegan [CAPS] Anies ngomelin kasudin [CAPS] terkait rapbd [CAPS] 2020: Setiap ada masalah akui lalu perbaiki kesalahan. Saya tidak punya masalah dengan sebuah kesalahan [CAPS] tapi saya punya masalah dengan kesalahan [CAPS] yang [CAPS] sama [CAPS] dan [CAPS] berulang [CAPS] ! Jadi gak perlu ngomong: lu [CAPS] taik [CAPS] semua [CAPS] ! taik [CAPS].. taik [CAPS]..! :rolling_on_the_floor_laughing: <link>,0
itu kbiasaan bansos jangan dibawa kemana-mana woe. [REPPUNC] buset dah. cukup di bansos aja.,1
kasian anak jaman sekarang karena ingin menunjukan sesuatu yang dia punya rela melakukan apa aja. Kayak kasus si gundik ya kan ! [REPPUNC] <hashtag>,0
<hashtag> masak kamu enggak. [REPPUNC],0
<username> Tangkap dan penjarakan gabener kadrun ! <hashtag>,0
<username> Biasanya orang pinter itu suka minter-minterin. Atau jangan-jangan lagi belajar cara mempengaruhi orang saat debat dgn cara membuyarkan lawan bicara dgn tdk memberi kesempatan lawan berbicara.,0
<username> Sontoloyo ternyata Saya jg di unfoll sama nih artis pendatang baru :grinning_face:,0
Rusuh Kok Bangga Gaduh Kok Bangga Hoax Kok Bangga Fitnah Kok Bangga. [REPPUNC] Taubat Woy [ELONG] Emang udah engga ada yang bermanfaat buat negeri ini selain itu ? Gunakan otak [CAPS] ! [REPPUNC] <hashtag>,0
Latih nakes gampang kan? Tinggal masukin bootcamp 6 bulan jadi.,1
<username> Waw..mulia sekali Mr Ex sudah mempersiapkan & ngejagain jodoh orang ! [REPPUNC],1
Beasiswa untuk Indonesia Maju. <hashtag> <link>,0
Yg bela-in pasti kalo gak ganjar ya konsumer bokep yang reformasi tvri [CAPS] untuk nyiarin acara 18+,1
Novanto 22 kali berobat keluar lapas itu artinya 22 kali pula Novanto jalan jalan bukan untuk berobat tapi plesiran. [REPPUNC] ! [REPPUNC] Penyakit yang paling parah diderita setyanovanto adalah syaraf otaknya kejepit,1
<username> kalau yg ini disebut apa ! [REPPUNC] Anies masih mendingan dia datang belakangan jkw [CAPS] udh dr 6 thn lalu bo ! <link>,0
<username> Kalo gak tolol [CAPS] bukan kadrun [CAPS] namanya,0
Ambyar [ELONG]. [REPPUNC] Emaak [ELONG]. [REPPUNC] Nunggu link [ELONG] naik sepeda dari <username> <hashtag>,0
Pov: bupati,1
<username> jadi presiden 2 priode..? Alamat kegaduhan ini akan berlanjut.. Mereka takan sudi negara ini maju di tangan jkw.. Contoh Pembangunan lrt [CAPS] Dulu ada kecelakaan Mereka kompak caci maki jkw Saat lrt [CAPS] sukses beroperasi.. Mereka hilangkan jasanya. <hashtag>,0
Kami tidak berani lawan opm [CAPS] Kami beraninya cuma bubarin pengajian Ust Felix,1
daripada ibu kota diurus sama spesialis tata kata <username> mending pindah sekalian ðÿ˜€<hashtag>,1
<username> Intinya ikuti proses hukum kita negara hukum gak bsa mau seenaknya sendiri,0
"lu pada sih, ngapain milih tinggal di Ring of Fire. Gempa, tsunami, gunung meletus udah risiko. Salahin nenek moyang lu gih, ngapain pindah kesini",1
"Kan udah pake pelindung kepala, peci",1
Selain un [CAPS] sebenarnya saya mau pak Nadiem juga menghapuskan kkm [CAPS]. Keduanya adalah dua dinding penjara yang serupa bagi para guru.,0
Ibadah <hashtag> gak melulu soal pasangan suami istri kan. [REPPUNC] Kasian temen2 gw yg belom nikah. [REPPUNC] termasuk aku :grinning_face_with_sweat: :grinning_face_with_sweat: :grinning_face_with_sweat: Bisanya cuman ngumpul bahas game film dan ceue2 tetangga. [REPPUNC],0
"biasa multi milyar baru diitung gratifikasi, kalau ga cuman dianggap uang entertain biasa",1
<username> Tolol ih anjung,0
"Jadi berdasarkan comment dokter dibawah, kita masih aman dong? Jalan aja kalo gitu ya",1
"Macem isilop gitu lho, lembaga penegak hukum yang sangat terpercaya kan.",1
<username> Mantul pade,0
Si Bedu sudah jadi Bapa Rindu tapi anda siapa? <hashtag>,0
Alhamdulillah Aku semakin mantab pilih 01. Aku tuh sbnrnya pengin banget ngelayat tapi gimana dong kalau orgnya blm mati <hashtag>,1
<username> Bisa sedikit saja membayangkan: anggaran 2019 kemarin berarti ga mungkin ga ada salah kan? :smiling_face: Tentu sangat amat naif kalau beranggapan korupsi cm dibawah. [REPPUNC],0
<username> kamu [CAPS] anjing [CAPS] bangsat [CAPS] tai [CAPS] bego [CAPS] tolol [CAPS] gila [CAPS] monyet [CAPS],0
Bersih pangkal sehat,1
<username> kan pengusung utama wan aibon <username> moso ga dibelain seh. [REPPUNC] :face_with_tears_of_joy: <link>,0
<username> Kalau di Cina pejabat yg punya hartanya banyak mereka harus bisa membuktikan asal usulnya apalagi kalau kekayaannya hanya didapat dari gaji aja,0
Apakah ini termasuk kedalam kategori propaganda? Ato benar info legit,1
<username> Terlalu cinta dgn om Anies melanggar hukum pun dilakukan [EMOTICON],1
:rabbit_face: -mending lu langsung cancel. -selamat engga kena macam-macam sarkasme iya -naik motor serasa cobaan dari yang kuasa -suka kabur dari polisi -suka banget ngerjain yg pesan -kalau kamu udah kepepet ngebut=+5k Hadeeh pake gojek gini mah murah lu dh miskin mintanya cepat pula <link>,0
"Banyak teman kuliah dulu dari sastra, teknik dan psycologi kerja di Bank. buat saya pilihan mereka ini termasuk passion; duit. Jadi statement orang tua anda tidak sepenuhnya salah.",1
<username> Rakyat dibawah kendali mereka jd bebas2 aja mereka mua ngapain jg. Nangis dipojokan. [REPPUNC] <hashtag>,0
Akibat menghujat Ulama bentar lagih karir dia jadi ojeg payung. [REPPUNC] Laki cicak. [REPPUNC] bini biyawak. [REPPUNC] <hashtag>,0
Gak ngebayang tuh parabongs kalau jokowi berbaik hubungan dgn Anies kembali. Bisa makin kalap tuh parabongs. Partaipun jadi tambah sontoloyo. <link>,0
Luar biasa ini lah <hashtag> 2020.. Warga jekardah khusus yang Pe'a pasti Heppi krn kecimplung berkah terus.. <hashtag>,1
Puisi keren dari anak sd [CAPS]. [REPPUNC] <hashtag> <link>,0
pake mobil juga aman,1
Bagaimana komposisi <hashtag> dari jumlah nonparpol dan parpol? Yuk cari tahu di <hashtag>. <link> <hashtag> <link>,0
Wow mantap sekali Bu kalau begitu naikkan lagi saja Bu iuran bpjs [CAPS] nya 3x lipat.,1
coba bawa ke Jerman angkotnya,1
"hey, at least adobe pernah ngasih serial key photoshop cs, mungkin roi sukro memanfaatkan peluang ini",1
masa sih mahasiswa dan lulusan d-3/s-1 [CAPS] literasinya rendah,1
<username> beda [CAPS] ! haha [CAPS]. Yang sama cuma savage dan sarkasme nya,0
Sukses itu nggak ada rumus bakunya. Tapi banyak contoh sukses yang bisa kita lihat dan kita pelajari.,0
Selamat pagi Jakartans ! Bertemu kembali dengan hari senin. Selamat menjalankan aktivitas. Tetap semangat dan sukses !,0
Betul sekali itu hak kebebasan beragama. Tetapi negara juga mempunyai kebebasan mengatur pakaian dinas asn [CAPS]. Kalau tak mau diatur juga bebas silahkan keluar. pa [CAPS] 212: Cadar dan Celana Cingkrang Bagian dari Kebebasan Beragama <link>,0
B-but. [REPPUNC] langkah ketiga sdh dianggap impas lewat nasionalisasi perusahaan belanda.,1
memang terbaik dah Indonesia taik anjing bisa jadi trending,1
woi cina (gw jg cina) apus deh nih thread lu pake hashtag <hashtag> ya sama aja lu 11 12 sama tu cewek stres. sama2 rasis goblok.,0
<username> Ahh. [REPPUNC] ngeles aje lu ngok.. ! [REPPUNC] Tolol teriak tolol. [REPPUNC] lucu,0
Dasar otak udang <hashtag> wakil rakyat kok ga punya sopan santun sm Kiai <hashtag>,0
Wah No-2 ! [REPPUNC] Semoga cepat ke No-1 di 2022 ya [ELONG],1
Heh peler [CAPS] (People Power) lu kira warga twitteer bakal dukung aksi klean semua? Yahh [ELONG] salah tempat klean bgst ! [REPPUNC],0
<username> Gak cocok jadi wanita Sosialita kita tuh :relieved_face:,0
<username> Semoga Bapak selalu sehat sehat saja sehingga dapat menjalankan Tugas Negara dan beribadah dengan khusyuk.Amin.,0
Bentar lagi bangkrut lu.. <hashtag>,0
"gaskan, bikin nft anaknya om",1
Semakin yakin dengan pilihan 02. Kubu petahana tidak bisa bermain sportif. Selamat jalan <username> team dan cara kerja,1
Saya <hashtag> untuk legowo dalam pilpres dan segera <hashtag> ! [REPPUNC],1
Ironi sekali saking ambisi mereka tega merendahkan sosok ulama,0
"Lah gimana tad, katanya corona tentara Allah, kok takut ! [REPPUNC]",1
Kl aku jd horang kayah kan kubeli 1 pulau terpencil khusus [CAPS] buat [CAPS] habitat [CAPS] kadrun [CAPS] ! Biarin dah kl disana mrk mau dirikan khilafah atau mau saling bunuh2an gak urus dah. Drpd ngerecokin terus di nkri [CAPS] mengganggu kedamaian warga yg lain <hashtag>,0
<username> tuh kan.. giliran ada yg komen beras pasukan sontoloyo indonesia ngilang seribu bahasa,0
Selamat ulang tahun bagi negara khusus [CAPS] islam [CAPS] Indonesia. Semoga ke depannya bisa semakin menyudutkan rakyat non-muslim,1
ada yang lebih seram di malam jumat dari chat mantan yang minta maaf dan menyesal ingin balikan ? <hashtag>,0
Ntah kenapa jadi ikutan kesal Padahal udah di dukung tapi malah nyebarin Hoax. Mohon maaf kita sudah tidak cocok lagi,0
Bagaimanakah status Kepesertaan bpjs [CAPS] Ketenagakerjaan untuk karyawan yang sudah memasuki usia pensiun namun tetap bekerja? Hubungi kami di <link> atau +62 21 750 2345. <hashtag>,0
agak berat sih ngambil nama dari al-qur'an apalagi gw kan anak nya religius banget,1
oh iya hanya oknum,1
Mau coba kesana? Langsung saja ke lokasinya di Jalan Jeruk Purut Kemang Jakarta Selatan.. Happy tgif [CAPS] Smart People !. <hashtag>,0
Guys. [REPPUNC] Dapat salam dari indonesia [CAPS]. [REPPUNC] bangunlah jiwanya Bangunlah Badannya untuk indonesia [CAPS] raya [CAPS]. [REPPUNC] <hashtag>,0
<username> Guru honorer udah tgl 31 tapi dana bos [CAPS] blm cair. Jadi belum <hashtag> [EMOTICON],0
aku yg barely makan umk [CAPS] cicil brio masih bs hidup nyimak.,1
ya allah ngerasa tolol bat gue,0
goblok [CAPS] bgt [CAPS] knpsi [CAPS] ! [REPPUNC],0
Tim futsal ipc [CAPS] Pelindo ii [CAPS] Jakarta resmi mendatangkan pemain jebolan timnas futsal U-20 ia adalah Firman Adriansyah. Bergabungnya Firman ke Pelindo sendiri mengikuti jejak empat pemain U-20 lainnya yaitu Muhammad Wildan Ahmad Habibie Agung Pandega dan Ramadhan Zidani. <hashtag> <link>,0
<username> Rapatkan barisan satukan tekad demi Indonesia Damai. <hashtag>,0
Yakin dengan semua janjinya? Yakin tak ada lagi rakyat miskin yang jatuh menangis gara gara pembuatan jalan tol? <hashtag>,0
"Eh dia ke warung seberang lebih lama 2 menit loh, kasian op harus jagain sebentar",1
Mengaku salah itu jarang diterapkan pada sebagian orang.Padahal jujur itu gak bayar.. Malah mendatangkan kebaikan.,0
ternyata setelah cari konfirmasi video si <hashtag> dipotong. berbijaklah dalam menerima informasi.,0
"Pasti pas mentok ngurusin macet, dia mesti sujud",1
Keberhasilan <hashtag> di bidang teknologi bikin Jokowi yakin dia bisa terapkan standar pendidikan yg sama bgi 300rb sekolah & 50jt pelajar indonesia (Kompas 25/10) <hashtag>,0
yaa itulah diriku <hashtag> sekjend ku <hashtag> juga ternyata,0
dia gak suka sama kamu goblok dia cuma suka guyonanmu paham gak su?,0
Gak ada pelicinnya bro,1
Tidak ada handphone yang recommended bagi jomblo sebagus apapun handphonenya kalo ngga ada yang nge chat ya percuma goblk <hashtag>,0
No wonder titan yang ini mirip genderuwo.. aot kan bikinannya garena,1
Makanya cepat kawin supaya ada corong buat menyalurgan.,1
Menang umuk kalah ngamuk ! [REPPUNC] <hashtag>,0
Me: gw literally udah jadi komputer,1
Aku seneng banget kalau ada yang lebih goblok dari aku [EMOTICON],1
Barang bukti rencana <hashtag> Gerindra bikin <hashtag> ala <hashtag>,0
Ga jelas ketutupan wm,1
"Bahahaha sekalian aja lu request doi post disini. Lol mumpung belom bulan puasa, boleh berdosa dulu.",1
"Ada benernya sih, selama menjabat diliput tv [CAPS] tiap harinya",1
Mari sudahi cerita cebong dan kampret biar mereka usang dimakan zaman. Dan kembali menjadi satu Indonesia ! <hashtag>,0
Ya elah g masalah ini keinginan rakyat yg di curangi bukan ke inginan <username>,0
Wht anda bilang cukup 3 tahun membangun perekonomian. Ngibul ih <hashtag>,1
Kurang sholat bro makanya lama,1
"Iya memang benar kok, contihnya bali selalu banjir 24/7",1
Arteria Dahlan: Jokowi Tunjuk Idham Aziz Sebagai Kapolri Keputusan Tepat <hashtag> <username> Link :down_arrow: <link> <link>,0
"Vero Kuman : tolong pemerintah perbanyak polisi dari jawa, sulawesi, maluku, sumatera, kalimantan agar kami tidak membunuh putera daerah sendiri. [REPPUNC]",1
Nanti dibales kaing hamhemhom sambil teriak genosida,1
Debat saling nge bandingin beban hidup lebih Beratan mana ekwkekkeke kadang kalau org tolol debat kadang suka Seru aja yang bgini segala di bandingin gak sekalian Umbar aib u berdua wkwkwkkwkwkwkww,0
Tentunya [ELONG]. [REPPUNC] dengan lingkarancap yang lebih edgy abiz [ELONG],1
"Loh beliin seat lah, kasian bapack malah dimasukin ke kolong [EMOTICON]",1
karma protection barangkali ada kaum tersinggung keburu downvote. [REPPUNC] lalu reddit hivemind menyerang ngedownvote rame,1
Mas <hashtag> gini lho ribetnya urus pangkat dosen di kemendikbud ibarat mau bersaing dengan Tim F1 negara sebelah namun pembalapnya suruh pasang roda dan isi bensin sendiri di fitstop cc <username> <link>,0
Trending topic tentang tangkap menangkap ada tangkap prabowo ada <hashtag> ada <hashtag> ada <hashtag> Tangkap kriminalisasi pada novel baswedan kapan ne :face_with_tears_of_joy: :face_with_tears_of_joy:,0
Gaya sosialita gaji umr [CAPS] jogja,0
Nonton Podcast Deddy Corbuzier jujur gak kuat nyelesain sampai akhir karena dah bisa prediksi nih sepanjang video Kekeyi terus diajak ngobrol pakai sarkasme dan cerita bohong. Kekeyi ga seberuntung kita yang punya akses ke dunia luar dan tau siapa itu Naomi Scott atau Shakira.,0
Bau baunya jakarta utara bakal ujan nihh,0
<username> Yang mulia <username> notice tidak yaa. Wkwk,1
Ada 34 Propinsi di Indonesia. Artinya ada 34 Gubernur di Indonesia. Jika setengahnya atau 17 Propinsi Gubernur nya seperti Anies Baswedan. Artinya di jamin Indonesia Bubar. <link>,0
Tanda lu harus muncul di kehidupan mantan dan bikin dia panas. [REPPUNC] :grinning_squinting_face: :grinning_squinting_face:,1
<username> Namanya jg rezim suka2 :rolling_on_the_floor_laughing: <hashtag>,0
Nah ini kaum kampret menuding kalau Jokowi gunakan konsultan asing untuk kampanye medsos namun ternyata semua itu cuma Hoax,0
Kamu itu memang hebat karena kamu tetap bisa membuatku mencintaimu setulus hatiku meskipun kamu jauh [EMOTICON],0
Menggelikan logika pendukung Jokowi baik timses maupun yang mengaku ilmuwan. Jokowi menyerang personal tidak dianggap negatif bahkan keunggulan Jokowi. Jokowi menyerang personal Prabowo dan ini satu kesalahan besar. Kelihatan aslinya ! <hashtag>,0
<username> Yaampun yauda deh kamu jadi nia ramadhani aja,0
Ini mah peluru pubg [CAPS] saya yang di drop pak bukan punya polisi. Hadehh <hashtag>,0
Langkah tegas dan konkrit pastinya <hashtag>,0
Aku bangga hidup dengan identitasku sekarang. Cewe kuat tegar pintar. Akhirnya pasti baik aku percaya.,0
<username> Tahuu itu kostum keren. [REPPUNC] tapi menurutku kok ga jauh beda sama Nyi Roro Kidul. Wkwkkw. [REPPUNC],0
Sesuai saran dan masukan dan belajar dari aksi pada 24.09.19 maka berikut ini harus menjadi perhatian serius kalau besok kamu turun lagi :folded_hands_medium-light_skin_tone: :folded_hands_medium-light_skin_tone: <hashtag> 30.09.19 Jakarta dpr [CAPS] ri [CAPS] <link>,0
"Padahal slang buat itu di jaman sekarang ""awa esek""",1
"jangan"" itu fetish ny doi",1
"tata bahasa anda mengingatkan saya dengan gubernur dki [CAPS] Jakarta. Bicaranya baik, ramah, panjang dan berputar putar tapi tidak berinti.",1
selamet yha ukthea jadi bidadari (cock sleeve) akhi disana,1
Urusan menghamburkan anggaran memang jagonya bahkan melebihi tata katanya.. Mungkin warga jkt 58 hanya bisa diam krna takut melawan sunatullah jika mengkritik pilihannya.. <hashtag>,1
kan arab lebih pribumi daripada pribumi bro. [REPPUNC],1
Semua profesi asal halal dan gak merugikan orang lain itu bagus. Disyukuri saja. Hidup di Indonesia ini kurang apa? Driver gojek aja bisa beli Mini Cooper apalagi dokter. Semangat !,0
"Biang Caladium, berasal dari bahasa Latin, artinya kita pernah dijajah Yunani kuno.",1
<username> pake jilbab mulut macam lonte udah gak aneh di jaman Now :smiling_face_with_smiling_eyes:,0
<username> Ingat loh.. jas itu pakaian orang eropa. [REPPUNC] ingat,0
ohh ini namanya baper yaa ! [REPPUNC] astaga [ELONG] jadi goblok sendiri ya [ELONG],0
Gaboleh ngatain moge soalnya moge di indonesia dapet extra privilege,1
kok ada younya lagi sih tolol <link>,0
Jawa Sunda same thing,1
"Terima kasih atas sumbangsih anda, mensubmit post berkualitas.",1
Sungguh mulia sekali kader Partai Allah ini [EMOTICON] Setelah bagi2 kursi apalagi? Giveaway tiket surga?,1
"Setuju gue, biar raja-rajaoeharto kecil pada muncul, kapan lagi ye kan",1
"Kan aku baru keramas, masa pake helm sih, nanti rambut aku bau dong",1
Kena Teguran Vidi Aldiano Minta Maaf Pada Melly Goeslaw dan Anto Hoed <link> lewat <username>,0
<username> Maksa saja jadi pinter kasihan setress tidak berujung yaa ! [REPPUNC] lanjutkan deh,1
"Tenang, lulusan akademi militer kan bisa segalanya tuh sampe jadi menteri, pejabat dan bisnismen kaya. Kalau jadi nakes gampang lah ya kan lulusan sana serba bisa.",1
kpu [CAPS] memang tidak niat dan cuma cari-cari alasan. <hashtag>,0
Semua yang manual dalam jumlah besar itu berpotensi curang <hashtag>,0
Welcome to indonesia yang dmn pelaku pembullyan dibela pelaku pemerkosa ditutup identitasnya dan korban pemerkosannya disalahkan dr segala sudut pandang ! [REPPUNC],1
Dan Bandung bagiku bukan hanya masalah geografis lebih jauh dari itu melibatkan kekerasan bersama aparat ketika menggusurku. [REPPUNC] <username> <hashtag>,1
<username> Tolong tuhan jauhkan anies baswedan dari jawa tengah.,1
wamenkeu [CAPS] Kenaikan iuaran bpjs [CAPS] kesehatan sesuai perhitungan dari djsn [CAPS] (Dewan Jaminan Sosial Nasional). <hashtag> <link>,0
Kata guru saya saya itu orangnya penghambur duit orang tua. ya selagi bisa menghamburkan kenapa tidak. [REPPUNC] sarkasme [CAPS] <hashtag>,0
"""Suatu hari kita akan bertemu dalam dimensi yang berbeda.."" Official Poster <hashtag>. :red_heart: Nantikan perjalanan Ainun desember [CAPS] 2019 di bioskop ! :clapper_board: <hashtag> <link>",0
Wah psbb? [CAPS] Yah gak bisa keluar lagi dong. [ELONG],1
Terus jarkom untuk pindah ke apps baru lewat grup wa. [CAPS] Mantap. Gampang kan? Destroy them with their weapon,1
Keren gubernurnya Jakarta menjadi lautan ! [REPPUNC] salam seiman <username> Bawesdan,1
<username> Insya Allah Prabowo Sandi menang aamiin,0
lah klo gak lawan pemerintah gmn saya bisa merasa spesial dan berbeda daripada orang lain?,1
Yah namanya juga cuci tangan.,1
<username> Tadi gua abis baca thread nyi roro kidul wkwkwk,0
"andre telah berhasil menorehkan namanya utk dikenang selamanya, andre mana? itu andre psk ðÿ :trade_mark: ˆðÿ :trade_mark: ˆ <hashtag>",1
"katanya cuma silaturahmi, apa yang aneh?",1
<username> Tolol wkwkwk,0
pog [CAPS] itu people of gay jadi pog champ itu orang paling gay seantero.,1
untuk ngurus negara sebesar indonesia ini tidak punya konsep? Katanya udah pengalaman. <hashtag>,1
<username> kalo kata simbah aku hidup paling gampang itu maido ( mencaci) sama nyalaho wong ( menyalahkan orang lain),0
"Yang mau [bersaksi pada dibunuh](<link> dan [diteror](<link> itu kasusnya ada 189 lho untuk pemerkosaan doang, semuanya udah diverifikasi tim pencari fakta. Iya memang nggak di semua kota, dan di Jakarta pun ada daerah yang relatif terkendali, tapi *memang* terjadi mass rape, murder &amp; arson during that period. Kenapa ditutup-tutupi habis-habisan ya entahlah, nggak mungkin terkait jenderal-jenderal yang bersangkutan masih berkuasa sampai sekarang",1
Katanya bukan negara Islam tapi kok makai dana-dana umat Islam.?,1
"""apa itu data type?""",1
semua gara-gara orang berbudi pekerti yang baik (disana) gunung dan laut pun dijual ! [REPPUNC] <hashtag> @ lhokseumawe,1
<username> Semoga berkah dan lebih baik lagi aamiin.. <hashtag>,0
INdahnya Otonomi Syariah. [EMOTICON],1
<username> Smart dalam mbuang2 anggaran dgn cara pasang-bongkar-pasang? <username> <hashtag> <link>,1
Diskotik Maha Benar Dengan Golongannya. [REPPUNC] Halal gnpf [CAPS] <username> <link>,0
<username> Mira imatges de data center i veuràs rapidament els milers de treballadors que mouen :face_with_tears_of_joy: :face_with_tears_of_joy:. Altra cosa seria que em diguessis que ve Goggle Amazon i Facebook al costat del data center. <link>,0
Yang gue salut belum kenal udh bisa menilai orang itu bagaimana lu dukun atau semacam nya sih :squinting_face_with_tongue: :grinning_face_with_smiling_eyes: <hashtag>,0
alhamdulillah [CAPS]. [REPPUNC] ibukota jakarta [CAPS] akhirnya punya prestasi mendunia ! <hashtag>,1
Saya bukan siapa2 Saya kuliah di Muhammadiyah tapi mahasiswa/i nya (maaf) masih ada yang belum sholat. Beberapa teman2 saya ada yg nu [CAPS] sekali lagi (maaf) dari mereka ada yang suka menjustifikasi kalau selain nu [CAPS] berarti salah <hashtag> Jadi sikap saya seharusnya bagaimana?,0
Katanya sayang ulama tapi di datengin ke istana malah di tembakin gas air mata,1
intinya [CAPS] Jokowi menguasai masalah Prabowo menguasai lahan [CAPS] Prabowo salah [CAPS] besar [CAPS] soal Infrastruktur <hashtag>,0
Ngopi dulu yah biar kek sosialita. <link>,0
<username> Dasar dokter tolol gw sering ikut mengasistensi dan membantu para pptk [CAPS] ppk [CAPS] kpa [CAPS] dalam menyusun hps [CAPS] dan anggaran banyak faktor teknis dan parameter yang harus diperhatikan. Jangan asal bacot dokter [CAPS] tolol [CAPS].,0
"Jakarta-Cikarang gabisa dibilang jarak jauh, percuma bikin loko krl",1
Kenapa masih saja meneteskan air mata bukankah sudah terbiasa mendapat kecewa dan luka.. ! [REPPUNC] <hashtag>,0
Tapi agama di dunia kan hanya ada 5,1
"rt [CAPS] mempertahankan diri pake senjata, yay perang.",1
Musyawarah internal sembilan hakim mk [CAPS] akan mendapatkan dan menghasilkan putusan yang seadil-adilnya untuk kepentingan bangsa negara dan rakyat. <hashtag>,0
coba seluruh sekolah bisa bayar spp [CAPS] pk Gopay dan dpt cashback,1
Biodata Profil dan Fakta Nadiem Makarim - <hashtag> <link>,0
"Bukan, mg [CAPS] Hector ini rebadged gm [CAPS] Chevrolet Captiva.",1
"bbrp tahun kemudian usus buntu, well worth it",1
<username> sadarnya pas udah lulus wah kok dulu gua tolol gini astagfirullah astagfirullah maaf ya ngakak bgt akutu,0
Makanya jangan sok jago waktu bicara nantang Bannser wah. [REPPUNC] Jagoan betul begitu ditangkap melempem kaya krupuk kena air dasar Sontoloyo. [REPPUNC] <link>,0
"Gw tanker ml, [CAPS] siap jadi tameng buat perang",1
Masa nonton liga inggris pake duit negara,1
Selamat kpd Pak <username> atas terpilihnya kembali sbg Presiden Republik Indonesia. Semoga lakek tangan beliau dapek… <link>,0
well gua mau data milik gua gak cuman microsoft aja yang jual,1
Sebelum uninstallbukalapak coba otak nya di install dulu,1
Gabung Keraton Agung Sejagat ah siapa tau jadi menteri luar negerinya :see-no-evil_monkey: :face_with_tears_of_joy:,0
tunggu oksigen buatan Indonesia? yg dari kompressor ban motor itu?,1
Pemerintah sudah membuat uu [CAPS] tentang bahaya narkoba. Kadernya jadi pengguna/Pengedar narkoba yg di salahkan pemerintah/Jokowi. Agama/Al-Qur'an juga menjelaskan bahaya narkoba dan mengharamkannya. Kadernya jadi pengguna/Pengedar narkoba yg disalahkan agama dan Al-Qur'an. <hashtag>,0
<username> Pa <username> berbuat yg terbaik lalu situ berbuat apa utk dki [CAPS]. [REPPUNC] Yang melemahkan semangat ada dua; pertama prasangka kedua hati busuk. – hamka [CAPS],0
"Pantes warga ussr kelaparan, dimakan jendral ini toh",1
<username> Ngomong opo [ELONG] iki. [REPPUNC] ! [REPPUNC] :face_with_tears_of_joy: :face_with_tears_of_joy: :face_with_tears_of_joy: :face_with_tears_of_joy: <hashtag>,0
vooting seluruh wni [CAPS] pasti menang bapak menteri daripada kadal kebon,1
"""Ga mati bunuh diri itu, dia kena pulung gantung""",1
Wah.. aset nasional yang jatuh ke tangan asing,1
<username> Moga lebih nyata untuk kontribusi kepentingan bangsa dan negara indonesia [CAPS],0
Selamat untuk Bapak Jokowi :smiling_face_with_smiling_eyes: semoga selalu dilimpahkan rahmat dan petunjuk dari allah [CAPS] dalam mewujudkan indonesia [CAPS] menjadi lebih baik dan semoga amanah dalam bertugas :folded_hands: <hashtag>,0
Bela agama sudah bela bapak prabowo sudah sekarang tinggal bela sungkawa [EMOTICON]. <hashtag>,1
pts [CAPS] alias Perguruan Tinggi Swasta yang terakreditasi A berharap Mendikbud Nadiem Makarim bisa memberikan kewenangan penuh kepada mereka. <hashtag> <link>,0
karena duid jemaatnya,1
<username> Habib mampir numpang sholat di mesjid pbnu [CAPS] habib bicara ke rombongannya dan beberapa jamaah. Keberulan saya ikut sholat juga jadi tidak ada pengurus pbnu [CAPS] yang hadir mendengarkannya.,0
"X. [ELONG] Pro bagus mendidik, cons diblokir.",1
Makanya rajin olahraga biar ga gampang sakit,1
Karena sudah terbiasa ujian sim [CAPS] ga pake halangan,1
so kapan keluarga mas merumuskan intrik untuk mengkudeta turunan asli kraton?,1
"suatu anomali, dimana semakin buruk kualitas air ustru makin glowing, atau malah kulitnya memutih karena sel-sel nya rusak kena air tercemar?",1
"no way pdam [CAPS] datanya bocor, soalnya selama ini emang ga ada datanya sama sekali",1
Namanya demokrasi masa kalau pilihan beda langsung bete begitu. Lebay sekali. Kan memang disediakan pilihan kenapa mesti menuntut untuk sama? Embel-embel BoikotBukalapak serasa ringan saja itu salah satu aset perekonomian karya anak bangsa banyak orang terbantu adanya dia.,1
Tak tahu malu ditegur dengan cara halus masih saja punya akal bulus !,0
<username> Tolol aja itu mah,0
Susah manusia klo sudah terbiasa berdusta itu sudah menjadi hoby.,0
<username> Gw banget nih kalo nnton arsenal lawan big 6. Berasa ky gw ny yang bwa beban padahal emg goblok aj,0
Pilpres kali ini Pendukung akal [CAPS] sehat [CAPS] 80 % Pendukung Indonesia Menang 15 % tidak tau 5 %<hashtag> Rocky Gerung,0
dwp [CAPS] yang nyumbang pajak 10M didemo. [REPPUNC] Diskotik yang dikasih penghargaan Gubernur dibela :rolling_on_the_floor_laughing: <link>,0
<hashtag> Stop ganggu2 gubener kesayangan gw ! [REPPUNC] <link>,0
mikir [CAPS] woy [CAPS] ! mantan [CAPS] dipikirin [CAPS] masa [CAPS] depan [CAPS] lo [CAPS] baru [CAPS] lo [CAPS] pikirin [CAPS] ! [REPPUNC] goblok [CAPS] dipelihara [CAPS],0
<username> Muda energik dan idealis bagus,0
Semua maunya gratisan kamu pikir kita negara apa? Komunis?,1
Mungkin rumahnya perlu diganti ke Pondok Indah,1
"Ini makanya ras penggemar Mecha wibu Indo makin berkurang, ini tindakan *slow-motion genocide* dari bangsa Zion Indonesia",1
Save Humanity <hashtag>,0
diawasi ojk [CAPS],1
Sobat ambyar cabang bulak sumur sekaligus hunting foto pejabat. :beaming_face_with_smiling_eyes: <link>,0
Fix cewe gabisa dan gaboleh nyetir,1
Kasasi ditolak Bun yani masuk lagi ke sel,0
Bener! Makanya gak pernah ada mati listrik di seluruh pelosok Indonesia,1
Ahok meyakinkan dengan sistem e-budgeting semua orang tahu abpd [CAPS] dki [CAPS]. <link> <username> <hashtag>,0
apakah najwa akan bertahan di jaman suharto ?,1
<username> di A dia setelah orang tua jemput anaknya ibu ibunya sosialita banget banyak yang ngerumpi gitu perkembangan anaknya juga cuma segitu gitu aja hafalan anaknya gak berkembang pesat beda pas di tk B orang tua masih pada umumnya padahal sama sam,0
Ah nanti kalau ada kasus kegawatan serangan jantung misal saya komunikasi ke keluarga dulu ah. Paling meninggal duluan pasiennya,1
kamaren mngatakan antek aseng skarang malah heppy2 sama orang asing plinpan bgt sihh om [ELONG] g malu apa dgn perkataan sendiri. [REPPUNC],1
Lha kok malu. Itukan pekerjaan halal,1
<username> Kalau benar kenapa musti takut maju terus <username>,0
"percumah, dapet wn indo itu termasuk dalam lgbt, se muslim dan se nasional apapun dikau",1
<hashtag> sampah politik indonesia ! tenggelamkan <username> partai muna sejagat !,0
Meski saat ini dia pergi dan selalu pura2 lupa tapi kita tetap harus percaya dan berkeyakinan bahwa suatu saat dia pasti akan kembali dan membayar lunas hutangmu tanpa cicilan [EMOTICON] karena kita <hashtag>,0
<username> Kabar gembira kawan jangan pesimis ! [REPPUNC] Ekonomi akan meroket tahun 2021 ! [REPPUNC] Tapi kabar buruk nya yang ngomong pembohong ! [REPPUNC] <hashtag>,1
Yang foto motretnya naik apa?,1
kpk [CAPS] dan jaksanya keras tp hakimnya sontoloyo. Kalau banding kerjanya hanya mengurangi hukuman. Sejak tdk ada Artijo Alkostar terdakwa selalu pengen banding <link>,0
Terima kasih <hashtag> terbaik <username> mobil jadi <hashtag>,1
ooh ternyata si hercules sang provokator rusuh semalam <hashtag>,0
Mantap Gerindra Garda Terdepan Membela Anies,1
<username> Partai Allah ?. [REPPUNC] Patut dicontoh. [REPPUNC] Ngamin ngamin. [REPPUNC] msh mo ngotot anda. [REPPUNC],1
Negeri yang kaya akan budaya ini sedang sakit [EMOTICON] pesta demokrasi yang harusnya dirayakan ramai ramai penuh kedamaian malah berujung brutal dan barbar. <hashtag> Mari kita hapus kan kubu 01 dan 02.Kita tegakkan kubu 03 persatuan [CAPS] indonesia [CAPS],1
aku <hashtag> dari sekian banyak sifat baik rosul yang diteladani cuma bagian poligaminya,0
Punya duit/miles buat apgred ke business,1
<username> Ya mana saya tau saya kan nia ramadhani.,0
Pengkhianat2 jaman now itu sekarang sdg memperjuangkan kecurangannya [CAPS] di mk [CAPS] ! Mereka ingin agar kecurangannya dilegalkan ! Akhirnya. [REPPUNC] apakah mk [CAPS] mau jadi penegak keadilan atau pengkhianat keadilan ! [REPPUNC] <hashtag>,0
<username> Ish [ELONG] ish [ELONG] rasisnya kampungan kali,0
Ternyata surga itu dekat jakrta Mabuk agama menikmati diskotik <username>,1
"Ditahan dan dipantau, bukan berarti dihukum",1
Apa gunanya jadi gubernur baik tapi kafir masuk neraka,1
"Gampang, tinggal niru Niko Bellic. Ngumpet di kapal, keluar tinggal cari kenalan sebangsaekeluarga minta kerjaan. Beres kerja main bowling deh. Gak perlu repot urus visa kerja, identitas diri, apalah itu.",1
<username> Sekalian bilangin pak jangan ngomong radikal radikul melulu. [REPPUNC] Ga bosen apa ya. [REPPUNC] Apa ga terpikir narasi radikal radikul itu justru melukai umat. [REPPUNC],0
Semoga air yang tergenang ini jadi berkah bagi Warga Jakarta dan bapak Gubernur akan semakin banyak mendapat pahala dan cepat masuk sorga karna dibully oleh warganya betulkan <username>. <hashtag>,1
Emang klo org goblok jd menteri tuh sulit bu.. <link>,0
Selamat libur untuk komodos yang dapat jatah libur dari kantor.,1
Janlup beli metformin juga,1
Sisa $9 miliarnya gue kasih ke negara. Lumayan bayarin utang negara.,1
<username> Knapa mentri perikanan bukan ibu susi lagi kecewa akutu padahal jasa dan prestasi nya begitu gemilang trimakasih atas jasa mu bu <hashtag>,0
Kalau ke Amsterm guilt trip aja mereka soal penjajahan,1
Kesambet darah M-nya kali ini.,1
dulu asalnya suka makin kesini tapi kok nambah makin suka suka pengen muntah <hashtag>,1
<username> bapak Anies makasi kado taon barunya akhirnya Jakarta banjir lagi. 2th lebih menjabat prestasi anda luar binasa [ELONG]. [REPPUNC],1
<username> Pak Menkopolhukam Saya mau urun pikiran. Saat ini hal yg paling urgent adalah Persatuan Anak Bangsa. Polarisasi Pilgub dki [CAPS] Pilpres masih ada sisanya. Kiranya dapat diberikan solusinya yaitu : 1. Tegakkan keadilan kasus terdahulu 2. Pertemuan diskusi berulang antar anak bangsa,0
Boikot boikot and boikot :backhand_index_pointing_down: :backhand_index_pointing_down: :backhand_index_pointing_down: :backhand_index_pointing_down: <hashtag>,0
"Anjir, jahat banget anaknya sendiri malah nggak dikasih!",1
<username> Kerasukan nyi roro kidul,0
<username> Ho oh. [REPPUNC] sontoloyo bingit. [REPPUNC],0
anies [CAPS] kereen [ELONG] [CAPS]. [REPPUNC] Kontras Diskotek Colosseum Pernah Digerebek bnn [CAPS] Kini Diganjar Penghargaan <hashtag> Fpi kejang2 Gnpf Wellcome,1
"Maaf, saya lupa menyisipkan",1
Welcome to Indonesia yang mana rata2 warganya hobi banget ngurusin selangkangan orang lain ! [REPPUNC],1
kalau tidak pilih 01 jangan pakai jalan tol [CAPS]. Boleh ya kalau sekarang tidak bayar pajak dulu nunggu ganti presiden..,1
Pilpres sudah lewat. Sidang mk [CAPS] sudah usai. Saatnya kembali bekerja. <hashtag>,0
"Umm idk, karena ketecc dan lebih keringatan basuhan keringatnya?",1
Lain kali jangan yah paslonkuh,0
". [REPPUNC] tunggu jokowi setuju, baru saya dukung",1
"Mama kolot, perlu di*ntot",1
Karena gabut ga ada kerjaan tapi masih dibayarin ortu buat makan dan internetnya,1
<username> Politik ini sandiwara baik Fadli Zon Prabowo mereka sedang melakukan perannya yg suka berubah2 waspadalah,0
<username> Agency tolol emg,0
Itu lebih cocok <hashtag> Dia cocoknya sebagai kepala rumah tangga karena sering kagetan..,1
<username> Astagfirullah tip tolol wkwkwkwk,0
Ayo jadikan diskotik sebagai ujung tombak kebahagiaan Jakarta. Mumpung gnpf [CAPS] sudah mendukung pemberian penghargaan kepada diskotik. Mr Dan <username> mmg beruntung punya pendukung sprt gnpf [CAPS]. Maju Diskotiknya Bahagia Pendukungnya,1
"terlalu keren bahasanya.koruptor, Bilang aja maling /rampok <username>",1
Tapi pak jokowi dan luhut adl orang baik <link>,0
Vespa matic gitu cuma buat anak hipster yg mau keliatan trendy dan unik tapi jatuhnya malah pasaran,1
wah bagus tuh udah keliatan menurun juga,1
Katanya Pemuka Agama mana Tawadhu? Ngeles tidak ada rasa penyesalan urat malu ! [REPPUNC] (sangat disayangkan ! [REPPUNC] ) <hashtag>,1
<username> Adakah dengan longgokan kerja di pejabat jalan sesak pergi dan pulang kerja (pagi keluar sebelum matahari keluar balik matahari dah takde) kos sara hidup yang tinggi menjdi salah satu sebab [CAPS] kurangnya masa parents nak jumpe anak2 dirumah,0
Banyak Prestasi Kepemimpinan Jokowi yang belum masih kurang dipahami pemilih ayo barisan [CAPS] relawan [CAPS] penggerak [CAPS] desa [CAPS] 01 <hashtag> Lamongan,0
Perusahaan nya mang ada dan alamatnya bener kok Cuman ntuh kantor kgak bakal keliatan bagi mata Rang yang kgak Beriman.. <hashtag>,1
<username> Pantai Selatan kuy lah tantangin Nyi Roro kidul biar ada kerjaan,0
<username> Ngapain juga Dok di channelnya <username> masih byk kok channel yg lebih netral dan pastinya lebih asik (panji sok asik soale). Dan yg penting adalah mau ga <username> belajar ngitung :beaming_face_with_smiling_eyes:,0
Perdana Menteri Australia dan Pemimpin Oposisi sibuk kampanye dalam hal isu kesehatan. Mereka main data dan fokus pada peningkatan pelayanan terbaik untuk warga. Siapapun yang kelak terpilih yang menang adalah seluruh warga Australia; bukan hanya 'kecebong' dan 'kampret' [EMOTICON],1
Ternyata selama ini Atlantis adalah Jakarta!,1
Disuruh ke luar negeri ganti kewarganegaraan,1
Sungguh mulia Ustadz am [CAPS] agar santri selalu fit tahan begadang mikir cepet dan gacor dia beri sabu ke santri sabu tidak haram kan tidak ada larangan dalam Al-Quran. Malaikat Mukar Nakir dan Malaikat Malik pasti tidak sabar mau bertemu beliau.,1
<username> Subhanallah Trenyuh Banget Tak Ada ham [CAPS] ? Politik Sontoloyo ?,0
<username> rapbd [CAPS] diajukan setahun sblm pelaksanaan..dilakukan beberapa kali Pembahasa mulai dari tingkat Pemda sampai dprd [CAPS]..setelah disyahkan oleh dprd [CAPS] jadi apbd [CAPS] dan baru boleh dibelanjakan,0
"Betul sekali, orang jakarta itu butuhnya mobil listrik murah, makanya setelah lcgc kita satu negara Indonesia seharusnya bantu subsidi warga Jakarta agar mereka bisa beli wuling air evee semurah sepeda motor amin. [REPPUNC]",1
Ckckck anda sudah dicekoki barat,1
Alhamdulillah. [REPPUNC] <hashtag> dibawah pimpinan <hashtag>,1
<username> Maaf tolong hapus komennya. Karena menyertakan banyak macam tagar dan tidak sama dengan tagar kami <hashtag> Bisa meracuni tagar. Terima kasih,0
"Gak dipaksa, gak dikasih kesempatan yang luas untuk ke lain hati aja kok",1
Buat Ruben jangan manjain <hashtag> kasihan talia dan tania.,0
<username> Peraturan allah hanya berlaku di negara allah. Disini berlaku peraturan Nyi Roro Kidul.,1
Rakyat sudah pintar kok. Koalisi busuk 02 sudah ketahuan hoax [CAPS] nya.,1
<username> Mantap ini bg mantap Rekonsiliasi bangsa itu no satu,0
Luar biasa ada pejabat ngasi penghargaan buat diskotik. Kenapa gak sekalian bikin diskotik Award aja?,0
"Cover kok akustik, sekali kali cover edm [CAPS] lah.",1
Goblok dan bego memang secocok buat kamu. Cam tuttut,0
<username> Hh [ELONG].. Sontoloyo..,0
"Asik bisa lebih cepat herd immunity dong, jadi ga dibantu vaksin doang",1
Ih udah gede tapi kencing aja harus sekolah dulu,1
motaw tolol bgt hehew,0
Hidup ini singkat. Tidak ada waktu untuk meninggalkan kata-kata penting tak terkatakan. <hashtag>,0
Hebat bener anda anus <username> 3x dki [CAPS] banjir <hashtag>,1
Para buruh sepakat untuk Rekonsiliasi pasca Pemilu. <hashtag>,0
Gubernur Walikota dan. [REPPUNC] itu pejabat keritiklah ia saat menjabat,0
Siapa pun presidennya yg penting negri ini damai :smiling_face_with_open_hands: <hashtag>,0
<hashtag> tagar yang menghantam mu bang <username>,0
Kata Polisi soal Pengakuan Sopir Ambulance Gerindra Bawa Batu di Rusuh 22 Mei,0
<username> Maksudnya gimana ini? Bukannya realita itu kumpulan fakta? Lha kalau sudah berdasar realita ya berarti bertumpu pada banyak fakta. Berdasar realita tapi ndak sesuai fakta? Uopoh. :thinking_face:,0
Untuk apa grup kelas diciptakan klo aja gue nanya masih gada yg respon tolol <link>,0
Tidak bosannya <hashtag> dibuat <hashtag>. [REPPUNC] Gerombolan mereka saling mendukung dg cara naif yakni kebohongan. Nangis2 agar hati petani panas dan marah. Petani org2 kecil dieksploitasi demi nafsu berkuasa.,0
<username> Kadrun Tolol Dibaca Itu. dki [CAPS] jauh drun. :face_savoring_food: <link>,0
Kedatangan ibu pejabat tanjung selor,0
"Cuma keluar duit nasi bungkus sekian ribu paket, gk bnyk amat kykny",1
bonafide gw respek sama kader2 partai amarah nasional ini yang udah berjuang sampai berdarah-darah. gws yah om <username> ðÿ¤­ðÿ :trade_mark: ,1
Hati hati dg wsj [CAPS] media amerika ini <hashtag> <link>,0
Jangan takut melangkah kedepan ambil kesempatan ini dan anda berpeluang jd pengusaha sukses Gabung vsi [CAPS] skrg !,0
"apa gunanya pinter, banyak ilmu dan kaya raya kalau nantinya masuk neraka",1
Lambemu kuwi nang!,1
Temanmu banyak belum tentu mau membantu saat diajak susah tapi saat diajak senang-senang semua pada mau. Haha maka cobalah untuk pahami semua sifat temanmu. Kadang banyak yang pura-pura hanya untuk eksis sekedar diupload disosmed sebagai geng sosialita.,0
Kamu kok nanya peraturan dari sang pecipta? Berani kamu yah? Anak pki?,1
"Dia pikir memang rela, toh katanya mereka sudah cukup toleransi, buktinya ga dibunuh toh.",1
lrt [CAPS] hanya untuk rakyat kecil :face_with_tears_of_joy:. Bos besar naik mobil,1
bapak Anies Baswedan itu orang [CAPS] pintar [CAPS] di [CAPS] atas [CAPS] kertas [CAPS] Pendukung bapak Anies Baswedan juga orang [CAPS] pintar [CAPS] di [CAPS] atas [CAPS] septic [CAPS] tank [CAPS],1
bagaimana menyelesaikan persamaan dan reaksi kimia jika tidak hafal unsur kimia dan sifat-sifatnya..? menghafal itu perlu pak..sesudah di hafal buat pembuktiannya..di lab lalu kalau tidak hafal nama pejuang nasional bagaimana kita mau JasMerah <username> ?,0
Film Keluarga Cendana ini ternyata bercerita tentang keluarga kaya yang jatuh miskin. Baru tahu..,1
Mereka benci Arab tapi mesra dengan Komunis. <hashtag>,0
<username> Mereka kena prank <username> :face_with_hand_over_mouth: <hashtag>,0
Dia orang baik tolong jaga dia baik-baik~,0
Selamat <hashtag> Semoga amanah Segera berantas monalisem <link>,0
Waspada hoax banyak bertebaran di Pilpres 2019. Kampret kampret yang menyebarkan banyak hoax yang bikin gaduh netizen,1
<username> Kl udah natural dan lahir bathin.. goblok itu terlihat jelas walau dr ribuan kilometer jaraknya,0
<hashtag> Maunya ini memang tercipta untuk bikin gaduh.,0
Garang saat menyerang Jokowi Cepat saat Menyebarkan Hoax.. Ternyata Ohh Ternyata Andi Arief adalah seorang Pink Lovers Bahkan Kasur penjara aja di request khusus warna pink.. Uluh..uluh imutnya Om Andi dapat salam Dari Sabu dan Durex.. <hashtag>,0
"Tau ya, belom tentu karena agama, jadi negara kumunis aja dah sekalian",1
Wah buzzer sudah menyusup media asing!,1
Hambok Twitter tuh ngeluarin fitur autolock buat rang goblo. [REPPUNC] Jadi yang goblo ga bisa ngetwit. Nyusahin idup aja yang goblo2 itu.,0
Incentivize penjilat. Biar di kantor banyak drama,1
"positif thinking aja, mereka dpt siarin leg ke-2 duluan kali",1
akhirnya mulai ditunjukkan dan dipermalukan orang orang yang menzalimi <username>. tidak perlu beliau tunjukkan Tuhan yang akan tunjukkan. <hashtag>,0
<username> Lah ente Islam bukan Ngaku Islam mlah bela penghina Nabi Emang Nabinya dr nu [CAPS] Klau mau bicara adab tanya dulu sama muwafik mana adabnya sama Nabi jgn diputar balik Sontoloyo Ngaku muslim to agamanya d,0
sibuk membangun jalan tol lupa membangun jalan pikiran,1
Mereka bilang kalau panutan mereka yaitu Wowo kalau ibadah tidak bilang-bilang. Tapi ini ada bukti kalau ada undangan buat sholat jumat. Yah gimana ini ya. Malu sih gua jadi mereka.,1
anies naturalisasi karena dia aslinya yaman?,1
Gw sih woles. Lain kali pke,1
Anies gubernur Indonesia. Makanya seluruh Indonesia yg di buat responden,1
Yaiyalah mu [CAPS] haram kan 7-0 [EMOTICON],1
suatu kekeliruan bisa saja justru merupakan sesuatu yang diperlukan untuk meraih prestasi yang layak,0
Program Naturalisasi Sungai oleh Anies Baswedan berhasil. Terbukti banjir baru datang di 2020,1
Udah dibaca yas? Ibu2 sosialita naik pajero nabrak 2orang tewas di tempat 1 tewas di rs 1 ibu sosialitan,0
tidak salah sih menyuarakan pilihan politik nya. Tapi harus siap juga akan konsekuensi nya. jangan cm berani ucap tapi lalu koreksi seolah2 netizen bodoh.,1
Sialan ! Kamu memang gak pernah bisa aku lupakan.,0
<hashtag> Siap [ELONG] dilantik untuk ke dua kali di bulan oktober nanti :smiling_face_with_halo:,0
sudah tau kalah sekarang malah memaksa jokowi untuk turun memang nya kalian siapa ! kalian gak lebih dari sekedar anjing2nya prabowo ! <hashtag>,0
Satu kata unt indonesia membanggakan [CAPS]. Level demokrasi sdh tinggi yang <hashtag> mhn mf anda akan tertinggal ke dpn negara ini akan maju dn disegani.,1
Angga artinya [CAPS] Anak manis yang bakal ngisi hari-harimu hingga kita sampai ke jenjang status berkeluarga Aso [ELONG] <hashtag>,0
<username> Zul [ELONG]..gk usah lihat israel..lihat aja pemprov dki [CAPS] mmberi pnghrgaan diskotik [CAPS] terbaik..tp mngapa anda diam 10 [ELONG] basa. Bknkh diskotik tmptny mksiat knp anda dn gnpf [CAPS] ulama gk demo2 berjilid jilid..apa krn anis junjungn km jd km gk berani krit,0
Kita harusnya memilih pemimpin yang cakap dan memiliki jiwa yang matang. Secara rasional dan logis kita baiknya memilih juga pemimpin yang berpengalaman. <hashtag>,0
<username> pemerintah memang pintar pintar berkilah pintar alesan pntar bohong pintar alibi dll,1
"setau gw sih ya, mereka ini rajin karena sering ada binor kesepian di samping atau deket rumah proyek. jadi macam sering dapet moodbooster gitu dr binor kesepian itu. makanya kerjanya semangat",1
Pasti ada Firaun yang ngelarang sesuatu di sana,1
"Trus katanya itu ""asonansi"" cmiiw jd utk kalian yg ga ngerti sastra critanya dia ngasi tau ada yg namanya asonansi, ok now i know thank you mba…",1
<hashtag> Mendikbud Nadiem Makarim mengatakan peringatan Hari <hashtag> merupakan momentum bagi pemuda untuk melangkah maju. Ia meminta semua pemuda tidak takut akan kegagalan. Kesuksesan menurut dia akan diraih dengan terus melangkah ke depan. -- <hashtag> <link>,0
Bila dari awal mereka bijak akan ke mk [CAPS] maka hal ini tidak perlu terjadi. [REPPUNC] <hashtag>,1
Dengan berlanjutnya masa pemerintahan Presiden Jokowi maka prioritas beliau untuk memajukan wilayah Papua akan terlaksana. Papua adalah Indonesia. <hashtag> <link>,0
Tolong nilai pake nurani jangan pake <hashtag> tidak baik buat kesehatan apalagi jadi <hashtag>. Jangan ya.,0
<username> Di era presiden sontoloyo,0
pas kegeledah kemaren malam. polisi nemuin sabu sabu kondom juga seorang wanita. idih kok si <hashtag>,0
dalam kapitalisme dg sistem demokrasinya. [REPPUNC] kebohongan adalah keniscayaan..,0
di Jakarta banyak kok bahkan sampai balapan lawan arus,1
2019-nya mana? parah gak mampir dulu untuk ucapin selamat.,1
Dpr tuh perlunya makan duit,1
Gak usah sokan bela kalau makan aja susah apalagi gak kuat nonton video ini. [REPPUNC] beli kuota dulu wkwkwk Ini video tips kalau gak punya uang jangan jadi sok pahlawan kalau cuman nyetatus tapi gak kuat nonton <link> <hashtag> <link>,0
"idk, cewek cantik meskipun miskin baunya tetep wangy kok",1
<username> Kadang suka pgn jadi Nia Ramadhani gitu ya :face_with_tears_of_joy: :face_with_tears_of_joy:,0
Bisa ga si nge reset orang yg gue tau dan kenal jadi ga kenal siapa2 deh gue abis org2 tolol dah gapunya hati consciously hurting fak [ELONG] you all r shits,0
<username> Manusia sontoloyo [CAPS] pengejar dunia [CAPS].. Siapa yg mau melawan negara lewat agama.. Terlalu murah agama ini untk menghadapi kedholiman [CAPS] kalian..,0
berpendidikan sampe paham gimana cara eksploitasinya,1
Canada adalah komunis ! [REPPUNC],1
btw [CAPS] ini [CAPS] aku [CAPS] kerasukan [CAPS] nyi [CAPS] roro [CAPS] kidul [CAPS] apa [CAPS] gmn? [CAPS] beli [CAPS] slogannya [CAPS] ijo [CAPS] ijo [CAPS] semua [CAPS] :loudly_crying_face: :loudly_crying_face: :loudly_crying_face: :loudly_crying_face: :loudly_crying_face: :loudly_crying_face: mau demo go green apa gmn geb.,0
kenapa sih gue selalu dipuji terus <hashtag>,0
Oke gw coba beranikan diri untuk pelototin selanjutnya,1
<username> Kerasional apa yg bs anda tawarkan jk mlihat pemda dki [CAPS] menganggarkan 82M u lem aibon 123M u pulpen? Jadi mestinya bagaimana kt hrs mnyikapi ini? Menganggap ini (anggaran asal2an) hal yg wajar?,0
"Kalo di-PHK gampang toh, tinggal demo aja.",1
<username> memang mantap kamu nak ! pertahankan,0
Emang salah karyawan. Yang ngasih kegiatan itu kan juga karyawan. Yang training kalo bukan karyawan juga terus siapa?,1
<hashtag> Tiap ari ganti kebanyakan politik lagi eneg [CAPS] woi [CAPS] politik [CAPS] tukaran [CAPS] tok [CAPS],0
"Karena dia pinter, beda dengan kita",1
<username> Dl jmn orba [CAPS] mrk pd teriak2 brantas kkn [CAPS] nepotisme tp kini mrk mnjd pelaku bahkn lbh rakus dr sblmnya :loudly_crying_face: <hashtag>,0
Puisi <username> Doa Yang Ditukar sudah Keterlaluan. Dimana penghormatanmu terhadapa Ulama? kh [CAPS]. Maimoen Zubair itu Ulama Sepuh bung. <hashtag>,0
<username> Ashobiyah thdp sesuatu emang merusak nilai2 keadilan dan kejujuran. Ada pejabat berkoar asn [CAPS] yg bercadar dan bercelana cingkrang dituduh radikal. Padahal blm dibuktikan hukum jg kl radikal apakah ente sudah ingatkan/bersuara ke pejabat itu ?,0
Kaum terdidik itu harusnya mendidik bukan malah menghardik.!,1
"iya lah, daripada kawin lari mending kumpul kebo",1
Jangan suka nyebarin berita hoax ya tweeps bisa dipenjara entar <hashtag>,0
saya suka daging sodara sendiri,1
Dan kayaknya American Idol season ini bakal lebih kece - kece sih pesertanya. Baru audisi aja banyak yang bagus-bagusnya banyak banget malah. Ngaco [ELONG] ! Keren [ELONG] !,0
Tangkap semua aktor dibalik kerusuhan kemarin <hashtag>,0
Terimakasih bapak Anies Baswedan. Kini kantor ku punya kolam renang huaAaAh [ELONG] senangnya,1
Astaga gua senoob ini kah ngupas salak sampe berdarah-darah? :face_without_mouth: sianying masa gua segolongan ama Nia Ramadhani ! [REPPUNC] <link>,0
selamat buat prabowo atas ganjarannya. ganjaran mempertahankan juara runner up di ajang pilpres 2019 dan 2014. <hashtag>,1
special thanks to : <username> for bikinin udangan tolol ini,1
<username> Bagaimanapun juga Anis tanggung jawab <username>..jadi bobroknya dki [CAPS] bobroknya pemilih,0
70% wilayah Indonesia adalah perairan. Kapan impor air? Ngaco. [REPPUNC] Mungkin dia lelah apa yg dimaksud air zam zam <hashtag>,0
<username> Pernyataan yg tidak patut dari sorang pejabat pemerintah. [REPPUNC] Gitu bngt nyari duit pud..,0
"Tapi critanya kok agak lazy writing yah, cuma bgitu doank ketebak ceritanya",1
<username> Provokator ! [REPPUNC] <hashtag>,0
<username> Mantap memang kamu admin,0
Parkir liar di sikat nanti preman makan apa?,1
Berlelah-lelahlah sungguh manisnya hidup itu terasa setelah lelah berjuang.,0
mereka benar-benar mementingkan kekuasaan dan suara. Sampai tega menghina seorang ulama. Ironi sekali,1
Bapak <username> mau jadi presiden ! [REPPUNC] <hashtag>,1
Pak Nadiem seperti musuh bagi para Boomer yg tdk mau beradaptasi dg perubahan yg ada <link>,0
hmm kira kira ini apa ya lupa,1
yang pasti anies dong [ELONG],1
<username> amerika kita lawan china kita lawan pelanggaran ham di manapun kita lawan kita suarakan yg tolol itu lu dan gerombolan setiap hari menjilat naikin tagar ujung2 nya si jae jgn di usik terdakwa nya itu2 aja fpi dan hti kan goblok,0
"Edit: seriously tho, ini soal ga ada yg ngedit? Kenapa ga pake Sumanto sekalian?",1
Hebat benar Memang pemerintahan di bawah pak Jokowi.. <hashtag>,0
"Harus lebih spesifik, dong. Yakali berak ga laporan dikata selingkuh",1
<hashtag> sapa yg ganggu Anies ! [REPPUNC] cuma bantu pabrik Aibon naikkan omzet,0
"Karena bentuknya merupakan perpaduan antara lingga dan yoni, yang secara kultural sangat erat dengan akar budaya bangsa kita",1
Orang besar menempuh jalan kearah tujuan melalui rintangan dan kesukaran yang hebat,0
Jakarta Lumpuh ! Selamat Tahun Baru & Selamat Datang Banjir Apakah ini Doa dari para Wahabi terkabul. ! [REPPUNC] <hashtag>,1
Anies Sebut e-Budgeting Tidak Smart Ahok: Itu Baik Kalau Nggak Niat Maling <link> <hashtag>,0
<username> <hashtag> Akankah buat penguasa adil. [REPPUNC] Aku rasa tidak,0
Anak2 muda lebih bagus good governance-nya. Nadiem dan Angela mundur dari kursi ceo [CAPS] dan direksi. Orang2 tua di mui [CAPS] gimana? Belum mundur nih pak? <hashtag>,0
Sudah diendors baik2 oleh bapak presiden balasanya menyakitkan tidak punya etika <hashtag>,1
Mahasiswa belajar sesuai dengan kemauannya dan interesnya masing-masing. <hashtag> <link>,0
Apakah aku bisa jadi sastrawan biologi atau fisika juga?,1
Toko sebelah: gus miftah ceramah di diskotik itu munafik ceramah koq ditempat yg kotor haram tyda baik :boy: : <link>,0
Kita sudah berada pada fase kepemimpinan diktator pemimpin yang memaksakan kehendak.. Dimana dia sudah terbukti kalah [CAPS] Tapi masih ngotot ingin memimpin.. <hashtag>,0
Baru liat juga ada cewe mau sama lelaki kaya gini.,1
Pengumuman.. Pengumuman ada berita baru kantor hoax baru di buka dan di resmikan ! [REPPUNC] Hati2 kejebak strategi Hoax kubu 02. ! [REPPUNC],1
Otak bisnis bukan perdamaian dan kestabilan..,1
Gaya hidup sosialita. [REPPUNC] giliran sakit ingin dikasihani. [REPPUNC] ckckckkck,0
"masih kecil jangan main reddit,dik. main twitter saja.",1
..Untuk revolusi yang semakin baik dan maju..semoga.. <hashtag> <link>,0
Mari bersama kita jaga keamanan di bumi cenderawasih <hashtag> <link>,0
Hari ini akan tercatat dalam sejarah bahwa ada seseorang yang telah berulang kali mencalonkan diri dan selalu gagal untuk menjadi The Presiden <hashtag>,1
"Kebiasaan di reddit kali, mau ngesarkas harus pake",1
Yaa Alloh dapat kabar kaya gini. [REPPUNC] Bener-bener sekarang moto <hashtag> sudah ganti dengan [CAPS] gotong [CAPS] royong [CAPS] semua [CAPS] tertodong [CAPS] :face_screaming_in_fear: <link>,0
solusinya jadi manusia atlantis. entar teknologi nya maju seribu abad,1
Pdkng jenderal kardus n jenderal baper kampret ngak malu bahas hutang lah sang jenderal sj byk hutang pribadi kengr kok ngak pd ngaca sih ya pdkngnya duh tolol banget bahkan ktnya karyawannya sj blm digaji kok mlh mau mensejahterakan buruh ktnya ngakak guling2 <hashtag>,0
Hasil sangat maksimal bapak <username> saya salut dengan anda karna bisa menenggelamkan Kota dki [CAPS] Jakarta sehingga masyarakat sangat antusias nyari posko² buat ngungsi. <hashtag>,1
<username> di indonesia kata pk<username> penduduk islam terbesar di dunia.kenapa kok ulama kami difitnah?,1
Dengan berusaha kerja keras dan motivasi yang kuat..pasti cita\ kita akan terwujud.. ^_^,0
Aq ngikut apa kata Bung Karno aja.. :backhand_index_pointing_right: Jgn jd Arab jika engkau Islam :backhand_index_pointing_right: Jgn jd Yahudi jika engkau Nasrani :backhand_index_pointing_right: Jgn jd India jika engkau Hindu Jati diri Bangsa Indonesia hrs dipertahankan selama Merah Putih berkibar di Bumi Indonesia.. <hashtag> <link>,0
"Iya, mereka cuma lupa pasang",1
<username> Paling bacaannya seword,0
Biarkan dia bekerja Kita tunggu hasilnya aja. <hashtag>,0
Bentar lagi Harvey Weinstein ditawarin jadi ketua kpi [CAPS] yg baru,1
"Ya ampun, pamer bahu. Kalo mereka gak menunjukkan aurat pasti gak bakal kenapa-kenapa",1
<username> halloo bung Teri.. salam dari wong ndeso.. :grinning_face_with_big_eyes: <link>,0
Tak Segera Selesaikan Masalah bpjs [CAPS] Siap-siap Karam <hashtag> <link>,0
Indonesia itu keren. Koruptor dapet uang pensiun. fak [CAPS],1
<username> Hanya Jokowi yang betul2 pro rakyat serta konsisten dgn janji2-nya terhdp rakyat Papua saudara kita :thumbs_up: :clapping_hands: :clapping_hands: :clapping_hands: <hashtag>,0
wah ini mah idenya kepsek pervert,1
<username> Tompi anda ini siapa sih? Rasanya kebencian anda ke Anies sdh menghilangkan nalar anda. Gelar dokter anda tdk membuat anda lebih bermoral Tompi. Anda tdk lebih penghamba Ahok yg terbutakan mata hatinya.,0
Harapan baru Pertanian Indonesia. Syahrul Yasin Limpo dipercaya sebagai menteri pertanian Indonesia. Amin [ELONG]. Foto-foton lama beredar luas dan kembali viral. [REPPUNC] <hashtag>€¦ <link>,0
Apa kabar indonesia ku ? Akankah kita masih merasakan betapa hangatnya hembusan nafas. [REPPUNC] ! [REPPUNC],0
2 kali nyalon lawan Pakde joko kalah terus. Periode berikutnya lawan Gibran. Nextnya lawan Kaesang. Next lg lawan Jan ethes. Gitu aje terus sampe anggun jd duta shampo lain <hashtag>,0
Saya suka membaca komentar2 netijen di sosial media. Tetiba menjadi serba ahli [CAPS]. Ahli teknik ahli sistem ahli politik ahli ilmu ahli hisap dsb. Plus dibumbui rasa dendam sarkasme. :beaming_face_with_smiling_eyes:,0
Alhamdulillah Bekasi dan Jakarta hujan guys. Ga panas lagi Ya Allah makasih :pleading_face: :loudly_crying_face:,0
<username> manusia kok ingin jadi iblis goblok,0
Kalau anda tidak suka mesjid silahkan saja,1
Karma lu tod suka nembakin orang,1
Mendung belum tentu hujan lama chat\'an belum tentu jadian <hashtag> <link>,0
Prestasi level asean doang sok heboh,1
"Tanggung, sekalian mulai jan 1st aja, New Year New You",1
"Sampe Indonesia terpecah belah jadi beberapa negara bagian. <("")",1
Besok btp [CAPS] keluar dari tahanan..biar dia kafir aseng tapi dia hadapin semua prosedur hukum baik dari pemeriksaan sampai ke pengadilan..tidak pakai acara minta penangguhan keringanan apalagi ampe kabur ! [REPPUNC] <hashtag>,1
Dan Bapak ini membuat Rocky Gerung tak berkutik. Sumber: <link> <link>,0
"motor lah, laptop buat apaan gabisa nebengin cewek",1
"Ini r/indonesia boss, echo chamber buat bashing muslim dan islam.",1
Sulit mencari kesalahan anies. Dia penuh dengan diamond playbutton,1
Idham Aziz periortitaskan 7 program yang haus di laksanakan dan cpat <username> <hashtag> <link>,0
<username> Bahagia airnya maju bavotnya <hashtag>,1
Karena kita mendukung lgbt [CAPS],1
<username> Wkkwkwkwkwkwkwkwkw semngat dong qaqa reporter andalanqu [ELONG] ! [REPPUNC] Ya gitulah namanya hidup kita gabisa ngandelin gadun kan. Eh :grinning_face_with_sweat: :rolling_on_the_floor_laughing: Demi nia ramadhani cabang galek katanya wahahah,0
Hanya smart people yang boleh pakai,1
Dokter bisa beli mobil tukang parkir hanya bisa jaga mobil,1
Wow.. banyak akun dungu baru terbit hari ini. Ayo ngeroyok gue lagi. Gue aplot dungu lu.,0
tsumugi: kali ini terdapat dua korban. [REPPUNC] yaitu tenma-kun dan yuki-chan yuki: kok [CAPS] gue [CAPS] juga? [CAPS] bukannya werewolfnya tinggal satu? tsumugi: tenma-kun dpt kartu lover dan kamu dipilih jd pasangannya semua: wo [ELONG] ! [REPPUNC] yuki: bangsat [CAPS] ngapain [CAPS] lo [CAPS] milih [CAPS] gue [CAPS] tenma: gue [CAPS] jg [CAPS] baru [CAPS] tahu [CAPS] yuki: tolol [CAPS],0
intinya ya gitu bro menurut atheist bangsat ini bahwa agama = goblog banget.,1
<username> Hallo para wanita sosialita,0
Cuma buat mi aceh bolehnya,1
Sukses <username> mencptakan water park di dki. [CAPS] Cuma sayang nya dia ambil air kafir..jadi yah ga seiman. Liar kemana2..! Tunggu bacot <username> Punggung tangan dengan jari telunjuk mengarah ke kiri <hashtag>,1
Ya setuju. Dan ngga boleh juga ngarang2 orang pake cadar atau celana cingkrang krn merasa paling toleran dan open mind yg beda dari dia dianggap radikal. <link>,0
"Iya, mending yg perempuan dijual jadi pelacur dan budak seks",1
<username> Iya lah wkwk. Pak bambang kemaren ngomong as pejabat di bnsp [CAPS] doi,0
Kontribusi terhadap bangsa,1
Oh ini orang harvard yang kalah ama orang stie.,1
"tenang aja, kalo penyebaran makin parah gara ini, udah pasti bukan salah dia karena itu udah pasti gara pemerintah pusat yang lamban",1
"kaum sumbu pendek"" ini adalah bukti tak terbantahkan kalau Jok<hashtag> adalah agen kristenisasi""",1
Kalo gk gampang diperbudak dlu kita gk bakal dijajah ampe 350 tahun,1
kalau sepedanya Brompton bisa dipakai masuk kok,1
<username> Welcome to Indonesia yang tidak tahu budi sopan santun asal ketus nuduh sembarangan. Dia yang salah ehh dia yang Galak. Allaah Maha Membalas kog buu,1
Mulutnya melebihi mulut emak ngoceh muak dah <hashtag>,0
"Jomblo mau komentar apa, pengalaman nihil",1
adab tapi penyilap ! <hashtag>,1
Alhamdulillah kemenangan itu anugrah dari Allah. Semoga amanah ya pak. [REPPUNC] <hashtag>,0
Jubir Pinter kelancaran nyerocosnya taunya bosnya ngebantah ! [REPPUNC],1
Dulu waktu menggugat hasil Pilpres 2014 juga dilakukan hari terakhir. Gembar-gembornya akan bawa 10 truk kontainer bukti kecurangan ternyata 1 trukpun tidak pernah muncul. omong [CAPS] kosong [CAPS] ! Berpikir besar [CAPS] kemudian beraksi. Melawak. Ngibul. ! [REPPUNC] <hashtag> pic.twitter.com/Lua04NiUY5,1
Akhirnya keluar keahliannya. lepas [CAPS] tangan [CAPS] ! [REPPUNC] <hashtag>,1
Dia orang memiliki banyak uang. Karna itulah di mudah menjadi orang baik,1
Bapak anies sudah membuktikan hasilnya terimakasih bapak anies <hashtag>,1
Wahai kalian yg suka teriak-teriak kriminalisasi Ulama penista Ulama. Mana suara kalian jelas2 si <username> meremehkan Ulama Sepuh Nusantara. Bukankah kalian sangat takzhim pd Mbah Maimoen ….,0
"Kalau yg negatif mungkin bs coba rokok,open bo rutin atau minum bareng temen",1
lah kan Boom gagal lolos ti [CAPS] karena ikut hal beginian. Coba lihat aja itu di website pbesi [CAPS] ada nama Boom dan tim mana yang orang Indonya lolos ti? [CAPS] T1. Fix Boom gak lolos ti [CAPS] karena ngurusin pbesi [CAPS],1
Akhirnya jadi psikopat uoggh [ELONG] :skull: :skull: :skull:,1
Kerja kerja kerja! Makannya ga tanggal merah.,1
<username> Yah kan team pak anies banyak atuh teh bisa di bagi dan klo perlu kan ikut sistem pak ahok dlu di bantu anak magang nyisir anggaran. itu kan udah ada training sebelumnya apalagi kayak asn sering banyak model sosialisai seminar dll.jadi ga ada alasan utk bilang ga bisa.,0
mataram [CAPS] tolak [CAPS] neno [CAPS] 2014 Mataram ntb [CAPS] adalah Basis Massa Klowor Alhamdulillah Mataram skrang Sadar Bahwa <hashtag> Dan tinggalkan <hashtag>,0
Kepuasan tidak muncul berkat prestasi melainkan usaha. Usaha yang penuh adalah kemenangan yang penuh,0
<username> hak veto tidak akan menghapuskan uud [CAPS].. <link>,0
Ke diskotik pake jilbab itu sama kayak makan babi pake bismillah Gak ngaruh..,0
"Cuman pengen e [EMOTICON] eriment doang, krn gak etis dan gak akan lolos irb [CAPS] klo mau e [EMOTICON] eriment pake anak orang. Mending bikin anak sendiri jadi gak perlu ajuin proposal panjang lebar puyeng.",1
Biar bisa pamer di forum Militer Malaysia,1
Luhut Dukung Edhy Prabowo Buka Ekspor Benih Lobster <link> Sekarang gue mulai mengerti maksud Luhut Percayalah kalian bisa kualat dengan ibu <username>,0
laporin sama Tuhan… karena sila pertama Pancasila,1
Anjir setan kalah sama lonte :grinning_face_with_sweat:,0
Sungguh berhati mulia sekali kau mas padahal anda juga jomblo: ),1
Kalah sama anak teknik pernapasan,1
Ya mereka teropsesi kemenangan sampai lupa kenyataan <hashtag>,0
Masa segitu aja ga bisa. Kan banyak tuh yg ngehack pake cheat engine. Kamu it [CAPS] beneran gak sih!,1
When dana anggaran Ormas lancar lidah pun dapat berlipat ganda. Dan bisa-bisa nya ada hesteg <hashtag> smcm ini. Hadehh negara dpt berkembang saat kedewasaan pd masyarakat nya tercapai. Nah ini? Pantes negara ini stagnan [EMOTICON] <link>,0
Mungkin ngerobohin stc [CAPS] ialah jalannya,1
Semua orang akan menghadapi rintangan termasuk mereka yang sudah sukses saat ini. Bedanya orang yang sukses mampu mengatasi rintangan itu.,0
Pokoknya harus berjuang untuk menang !,0
Kerja gak becus nyinyir lagi kuwalat lu Zon,0
Ini Indonesia tercinta ku. [REPPUNC] Kalau khilafah dan kadrun monggo buat negara sendiri sana. [REPPUNC] Berjasa engga buat negara ngerecokin iya.. kadal ! [REPPUNC] <hashtag>,1
Kasus Novel Baswedan sudah mengalami kemajuan Krik. [REPPUNC] Krik. [REPPUNC] Krik. [REPPUNC] Dah setahun lebih tidak ada perkembangan apa pun ! <hashtag>,1
Entah apa tiba-tiba banyak yg menjadi panitia penerima taubat seolah-olah ingin mengambil alih tugas tuhan. <hashtag>,0
"Simple sih, ya karena mereka ga tahu.",1
mendung tok tapi gak hujan deket tok tapi gak jadian dasar hambamu ini hobinya emang sambat terus [EMOTICON] <hashtag>,0
Tuhan lebih sayang Anies dengan membiarkan banjir di Jakarta lebih lama dan menggerakkan hati banyak orang untuk membully beliau sehingga gugur dosa-dosanya. ! [REPPUNC],1
> Kecuali testnya dimanipulasi sama pemerintah biar dibawah 10k,1
20 oktober 2019 pelantikan presiden dan wakil presiden pilihan rakyat Indonesia mari kita Sukseskan bersama ! <hashtag>. <hashtag>. <hashtag>,0
Selamat datang di Indonesia. Negara +62 dengan bermacam-macam adat istiadat keindahan alam budaya juga.. Kegoblokan sebagian masyarakatnya [EMOTICON],1
Stlh Kerajaan Kerathon Sejagad kini ada lg sunda [CAPS] empire [CAPS].Ketololan yang hqq [CAPS]. ! [REPPUNC],1
Hei <username> jujur saja puisi anda memang ditujukan buat hina ulama kan ? tidak malu kau?,1
Ya ampun Eva Celia Suaranya :smiling_face_with_heart-eyes:,0
Luar biasa jakarta berkahnya tidak abis2. Semoga berkah terus setiap hari. <hashtag>,1
Kan kalau udh di vaksin 10% [ELONG] gk mungkin kena covid,1
<username> Iyaa kak anak2 Skrang tidak pandai mempelajari sejarah tapi untuk korupsi sekelas pejabat kitaa syukurlah makin tahun makin mengalami peningkatan semua berjalan sistematis dan terstruktur..,1
<username> Tetap semangat terus berjalan walau ada rintangan di perjalanan <hashtag>,0
Politik sejatinya untuk mengatur masyarakat agar sejahtera tetapi masyarakat menjadi melarat <hashtag>,1
dasar kau bajingan matanya jelalatan ngentutan elek pisan. ! [REPPUNC],0
<username> <hashtag> Masak aku mesti ngomong hankam gitu sih,0
"nanggung, mending sekalian jdi kriminal ngebunuh orang lain yg kmu punya dendam bistu self report deh, cuma bunuh orangnya yg banyak biar dapet death sentence",1
Tambah keju mozzarella coba biar kreatif,1
Tadinyebong sekarangjadi boikot. [REPPUNC] hahhaha <hashtag> <link>,0
kalau punya akal waras sih harusnya tidak puas menyebar hoax dan mengakui hoax.,1
ari kaki kecium standar motor rasanya sangat romantis nyut nyutan gitu,0
'Kartu Pra Kerja' bukan lemparan judi. Karenanya mesti dengan kalkulasi. Politik adalah langkah yang penuh dengan 'policy'. Bijak rasional sehat dan bermartabat. <hashtag>. <hashtag>,0
Klo ikut kontestan pilpres klo kalah ribut mending g usah ngikut deh lho.. bikin ribbet aja.. <hashtag>,0
Kamu anjing yang bunyinya meong meong ya?,0
Alhamdulillah cuma [CAPS] kaca pecah saja. Mcd salah apa pak bu? Antek antek asing? Come on don't like an idiot think right? <hashtag>,0
Makin kurus die 5 tahun ke depan puasa lagi btw jangan lupa bayar listrik n kirim uang ke Sarumpaet yah conk <hashtag>,0
ayo [ELONG] jangan kasih kendor [ELONG]. [REPPUNC] ambil keyboard runcingnya. [REPPUNC] serang [ELONG],1
Separah2nya org komentar ttg Mazepin pada belum lihat pembalap Formula Jakarta itu fans F1 wkwkwkk,1
Good. Tidak melawan sunnahtullah,1
Ya berarti bukan daerah kalian disurvei,1
namun takut kritikan yang abid didengungkan prabohong tidak pernah punya asal usul yg jelas alias tak berdata.,1
2. Saat perayaan Helloween Party ada satu artis yg terlihat mengikuti gaya busana Teh Melly yg nyentrik. Namun gaya tersebut membuat teh Melly merasa dibully. Lho kenapa Teh? <link> <hashtag>,0
Sedih Melihat Hukum Negeri Ini. <hashtag> <link>,0
pantesan iuran naik ya. [REPPUNC] biaya untuk design logo baru,1
<username> duh [ELONG] jd pngen ke safety tank :see-no-evil_monkey: :see-no-evil_monkey: :face_with_hand_over_mouth: :face_with_hand_over_mouth:,0
Syuram [ELONG] <hashtag> <link>,0
Maaf ya aku bkn perempuan yang silau sama duit. Bkn perempuan yang suka ikut tren kehidupan sosialita dandan fashion. Aku lebih suka nongkrong di warkop dari pada starbuck lebih suka jajan warung dari pada <link> dunkin breadtalk dan semacamnya.,0
<username> Diselatanin aja ketemu Nyi Roro kidul ntr hehe,0
"di amsterdam klo telat alesannya, ""iya jalanan macet sepeda jengki""",1
Terima kasih Pak <username> :folded_hands: Papua juga harus maju seperti daerah - daerah lainnya di Indonesia. <hashtag> <link>,0
"Hoki ya waktu itu, 1 Syawal nya jatuh pada Hari Buruh :flexed_biceps: God's Blessing to the Workers!",1
Antrian Pengambilan Formulir Vaksinasi Oleh Mahasiswa Universitas Negeri Malang Jurusan Kedokteran,1
"Pas oshi gue ngestream tbtb diajak kasie buat monev ke bank. Balik-balik udah bubar streamnya. Mentang-mentang bukan oshi dia yang lagi ngestream, rese",1
<username> Selamat min aku mau juga dong menang : <hashtag>,0
"mjb nder, twittards apa ya ? semacam platform socmed mirip twitter gasih [ELONG] ?",1
Dasar minoritas ga tau diri,1
Jakarta bisa hat trick gini banjirnye. [REPPUNC] berkah banget [ELONG] dah <hashtag>,0
<username> ditangan [CAPS] anies [CAPS] tanah [CAPS] abang [CAPS] kembali [CAPS] seperti [CAPS] dulu [CAPS] lagi [CAPS]. semakin [CAPS] semrawut [CAPS] semakin [CAPS] banyak [CAPS] uang mengalir [CAPS] paham [CAPS] khan [CAPS] kenapa [CAPS] haji [CAPS] lulung [CAPS] pro [CAPS] anies [CAPS],1
"Dasar narsis; Indonesia, Malaysia, Philippines, dan Singapore suka egosearch negara sendiri ternyata.",1
<username> Ga cocok ente ngomong gitu dul cocok nye ente ngobrol ma <username>. [REPPUNC] cucok bo [ELONG] :beaming_face_with_smiling_eyes:,0
Aku memang bajingan tapi aku tau kamu lebih bajingan ! Kamu lupa mengaca kebajinganmu !. Brandal urakan !,0
"gw mikir, emang otak gw yang kurang encer atau emang tulisannya yang bikin bingung, ternyata memang otak ane yang kurang encer",1
"Liga rusuh, jual beli skor, korupsi asosiasi, gebuk wasit, suporter bunuh bunuhan itu baru jati diri bangsa.",1
"oh jelas sekali bang, karena lulusan d3/s1 [CAPS] di indo itu carinya pacar, bukan cari pengetahuan wawasan ilmu yg dia pelajari selama kuliah",1
"makanya cocok rakyat sm pemerintah sm tolol, klo orang Indonesia tolol tpi pemerintahnya pinter, jgn pemerintah isinya aseng semua dong",1
Yang laain tanam pohon dia tebang pohon Pintar sih kalau urusan serapan anggaran <hashtag>,1
Pada Mei 2015 Peresmian Proyek pembangunan Makassar New Port oleh Presiden <username>. Kondisi selama ini pelabuhan M… <link>,0
Penulisan kalimatnya kayak u/PuckyMaxx yg bikin ya,1
rt [CAPS] <username>: Kita sll optimis melangkah maju bersama bpk Jokowi <hashtag>,0
Agama kami menjunjung tinggi derajat kaum wanita,1
salah millenial,1
Ngumpulin koin buat pembangunan gedung kpk? [CAPS] tidak malu apa? Satu lagi yang sudah menjadi budaya Indonesia. mengemis [CAPS] !,1
<username> anak pintar aldo ini memang.,0
<username> Mampir dong ke Istana..baca puisi keq..didepan Bossnya..Bossmu.. Masa ke Menhan ajah..?,0
"Ah kalah pinter sama orang mlm [CAPS] dan youtuber dong. Tinggal pinjem mercy mertua untuk foto dan bikin video aja kan beres, ngapain susah beli",1
Setiap orang yang bekerja keras akan sukses.(hyoyeonGG),0
Apakah ini ulama? Menghalalkan diskotik? Apakah nanti Takbir akan berubah jadi Take a beer ? <link>,0
<username> Lebih mulia menjual diri. Sangat hina nya <hashtag> yang menyebar kebencian.,1
Semua saja di kambing hitamkan. Seperti dia yg paling benar saja. Wartawan Ulama sekarang emak-emak yg jadi korban. <hashtag>,0
Dari bungkus <username> bersetuju dewan menteri <username> | bengkarung padang luas makin masalah merusak Negara Kesatuan Republik Indonesia mencupaikan parakuat khilafah isis [CAPS] mereka <hashtag>,0
<username> 1. Komisi I [ELONG] dpr [CAPS] ri [CAPS] aklamasi setelah mendengarkan paparan menyetujui dari nama yang dipilih <username> ini. Track record dan gagasan serta komitmennya Ndak bisa dipandang sebelah mata dan sejalur dg semangat besar Jokowi dalam membumi hanguskan radikalisme. <hashtag>,0
Jangan nanti saya tidak bisa dapat uang.,1
<username> Menag cuk. [REPPUNC] Pecat. [REPPUNC] :enraged_face: <hashtag>,0
Pada seduh kopi nanti,1
Tips Belajar Pintar : \'\'Pilih waktu belajar yang tepat\'\' Tips Belajar Pintar : \'\'Bangun suasana belajar yang nyaman\'\',0
Puan Maharani Ketua dpr [CAPS] ri [CAPS] 2019-2024 ditempatkan di Komisi I Fraksi pdi [CAPS] Perjuangan. <hashtag> <link>,0
mari bersama-sama kami deklarasikan Kota Manokwari polos saat mengawal persediaan zat asam di tempat <hashtag> <link>,0
Sok pahlawan bat Yang bikin ——&gt; <hashtag> Ah sudahlah paling yang ono ono oto oto ono ono ono oto ono,0
Jangan lupa: juga sesuai ajaran agama dan nilai-nilai Pancasila (sila pertama tentunya),1
"Maaf ngomennya salah, nggak jago ngomen",1
Apa buktinya kalau vaksin ini bukan dari si global elitist Bligates itu? No thanks,1
"Bagus, nih nasi kotaknya",1
<username> Goblok-goblok aja. [REPPUNC] Gak usah ikut campur nu [CAPS]. [REPPUNC] Gak usah sok peduli. [REPPUNC] Kamu gak ikut mendirikan nu [CAPS]. [REPPUNC] Diam. [REPPUNC] Mulut kamu tidak berguna bagi nu [CAPS],0
"Kok g ada yang jawab nih?, *mas kan it?* [CAPS]",1
<username> Sehat selalu pakde,0
dalam fit and proper test yang dilakukan Komisi I [ELONG] <username> menunjukkan hasil yang bagus. Komjen Idham Azis dinilai mampu membimbing keluarga dengan baik. contoh utk keluarga Bhayangkara yang lain <hashtag>,0
<username> Mantap semoga cepat direalisasikan. <hashtag>,0
Beruntung kamu belum kena tembak ama akamsi dan pak ogah tukang palak,1
Bener juga si Wan Aica Aibon <username> cc [CAPS] <username> <link>,0
Kejujuran akan menuai keberhasilan kebohongan akan menuai kehancuran menutupi kesalahan berarti kebodohan menghormati lawan pertanda pintar & cerdas.<hashtag>,0
Insyaallah pak <username> menang Amin.,0
<username> Ini <username> koq bias mengeluarkan sertifikat tanah kalua memang itu tanah milik dki? [CAPS] <link>,0
sangat meyakinkan sih walau dipotong,1
tidak akan merubah apa2 mau bertemu berapa kali pun karena rakyat sudah <hashtag>,1
<username> Ya Allah berikan selalu kesehatan untuk Presiden Indonesia bapak Jokowi dan lindungilah b… <link>,0
"Ngapain lansia divaksin toh bakal cepet mati kok, gak ada unsur ekonomisnya. Apalagi tuh pensiunan pns, [CAPS] lu ngasih kontribusi cuman puluhan ribu perbulan dulu sekarang dikasih jutaan perbulan, bikin rugi taspen aja",1
Ngangkat galon itu melanggar hak asasi feminist sih,1
<username> Yah ini bego diraup semua :man_facepalming:,0
Udah gede tapi otak gadipake tolol,0
Di atas 30 juta,1
Kenapa saya memberiken apresiasi yang tinggi? Krn i Kafir saja ndak sanggup ngasih penghargaan seperti itu malah nutup diskotik,1
Aneh sama warga twitter rebahan aja bangga. <hashtag>,0
daripada ibu kota diurus sama ahli tata kata <username> mending pindah sekalian ! [REPPUNC] <hashtag>,1
sungguh mulia ! [REPPUNC] pejabat ini makan di kantin berbaur dengan rakyat,1
Nunggu vonis dedengkot awal segala kerusuhan rasis ini BuniYani,0
Biar nunjukin dia kaum terpelajar,1
Pantesan aja sering bilang Tiongkok baik kok ! [REPPUNC] suka nyumbang n kasih duit. [REPPUNC] Jangan diganggu politiknya. [REPPUNC] ternyata tiongkok sering menghujani dg duit. [REPPUNC] <link> <hashtag>,0
"ah masih sedikit lah, gak sebanyak pulau jawa. nothing to worry about",1
Masril Piliang me-Retweet Jurnalis tb tapi otak dia di sol sepatu <hashtag>,1
Istana Presiden Kebanjiran Luar biasa.. [ELONG] Janji kampanye <username> sudah terealisasi. Sediakan kolam untuk warga Jakarta.! <hashtag>,1
"buat foto 'Pacarmu Ganteng, Kaya, Bisa Gini Nggak?'",1
<username> Ini namanya ulama goblok ulaman tolol.Ko tempat maksiat di kasih penghargaan.Colloseum menyerap para perek x Dri Alexis goblok.jdi najis gw Cmnts trhdp para Dajjal yg Halal di haramkan dn yg Haram di halalkan,0
<username> ternyata cuman sambilan doank nie jadi mentri nya hahaha. <username>,0
Terawan? Siapa dia?,1
Darah itu merah jendral ! Kini perkataan mu dahulu telah terbunuh oleh pertemuan hari ini ! <hashtag>,1
Selamat datang di Indonesia dimana murid2 mau uas [CAPS] bukannya disuruh belajar malah disuruh melunaskan bayaran,1
Hujan pertama di Jakarta. Uwuu~,0
Suatu hari nanti kita akan mengingat 14 February bukan hanya sebagai Valentine's Day tapi hari <hashtag> nasional wkwkwkwkwk. [REPPUNC] [EMOTICON],1
memang bangun tol pakai uang situ? Hilih,1
Luar biasa aa [CAPS] krn ada <username> yg lama. <hashtag> <link>,0
Wah dapet sms [CAPS] katanya dari bpjs [CAPS] dan aku dapet hadiah 75 juta. Senangnya hatiku,1
Damn beritanya sampe 22 halaman,1
<username> Ukhti <username> terima kasih atas penghargaan buat diskotik syariah ini.. sesuai dengan gnpf [CAPS] ulama 212 Bani monaslim.. tq senator yang membawa barokah.. nb [CAPS] tersedia bidadari didiskotik collosseum <link>,1
<username> Mantap kang dede !,0
Ml nggarai badmood sumpah jnck ngepush susah2 ketemunya legend tolol,0
Sebenernya itu cukup kalau kita banyak bersyukur :folded_hands: :folded_hands:,1
<username> Sekomplotan mana bisa lurus ! [REPPUNC] Tinggal gimana kejaksaan &amp [EMOTICON] lri nih.klu <username> takut,0
<username> woi bapak kolam ! belajar dulu bahasa indonesia yg baik dan benar sblm belajar filsuf baru kamu mengerti kata dungu itu adalah kata dasar !,0
Bawang putih & bawang merah. Revalina S. Temat & Nia Ramadhani Berharap ditayangin lagi di tv. [REPPUNC] Seru kayaknya :grinning_squinting_face: :grinning_squinting_face: :grinning_squinting_face:,0
<username> Mantaabb. [REPPUNC] :thumbs_up: :thumbs_up:,0
Kelompok ini harus disadarkan. Karena jelas menghambat dan susah di ajak maju. Tindakannya anarkhis menganggu keamanan dan ketertiban merusak fasilitas umum ujung-ujungnya salahkan petugas. <hashtag> <link>,0
"<username> nah [CAPS] mbak [CAPS] makanya [CAPS] gue blg boleh jawab sarkasme tp bahasanya jangan ""gue tajir bisa sewa art koki dan lain lain"" gituloh. aduh susah bgt ya",0
"puluhan kader berdarah darah di kongres pan diduga kena lemparan kursi katanya partai allah tapi gajak ko bar bar ðÿ :trade_mark: ""ðÿ :trade_mark: ""ðÿ :trade_mark: "" jd pengen ketawa tapi tkt mules [ELONG] ðÿ¤­ ðÿ¤­ ðÿ¤­",1
Bagian yang mau diliat sama posternya. Ada ga nya yang suggest itu di artikelnya is irrelevant.,1
Kalau begitu stay toxic buat dipecat,1
Jakarta Banjir Lagi dampak penebangan190 pohon di Monas akibatkan jalan Merdeka Barat pintu masuk Monas banjir [CAPS] 25cm an <hashtag>,0
Satu-satunya prestasi pak jokowi selama menjabat yang buat saya kagum adalah pernah menjabat sebagai ri1 [CAPS] terima kasih telah pimpin kami Harapannya Cukuplah satu periode untuk bapak,1
Anak muda masa kini sudah mampu mencari uang sendiri. Disini wadah inspirasi kamu berada Follow MbakDesi,0
Maaf sih bapak Jokowi. Indo saat ini bukan [CAPS] negara hukum [EMOTICON] Jangan sok tidak tahu bapak <hashtag>,1
<username> hahaha belum banyak bergaul dgn maling apbd [CAPS] :rolling_on_the_floor_laughing:,0
Ada. Caranya beli kuota non Telkom dan nyalain hotspot,1
Hasil karya terbaiks gabener <username> disebabkan kelalaian keangkuhan dan kegengsian melanjutkan kebijakan gubernur terdahulu yang terbukti berhasil menangani banjir <hashtag>,1
Iya gak banyak. Hanya segelintir orang sedang sial saja yang jadi kacau masa depannya,1
karena liat pernikahan tmen banyakan ngeluhnya,1
Sudah jatuh korban..baru bilang tidak akan aksi.. <hashtag>,0
<username> Mau kaya sampe lupa cara ngupas salak kayak nia ramadhani,0
Lembaga antirasuah itu masih menunggu adanya laporan dari para pembantu Presiden Jokowi itu. <hashtag> <link> <link>,0
Selamat <hashtag> ! Angka statistik kemacetan turun pesat di 2020 karena banjir terus kagak ada kendaraan di jalan ! <hashtag>,1
Merdeka [ELONG].. jangan pilih pemimpin penghina ulama dan suka sebar hoax,1
Akhirnya terkuak sudah dan bisa digagalkan oleh kepolisian <hashtag> <link>,0
<hashtag>. kasihan. [REPPUNC] kasihan. [REPPUNC] kasihan. [REPPUNC] Import air ah biar kelihatan begonya gkgkgkgkgk,1
"nama persembahanya gede banget, depan gerbang ud siapin perpuluhan jgn lupa kali",1
Kehendak yang punya rumah. Tamu ga usah berisik.,1
Klo dah terbiasa menganggap Hoaks dan fitnah sebagai Fakta dan Fakta malah dianggap hoaks maka gak heran klo ada yg bilang Haiti itu di Afrika dan Mindanao bagian dari Indonesia [EMOTICON],0
Awas kampret teriak kriminalisasi. [REPPUNC] Udah ketangkep basah woi [ELONG] <hashtag>,0
<username> Goblok nya akut bang..,0
Kami bangga berjuang bersamamu Bapak. Inilah kisah yg bs kami ceritakan kpd Anak Cucu kami.Tentang kebenaran melawan Kecurangan. <username>,0
<username> Jol jadi nia ramadhani,0
Video tangan atau kaki hilang ditunggu yah. Minimal ada jari copot lah.,1
<username> Catur emang udah haram dari dulu tolol,0
"kalo makan pizza, makan pinggirnya terus tengahnya dibuang juga ya?",1
Bersihkan.. Bukan genteng aja yg bocor.. Tp jg anggaran <hashtag> <link>,0
gambar diambil sebelum pandemi,1
<username> Halah Tompilasi. [REPPUNC] eh maksudnya Tompi lagi Nge gas sembarangan bahaya tuh nanti lu jatuh ke jurang,0
<hashtag> adil.. andaikan tdk jujur meugikan diri sendiri lurr.. kesel.e ra umum malah disalah2nee,0
Radicalisme itu berasal dari fikiran bukan celana cingkrang.,0
Melihat sekuritas bumn [CAPS] yang sempoyongan karena menanggung saham Garuda yang tak terjual muncul inisiatif dari Menteri bumn [CAPS] yang saat itu dijabat Dahlan Iskan untuk menjual saham Garuda kepada investor strategis. <hashtag>,0
Demo berjilid jilid Ijtima berjilid jilid Akhirnya dapat penghargaan diskotik Cara kelompok Nasi Bungkus bertahan hidup <link>,0
setuju.. semua budaya harus dihapuskan dan diganti dengan budaya satu suku terpaling sopan,1
"bener jg, mau hack infra pemerintah mah nggak udah belajar dalem"", cukup soceng",1
Kemudian anda <username> bisa jadi the real negarawan yang rela berkorban demi kemajuan bangsa bukan menjadi dalang,1
Bekas? Gengsi bos!,1
<username> Nah kasus si bib jg apakabar? lo pd diem bae kadrun sontoloyo.,0
<username> Rezim Cebong sontoloyo membuat rakyat sengsara. [REPPUNC] ! [REPPUNC],0
Beli simbadda aja sudah,1
jgn [CAPS] mengatasnamakan Rakyat jgn [CAPS] mengatasnamakan agama jgn [CAPS] mengatasnamakan Muslim <hashtag>,0
Bahkan gue lebih sipir dari bapak2 brimob ini. Apakah saya china? <hashtag>,0
Om <hashtag> ngmusik lagi saja yuk saya suka sama Republik Cinta Management dan artis artisnya dari dulu. Ngapain berpolitik ujung²nya masuk bui. [EMOTICON] <hashtag>,1
Ritwit berirama semua hestek oposan. [REPPUNC] Jangan terlalu nafsu jangan juga terlalu loyo. 4 hestek kita uber. Bisa? jawab [CAPS] ! [REPPUNC] <hashtag>,0
<username> ini sebetulnya banyak di isi orang-orang pintar.. Pintar ngeles ! [REPPUNC],1
Presiden menekankan bahwa masalah radikalisme harus menjadi perhatian pemerintah. <hashtag> <link>,0
<username> Saya setuju anies itu luar biasa sebagai tokoh pelopor/pencipta sistim aca kadut. Sampurna ! [REPPUNC],1
<hashtag> tapi partai dia paling banyak dpt jatah. [REPPUNC],0
wah waterboarding itu wahana dufan ya? Enak jg,1
Orang goblok juga punya cita-cita.,0
"Mantap Pdi selain save alam, juga save koruptor :beaming_face_with_smiling_eyes: :beaming_face_with_smiling_eyes: :beaming_face_with_smiling_eyes:",1
<username> Aebut saja si Maher yng tidak Mahir alias si Soni yng sontoloyo.,0
Katanya sih omong kosong orang x.com soalnya indonesia bukan negara paling dicari terutama mineralnya soalnya nikel gak begitu berharga kedepannya soalnya sudah ada pengganti yaitu graphite yang ada di afrika semua mineralnya jauh dan lithium ada di australia,1
"""Poor Anies, mereka pasti takut Anies jadi presiden 2024 karena prestasi dan kinerjanya, buktinya Jakarta banyak penghargaan, Anies itu gubernur Indonesia""",1
<username> Semoga bisa turun timbangan ku <hashtag>,0
Itu yang nembak kagak ada kena satupun ? Buang peluru doank,1
Bapak bingung anak linglung Anak-anak penjilat maksudnya ! [EMOTICON] <hashtag>,1
<username> Dasar licik kau Bud ! Omong doang yg besar. bangsa ini tidak perlu kau ada di sini,0
Ingin ku jambak ginjalnya <hashtag>,0
<hashtag> Syok Lihat Uang Cash Inul Daratista Rp 10 Juta Nia Ramadhani Sindir Tajam: Gete <link>,0
<username> jenderal nan humanis dan tamam dengan mendapat reaksi <hashtag>,0
Apa salahnya? Kan acaranya sudah mematuhi protokol kesehatan? Lagipula Jokowi kapasitasnya sebagai tamu undangan bukan Presiden.,1
Zaki anda bilang Jokowi orang baik. Tetapi anda sendiri mendukung orang yang pura-pura baik.,1
Nanya lapangan kerja kurang mulu tapi kualitas diri sendiri kurang sekolah ogah ogahan suruh daftar kerja banyak alesan suruh bikin usaha malah sibuk ngopi sambil ketawa ketiwi.,1
Bukannya mudik cuma orang jawa ?,1
"""Persetan ambek ekonomi, kerjaan bisa dicari lagi..""",1
Ikut Serang Anies Akun Transmart dan Bank Mega Dihajar Tagar <hashtag> – Warta Kota <link>,0
Bukti Sikap Mulia kalian2 yang bikin onar tukang hoax fitnah aparat belum sadarkah kalian? tidak malukah kalian? terutama Amien Rais <hashtag>-YutLipu-TaLapan added bareskrim [CAPS] polri [CAPS],1
:folded_hands: Selamat atas terpilihnya kader-kader terbaik Partai Golkar mengemban amanat memperkuat <hashtag> :Indonesia: Semoga kepercayaan ini sepenuhnya mjd pengabdian mulia bagi negeri. - [ELONG] <hashtag> <link>,0
. [REPPUNC] Dalam hal seseorang memiliki kompetensi maka ia boleh mengusulkan diri dan berjuang untuk hal tersebut. <hashtag>. <hashtag>,0
kalo data begini pegawai Telkomsel juga bisa hehe,1
Korban kadrun sontoloyo <link>,0
Dasar satpam jahanam! ada orangtua komplen malah ngegas sampe mau ribut.. Goblok goblok walau mungkin bapaknya yg salah tapi apa gak bisa sebagai petugas stasiun menanggapi dengan baik dan benar gak usah pake ngegas segala? Suka ikut emosi kalo ada yang ngegas ke orang tua.,0
ngintilin para pacar sampe parkiran ! [REPPUNC] Lu goblok apa? Apalagi teriaknya kenceng bgt jingan,0
Banyak orang yang terlalu pintar menilai orang lain tapi dia terlalu bodoh [CAPS] untuk menilai dirinya sendiri. <hashtag>,1
"Buat saya sendiri, Tuhan ga membantu keluar dari depresi. Meski itu belum tentu juga bukan solusi buatmu, seperti psikolog yang menyarankan bersenderlah pada Tuhan. Dalam artian bukan hanya menjalankan kewajiban agama, tetapi melekatlah pada Nya. Bergantungan padanya, lalu hiduplah hanya untuk memujaNya dan menjadi kaum unta.",1
Hore [ELONG]. [REPPUNC] ! [REPPUNC] Mantab [ELONG] ! [REPPUNC] Kelakuan bejat Andre Dengan menjebak nn [CAPS] Bakal diseret ke meja hijau. Dukung nn [CAPS] dengan: <hashtag>,1
Katanya kan bapak FadliZon memperjuangkan keadilan tahu nya hanya membela orang2 yang membela junjungannya saja.,1
<username> Tahu la bukan kayak nia ramadhani hahshahhaha,0
Pret doi ketangkep bawa bong. Gimana nih pret? <hashtag>,0
Kan ku ingat selalu. [REPPUNC] :musical_notes: Kan ku kenang selalu. [REPPUNC] :musical_notes: Senja indah Senja di Kaimana. [REPPUNC] :musical_notes: :musical_notes: :smiling_face_with_heart-eyes: (lagu : Senja di Kaimana - Alfian) Salam Damai untuk warga papua yaa pakdhe <username> yaa. [REPPUNC] :folded_hands: :smiling_face_with_heart-eyes: :folded_hands: <hashtag> <link>,0
Sek iseh sekolah ayo gek sekolah le bener sek pinter ben ra dadi polishit <hashtag>,0
"Ga bisa, salah anda ga pake stabilizer",1
Salah jokowi [CAPS] dong. [CAPS] Rizieq gak pernah salah.,1
<username> Ada lagi Dokter linglung. [REPPUNC] :face_with_tears_of_joy:,0
"Hei, kamu itu melawan narasi dunia maya kalau Bjorka itu juruselamat yang akan mengobrak abrik kebobrokan pemerintah. Tak downvote kamu",1
loyalitas absolute tanpa batas hanya untuk ccp [CAPS],1
asal bukan lambo dan sejenisnya. technology wasted kalau pake itu,1
<username> Eleh eleeh [ELONG]. [REPPUNC] sontoloyo. [REPPUNC],0
Ketika yang lain nonton dengan serius tetapi teman ku [ELONG]. [REPPUNC] <hashtag> <link>,0
Lah iya lah. Ada yg namanya juara 3 tapi gak ada juara 5,1
Apapun ucapan di luar sana kami tetap berada di barisanmu Jenderal. [REPPUNC] allahuakbar [CAPS] ! [REPPUNC] <hashtag> <link>,0
"hukumannya ga boleh pake sarung atau celana panjang, bingung dah itu mau sholat gimana haha. atau pas dipenjara, penjaranya pindah pindah ke indonesia timur, biar jadi minoritas disana",1
"Berarti Divock Origi yang itemnya melebihi charcoal, lebih sangar dari Tentara ?",1
dan pastinya ada logo apple-nya,1
Apa saya nyoba jadi piaraan sugar mommy aja ya ?,1
<username> Sontoloyo kebingungan,0
suara pintu ruangan kerjan milik Andreas yang dibuka dengan cukup keras menampakan sosok wanita paru baya dengan setelan busana glamour khas wanita sosialita yang melekat di tubuhnya berdiri di ambang pintu disusul dengan Dennisã…¡ sekretarisnya yang berdiri di belakang ã…¤,0
Pohon sawit itu pohon juga!,1
Cawagub dki [CAPS] Riza Patria dari <username> : susah cari kekurangan bapak 4nies. Betul bapak bgmn tidak susah nyarinya kekurangan bapak 4nies ternyata hanya satu bapak 4nies tidak pny kelebihan. ! [REPPUNC] <hashtag>,1
Assalamualaikum Alhamdulillah Jakarta bebas macet siang ini soalnya kami naik karpet terbang (^0_0^),1
Kita jangan mau dipecah belah oleh org2 yg punya agenda politik busuk ! Skrg saatnya kembali damai & saling merangkul. merdeka [CAPS] ! <hashtag>,0
<username> Itu tanda Prabowo tidak ambisi harta klu berkuasa,0
Garuda indonedia terus maju terbang ke angkasa tinggalkan mereka pelaku <link> dan dugaan kasus lainya. [REPPUNC] <hashtag> <link>,0
Airlangga Hartarto menyatakan seluruh kader Partai Golkar turut bangga karena Presiden Jokowi percaya terhadap kader-kader terbaik Golkar untuk berada di Kabinet Indonesia Maju. <hashtag> <link>,0
makmur boleh stress jangan yah.. <hashtag>,1
<username> Beraninya di luar negeri coba suruh balik Sony Sontoloyo. [REPPUNC] takut ni ye [ELONG],0
Dan juga fakta bahwa malingsia [CAPS] lah yang pertama kali mengklaim hal-hal yang sudah selayaknya milik indonesia [CAPS] ! [REPPUNC],1
"apani, tdk sesuai dgn buday lkl",1
<username> karna dia tolol jadi gabisa mikir :upside-down_face:,0
Komunisme itu pahamnya cuma ateisme,1
"sekarnag tinggal nunggu belalang,kodok,lalat,sampar pada hewan ternak,hujan es,penyakit kulit,kegelapan dan kematian anak sulung",1
"surrealmemes emang super high tier meme, yang paham cuma pakar meme doang lmao",1
Hoo. [REPPUNC] ini mau ada pengembangan bisnis di papua ya? Boleh juga pemerintah caranya buat trigger enterpreneurship di papua,1
"gw minum susu beruang tiap lagi sembelit biar bisa boker, ternyata bisa nyembuhin covid",1
Berbahagialah selalu. Karena itu adalah salah satu cara menjadi bijaksana.^_^ <hashtag>,0
Makan ikan sehat makan ikan kuat makan ikan cerdas.. Tidak makan ikan ditenggelamkan ! [REPPUNC] kata Susi. <hashtag>,0
kami [CAPS] tidak membayar [CAPS] karena [CAPS] keadilan [CAPS] itu [CAPS] tidak ternilai [CAPS] harganya [CAPS]. dan [CAPS] mereka [CAPS] bisa [CAPS] membeli [CAPS] sesuatu [CAPS] yang [CAPS] dianggap [CAPS] murahan [CAPS] ! paham [CAPS] !,1
<username> Mau jadi bangsa optimis atau bangsa yg pesimis. Itu masalah pilihan hidup. Demi masa depan generasi mendat <link>,0
<username> Selamat malam jumat :beaming_face_with_smiling_eyes: :beaming_face_with_smiling_eyes: :beaming_face_with_smiling_eyes: <hashtag> <link>,0
Tuhan inginkan <username> memimpin Indonesia lagi. <link>,0
"Bagus kok, marketnya masih besar terutama jadi Gojek",1
"Bukan buatan anak bangsa, nda keren",1
Ketika setelah semua kebaikan dan dukungan yang di berikan oleh sang Bapak lalu si ceo [CAPS] Anu mencoba menusuk dari belakang uninstallbukalapak ! [REPPUNC],1
Transparan adalah kunci untuk memajukan negara ini tidak ada gelap sembunyi-sembunyi ataupun remang-remang. <hashtag>,0
"Mending jualan oxygen segar dalam tangki, kan usahanya halal, membantu orang jadi sehat dan dapat duit gak kayak ""doing [CAPS] actual [CAPS] real [CAPS] change [CAPS] in [CAPS] society"" [CAPS]",1
fix pemerintah support yahudi,1
"Kurang tidur, abis begadang nonton bola",1
Batas sarkasme dan memuji itu tipis [ELONG] kadang tak nampak sama sekali :beaming_face_with_smiling_eyes:,0
Ex Menteri kkp [CAPS] terdahulu <username> pernah melarang perdagangan lobster di bawah ukuran 200 gram atau yg berupa benih lobster. Menteri <username> yg baru sodara <username> berencana membuka kembali kran ekspor benih lobster itu. ini sontoloyo [CAPS] namanya :thumbs_down:,0
<username> Jokowi main api. Skenario lama pdip [CAPS]. Di suroBOYO dulu Wisnu diangkat tanpa sepengetahuan Risma.. <hashtag>,0
Wah Rosi turun kelas..the next ilc [CAPS] :thumbs_down: <hashtag>,0
Keren sekali tampilan monas saat ini. [REPPUNC] <hashtag>,1
kepala lu gundul.. dasar setan gundul.. wowok aja suruh mundur dr nkri [CAPS].. pergi ke yaman aja <hashtag>,0
Like literally pengertian green and healthy mereka cuman sebatas taman dekoratif doang yang gak mengurangi polusi akibat pilihan gaya hidup serba gampang [CAPS] akses [CAPS] toll [CAPS],1
Tak perlu memperpanjang lebar soal doa yg keliru diucapkan Mbah Maimun sbenarnya tapi ya bukan <username> namanya kalau tdk mempermasalahkan hal sekecil itu.,0
"Kalo dibilang jurusan yang disalahartikan, ga ada yang ngalahin ilmu komputer sih. Tiap pulang kampung pasti disuruh benerin printer",1
Mungkin siangnya waktu di pantai timur as [CAPS] kali makanya bilang siang,1
Jokowi sering dipersepsi tak pandai bicara & berdebat. Para oposan menyebutnya planga plongo atau tak terlihat otaknya. Tapi dengan serangan ini saya kira Jokowi lalu mempersiapkan diri dengan baik. Hasilnya dia selalu unggul baik debat semalam maupun 2014. ' 0,0
Gubernur Anies Baswedan menyebut bahwa Jakarta merupakan kota yang jumlah pejalan kakinya paling rendah di dunia. <hashtag> <link>,0
Untuk perempuan-perempuan di Indonesia dan seluruh dunia saatnya berjuang bersama untuk kemajuan umat manusia.,0
Karena cuma itu yang mereka punya dek. Mereka tidak punya empati simpati dan kerendahan hati. Miskin banget kan?,1
Yeap. [REPPUNC] karya besar anies di awal tahun membuat kota Jakarta tenggelam,1
Aamiin. [REPPUNC] kita berharap yang terbaik untuk seluruh rakyat Indonesia. [REPPUNC] <hashtag> <link>,0
<username> Otak dipakai Dulu buat mikir sebelum jari jarinya buat status.. <username> yakin tidak anti kritik selama kritikannya pakai data dan fakta tidak asbun macam gerombolan partai trotoar,0
jangan boros kamu masih celaka baek ngopi coeg <hashtag>,1
Skill minimal pengen exsis total hhahh <hashtag>,0
Wowo sebut Menkeu diganti menjadi Menteri Pencetak Utang Mereka hasut rakyat supaya pemerintahan Jokowi terlihat jelek. <hashtag>,0
Ada yg lebih penting dari nia ramadhani yg ga bisa buka salak. Yaitu aku yg ga bisa buka hati kamu,0
"eli5, [CAPS] kenapa susu beruang iklannya naga",1
<username> aku butuh bgt uang nya : <hashtag>,0
Beli gorengan 80juta Kenyang [ELONG] [EMOTICON] <hashtag>,1
<username> Partai Sontoloyo Indonesia,0
<username> Tolol,0
kamu kalah tapi kamu ngotot menyuruh jokowi mundur gak masuk akal <hashtag>,0
Kenapa ngga usd? [CAPS] Kan itu Google dari us. [CAPS] Ah. Kecewa.,1
"mereka belum kenal dunia internet aja, e.g e-waifu & v-hub, makanya masih pleb",1
Seberapa yakin kalian kalau nanti pak <username> akan memilih <username> sebagai salah satu badan pengawas <username> ! [REPPUNC] <hashtag>,0
Hebat ya. Banjir belum teratasi gabener langsung menghancurkan monas. <hashtag>,1
"Makasih gabener, kami bahagiaTertawa berguling di lantaiTertawa berguling di lantaiTertawa berguling di lantai <hashtag>",1
"ada fungsinya itu bang, membangunkan agen kankernya",1
Kan biar diliatnya udah mapan,1
<username> Selamat bertugas dengan penuh tanggung jawab semoga sukses <hashtag>,0
<username> Berjuang terus mas bro..jangan patah semangat..jika tujuan-Mu adalah mendapatkan ridho Allah swt [CAPS]..tak ada halangan yg mampu merintangi..Allahu Akbar..,0
"kalau bisa dapat iphone, beli iphone aja. Minimal ada logo apple-nya",1
Jangan putus asa dulu teruslah berjuang karena pelaut hebat tak pernah lahir di laut yg tenang [EMOTICON],0
Terkutuklah oknum yg beberapa waktu lalu sengaja mengviralkan dngn mengatakan bahwa pasukan brimob adalah pasukan,0
Selain niat jahat hatinya <username> juga sadis,0
"Iya, satu kelompok mayoritas di sebuah pulau yang memiliki banyak suara dan kekuatan dibandingin dengan satu kelompok yang memiliki banyak kekuatan dan mayoritas kewanangan di dunia mana nyambungnya",1
<username> hadeuh [CAPS].. kebiasaan [CAPS] para [CAPS] gerombolan [CAPS] psi [CAPS] nih [CAPS] bikin [CAPS] penyesatan [CAPS] bukan [CAPS] psi [CAPS] namanya [CAPS] kalo [CAPS] gak [CAPS] bikin [CAPS] tolol [CAPS]. bacot [CAPS] dulu [CAPS] urusan [CAPS] belakangan [CAPS]. kaya [CAPS] si [CAPS] <username> pekok [CAPS] ini.,0
<username> Emang sebagai apa. [REPPUNC] sih. [REPPUNC],0
"mungkin belum ada yang melihat ""worth"" mu aja",1
Ooh jelas saya pandai dan lihai menasehati orang lain tapi mendadak bodoh kalau menasehati diri sendiri. [EMOTICON],1
"Penyebaran lewat media sosial gak ada Reddit, luar biasa emang warga Reddit. Benar-benar berada di puncak tertinggi piramida pengguna media sosial.",1
Pengakuan khilaf permintaan maaf yang belum tentu dibarengi kesadaran memperbaiki sikap nyata bila tidak dikenai sangsi dalam bentuk apapun -- akan membuat mereka tetap tidak jera merongrong demi egoisme pribadi dan kelompok. <username> <hashtag>,0
"Simplenya sih jangan miskin, tinggalnya di komplek",1
Luar biasa ini gagasan kemendikbud yang saya nantikan. Salam hormat pak Nadiem. <link>,0
Akhir2 ini sering banget ngerasain aura aura mantan apa aku ini indihom? <hashtag>,0
La Nyalla Mattalitti mantan pendukung Prabohoax tidak heran bahwa <hashtag> karena beliau begitu mengenal bagaimana watak Prabohoax yang temperamental.,0
"Itu bapaknya, Jokowinya mah, Herbertus Handoko",1
aku punya temen dimana dia jomblo tapi sering ngatain jomblo. keren banget kan. gatau dirinya [EMOTICON],1
Akhirnya saya bisa tahu hal positif yang Lucinta Luna punya ! [REPPUNC] Positif narkoba,1
<username> welcome to indonesia dimana dajjal saja dibully,1
"doc, kayakny mending career change jadi Hotman, lebih cuan",1
"kan ke badan, gpp dong",1
Putusan mk [CAPS] harus dimaknai sebagai putusan yang terbaik untuk mengakhiri segala sengketa yang berkaitan dengan pemilu <hashtag>,0
"wahai pembela anies dan tim buzzer 5m, kalian mmg perlu terus diberi update petunjuk, coba otak kanan dan otak kirinya dipake, baca nih, update pengkibulan gubernur idola kalian! what next, tunggu episode selanjutnya ðÿ˜' <hashtag>",1
a bebas beroperasi bandela joko widodo dan bandela maruf mem(per)bolehkan <hashtag> <link>,0
Ngeliat orang-orang yang tweet katanya makan babi sifatnya kayak babi saya terharu. Karna kalian gua yakin kalau gua Pintar. Ternyata saya Pintar yaampun ! [REPPUNC] Ternyata otak saya masih bisa diselamatkan. <hashtag>,1
Satu lagi masuk bui Bakalan ada demo besar lg tidak ya ? Buni Yani masukin juga dong penjara <hashtag>,1
<username> Kesalahan warga Jkt akibat ditipu dg jualan Ayat dan mayat <hashtag> Sehingga orang bodohpun bisa jadi gubenur <hashtag>,0
Bukannya [kurvanya harus turun dengan cara apapun?](<link> Seharusnya senang dong.,1
sekarang [CAPS] lagi [CAPS] musim [CAPS] orang [CAPS] islam [CAPS] membenci [CAPS] agama [CAPS] islam [CAPS] <hashtag>,0
Mendagri: Praja ipdn [CAPS] harus mampu jadi motor kemajuan bangsa <hashtag> <link>,0
Ngandani masalah e uwong sok pinter padahal awake dewe goblok ancok [EMOTICON],0
">Klo mmg msh bth lbh hemat lg ya jgn dipake acnya, gnti kipas angin aja",1
g4s? [CAPS] Senjatanya mesin atm [CAPS],1
Kalo dijalan kamu disalib artinya kamu lambat,1
kalau misal memang ada keluhan trhadap perhatian pemerintah sampaikanlah scara lgsg kpd bapak jokowi. Kan anda sndiri yang blg kalau anda sdh anggap beliau sprti bpk sndiri. Beliau psti trbukan dgn masukan anda & bknnya malah bkin tweet macam itu.,1
Mungkin mungkin ini ya.. istilah Pejabat idealnya diganti jadi Pelayan Masyarakat <hashtag>,0
"bagus udah ada jalan, masih minta jalan lagi",1
<username> kader beneran negur min ! [REPPUNC] Mimin gk tegur balik ! [REPPUNC] :see-no-evil_monkey: :see-no-evil_monkey: :see-no-evil_monkey:,0
<username> Ciee ke trigger Tuannya disalahin :grinning_face_with_sweat: :grinning_face_with_sweat: :grinning_face_with_sweat: ngerti ebudgetting jg kagak anda mengaku sbg dokter komentrlah masalah bpjs [CAPS] atau gk berani krn udh disetujuin Tuan yang Mulia :grinning_face_with_sweat: :grinning_face_with_sweat: :grinning_face_with_sweat:,0
<username> Modyar cocote. [REPPUNC] ahok tumbang. [REPPUNC] maka ahok2 muda keluar dari kandangnya ! [REPPUNC],0
"predicted Buzzer deffence : ""ah itu proganda asing, Jokowi udah kerja keras kok ada yang berani bilang kita gagal mengatasi Covid""",1
sunguh [ELONG] brani bung <username> ini menghina ulama ngaca boss anda siapa ? anda sudah benar apa blm..,1
<username> Prestasi United dah cukup hambar bagi aku kahkahkah,0
"til [CAPS] pornhwa, makasih bang udah bagi dosa",1
Kelakuan 02 emang ga ada hbisnya buat di kritik. Ini perempuan-perempuan yg mereka korbankan demi dapet elektabilitas. Mereka yg berbuat begtu ada kesalahan petingginya cuci tangan pura-pura ga kenal <hashtag> <username>,0
<username> beginilah umatmu. selalu menebar su\'udzon [CAPS]. Padahal khusnudzon itu lebih baik dari <username> :winking_face_with_tongue: :winking_face_with_tongue:,0
selamat pak jokowi semoga amanah. Aaminn. <hashtag>,0
Fenomena bermunculannya start up yang berkembang mjd unicorn hebat adl fenomena kreatifnya org2 muda hebat milenials. Sayangnya msh ada dr mrk yang blm dewasa dalam berbisnis. Perush yang sdh bervalue triliunan akhirnya hrs oleng akibat perilaku recehan saja.,1
<username> Kamu memang hebat bung :clapping_hands: :clapping_hands: :clapping_hands:,0
Orang bijak mengerjakan sesuatu dengan segera apa yang orang bodoh lakukan pada akhirnya.,0
film keluarga cendana ini ternyata bercerita tentang keluarga kaya yang jatuh bapet. baru tahu..,1
ceo [CAPS] gak [CAPS] tau [CAPS] diri? [CAPS] harusnya kebalik. Anda² yang udh dikasih platform buat jual beli dengan mudah yg gak tau diri. Udh dikasih promo bnyk. Lu bilang e-commerce gak boleh politik? Ust. Yusuf Mansur aja dukung pak Joko. Gue gak mslh. Yg jadi masalah standar ganda ! 1,0
Azab dari Aulloh untuk kafir,1
8 Bukti Nia Ramadhani Miliki Jiwa Crazy Rich Nyasar di Rumah Sendiri hingga Tak Bisa Kupas Salak – Tribun Timur <link> <link>,0
Background it [CAPS] tapi database tidak update. Cara halus ganti presiden. [REPPUNC],1
Kapolri baru. Ikut melumpuhkan otak bom Bali. Jadi wakil kepala densus 88 anti teror mendampingi pak Tito. Menjadi anggota tim kobra pemburu Tommy Soeharto. Dia adalah Idham Aziz. <username> <hashtag> <link>,0
<username> partai allah ?. [REPPUNC] apik dicontoh. [REPPUNC] ngamin ngamin. [REPPUNC] msh mo ngotot anda. [REPPUNC],1
Lagunya lama kambingnya baru.. <hashtag>,0
Mantan Ketua Umum Muhammadiyah Syafii Maarif meminta agar kepada pihak-pihak yang menuduh Presiden <username> tidak me… <link>,0
Dongarians lagi apa nih? Saya suka lupa kalau jumat saya bertugas. [REPPUNC] t_t [CAPS] modem leletnya mintak di bacok.,1
<username> untuk PresidenKU yg handal [CAPS] <username> Indonesia maju [CAPS]. [REPPUNC],0
desain dari owner sudah sengaja over-engineer dengan safety factor 50% untuk mengantisipasi kontraktor dan subkontraktor nakal,1
"Nanti hall-nya kena noda nista kaum ekonomi bawah dan lemah. Iman bisa goyah bagi yang lemah rentan berbuat salah. Tak heran Tante Vicky walau terkesan pongah dan bedebah, bertindak gegabah, demi mencegah tante Feli dan para jemaah untuk tidak menjadi noktah ludah limbah haram jadah, makanya kalau bisa pisah biar tidak terjamah aura kemiskinan kaum sumpah serapah. Kalau jemaatnya Tante Vicky resah, bisa saja mereka pindah, dan ini adalah musibah yang parah. Tak heran tante Vicky gundah gelisah, dan ingin tante Veli enyah.",1
"cucu nabi masa dibakar, dikubur sesuai dengan ajarannya dong",1
Anak ui [CAPS] bukan? Anak ui [CAPS] bukannya minimal 8jt?,1
nilai-nilai ! [REPPUNC] apakah memberi grasi pd koruptor itu termasuk integritas anti korupsi? apakah pemberian remisi pd koruptor itu tdk mencederai nilai2 anti korupsi? narasi anda seolah penuh kebajikan padahal nyatanya anda menafikan nilai2 yg anda ucapkan itu kami sebut sontoloyo <link>,0
<username> Kayanya Capres 02 kebanyakan nonton film action deh masa ibu-ibu pake cadar dan kacamata hitam malah di kira Intel. Logikanya dimana coba haduh [ELONG] <hashtag>,0
<username> Purwaceng dan gerombolannya kebakaran jenggot. Gluebenernya kagak bisa kerja. Cuman ngabisin anggaran buat hal yang gak penting. Termasuk bayar buzzer goblog kayak si purwaceng ini pantes apbd [CAPS] dki [CAPS] defisit anggaran. Nih gw bantu naikin hesteknya ya. :rolling_on_the_floor_laughing: <hashtag>,0
kalau Ane bilang sbenernya Monas bukan lagi Cagar Budaya Monas sudah jdi Cagar Keimanan sejak laskar 212 ane sering pakai bwat gelar acara Reunian kalau sampai dibatalken ane akan bentuk fpfe [CAPS] (Front Pembela Formula E) dmi mndukung Gubernur jinjingan laskar! <hashtag>,1
>hanya terinspirasi,1
"puasa itu menahan diri, bukan menahan orang yg jualan",1
Banyak setan ya disitu?,1
Mulai Hujan Deras Sejumlah Titik di Jakarta Banjir <link>,0
<username> Namanya juga rapbd [CAPS] mpii. [REPPUNC] masak gak tau. [REPPUNC],0
Selamat menerima tamu pertama (air banjir) di 2020 bapak Anies. Jangan di usir cepet-cepet itu tamu datangnya dari Tuhan apalagi kalau dibuang ke laut. Di Eropa sana main salju kita main air. <hashtag>,1
Alhamdulillah pak presiden taubat <hashtag>,0
Padoru Padoru dalam bahasa Wakanda artinya 'Aku Wahyudi',1
<username> :beaming_face_with_smiling_eyes: :backhand_index_pointing_up: ngeles ala plagiator :face_with_tears_of_joy: :face_with_tears_of_joy: :face_with_tears_of_joy:,0
Kalau diumumkan hanya menimbulkan kehebohan gubernurnya kelihatan keren sih memarahi anak buahnya tapi bukan itu yang saya cari. kata Anies. <hashtag> <link>,0
Lihat di financial statement nya langsung lalu hitung sendiri,1
<hashtag> mereka dg mudah mengatasnamakan dan menjual ayat untuk mengerahkan massa dan membelanya. Korban yang berjatuhan diframing sebagai korban aparat. Miris sekali,0
Kagak dapet f35 yak ? Skip,1
Karena saking tololnya kebiasaan plebbitor kalau sarkas kudu pake,1
Indonesia juga sudah punya rakyat rasis terbanyak sedunia,1
<username> Nah gitu. Gobloknya jgn disembunyi tpi ditunjukkan. Biar semua tau lu goblok.,0
Jgn selalu mengatasnamakan rakyat.rakyatmu yg mn ! [REPPUNC] <hashtag>,0
<username> yach [ELONG] berudu yg cari majikan baru.. mslh sdh dberesin sebelum elo komen bong,0
Ngapain follow orang ngomong kasar,1
Ini semua lulus kan mau pada kerja di pabrik supaya menjiwai perjuangan dan menguasai alat produksi,1
Hasil sidang mk [CAPS] sudah final mari bersatu demi Indonesia maju <hashtag>,0
<username> Gak segan sama pak asrizal abis nanti kelen di bante pak asrizal <hashtag> <link>,0
<hashtag> baru tahu aslinya dia lupa pemerintah sudah mensuport untuk kemudahan bisnisnya tapi omong kosong menunjukan kwalitas dr owner bl [CAPS].,1
"Ia, kayak pulau Madura..",1
"Gua suka nyebutnya ""The great filter"". Kalo ga ngerti cara pake vpn, [CAPS] dan ga mau belajar cara bypass blokade Kominfo, maka anda tidak lulus masuk reddit.",1
<username> gua kan titit goblok,0
Anak muda harus melatih diri untuk tetap mendorong maju bahkan saat menghadapi ketidak-mungkinan.,0
Ayo ikutan siapa tau menang :partying_face: :star-struck: :grinning_face_with_sweat: cek ig <username>.id :red_heart: <hashtag> <link>,0
Maaf ya Pak <username> nanti ga akan ada lagi yg menghapal nama2 ikan ga perlu siapin sepeda buat hadiah kuis bapak :folded_hands: <link>,0
<username> Ga punya prestasi ya dukungannya. [REPPUNC] stress dia,0
Jangan <hashtag> bang kasihan nanti ada muka bancinya di lp [CAPS] kasihan kalo diperkosa tahanan,0
Itu aman soalnya ada lampu lalu lintas kedap-kedip,1
Indonesia adalah eksportir komoditas terbesar dan terlengkap di dunia tapi hasilnya menjadi rakyat paling melarat di dunia.',1
"Iya makanya ada disitu, orang pemerintahan ya lu",1
Biasanya anak baru Reddit pada didownvote kok nyang ini kagak?,1
Mungkin yang lain takut laba-laba jadi memilih nikah,1
Garuda harus benahin lagi Good Corporate Governance nya dongg <hashtag> <username>,0
Awali Priode Ke 2 Dengan Melakukan Mengunjungi Daerah Pembangunan Infrastruktur di Papua <hashtag> <link>,0
<username> Yg mundur si Zon kabinet akan terus maju. Kalau si Zon kan mulut nya yg maju.,0
Dasar majority kuper g pernah masak pork belly! :sleeping_face:,1
"Yep, bahkan tni [CAPS] pasti mengalahkan mereka jika Japan dan Indonesia perang",1
Kemendikbud harus fokus dan aktif melawan covid,1
menimbulkan kerugian pihak yang dibohongi atau yang ditipu.,0
<username> iya [CAPS] kan [CAPS] tolol [CAPS] H [ELONG] terus [CAPS] ge [CAPS] ketemu [CAPS] dia [CAPS] di [CAPS] booth [CAPS] exit [CAPS] tunes [CAPS] sedangkan [CAPS] gue [CAPS] ngga [CAPS] pas [CAPS] ke [CAPS] boothnya [CAPS] kzl [CAPS] bgt [CAPS],0
Prestasi pencapaian sukses dll itu cuma bakal menjadi hak milik org yg optimis & pekerja keras. Anda kah salah satunya?,0
Kabinet Indonesia Maju terdiri dari para profesinal dan politisi yg hebat yg akan membuat Indonesia Maju <hashtag> <link>,0
"mungkin anda akan di ""suicide""kan mas, karena komen wangy wangy ke ibu ratu",1
<username> Wow mulia sekali wanita itu memfoto ktp pacarnya agar ada backup data saat kurang uang di laundry jadi ninggal ktp [CAPS],1
<username> Di tanya apa jawab apa.. :face_with_tears_of_joy:,0
Itu kabut pagi aja kok,1
<username> diem kamu anjing,0
Nilai ujian itu penting tp bukan segalanya. Bersama memperbaiki hubungan dgn Allah membangun impian bakat martabat kejujuran dan kepercayaan diri -insyaallah- lebih menentukan potensi & masadepan ananda yg lebih baik.,0
Astaga Prabowo adalah capres hasil Ijtima Ulama lho kenapa sering ditanya jumatan di mana ? <hashtag>,1
abis keluar dari industri it [CAPS] trus ngapain dong kalau ga bole kerja di industri it [CAPS] sampe sekian taun. dagang bakso?,1
Aku tau kamu butuh dia yang bisa memperlakukanmu dengan manis dan romantis bukan aku yang cemburuan dan overprotektif <hashtag>,0
terima kasih pak <username> telah mengendalikan sebak dengan salim sehingga jakarta saat ini tidak ada lagi yang tidak sebak.. semua sudah merembet.. ðÿ˜¡ðÿ˜¡ðÿ˜¡ <hashtag>,1
Provokatornya ini? canggih juga nih prabowo milih orangnya <hashtag>,0
Org hebat lihat masalah sbg cobaan utk bikin dia lebih kuat. Org gagal lihat masa lalu & selalu menghindari masalah.,0
Boleh Bohong Asal santun. 4nies Pembohong Santun. Prestasi yang membanggakan bagi uni Fahira & kelompoknya ! [REPPUNC] <hashtag>,1
Siapa tahu dapat kursi kabinet,1
Kita minoritas bisa apa pak? Dikasih hidup aja kita uda bersyukur.,1
Mari bersama sama memastikan pemilu berjalan dengan jujur adil dan bersih tanpa ada kecurangan dan intimidasi..,0
Taik anjing sekarang gue jadi pilih² kalo mo sayang sama cewek,0
<username> Betul banget susah sekali nyri kekurangan bapak Gub Anies. Berkat beliaulah air bah rasa berkah.,1
merasa bodoh itu manusiawi <hashtag>,1
Ajak lihat kobo nyanyi,1
<username> Yaelah ada jg dokter nyebong. [REPPUNC],0
Dua Keahlian Terbaik Gabener Wan Aibon: 1. Lepas Tangan 2. Tata Kata,1
Terima kasih kepada Google Translate. Teman setia ngarang-ngarangku. Uwuwuw.,0
Ini kalau om wowo <hashtag> punya hati busuk dan merasa banyak salah Perempuan Islam cadar menjalankan syariat dianggap intel. Dikit-dikit takut dan di curigai capres kok gak percaya diri. Om wowo selesain urusan pribadi dulu om baru maju capres. ^_^ <username>,0
Kaulah alasanku untuk berjuang <hashtag> Konveksi,0
Porno dalam hal suara masih bisa di terima sarkasme nya masih bisa di mengerti kalo artinya sexy. But how about that one last word? semua hal yg berkaitan sama dia porno you drag him sis.,0
Kalau sudah mengganggu ketertiban ada prosedurnya apakah ditembak dll. Sama halnya seperti makar dan penghasutan,0
"Gw kirain di India malah udah banyak lho..kalo cowok namanya Bob, kalo cewek Vegana :face_with_tears_of_joy:",1
<username> Salam balik dari Jakarta. Yang sedang terik-teriknya. Yang setiap hari macet ujan dikit banjir [EMOTICON],0
anda [CAPS] sudah [CAPS] melanggar [CAPS] uu [CAPS] it [CAPS] dengan [CAPS] menebar [CAPS] hoax [CAPS] data [CAPS] thn [CAPS]. 2013 dikatakan [CAPS] thn [CAPS]. 216 masyarakat [CAPS] sudah [CAPS] cerdas [CAPS] bro [CAPS].. ! [REPPUNC] salam [CAPS],0
"Pasti yang nembak atheist. Dasar edgy, edgy ! [REPPUNC]",1
Pokoknya lion air jelek,1
Kawan kawan disarankan stop bantu gerakan jod [CAPS]. tidak selamanya berniat baik hasilnya baik. Apalagi gerakannya dipenuhi orang-orang pinter semua. Mending urus daerah masing-masing saja. Kata solidaritas hapus saja dari kbbi [CAPS].,1
"tl [CAPS] [EMOTICON] R: rezim utang, jalan tol, dan smelter diazab covid. Harus 3 periode biar bisa terasa perubahannya.",1
Pak Mendagri di sebut-sebut dalam kasus Meikarta sebelum terlambat buruan pak masuk ke Nasdem [EMOTICON] [EMOTICON],0
"Hanya di zaman Soekarno dan Jokowi Israel tidak bisa tanding bola dengan Indonesia, presiden lain mana bisa :party_popper: :party_popper: :party_popper: :party_popper: :party_popper: :party_popper: :party_popper: :party_popper: :party_popper: :party_popper: :party_popper: :party_popper: :party_popper: :party_popper: :party_popper:",1
<username> Ustad kalo goblok bisa di pecat ngfak yah. [REPPUNC] Serius nih nanya nya ! [REPPUNC],0
"Selamat untuk pak <username> yg sdh melewati rekor banjir dibulan Januari sebanyak tiga kali dgn membuat banjir dibulan Februari sdh sebanyak empat kali. Pertahankan dibulan depan pak kalo bisa sih melewati juga. Doa gubernur Soleh memang hebat, salut saya.Wajah dengan air mata bahagia <hashtag>",1
"Itu graffiti modern art, kamu aja yang ngga ngerti",1
<username> Klo gak ngerti mendingan diem deh. [REPPUNC] :face_with_tears_of_joy: :face_with_tears_of_joy: :face_with_tears_of_joy: :face_with_tears_of_joy:,0
Indahnya <hashtag> setelah dipimpin <username>.. Prestasi yang tidak bisa ditiru Jokowi dan Ahok.. <hashtag>,1
Gitu aja kok susah,1
<username> jialillah [ELONG] [CAPS] bijak amat buk afi,0
korban [CAPS] dong! [CAPS] siapa suruh korbannya minta.,1
Belajar hingga k negeri Cina [ELONG]. [REPPUNC] Cina sekali lagi. [REPPUNC] Cina [ELONG]. <hashtag>,0
mungkin harusnya perempuan dari sejak lahir sudah di test keperawanan,1
<username> Pekok itu sama aja kek bodoh bloon alias goblok,0
kurang ruqyah,1
Saya yakin hal ini menjadi pertanyaan kita semua katanya [CAPS] anti [CAPS] asing [CAPS] tapi [CAPS] kok [CAPS] berkiblat [CAPS] ke [CAPS] barat [CAPS] ?,1
<username> Ramekan aki. [REPPUNC] kebijakan sontoloyo mntri kkp. [REPPUNC] :grimacing_face:,0
Kamu sexist yaa? Makanya cwe gak bisa jadi inventor?,1
Tempe setipis atm [CAPS] mana mungkin konsultan asing ngerti,1
"Gusur aja gpp, mumpung ga ada yang demo juga.",1
<username> Goblok ih hahaha,0
Ngapain data disembunyiin orang dibocorin juga sama pemerintah. Might as well dapet duit.,1
<username> Luar biasa ini tu kayak dia bilang 'welcome to indonesia' ke virus corona manteb memang junjungan cebong,1
"Y biar angka kasus hariannya turun, biar pemerintah bisa bilang covid udah terkendali. Rakyat jelata mah mana ngerti soal positivity rate.",1
Indonesia bubar bulan depan jadi penghargaan pr [CAPS] of the Year diserahkan sekarang,1
Tinggal 2 langkah lagi malah harus mundur <hashtag> dan semakin hanyut,1
Berkah buat pendukung wan aibon biar mereka bisa berenang ! [REPPUNC] kan kalau berenang di kolam berenang mahal mereka tidak mampu bayar mumpung <hashtag> mereka bisa berenang gratis. <hashtag>,1
Alhamdulillah diskotik Syarie Colosseum (Kulsum) semoga Jakarta makin barokah dan bersyari\'ah. [REPPUNC] Untuk LastCar beib <username> ada bonus khusus. [REPPUNC] Latihan dapet bidadari. [REPPUNC],1
"SiBapak itu emang bener, Banjir besar memang selalu terjadi di hari libur, mau hari apa pun klo banjirnya besar ya pada libur.. <hashtag>",1
Akhirnya saya mulai mengerti ternyata anda hanya seorang marketing..,0
Sepakat dgn pak Nadiem. Hafal tp gk memahami apa yg dipelajari hanya omong kosong. Dan omong kosong ini yang perlu kita perbaiki agar menghasilkan sdm [CAPS] yg berkualitas &amp; berintegritas. <link>,0
"Rasis kok nanggung,go all in lah",1
<username> Banyak istigfar dan minta ampun pak atas dosa2 bapak yang lom menempati janji bapak terhadap rakyat,1
<username> Lauranya aja tolol jadi perempuan malu sama prilakunya. Sok2an hedon [ELONG] giliran sakit ngemis2,0
JumatanKarenaUndangan lucu sih wkwkwk jd minggu depan tidak jumatan lagi dong ya? wkwk,1
<username> kepala sakit [CAPS] leher ke bawah gak bakalan enak. pemimpin sontoloyo bawahan bego. :grinning_face_with_sweat: :grinning_face_with_sweat: :grinning_face_with_sweat:,0
Terima kasih bapak Anies. [REPPUNC] Goodbener dah ! pbb [CAPS] rumah Rp. 37 jutaan digratiskeun ! [REPPUNC] Banjir sejam dua jam no [CAPS] problemo [CAPS] !,1
Torres merupakan salah satu pembawa sial termahal di dunia.. [EMOTICON],0
<username> yg tercaper dokter Tom kalo mau pengin selfie sama pak <username> terus terang aja ngga usah pake muter2 kayak gangsing :smiling_face_with_sunglasses: :smiling_face_with_smiling_eyes:,0
<username> Pemimpin tolol [CAPS] ya gini,0
<username> Mantap. [REPPUNC] bos sama jubir mulai tidak singkron nich. [REPPUNC] satu bilang A satunya bilang B,1
Kenapa takut ? Emang fifa bisa merubah sistem bola kita yang bobrok ? Biarkan aja jadi ancur sekalian,1
Jangan bicara islam [CAPS] tinggi-tinggi kalao wudhu saja belum benar,1
Anda anggota dprd [CAPS] lama <username> tapi mungkin mental maling [CAPS]. <link>,0
alhamdulilah kabar apik bang monggo silahkan lanjut <hashtag>,1
Kan driver gojek pahlawan saat pandemi. Jangan lupa kasih tips ya,1
<username> Klu aku pasien si tompi sudah aku suntik dia. [REPPUNC],0
Aku benci sebahagian diriku yg masih tetap mengagumimu..hais [ELONG]..sontoloyo.. ! [REPPUNC],0
"Tak Benda dari mana jir, udah jelas itu benda, bisa dipegang, bisa dimakan kok.",1
<username> satpam hatiku juga tetap pejabat hatiku,0
Di Dunia ini tidak ada yang tidak mungkin Semua bisa menjadi mungkin ! [REPPUNC] <hashtag>,0
<hashtag> kalau bapak jadi imam baru mantap. Jangan politisasi Sholat Jumat Malu tahu..,1
Dah ahh jangan banyak sambat disini Takut nanti diangkat jd mentrinya kabinet pak <username> Hapus jejak digitalnya kebanyakan. [REPPUNC] <hashtag>,0
Semua orang waras yang mendengarkan pasti geleng2 kepala ia bukan keras tapi ngawur isi pidatonya tidak karuan.,1
Sebenernya yg jadi presiden ri [CAPS] itu pak <username> atau Lord Luhut sih :grinning_face_with_sweat:,0
Orang-orang kita jago banget analisisnya ya,1
Kalau ini namanya bukan doa yang ditukar tapi isi otak mu yang ketakar <username>,1
"yang satu 20 ribu rupiah, yang satunya lagi diatas 100 ribu rupiah",1
<username> Maju aja susah apalagi mundur ?,0
<username> Hush [ELONG].. Serius ini Bro [ELONG]. [REPPUNC] Agar jelas sejarah bangsa ini. [REPPUNC] Dan bisa Rekonsiliasi yg sebenarnja. [REPPUNC] Agar Tahun2 kedepan kita tak bicara lagi ham [CAPS] yang Sangat Melelahkan dan menghabiskan energi. [REPPUNC] <hashtag>,0
Mungkin banyak Chindo r/indonesia yang masih butthurt kakeknya diusir dari mainland ke Taiwan.,1
Anda tak layak jadi Pemimpin :double_exclamation_mark: Himbauanmu Telat gak akan bisa membangunkan mayat yang menjadi Tumbal Ambisi Inkonstitusional untuk Berkuasa.<hashtag>,0
Ak sudah lelah menyelami isi hatimu saatnya aku menyelami pantai selatan bersama nyi roro kidul.,0
Apa hukum nya mengucapkan selamat jumat agung,1
Berkontribusi untuk merusak fasilitas rakyat <hashtag> <link>,0
"Iya ya coba restoran, pabrik, kurir dll bisa kerja remote",1
Ampun deh Mba Eva Celia cantik sekali [ELONG],0
argh tolol bgt,0
Semua politisi sepertinya sama saja. Sama-sama cari kepentingan.,1
<username> hdh mb ini sbnrny [trik nfs sbntr] ini adlh bhs orang pintar [trkekeh] mb bkl susa ngerti awokwokwok,1
<username> Indonesia negara ku kumparan sumber beritaku :man_dancing: :woman_dancing: :man_dancing: :woman_dancing: :man_dancing: :party_popper: :party_popper: :party_popper: <hashtag>,0
Sebenarnya kalau dipikir ulang Anies itu baik loh Mencoba menepati janji kampanye. tidak akan ada penggusuran. Tidak menggusur = tidak normalisasi. Ya begini hasilnya.. banjir [ELONG] guyss.. Pimpinan dpr [CAPS] Minta Anies Kebut Normalisasi <hashtag>,1
Perbanyaklah membaca cerdas [CAPS] biar ngak dicap goblok,0
Jahat bgt sih jd manusia. Dulu dibikin dari tanah sengkete ya?,0
Sesuai dengan ramalan sabda palon,1
<username> Mangkane nak ngomong ojo asal mangap nil konfirmasi dl bener gak A1 info ini soal gaji pak Prabowo.. jubir anyar maklum lah,0
"Gw percaya korona, mana nih komisaris?",1
Pastikan Ekonomi Akan Meningkat Satgas tmmd [CAPS] Optimis Garap Sasaran,0
Santet antar pulau aja gk nyampe mau sok ikutan 4.0,1
Terima kasih atas jasa bapak Anies <hashtag> kembali trending. Eh bukan ding itu antrian Aer yang mau masuk ke saluran pembuangan. Maap lord. ! [REPPUNC],1
kan 2030 sudah direncanakan oleh elit global untuk bubar,1
Awas pasangan mu jadi target pelet,1
sebenernya gw lagi perlu duit. [REPPUNC] apakah gw perlu jadi. [REPPUNC],1
Azura Luna | Wanita yang mengaku sebagai sosialita kaya itu mengatakan ibunya seorang pengacara konglomerat. Tak hanya itu Azura menyombongkan diri dengan mengatakan ia hidup bak putri. <link>,0
"""Hoax apa lagi ini?"" - Johnny G. Plate",1
ternyata anak-anak sudah disiapin jadi martir sama para perusuh. prabowo harus tanggung jawab.<hashtag>,0
<username> ; Yasudah saya sekalian minta pizza aja karena katanya gratis. Populasi manusia kalau kamu kelaparan hahaha. Habis katanya suka makan daging manusia \'kan? Jangan sungkan-sungkan mengurangi populasi. Ah tidak seaneh kamu sih. Tapi cuk,0
Back in my days kalo lahir tahun 2003 itu umurnya 40 tahun.,1
<username> Yg butuh Nediem hanya rezim Sontoloyo,0
<username> Itu aku nanyak bodoh. Dia bilang gak ada kan terus aku nanya idiot. sumber waras suruh urus dulu tolol,0
Terbaik dalam bidang penghancuran Jkt <hashtag>,1
Alhamdulillah demi kebersamaan kita nkri [CAPS] <hashtag>,0
Jangan coba melawan alam dengan kekuatan kata kata dan toa Kamu akan semakin dipermalukan bapak Anies. <hashtag>,1
Minta di tapuk mulutmu <username>. [REPPUNC] Misal pake Tapuk Online Aku pesen. [REPPUNC] <hashtag>,0
Gampang kok ngukur Nasionalisme mereka dari tweet dan tagar sudah kelihatan-kan mereka pakai produk impor. [REPPUNC],0
<username> Ya mas Semoga stlh ini jauh lbh baik lg kbrnya <hashtag>,0
Sudah Kudugem. [REPPUNC] ! [REPPUNC] :thinking_face: :thinking_face: - <hashtag> <link>,0
"anak harus dapat nilai bagus, biar bisa di ceritain ke tetangga",1
Kemaruk ! <hashtag> <link>,0
Tidak sesuai dengan budaya bangsa ! [REPPUNC],1
yang sabar ya warga dki [CAPS] Jakarta Pimpinan ada di Kelas Gubernur hanya kelas Kacangan. [REPPUNC] <hashtag>,1
Kementerian Riset dan Pendidikan Tinggi menyebut salah satu kelompok penerima Kartu Indonesia Pintar atau kip [CAPS] Kuliah adalah siswa-siswa yang sebelumnya telah terdaftar sebagai pemegang Kartu Indonesia Pintar. <hashtag> <link>,0
Orang sehebat <username> bisa tidak punya adab sama ulama. Sekolah adabmu dimana bro ?,1
<username> Sarkasme aja lucu bgt drama perlontean garuda.,0
Padahal kalo harem lebih seru,1
<username> mana ni Pasukan Sontoloyo Indonesia. Kok gk ada yg nyinyirin beras,0
<username> <hashtag>,0
<username> Daripada ngaku saudaranya dpr [CAPS] ya mending pura pura kesurupan terus minta es buah sama gorengan,0
Mereka yang selalu optimis dan berpikir positif akan selalu mampu untuk bangkit dari segala kterpurukannya,0
"Kalo dlu bisa dijajah 3.5 tahun, pasti bisa lgi ntar dgn cara lain",1
<username> bukan fanboy anies tapi anies janji mau realisasiin stadion bmw Jakarta yg skrng udah progress sekita 17% kalo ahok?,0
Bukan cuma Tanjung Selor - Tanah Kuning saja masih banyak daerah2 lain di Kalimantan Utara yang kondisi jalannya seperti ini bahkan lebih parah dari pada ini. Tolong pak presiden <username> <hashtag> <link>,0
rajin banget tu orng bikin status ajg kesel saya yang disasar juga tidak peka tolol hshshshshshsh,1
"kayak maling dipentung yg punya rumah, malah yg punya rumah masuk penjara. [REPPUNC] mari kita lestarikan bully dan orang jahat di indonesia",1
act [CAPS] lah.,1
Kira kira Nia Ramadhani bisa ngerapihin seprei ga?,0
<username> emg lo tolol?,0
Salam 5 jari,1
Mana nih emak2 yg kmren rame2 bajir itu berkah. [REPPUNC] hujan [CAPS] itu berkah tp banjir itu bencana krna kita tdk bisa merawt bumi.. Kasian nasib kucing [CAPS] di jkt [CAPS] pd kemna mereka <hashtag>,0
Musim hujan datang ibukota banjir nyalahin siapa ya kira². [REPPUNC] <username> ? <hashtag>,0
"babi kan top tier list haram, itu alasanya ga ada yg bikin replika",1
"Belum tentu, kebanyakan micin dan stress ngerjain matematika bikin anak-anak berubah jadi lgbt [CAPS]",1
"Udah terlanjur masuk kantong nih, jadi gak bisa ditarik lagi duitnya, gimana dong. [REPPUNC] Ya sudah deh, gini aja, saya gak ambil gaji pokok saya bulan ini buat disumbangin ke negara untuk menghadapi korona. A good deal, no?",1
Udah dapat hibah pupuk aerosol tahunan mestinya terima kasih,1
Ya berarti harus tunggu 9 tahun lg biar jadi useful,1
<username> Diskotik yang baru dapat penghargaan bergengsi dari Gabener dki [CAPS] Jakardah,0
<hashtag> Hasil kerja 3 tahun <username> luar biasa.Soal banjir cuma Ahok yg paham. Anies teori melulu.,1
Kita harus bannga punya gubernur spt Anies. [REPPUNC] program pemerataan banjir berjalan sesuai rencana. [REPPUNC] terimakasih bapak <username>,1
Ini nih kelakuannya. Memfitnah polri [CAPS] <hashtag>,0
"Lah, orang negara Indonesia nya aja udah ngga sah dalam Icelamp apalagi perangkatnya.",1
hrw [CAPS] itu siapa? Ormas?,1
<username> Terima kasih anies eh pemprov,1
<username> Mereka mah selalu benar Kang <hashtag>,0
<username> Kalo ini bener akun dokter gak kebayang dulu lulus ya nilainya kayak apa ya. Mengerikan jika seorang dokter model begini bung cobalah berpikir dan berujar itu sesuai dgn kapasitas twit model bgini gak pantas dilakukan seorang dokter tapi seorang [CAPS] buzzer [CAPS] murahan [CAPS],0
<username> ga ada yg salah ko dengan mereka bilang <hashtag> lagi pula siapa juga yg memuji sampai sebegitu tinggi ah itu hanya perasaan mu saja kali..slow ajalah ga usah gusar pak Prabowo masih tau ko posisi dia dimana tenang aja tenang.,0
Berarti gajah mada punya klepto perabotan?,1
mungkin ini salah satu alasan kenapa bocah pada nyebrang ngehalangi truk yang lewat,1
Trans selama kawin sama lawan jenis itu tidak apa-apa,1
Pantesan 'Kyai yg mengolok2 pernikahan Nabi dg Bunda Aisyah' gak merasa bersalah. [REPPUNC] jejak [CAPS] digitalnya [CAPS] akan jadi bukti sejarah [CAPS] bhw ada kyai [CAPS] sontoloyo [CAPS] gondrong [CAPS] yg mengolok2 Nabi ! [REPPUNC] <username> <link>,0
"Loh loh, ipb [CAPS] Bogor itu kan mencetak banker. Ketar ketir! Alumni ipb banyak diminati di Goldman, ubs, [CAPS] Lazard etc",1
Selamat datang di Indonesia di mana ucapan tidak suka akan selalu dianggap sebagai menyebar kebencian,1
<username> Welcome to indonesia di mana kata maaf menjadi solusi untuk semuanya.Dan segala kelakuan dianggap becanda [EMOTICON],1
<username> <hashtag> Wahh Congrats yaa buat kumparan atas penghargaannya :two_hearts: :two_hearts:,0
pelakunya polycarpus kan?,1
Ini hadiah besar dari pa anies [CAPS] 2020 kita dukung bapak anies [CAPS] supaya dapat nobel [CAPS] prize [CAPS] thn [CAPS] 2020 ! [REPPUNC] Dari Jakarta hingga Bekasi Ini Sejumlah Wilayah yang Banjir.,1
Semua mahzab dalam Islam punya rujukannya kami ambil sedikit dari Tafsir Al Qurthubi ya pak. <hashtag>,0
Karena orang turki cinta produk nusantara,1
Biar menegakkan moral masyarakat yang murni nan suci,1
kalau merasa hukum tidak berat sebelah tangkap orang yang bilang abb [CAPS] bebas pengecut,1
"gapapa, gak ada salahnya tinggal di gua",1
"Duit buat nyari makan susah, bayar kontrakan nunggak, jredit dikejar debt collector gimana gua bisa kepikiran buat beli hal beginian?",1
buat apa belajar gitar kalau gak bakal bisa sejago alip_ba_ta? Buat apa cari duit kalau gak bisa sekaya raffi ahmad?,1
kepo deh Nia ramadhani pake kuota yg berapa giga ?,0
Berbeda dengan Pernyataan Jubir Prabowo Tegaskan Akan Ambil Gaji dan Pakai Mobil Dinas <link> <link>,0
hore [ELONG]. [REPPUNC] ðÿ'ðÿ'ðÿ' mantab [ELONG] ðÿ' sepak terjang bejat andre dengan menjebak nn bakal diseret ke meja hijau. dukung nn dengan: <hashtag>,1
Kan namanya iman ga boleh dilihat pake logika,1
"Setelah Trump dan kebanyakan ngelihat ekstrimis politik, dan org yg joking lama-lama serius (4chan uhuk uhuk), udah susah ngebedain serius atau",1
Yang pintar tuh cem gerombolan kalian ini drun :rolling_on_the_floor_laughing: :rolling_on_the_floor_laughing: :rolling_on_the_floor_laughing:,1
Kan nanti mau invasi negara maju dengan migrasi ke sana.,1
Ketika sahabat saya pemilik hotel di bali berbincang tentang proyek perumahan nya di medan tersendat krn tanah 80 hektar dia terganjal ijin shm [CAPS] oleh bpn [CAPS] sy hy bilang akan bantu lewat jalur saya seraya berbincang bgmn kelakuan bbrp pejabat ini msh jelek otaknya pdhl bosnya benar,0
Terima kasih pak ! Bravo tni [CAPS] ! <username> <hashtag>,0
Kenapa sekolah tinggi klo ujung2nya nguli/ngurus dapur?,1
Gugat ke mk [CAPS] buat ganti konstitusi,1
actual sultan dan middle class yang ga bisa ngatur duit juga beda tipis,1
Ketua Umum pp [CAPS] Pemuda Muhammadiyah <username> Dalam Acara Dialog Prime News <username> Sabtu 26 Oktober 2019 Dengan Tema Kabinet Anti Radikalisme Jokowi Apa Targetnya? <hashtag> <link>,0
"Gak semuanya juga, mungkin hanya yang nyetir fortuner/pajero saja.",1
<hashtag>,0
"enak kan tinggal di negara arab 1st world, daripada di negara sekuler anti ulama 3rd world macam indo",1
<username> Bu Susi mengucapkan terima kasih kepada gubernur dki [CAPS] Anies Baswedan terus psi [CAPS] ngimana komennya terhadap Jakarta ngak malu nyinyir melulu,0
Bangsat anjing monyet babi goblok tolol henceut kontol [CAPS],0
Jumlah nya naik pasti karena di covidkan rumah sakit,1
bapak Gubernur kebanjiran penghargaan masyarakatnya kebanjiran air <hashtag>,1
Ga berlaku kalau ga sesuai keinginan manusia,1
sosialita yang punya kebutuhan rakyat yang susah. [REPPUNC] <hashtag>,1
<username> Kayaknya wajahnya lelah banget bang mikir apaan ! [REPPUNC] <hashtag>,0
Hm [ELONG] dari keterangan pihak rs [CAPS] Tarakan ini berarti <username> juga harus di periksa. <hashtag>,0
Aku cinta Jokowi Aku sayang Pencitraan,1
Rezim mengatur rakyat! Kaya komunis pki! [CAPS],1
"2) Kalau salah, ngeles dan kembali ke logika pertama",1
Terima aja itu kelengahan anda <hashtag> lebih buruk kalau sampai menyalahkan pendahulu,0
doktrin mencengangkan. takut sama keadaan indonesia saat ini. di liat videonya <hashtag>,1
"Menurut riset, intellegence itu turunya dari wanita. Jadi pilih istri jangan yang bego ya biar keturunanya ga ikutan bego",1
Tahun Baru Kolam Renang Baru Terima Kasih kepada bapak Anies BaswEDAN ! [REPPUNC],1
Mari kita dukung terus kerja nyata pak jokowi <username> <hashtag>,0
"Sebagai kepala pemerintahan ya, sebagai kepala negara nanti dulu",1
Pengumuman ! [REPPUNC] Running Text Offline kena retas. [REPPUNC] pasti ini kerjaan Sanusi <hashtag>,0
"positif aja, mana tau Sniper nya pro pake pistol kecil, jadi nggak perlu Sniper Rifle",1
lupa ninggalin,1
"Lalu saya menyadari, setiap akhir hari kerja, berat bertambah 300 gram. Apakah itu beban kerja saya selama satu hari?",1
Pemimpinya katanya hasil itjima ulama tapi si fadli hina Ulama. Yang di hina fadli adalah Ulama Besar yaitu Mbah Moen buat Niken no sanse. Wajib di Tenggelamkan.,1
Ye mentang mentang lu rambut pendek jelek,1
"Konstitusi ! [REPPUNC] Itu hukum manusia, mereka punya yang lebih hebat, yakni Hukum Tuhan.",1
Dibawah naungan Pak <username> sebagai Kemhan dan dipimpin oleh Pak ia [CAPS] sebagai Kapolri. Semoga :Indonesia: aman dari berbagai ancaman rakyat pun nyaman. Aamiin. [REPPUNC] :folded_hands: <hashtag> <link>,0
Welcome to indonesia dimana semua ditutup dengan uang,1
<username> Tompi itu dokter? Sayang Otaknya tidak dipake,1
budayakan membaca isi berita nya bong.. jangan asal komen ! [REPPUNC] goblok di piara,1
saya dukung dan kawal Gus Muwafiq <hashtag> <link>,0
bukannya kelapa sawit selalu menguntungkan buat rakyat indonesia ya? itu media sjw kayanya,1
Alhamdulillah semua berkah yang harus kita syukuri semua berkat kepintaran <username> dan doa <username> <hashtag>,1
Lha itu ada Puan,1
Aksi pembakaran dan penyerangan di asrama Brimob ada indikasi by design <hashtag>,0
Yang penting balik modal dulu karena udah bayar uang muka. Kasian kan.,1
"Well. Pembuahan ikan itu terjadi di luar luar tubuh. Kesimpulannya, sperma ikan itu kuat. Konsekuensinya, kalau nyemplung d sungai, bisa hamil ama ikan",1
<username> Yg baru yg diandalkan oleh rakyat.,0
hanya mau kasih tahu saja..begini kondisi Discotique Colosseum yang dpt penghargaan dari gubernur beriman dan dapat pembelaan dari ulama gnpf [CAPS] 212. Semoga Allah limpahi imbalan setimpal dg perbuatan mrk org2 yang munafik yang tega menjual ayat untuk keperluannya & mengadu umat demi jabatan.,1
kalian mendzolimi aparat polisi namun mereka tetap sabar <hashtag>,0
Selamat mengemban Amanat Rakyat untuk membawa Indonesia Maju. [REPPUNC] <hashtag>,0
"Loh anaknya juga pahlawan yang underrated. [REPPUNC] Klo dia ngga di kabinet, indonesia 2030 bubar loh. [REPPUNC]",1
"wah 2-3 hari masih kelamaan, kemarin dulu ada keluarga pegawai yang juga mau pindahan, 2-3 minggu sebelum pengajuan, suratnya sudah selesai dong. [REPPUNC]",1
"regenerasi kulitnya masih bagus berarti,kurangi stress, perbaiki diet pola makan, sabun tidak cocok, jarang wudhu",1
Hatiku Indonesia hati kita semua Indonesia. Karena jika ada yang tergores padamu yang terluka kita semua.,0
peserta yang tidak punya kinerja ya jalannya hanya menjatuhkan lawan dengan bikin hoax. eh punya tidak ya kinerja culik menculik aktivis itu kinerja tidak ya,1
Karena konstruksi sosial pada masa nenek moyangnya yang diturunkan,1
Ya. 2019 akan berakhir tanpa di sadari dan 2020 sudah di ambang pintu pembukaan. Tapi hidupku tak ada yang berubah. Semoga 2020 bisa memberikan hal dan kesan yang baru dalam hidup ku. <hashtag>,0
<username> ya allah aku bacanya tolol mau dikomplain awalnya alamak [EMOTICON],0
<username> <hashtag>. [REPPUNC] thank s mom engkau lah srikandi dan kartini masa kini. [REPPUNC] karya dan kerjaMu di kkp [CAPS] sungguh luarbiasa..semoga allah swt tuhan yg maha esa selalu memberikan kesehatan kepada ibu <username>. [REPPUNC],0
Terlalu spesifik kalau cita-citanya kerja di konsultan big 3 atau kap [CAPS] big 4.,1
Sok pinter lu. Kalo elo yg jadi presiden emang bakal lebih bagus. Bacot,0
Partai Allah is the best. pan [CAPS] agamamu. Amien Rais Tuhanmu. [REPPUNC] Gapapa rusuh yang penting islam dan seiman.. TakeBeer ! [REPPUNC],1
<username> Lah gub dki [CAPS] sekarang siapa? Ada yg melakukan tindakan salah terus nyeret2 orang lain. Terus diharap jadi benar? Salah ya salah saja. [REPPUNC] Kek anak kecil merajuk. Kentut. Gak ada argumen,0
<username> Iya Bunda kolam akan selalu abadi bergejolak kepanasan :beaming_face_with_smiling_eyes:,0
jaga kesehatan ya bapak kasian bapak sudah tua kok masih marah-marah saja. sudah bapak dirumah saja deh istirahat. <hashtag>,1
Muhammad sangat ramah sekali sama Kinana sampe Kinana sukarela kasih istrinya dan hartanya ke muhammad,1
Bisa dilegalkan dengan uang,1
<username> Astagfirullahaladzim.. apakah ini krn melawan sunatullah wahai yang mulia bapak anies baswedan ! [REPPUNC] Mending turun aja balik ke kampung kalo ga bisa urus Jakarta..,0
<username> Pimpinannya sontoloyo Pembantunya genderuwo. Klop !,0
Projo Bubar lngsg dapet kue.. Budi Ari Setiadi. Hahaha.. <hashtag> <link>,0
Masih bagus dikasih kerja & digaji!,1
"kalo dipikir lagi, uph [CAPS] ama sph [CAPS] kan punyanya Lippo, Lippo punya Siloam, jadi kalau sakit, bakal ke Siloam, stonks deh",1
Anak anak ingusan kan kaga ngarti kalo Mereka Puluhan tahun Terdzalimi..hehehe. jadi Wajarlah kalo puluhan tahun kedepan bagian mereka membawa nkri [CAPS] ke arah yang lebih baik.impas kan. [REPPUNC] ? <hashtag> <link>,0
"What do you mean tidak ada referendum, berarti referendum papua ikut nkri [CAPS] hanyalah propaganda semata?",1
Pemilu menentukan masa depan bangsa ? Pret [ELONG] ! Pemilu itu hanya menentukan siapa yang berkuasa itu saja <hashtag>,1
kenapa [CAPS] aku [CAPS] Pintar banget [CAPS] kalau stalkingin [CAPS] orang [CAPS] sih [CAPS]. deuh [CAPS].,1
Awas setang putar so ja ba jadi Fakta tapi di blg Hoax. Hahaba <hashtag>,0
<hashtag> saya positf hamil ! [REPPUNC] Yaelahh tol [ELONG] - Kok narkoba [EMOTICON],1
Dan narasinya skarang adalah Ingin mengadu domba <username> Dengan <username> Semua kampret sama² mengatakn tni [CAPS] lebih Manusiawi daripada Polisi Eh Kampret Aparat Negara Emang Manusiawi smua Elu² aja Yang mirip Dajjal Brmata satu Mirip sama <username> <hashtag>,0
Mungkin tu selisih spike 1500 orang mati di bulan maret tu akibat kecelakaan massal dijalan Jakarta yang sepi.,1
Harlah fpkb [CAPS] ke-20 Ela Siti Nuryamah: Momentum untuk Membela Kepentingan Rakyat <hashtag>,0
Capres cawapres 01 sebar visi misi dan kerja nyata sedang 02 hanya berita bohong dan fitnah,1
Emang gua pikirin Sekut yg penting ngebul <hashtag>,0
Ga mikirin masa depan anaknya ! [REPPUNC] m,1
Medis disikat peluru tajam disemat pbb [CAPS] sebagai azimat. <hashtag>,0
Meski berbeda pilihan tapi kita tetap satu yaitu Indonesia. Marilah kita bersama menjaga kembali persatuan & kesatuan republik merah putih kita ini dengan jalan yg damai juga tentram <hashtag>,0
<username> Semoga makin keliatan rezim sontoloyo ini..,0
Tim capres abadi paling demen dah kalo manfaatin perempuan utk kepentingan Pilpres. Mengeksploitasi perempuan buat jadi kacung mereka. Kalo udah gak ada bermanfaat ditinggalin gitu aja. Mau bukti? udah terpampang itu si Ratna yg akhirnya dibuang <hashtag>,0
Belum sempet baca thread nyi roro kidul udah ganti topik aja.,0
"Minat baca itu gak penting, lah gak bakal hasilin duit kok. Anyway, temenmu kenapa?",1
<username> Sudipapapapap cipidawpidaw baru rapbd [CAPS] parararppampampamyeah [ELONG],0
welcome to indonesia semua hal dikomenin. even sebenernya itu gaperlu & gapenting samsek. ! [REPPUNC],1
Yth. <username> Pernyataan sikap Yusuf martak atas pemberian Penghargaan Adikarya Wisata kpd Diskotik Colloseum menunjukkan sikap inkonsistensi [CAPS] dlm berAMAR ma\'ruf [CAPS] nahi [CAPS] mungkar [CAPS]. Jika Ahok di Demo tapi klo Anies di dukung ? <link>,0
<username> disuntik mati aja mas <username>,0
"Iyalah, gamer ras paling teropresi. Main sama gamer ya tanggung sendiri akibatnya",1
Optimis yakin bisa itu harus. Kita harus selalu berdoa dan usaha pasti diberikan jalan yang terbaik amin. [REPPUNC],0
<username> Nyi roro kidul tidak sembarangan mendatangi orang apalagi merasuki tubuh manusia kalo pun ada yg mengaku itu beliau dijamin palsu.,0
Gubernur terbaik sejagat raya. [REPPUNC] menangulangi banjir dengan beli toa [CAPS].. ! [REPPUNC] <hashtag>,1
"Tapi bisa jadi setelah ini kalo meninggal beneran dapat peer pressure utk mengikhlaskan utangnya supaya bisa masuk surga. Budaya Indonesia (atau Jawa?) kan gitu, budaya memaafkan karena kasihan walaupun kesalahannya keji.",1
Orang waras tahu Jokowi prestasinya bagus sekali. Infrastruktur berjalan luar biasa. Bahkan di Jawa Timur <hashtag>,0
Kalo chat di read doang tandanya apa ya? Ya mundur lah goblok pake nanyaa.,0
"<username> ga perlu Bacot lagi sekarang, rekornya sebagai gubernur pengundang banjir sudah ga bisa dipecahkan oleh orang lain. Gitu ya <username> kira2 kehebatan sohibmu itu JempolanSimbol tepuk tangan <hashtag>",1
Tutorialnya gimana sih bahasa roh ? Ada standar grammarnya gak ?,1
Mungkin yang kita butuhkan adalah sistem sosialis bernama 'Capitalism with Indonesian Characteristics'.,1
ya gitu kan tetep sodara kamu,1
gapernah ngasih disuruh nabung mau nabung apaan w kocak tolol ah,0
Dasar pada perlu,1
Membangun sebuah negara besar tidak mungkin menteri berjalan sendiri - sendiri. [REPPUNC] <hashtag> <link>,0
<username> Jika sudah tegas menghapus Materi Khilafah maka tegas juga dong bubarkan fpi [CAPS] agar pedagang Khilafah tdk punya tempat menyusup. Selama ini fpi [CAPS] di jadikan tunggangan setelah hti [CAPS] di bubarkan. <hashtag> <link>,0
<username> Hallo <username> apakah memang kalau baru di dprd [CAPS] lantas diam jika melihat penympangan. Lanjutkan <username>,0
"Pantesan lemot, website-nya kebanyakan. Udah bagus keminfo pingin blokir website-website macam Google dan Facebook",1
Alhamdulillah upaya pejabat kita yang terhormat buat membersihkan anggota kpk [CAPS] yang tidak cukup nasionalis untuk Indonesia berhasil,1
"Duh ketahuan juga gua pada akhirnya, bener kata pepatah sepandai tupai melompat akhirnya capek juga.",1
"Bener juga sih, tapi daripada kakak emosi mending cobain es cincau saya. Pakai gula aren asli loh. Dijamin gak nyesel deh kak",1
<username> Repotnya punya pemimpin tdk [CAPS] ngerti apa². Saya khawatir juga k<username> dikasih masukan itu tau next stepnya seperti apa. Atau jadi malah bingung. Karena tipe org model begini seperti seorang raja yg belum baligh. Beruntung kalo org sekelilingnya peduli sama kesejahteraan rakyat.,0
<username> tkw [CAPS],0
"Toket Gede ga ad yg ga suka, klo ad yg ga suka halal untuk dimakan.",1
<username> Jgn remehkan akun dg 41 follower itu bg Bisa jadi follower nya termasuk Nyi Roro Kidul Nyi Blorong dll berbagai Nyi Nyi lain Atau dia nya sendiri termasuk Nyi - Nyir,0
"Hm [ELONG] hujan ya, aman lah koneksinya",1
Kekuatan Terbesar Kita Adalah Pemuda. Selamat Memperingati Sumpah Pemuda 28 Oktober 2019. <hashtag> <link>,0
<username> tolong pk persiden<username> usut tuntas yg fitnah guru kami ustadz abdul somad.,0
Keren ya indonesia yang jelek jd fuckboi yang ganteng jadi shitposter,1
"Pernah banget ngerasain kaya gini,and yes the best solution is move on or kalau lu masokis ya tetep anggep dia temen terus anggep kayak biasa aja dengan harapan dia balik lagi kaya dulu",1
plus62 hebat [CAPS] <hashtag>,1
Dibikin tolol duaduanya sama rerenjing <link>,0
Daripada main mobil mending tuh ibu sosialita gaul istri orang kaya main brondong aja. Mereka puas pemuda dapat kesejahteraan. <link>,0
Pasal viral dan dibenci netizen,1
Bilangnya stok beras cukup 21 hari.. Anjir [ELONG] bapak Wo.. ngomong tidak pakai data ya bapak.. ! [REPPUNC] Panik gagal lagi ya bapak Wo..? [EMOTICON] [EMOTICON],1
"itu oknum, jangan bawa instansi. berani gelud kita",1
Siapa nih temen lo yg bisa dapet ini ! [REPPUNC] <hashtag> <link>,0
Ada apasih rame rame mba mba jadi nyi roro kidul sama apart jogja. [REPPUNC] Admin magang ketinggalan nih,0
"Mana tuh komnas ham sama anak, kok diam saja",1
Gk seru klo gkda <username> di ilc [CAPS] selalu dinanti. [REPPUNC] No Rocky Gerung no party.. ! [REPPUNC] <hashtag>,0
Mungkin ini salah satu program kerja bapak Anies untuk memeratakan kesejahteraan warga dki [CAPS]. <hashtag>,1
Semoga paduka yg mulia <username> tidak terkena virus corona walaupun paduka skrg terserang virus china.. <hashtag>,0
<username> Radikal emang gak bisa jauh2 dr syahwat wanita perkosa. Kekerasan dibunuh. Nyuruh org tobat tp kelakuan sendiri dekat sm dosa. Jgn memandang org lain berkaca pada diri sendiri mas. Sepakat?,0
Terimakasih atas pengkhianatan ini Terimakasih atas antipati perjuangan kami Terimakasih atas tidak didengarnya aspirasi kami Saatnyaa. [REPPUNC] <hashtag>,1
Jangan sekali-kali menyakiti hati orang tua. Hormati dan sayangilah mereka. <username>… <link>,0
Kasian bentar lagi jadi gocap mereka,1
<username> siapa tau nanti 2020 bisa upgrade ke gold.. gak ding silver gpp tp goldnya daddies sebelahan deh podiumnya [EMOTICON] cuman kan mereka udh tua koh sontoloyo gak ada teman sparring juga. ya susah lah hiks,0
Waw [ELONG]. [REPPUNC] amanjing bangets [ELONG] <hashtag>,1
<hashtag> hahha sayang tanpa kamu minta maafpun udah aku maafin kok. Udah ya gak usah dipikirin. Mending sekarang kamu istirahat. Pasti kamu capek nanti aku anterin makanan ke rumah kamu :two_hearts:,0
Hadeuh..blm ngantuk jg. <hashtag> xb <link>,0
cebong emang otaknya didengkul mau nyalahi Anies demi Ahok kagak tahu kalau bpjs [CAPS] itu Jokowi yg urus cebong jehaena dungu kuadrat [EMOTICON] [EMOTICON] [EMOTICON],0
<username> Soalnya mo dpt g jd mas bro. [REPPUNC] :rolling_on_the_floor_laughing: :rolling_on_the_floor_laughing: <hashtag>,0
Minggu pagi pergi tamasya Jangan lupa untuk mandi Selamat pagi Indonesia Saatnya kita mengabdi <link> <hashtag>,0
Masa anis goblok gak mungkin lahh. [REPPUNC] kalu tukang bohong iyaaIsyarat okeTertawa berguling di lantaiTertawa berguling di lantai <hashtag>,1
Sekarang kalo mau ngambil rapot tinggal pesen gosend aja deh biar ga nyapein mama <hashtag>,0
Jangan kau cari sensasi dengan menghilangkan etikamu <username> bedakan lah Ulama sepuh dengan orang yang biasa. [REPPUNC] Untuk sebuah jabatan merendahkan martabat beliau. [REPPUNC] Sangat miris dengan pendidikanmu yang tinggi. [REPPUNC] <hashtag>,0
Mana punya muka <username> ? Kalo punya paling muka pantat hitam Kwkwkw Colek neng <username> <hashtag> <link>,0
"Telkom ngejer cakupan, swasta ngejer kecepatan, gitu aja kok repot",1
Selamat datang d negara +62. yang ngelawan begal d penjara yang berdemokrasi menyampaikan aspirasi ditangkap dan d kira propokasi dg perlakuan tidak manusiawi. yang mungut karet bekas malah d penjara. Apa kabar para korupsi yang malah disembunyikan para pejabat? <hashtag>,1
"Kemarin culture yang kena claim, sekarang lagu kebangsaan juga kena claim. Dasar Indon babi",1
Ya jelas aja. Duit habis banyak biayai kerusuhan gk ada hasil buat <username> malah memperburuk karir politiknya,0
Butuh muzzle brake sepertinya.,1
Kalo cakep bisa buat bahan marketing jual kond\*m,1
<username> Pacar sontoloyo,0
selamat datang di kerasnya sepakbola indonesia takut. <hashtag>,1
Semoga nular.. (sontoloyo) nya ! Tangan belom bisa move on rasa nya pak mardiguwp @ Mula by Galeria Jakarta <link>,0
"Akhirnya Biden jadi presiden-elect, bandara Berlin diresmikan, dan imam besar kita pulang. Allahuakbar!",1
Udah nikah rejekinya abis buat ganti rugi truk,1
"Program biar tidak ada persaingan, menyiapkan Indonesia menuju utopia para komunis, memang pki [CAPS] bahaya laten",1
"Nyari konflik? Wah, tentu saja tidak. Masa meme bikin orang marah?",1
Dafuq dengue msh ada resiko buat dengue shock syndrome. I'd rather cuti healing ke puncak,1
wajar manusia menjadi inonsisten [CAPS] tapi kalo untuk urusan negara jangan main-main dgn kata itu 02ProAsing,0
Demot banget mau nangis pengen jadi nia ramadhani aja kalo begini,0
"Justru gitu gan, ditangkep karena tipu tipu, kalo barangnya ori mah malah dijadiin partner",1
Berkah apaan pusing mau cari nafkah tidak bisa uang pas2an rmh kebanjiran kacau nih Gabeneer ! [REPPUNC] <hashtag>,1
mengagumkan.. sungguh sangat amat transparan.. <hashtag>,1
Mungkin anda tidak cocok di air,1
Makanya indonesia kirim dana ke orang anti royalty biar bisa menggulingkan kerajaan di malaysia biar kita bisa menjadikan provinsi terbaru indonesia,1
Rasanya tidak pantas menyebut para perusuh itu seorang mujahid karena sama sekali tidak mencerminkan karakter seorang muslim <hashtag>,0
Dear mantan pasti kamu nyesel aku udah mirip dominik toreto <hashtag> <link>,0
Seolah olah tahu tentang pertanian dan sangat peduli dg petani padahal bertani saja malu.,1
Justru namanya bibit itu dimulai dari hal kecil. Kalau mau magang jadi koruptor berjabatan bisa lah dimulai dari rt [CAPS] dulu,1
Oiya lupa mau bilang Bapaknya almarhum bj [CAPS]. Habibie alumni kampus pertanian dan dia balik ke sulsel dgn jd pejabat pertanian dan sukses bertani pake dasi. <link>,0
"Indonesia emang keren, koruptor sama teroris di kasi remisi bebas.",1
"Allah kan udh bikin bumi buat manusia, buat apa coba pergi ke atas langit pas blom dipanggil allah?",1
<username> lama klo goblok mundur mending yg fresh tapi bener. [REPPUNC] <username>,0
kolam raksasa yang dijanjikan <username> akhirnya terwujud di awal tahun 2020 ini terima kasih bapak anies ! kami tunggu kelanjutan lainnya. <hashtag>,1
"Karena nazi membantai orang yahudi, poland, russia dan non-aryan lain yang sangat benci aryan dan ingin kaum aryan hilang dari muka bumi?",1
Perjumpaan Kakitangan Jabatan Penerangan Kedah Bersama Exco Penerangan Kedah. Turut dihadiri oleh Timbalan Pengarah Penerangan Malaysia. yb [CAPS] Exco turut mengumumkan insentif rm10 [CAPS] 0 [ELONG] kepada mana-mana Pejabat. [REPPUNC] <link>,0
Kebijakan bang sandiaga bagus seperti kebijakan pak <username> di jkt ada program jkt mengaji itu jelas real,0
tv one memang beda,1
<username> Ok 17 nanti 02,0
Kalo lagi ngumpul tuh hp taroh goblok kalian ngumpul buat apa.,0
"Ya karena gratis, coba dikasih duit kaya psikiater itu, siapa tau gak adu nasib",1
Mesti menggiring opini. Pokoknya pdpi [CAPS] mesti ga boleh dapat suara. [REPPUNC],1
Kasian kali laa tapi lucu wk <hashtag> <link>,0
<username> tinggal pecat. [REPPUNC],0
"Ahli asing tau apa? Dulu juga nganalisis indonesia bakal kena wabah covid, ternyata apa ! [REPPUNC]",1
Mau sholat jumat kok pakai sebar pamflet. Itu sholat jumat lagi diskonan ? -_-,1
pastikan anak berbudi pekerti yang baik masuk sekolah favorit. anak goblok masuk sekolah jelek saja. sudah goblok jangan ngerepotin ah <hashtag>,1
asli. dia tuh gak bersyukur wkwk. kalo gak ada niatan kelarin s2 yo kenapa diambil.,1
tidak penting mementingkan manusia yang kepentingan untuk dirinya sendiri saja tidak ia pentingkan.. Sampah ! <hashtag>,1
<username> Saya harap jika Pilkada (Pilgub) teruntuk <username> jangan lagi ikut gabung dengan <username> secara tidak langsung citra partai <username> rusak. [REPPUNC],0
Menurut saya bukan soal dukungan pilpres tertentu mengenai <hashtag> tetapi narasi yang diberikan ke mata publik terkesan sangat tendensius disaat situasi politik sedang panas2nya.,0
<hashtag> Gunakan Greta Thunberg Sebagai Tameng Untuk Ketidakbecusannya? <link> <hashtag>,0
Apakah ada atm [CAPS] setebal tempe?,0
Kapolri Idham Aziz berjanji untuk memberikan pengabdian yang terbaik bagi institusi Polri masyarakat negara dan bangsa. Semangat jendral. Pastikan tidak ada lagi radikalisme di bumi pertiwi ini. <username> <hashtag> <link>,0
Kau bilang I Love Jokowi tapi sambil ngacung jari tengah. [REPPUNC] kan [ELONG] asyu [ELONG]. [REPPUNC] ! [REPPUNC] maaf sy ikutan uninstallbukalapak,1
<username> Goblok,0
"iya la, kalo perlu tempel di jidat biar keliatan kmn",1
<username> Gak sekalian bu Sri Mulyani diajarin gmn caranya spy kgk ngutang mulu. [REPPUNC],0
kecoa kok disembah :thinking_face:,1
bismillah [CAPS]..sdrku <username> kemana Kamu selama ini ! [REPPUNC] Yang ginian Masa masih kasih ijin sama luhut ! [REPPUNC] Luhut manggungnya terlalu jika justru mendukung pengiriman benih lobster ! <username> <link>,0
Busana Mendikbud Nadiem Makarim saat pelantikan Rektor Universitas Indonesia (ui) [CAPS] dikritik terlalu santai. Kemendikbud memberikan penjelasan mengenai gaya sang menteri: <hashtag> <link>,0
Terima kasih <username> sudah membuat orang sakit sekarang semakin sengsara.. Cc <username> <hashtag>,1
<hashtag> Andi Arief menuding jika hubungan yang tidak harmonis antara Ketua Umum pdip [CAPS] Megawati Soekarnoputri dan sby [CAPS] mempengaruhi ahy [CAPS] tak dipilih oleh Jokowi. Begini bantahan Puan <link>,0
Kerenn [ELONG] :flexed_biceps: Tuntaskan kasus Novel Baswedan Pak Kapolri :oncoming_fist: <hashtag> <link>,0
Jubah tak menjamin kebaikan <hashtag> <link>,0
Anak2 dipersiapkan untuk masa depan bangsa kalo dari kecil ajarannya sudah salah kedepan mau jadi apa ! [REPPUNC],0
pencetus kalimat partai allah mengedukasi generasi spesies untuk saling berujar kebencian <hashtag>,1
Penistaan budaya minang,1
Truslah berkarya dan menginspirasi banyak kaum milenial,0
<username> Gerindra justru malu tuh udah lama tua tapi ngga bikin prestasi,0
Ingatlah selalu hal yang membedakan seorang yang mulia dan seorang yang bodoh : Orang Bijak selalu menyalahkan dirinya orang bodoh akan menyalahkan orang lain.,0
Kemenangan hari ini sekaligus kado ulang tahun untuk Saudara kita yang telah mendahului Alm. Haringga. Bahagia di tempat barumu kawan. Al-Fatihah. [REPPUNC] <hashtag>,0
<hashtag> Menjadi Benteng yg memandu Milenial untuk Secara cerdas dan bijak Menggunakan media internet dan media sosial.,0
Terimakasih wan abud <username> Berkat anda ane bisa mancing ikan mas dari depan pager rumah.. <hashtag>,1
Jangan boros Kamu masih miskin Baek ngopi coeg <hashtag>,1
Kebunnya dipake buat kelapa sawit pak makanya impor,1
Halo bung kemarin yang hina orang golput apa kabar? Sehatkan anda padahal golput kemaren lebih masuk logika loh dari pada yang trending saat ini. Golput dengan alasan bertemunya kedua calon? Entah itu calon apa. Hahahaha anda lucu bung Oh iya kasihan ya anda <hashtag>,0
Alhamdulillah ya. Dapat fasilitas itu tentu karena seiman. Dulu Ahok mana mau berbagi kolam renang? Dasar tapir !,1
<username> Manusia sontoloyo nih..,0
"Carding, atau jebol pin dana. [CAPS]",1
open minded itu nyalahin perusahaan,1
Tegas bukan berarti penuh dengan amarah sifat yg ditunjukan wowo <hashtag> sama sekali bukan sifat tegas melainkan sifat yg tempramental <username>,0
Hebat juga ya bapak <username> janji kampanye ditepati. [REPPUNC] kolam besar dki Hidup bapak Anies. [REPPUNC] hidup pendukungnya para kadrun,1
<username> goblok,0
Impor pangan yang berlebihan apalagi di masa panen menghancurkan masa depan petani dan pertanian kita. <username> <hashtag>,0
"taat perintah tuhan : ""kalau ada razia mendingan kabur""",1
Lah goblok <link>,0
<username> hus [ELONG] orang kata bos 212 jg gada ug salah ko.brarti mnurut mereka diskotik itu halal.kalian yg gatau apa2 diem aja.umat 212 lebih paham soal islam,0
Another so called *amaliyah istisyhadiyah*. Dia di tembolok burung ijo sekarang,1
Saya bercerita tugas-tugas saya jadi menteri. Saya mengurangi tugas memberi kuliah. Tetap jadi dosen. Kerjaan tetap saya dosen menteri jadi sambilan kata Mahfud. <hashtag> <link>,0
Gak ada lockdown kan pak? Kok kantor dikosongin?,1
Luhut itu kuat selama dia dibawah spotlight. Dalam arti tidak ada tokoh yang berani mengkritik dia. Said Didu yang berani ngomong ini mau gak mau harus dibungkam dan dijadikan contoh. Kalau nggak gitu Luhut akan makin sulit menjalankan fungsinya dalam pemerintahan Jokowi.,1
<hashtag>.. Lha kamu nya kapan?,0
Ini mah emang kristenisasi massal oleh Hari Tanu.,1
"bertanya-tanya mengapa suaminya tiba-tiba menghilang. Niyazi adalah satu di antara ratusan ribu orang Uighur yang diduga terseret dalam penahanan massal Muslim yang berbahasa Turki di wilayah paling barat Cina. Bahkan status ""elit"" -nya sebagai pejabat komunis setempat tidak",0
wah ada logo ojk legit ini,1
selamat [CAPS] datang [CAPS] banjir [CAPS]. semoga [CAPS] banjir [CAPS] kali [CAPS] ini [CAPS] lebih [CAPS] syari [CAPS] dibanding [CAPS] tahun [CAPS] tahun [CAPS] yang lalu [CAPS]. <username> lupa [CAPS] banjir [CAPS] ingetnya [CAPS] aibon [CAPS] saja [CAPS],1
<username> Faktor tempat pengaruh Om. [REPPUNC] wols aja. [REPPUNC] gak perlu keluar kata2 Goblok sprt itu. [REPPUNC],0
"Ah dasar pemalas, kamu aja yang bangunnya kurang pagi, suka buang buang duit buat ngopi di starbak, langganan premium nekopoi. Makannya gak bisa beli kebon sawit 7100 hektar",1
Loh loh tapi kan gak ada warna warni rgbnya ! [REPPUNC],1
Meanwhile server sebelah ga ikut nurunin ormas karena ga kebagian jatah konsumsi,1
"Kampanye kb [CAPS] terlalu berhasil, sampe vaksin aja 2 cukup",1
Kartu Pra Kerja itu ibarat Direktur yang terlibat banyak utang harta perusahaan udah ludes gaji ampir ga lebayar. Trus dia bilang ke Direksi Percayalah sama saya nanti saya kasih anda Kartu Pra Pailit <hashtag>,0
Takes that orang yang nggak percaya setan,1
Hahha..kita kena trima perubahan :relieved_face: aku masih ingat mak aku marah aku sebab sebut lol [CAPS]. [REPPUNC] die ckp \'x baik kata org tolol\' ; zmn die lol tu tolol <link>,0
kita dijajah produk aseng,1
Napa tiba2 sad vibe si sontoloyo ini :thinking_face: <link>,0
7. Belum hilang dari ingatan proyek bandara kertajati yg dominan orientasi fisiknya.Pada akhirnya tidak jadi bandara.Ada indikasi pengulangan yang sama. Melulu ttg aspek fisik <hashtag> baru yg berujung tidak menjadi <hashtag> sesungguhnya. <hashtag>,0
"atau supaya sesuai reddit mungkin yang lamar gak mau 10 detik saja, maaf lancang?",1
makanya solat,1
Beranai mendukung tetapi tidak berani mengkritik <hashtag> ! [REPPUNC],0
<username> nurani telah dikalahkan oleh narasi statement bijak mewakili kegalauan hati atas kekonyolan pejabat Negeri Santuy <link>,0
kan pengen juga makan gabut seperti guru pns broo. [REPPUNC],1
"Halo netizen Indonesia ! [REPPUNC] yak ini dia orangnya, ditunggu permintaan maafnya di polda metro jaya, oh ya minta maaf bagus tapi proses hukum harus lanjut berjalan",1
kurang T dibelakang,1
<username> Dasar Somplak.congor babi ga punya sopan.siapa loe anjing? Ktmu mulut loe gue sumpel pke berak :face_with_symbols_on_mouth:,0
Membantu keluarga hakim saat mereka kesulitan finansial,1
Kabur kemana bang ga ngetwit? Sekalinya muncul <username> malah ketangkep nyabu <hashtag>,0
"Alih-alih jadi oposisi setelah kalah bersaing melawan <username> dan <username> justru bergabung dalam barisan pemerintah. Lobi politik seperti apa yang dilakukan Prabowo? Simak dalam collection ""Prabowo Dari Seteru ke Sekutu"" di <link>. <hashtag> <link>",0
Ini semua terjadi akibat deforestasi Kalimantan demi Ibukota Baru,1
Horang kaya pemirsah [ELONG]. <hashtag> <link>,0
<username> untung sekarang udh ga tolol lagi wkwkwk,0
"Seperti yang ustadz tersebut katakan, Indomie adalah penyebab tersebar seorang murtad!",1
"tentu harus online, kan biar bisa dilacak ccp",1
baru tau kerjaan dpr gerebek psk selamat anda mendapat gelar dpr rasa satpol pp <hashtag>,1
Gw bukan generasi yg mudah terhasut dengan kampanye provakatif firehos the falsehood,0
<username> Setuju pak namun aturan ini tidak berlaku untuk tamu. Bagaimanapun kita harus hormati keputusan presiden,0
Cobalah sesekali berpihak kepada situasi yang diinginkan pemerintah. Jaringan lelet beberapa hari saja kau panik,1
hidup udah kaya motor angop nyendat [CAPS] - nyendat [CAPS] <hashtag>,0
Bubah Alfian Beri Klarifikasi - Permintaan Maaf Setelah Buat Melly Goeslaw Meradang. <link>,0
<username> Lanjut Pak ! [REPPUNC] <hashtag> Ganjar Dukung Larangan Cadar di Kantor Pemerintah: Takutnya Kalau Pria <link>,0
Aku terlalu bodoh tidak pintar menilai pria makanya aku tertipu olehmu - 49Days,0
Alhamdulillah suatu kebanggaan bisa bertatap dengan orang-orang yang menginspirasi <username>,0
<username> 02 insya Allah menang [CAPS],0
Itu inlander pake gaya baju majikannya biar pantes jadi manusia.,1
Pasal Makar kubu 01 sebagai alat pembungkam bagi yg Vocal menyuarakan kebenaran <username> hanya menjalankan perintah.maka satu persatu di lemahkan tapi mereka salah semakin di tekan maka semakin kuat gaung nya <username> sudah mutlak menjadi Presiden. [REPPUNC],0
Mengapa saya memilih <username> bukan <username> ? Karena Jokowi melupakan semua dari empat etika yang penting ini: 1. Hormat 2. Kesetiaan 3. Integritas 4. Rasa Syukur,0
Mau jam berapa aja terserah palingan yg menang Voornam lagi.,1
Harusnya dia minta netizen bully dia dan keluarganya biar bisa dikurangin.,1
"Lho, itu tandanya toxin dan cacing2nya udah kerilis semuanya",1
Di Indonesia Majalah Tempo yang sastrawi bisa blingsatan oleh ulah netizen. Puncak tragedinya pengakuan orang yang mendungu-dungukan liyan tapi ngaku akun twitternya dicuri orang dungu <hashtag>,0
mang hujan ya ! [REPPUNC] jakarta barat terpantau masi mendung aja,0
Hasil kerja bapak Anies yang sudah terlihat hasilnya.. yaitu Banjir [ELONG] <username>,1
Pintar bgt anies motong anggaran banjir buat aibon [EMOTICON],1
<username> menghantam Jokowi-Ma\'ruf. [REPPUNC] kalau pak <username> seorang yg taat pada pimpinannya maka seharusnya Fadlizon harus sumpal sandal mulutnya. Inilah saat nya melihat seorang prabowo taat setia pd atasannya dan harus sanggup menapok cengkem anak buahnya yg kurang ajar.,0
"pemuka agama perlu diutamakan, because surga",1
"Erdogan mau menjadikan seluruh warga negara Turki jutawan. Ma shaa Allah, sungguh tujuan bernegara yang mulia.",1
Mengalah pada Kebohongan berarti membiarkan keburukan jdi pemenang,0
You and me both. Apaqa kita sebenarnya adalah paguyuban fans kardus yang dipimpin Pange?,1
<username> Goblok bgt deh kamu. Hindu itu sudah ada dari 70 [ELONG] tahun sebelum [CAPS] masehi [CAPS]. sedangkan islam baru ada thn 600 setelah [CAPS] masehi [CAPS]. Lagian taj mahal itu kuil hindu yg didalamny kuburan. Pasti kamu kira itu masjid ya? Bukan !,0
<username> Terus mobil dinas yg sdh terlanjur dibeli ada dmn tuh? Di rmh wowo ya?,0
Minyak juga dari sayur (read kelapa sawit),1
Bukti bahwa Jokowi adalah antek perusahaan pembuat tol,1
"Yup, itu namanya Anies Syndrome :. menyebabkan beberapa gejala, mulai dari pusing, pening, gondok hati, kejang dan it kills quite a lot of your brain cell",1
Bpjs (budget pas pasan jiwa sosialita),0
setelah dinyatakan bebas atas kasus pembunuhan Kim Jong-nam. Aisyah akhirnya pulang ke tanah air dgn bahagia. Trimakasih pak jokowi serta mentri yg terkait <hashtag> <username>,0
Oalah pantes error karyawannya aja pada gak niat,1
Lho Jokowi bicara unicorn [CAPS]..kemaren malah mengintimidasi Bukalapak. Bukankah mereka pengusaha online yang masuk kategori startup Unicorn Parah nih Jokowi sok-sokan bicara unicorn,1
Wadaww kenapa dia kok bisa trending <hashtag>,0
Kalo punya otak ya pake dong mbak ! Tolol.,0
Hallo <username> apa kabar? Setelah beberapa saat lalu ingin menandingi Kesultanan mimin <username> dgn iming² ga [CAPS] yg faktanya pemenang ga ada satupun dr twitter tp pgn trending di Twitter :winking_face_with_tongue: :thumbs_up: :face_with_hand_over_mouth: - Tengok nih <hashtag> :smiling_face_with_smiling_eyes: :thumbs_up: Situ apaan? <username> :winking_face_with_tongue: :face_with_hand_over_mouth: <link>,0
Wahai Masyarakat Ibu Kota (saat ini)..beruntunglah kalian apabila Aktor Intelektual Surabaya bakal jadi Nakhoda Kalian 2022 ! [REPPUNC] <hashtag>,1
Di dalam tindakan pemberantasan radikalisme. nan menyesatkan istimewa yakni membalikkan ibarat din ke jurusan pangkal ialah kebaikan. <hashtag> <link>,0
<username> betapa [CAPS] rakyat [CAPS] kecil [CAPS] dipinggiran [CAPS] sana [CAPS] di [CAPS] pulau [CAPS] pulau [CAPS] terluar [CAPS] jawa [CAPS] sedang [CAPS] menikmati [CAPS] pembangunan [CAPS] jalan [CAPS] tol [CAPS] yang [CAPS] dibuat [CAPS] sang [CAPS] presiden [CAPS] jokowi- [CAPS] jk [CAPS]. dengan [CAPS] bangganya [CAPS] masyarakat [CAPS] dipinggiran [CAPS] perbatasan [CAPS] antara [CAPS] negara [CAPS] berterima [CAPS] kasih [CAPS] buat [CAPS] jokowi [CAPS] - jk [CAPS] yang [CAPS] tela [CAPS] membangun [CAPS] pos [CAPS] pos [CAPS] perbatasan [CAPS].,0
praying out loud itu kalau diindonesiakan artinya berdoa dengan corong kah?,1
<username> Dapat Tugas Percepat Proses Birokrasi Reformasi <link> <username> <hashtag> <link>,0
"Patriarki doong, kan konsep laki ga bisa disalahkan dan perempuan sumber masalah itu akibat dari kultur toxic patriarchy",1
<username> Kenangan yang tercecer wkwkwk <hashtag> <link>,0
Alhamdulilah hari ini suasana sudah membaik. [REPPUNC] temen2 jgn terhasut dgn isu-isu yg gak jelas ya. [REPPUNC] don't believe in… <link>,0
"iflix itu lengkap, semuanya ada!",1
"Jangan sexist dong bro, cwe juga bisa kayak gitu",1
<username> Sudahlah jangan kepancing provokasi sama akun abal abal di bulan puasa eman pahala sama tenaga :face_with_rolling_eyes:,0
Para pendukung 01 yang membuat hastag <hashtag> seharusnya bersikap bijak dalam berdemokrasi.,0
"""ends in ambiguity"", seperti strategi Amerika untuk Taiwan. Kissinger ternyata belajar dari Indonesia.",1
6.0 [ELONG] Siswa Meriahkan Gebyar tk [CAPS] di Kelapa Gading <link> <username> <hashtag> <link>,0
Dinasehatin kok marah,1
Para milenial lebih memahami semua fungsi smartphone ketimbang seorang miliarder yang bisa memborong jutaan smartphone canggih dalam sehari,0
"Kulit coklat teroris juga lah bang, dekil kali banyak kumannya",1
<username> salam generasi optimis ! jauhjauh deh segala pesimisme dari bangsa ini,0
Bener kata budi seringan maen twitter bikin w makin goblok,0
<username> Jangan Cuman Teriak Ya Pak <username> Tapi Aksi Nyata Untuk Basmi Radikal. [REPPUNC] Itu Yg Saya Tunggu ! Selamat Bertugas gbu [CAPS]. <hashtag>,0
<username> Tul AutoBlock aq kecepatannya TerraByte jk mncium Aroma Bani kali item bin togog Sontoloyo :victory_hand:,0
<username> kabar riang kawan jangan pesimis ðÿ'œ ekonomi akan meroket tahun 2021 ðÿ˜‰ tapi kabar buruk nya yg ngomong penyemu ðÿ¤£ <hashtag>,1
wooww jawaban yg sangat aksi ðÿ' dulu jaman ahok. smw serba terbuka & transparan.. emang sih beda pemimpin beda gaya. gw pikir gk berlebihan jika kita katakan. selamat datang dimasa mental anti transparansi <username> ðÿ'ðÿ' <hashtag>,1
Sst [ELONG] liatin aja sambil makan gorengan <hashtag>,0
""" Itung² mengurangi saingan kerja """,1
putuskan saja cowoknya?,1
Buat ngejarah tokonya,1
Yuk sekolah lagi dulu yuk belajar bahasa Indonesia lagi dulu sebelum ngetwit. [REPPUNC] Bahaya. Masa ga tau bedanya majas sarkasme hiperbola dan adab sopan santun. Meski cuma nge fangirling tapi kl ga punya ilmu yg mumpuni juga ga baik [EMOTICON],0
Akhir cerita mereka akan krmbali menjadi kasta paria spt jaman orba. [REPPUNC] <hashtag>,1
Damai itu bukan soal kedewasaan Damai itu tercipta dengan sendirinya jika ada Keadilan <hashtag>,0
Fase dimana negara menginginkan perdamaian dengan cara yang tak lazim tapi indah. <hashtag>,0
15.03 wib [CAPS] <hashtag> Karawang Barat km [CAPS] 47 - km [CAPS] 43 arah Jakarta padat [CAPS] kepadatan volume lalin. Bekasi Timur - Cikunir padat [CAPS] kepadatan volume lalin.,0
Sekedar mengingatkan kamu <username> bgmn orang yang kamu anggap ayah ini mendukung bhkn memujimu tapi balasannya kamu lupakan dia. Kamu tidak punya hati.,1
Judulnya Presiden <username> beri apresiasi ke pedagang pisang <username> dan pedagang martabak jalan jalan ke arab saudi wkwkwkk,0
bangun tol nerusin presiden2 terdahulu aja sembrono emang yg mana yg dibangun dr uang si jae,1
Pusing hidup pengen jadi Nia Ramadhani aja ah,0
Semangat unbknya adikadik tidak harus begadang bangun subuh saja karna kunci jawaban akan tersebar dijam segitu.,1
"Kalau orang-orang di sekitar gw yang kena, gw juga bisa kena, wah gue masih takut mati. [REPPUNC]",1
Nah tapi disini yg dikrubungin temen gue namanya kita samarin jd sontoloyo dipanggil oyo,0
Ahok mmg betul jitu banget menyebut kalau <username> kelewat pinter. [REPPUNC] Pinter 4 ng - ngibul - ngelez - ngambinghitamkan orang - ngarang alasan Bangsa ini berharap besar <hashtag> <link>,1
Kalau liat pendukungnya liat saja pemimpinya kalau pemimpinnya munafik berarti pendukungnya juga.,1
kalo nyolong mobil ditaroh karung semen biar berat misalnya,1
<username> Fadli Zonk itu semacam biji kutilnya Pak Wo,0
"""Berlaku besok semua sim [CAPS] C dianggap tidak berlaku dan perlu melakukan ujian ulang"" terus uji SIM-nya diubah jadi ngajarin etika wkwkw",1
Gejala islamophobia menggejala di kalangan pejabat. Ganti saja. [REPPUNC] <hashtag>. <hashtag> ArsyaSya3 <link> ilmuutama Bocahdolan1,0
Saya rela mengembalikan kepada negara tapi [CAPS]. [REPPUNC] kalau rela tidak harus pakai tapi dong bapak <username> Bilang saja Saya yang menguasai dan saya tidak rela bagi2 [EMOTICON],1
<username> Kalo menurut ku ini goblok Wanita tdk perlu spt itu karena ada laki-laki yg akan mempertaruhkan jiwa raga demi wanita yg telah diamanahkan kepadanya ! [REPPUNC] <hashtag>,0
"yang harus diperhatikan adalah, jurnalis jaman sekarang itu nulis berita buat cari cuan, bukan buat cari kebenaran. integritasnya bisa diukur dari jumlah klik.",1
Bagus sih. [REPPUNC] Jadi tingkat kemiskinan di Indonesia menurun tapi bukan karena menjadi sederhana atau kaya tapi mati [CAPS] <hashtag>,1
Selamat ya gaes..jd duta dusta indonesia,1
Gini nih kalo gak nambah,1
Gak tau apa apa yang pebting bisa berkuasa <hashtag>,0
<username> Yang paling pintar dokter tompi.. sy kasih obat biar anda tambah pintar banyak tidak hanya berak sekebon,0
<username> kalau anda tidak sekaya ardhi Bakrie jangan ngarep dapet seseorang secantik Nia Ramadhani,1
sengkuni berkepanjangan mengatakan atas nama islam apapun itu. islam yang mana hai bapak tua ! [REPPUNC] sudahkah kau menjalankan,1
Jaenudin nanti mau dikenang sebagai apa? Presiden amatiran? <hashtag>,1
tugas negara melayani rakyat <hashtag> <link>,0
dengan keputusan walikota surabaya tri rismaharini taman bungkul surabaya lagi-lagi diramaikan dengan pendukung gerakan <hashtag>,0
*Silahkan yg pake app Buka Lapak segera uninstall dan report app nya*. *Pemiliknya kampret militan*,0
<username> banyak spyware di mobil dinas alat sadap :face_with_monocle: :nerd_face:,0
Nomor rekening bank swiss isinya 56 ton emas,1
Tuhan gamau nyimpen mahluk kayak dia,1
"Kalau tahu bali, tahunya sudah pulang. Kalau tahu non-bali, tahunya belum pulang",1
<username> Kapan ya Sijahannam Abujanda iNi kena Stroke Karena yang keluar dari mulutnja tak lain dan tak bukan Sampah bau busuk Si Abujanda = <hashtag>,0
Imagine being pcmasterrace tapi gak bisa ganti dns dan minder dikatain konsol peasant,1
Pengen jadi sombong tapi takut dibilang sombong <hashtag>,0
<username> Ayo serang Anies man..,0
<hashtag> dan prabohong eksploitasi agama untuk kepentingan politik praktis lagi,0
Seperti maling yg dipenjarakan oleh bandarnya sendiri [EMOTICON] [EMOTICON],0
Indahnya Indonesia ketika cewenya masih keliatan rambutnya,1
Kalau orang mana tau soal dark joke baca deh buku ini isinya dark joke semua. Lelucon konyol yang lahir dari penderitaan Lina menjadi sarkasme lucu sekaligus menyedihkan secara bersamaan. Aku tertawa tapi juga ikut tersayat. Sial benar Soviet itu. <hashtag>,0
"Tahun 1998 harusnya rakyat pada legowo aj ya gausah demo macem nuntut harga turun, toh uang yg berbicara. Ngapain mereka ngamuk berasa paling berhak buat beli barang tertentu.",1
orang bodoh yang sudah mencoreng kedamaian islam dan ramadhan <hashtag>,0
Yang penting efisien cepet ngirim duit urusan security mah bodo amat,1
Banyak yg berpasangan trus tuanya sendiri kog. Buanyakk [ELONG],1
Mau ngupas mangga indramayu yg masih mengkel kok males ya. Apakah akyu kena sindrom Nia Ramadhani?,0
<username> Sontoloyo tuh bocah,0
Lihat Kondisi Monas Sekarang.. ! [REPPUNC] Mw bilang semakin Bagus.. ! [REPPUNC] gblk [CAPS] anda jangan kebangetan <hashtag>,1
<username> itu udah jadi sistem protokolernya beb.. harus pake plat pemerintahnya..,0
<hashtag> ko masi ada yg milih die jadi anggota dewan ya. [REPPUNC] ntu yg milih pada di bayar brp ya..,0
penghasut [CAPS] Biadab' licik' busuk' laknatullah [CAPS] 'mereka hasut pemimpin dengan rakyatnya 'mereka hasut aparat dengan masyarakatnya 'sahabat memusuhi sahabatnya 'saudara memerangi saudaranya keji' licik' busuk' biadab' laknatullah [CAPS] ! <hashtag>,0
coba lah sesekali kau berfikir baik terhadap yg dilakukan atas perbuatanmu tidak usah sampe menjilat ludah sendiri.,0
Gambar palu/arit di coret?,1
Merasakan jadi orang kurang mampu itu privilege,1
"Negara kitakan fokusnya minjem buat alusista, siap perang bukannya nyiapin buat ngobatin masyarakat kita",1
Minim prestasi jadi menciptakan Hoax centre yang gunanya untuk produksi hoax,0
<username> kan tukang. [REPPUNC] dia. [REPPUNC] racun membedakan psk online dan non online.. makanya hrs di giniin dulu baru tahu fox confirm ðÿ¤£ðÿ¤£ðÿ¤£,1
Kalo berani lo hadepin langsung ke ortu mereka,1
Saat <username> puji prabowo soal ketelitian nya mengelola anggaran kementrian pertahanan.. :smiling_face_with_smiling_eyes: Pak <username> jgn nyindir pak <username> donk ahh. [REPPUNC] :face_with_tears_of_joy: :face_with_tears_of_joy: :face_with_tears_of_joy: :face_with_tears_of_joy: :face_with_tears_of_joy: <hashtag>,0
Bedakan pemimpi otentik yang tulus dengan pemimpin <hashtag> yang licik,1
Suci dalam bedu,0
Aku muak dengan kenyataan. Lagi-lagi aku yang gagal dicintai Lagi-lagi aku yang ditinggalkan lebih dulu Menyebalkan memang hidup ini. Penuh ambyar [EMOTICON] <hashtag>,0
Soalnya udah ga di subsidi investor,1
<username> Slama ini masyarakt berbelanja tnp mpermsalhkn soal agama.. Mreka bsa rukun dn baik2 sja..dng bsa memilih dagangan yng baik..mkanya jng diganggu dng imbauan belanja di Warung Islam dn Produk Muslim. [REPPUNC] gliran di sentil ehh ngtain orang rasis :grinning_face: :grinning_face: :grinning_face:. [REPPUNC] tebar imbauan yng menyatukan.,0
Sudah sop [CAPS] dari mabes berarti,1
<username> Miskin kaya itu sesuai perspektif km nder. Aku jg klo liat nia ramadhani berasa miskin tp klo nntn org pinggiran berasa kaya.,0
Gpp kan anak dprd berarti tajir :face_with_steam_from_nose:,1
Yaampun bukan berarti rendah dong bapak presiden <username> minta maaf. Inget beliau juga manusia yang jauh dari jangkauan sempurna. harus slalu dukung beliau. Semangat pak :face_blowing_a_kiss: <hashtag>,0
<username> Pintar banget sih fnc Pintar bikin dompet ini kempes [EMOTICON],1
anies mmg punya banyak kelebihan. punya kekebalan hukum punya kunci syurga. namun kelebihan anies yang sangat menonjol hanya satu. [REPPUNC] dia lebih bodo ! [REPPUNC],1
Sebagai perempuan harus kuat Lucinta Luna Semangat bang,1
orang tolol bayar bajak,1
disgusting bgt lo tolol,0
<username> Semangat jenderal :red_heart: <hashtag>,0
bubur kaga enak! yang kaga setuju ayo sini kelahi!,1
Noted <hashtag> <link>,0
sungguh [CAPS] mulia [CAPS] sekali [CAPS] cita2 [CAPS] mu [CAPS] neng..jadi [CAPS] pelakor [CAPS]. [REPPUNC] hahahaaha [ELONG] kan pianyingen ! [REPPUNC],1
dan you <username> mengklarifikasi tanpa kordinasi kan ! [REPPUNC] :face_with_tears_of_joy: :face_with_tears_of_joy: :face_with_tears_of_joy: Piye iki jubir <username> wkwkwk <link>,0
Semoga cepet mendapat hidayah dan selalu cebok pakai air bund.,1
Kafir nuduh <hashtag> selagi si kafir nuduh islam radikal jangan pernah berhenti bilang kafir [CAPS] pd mereka. [REPPUNC],0
"karena jakarta cuma butuh pemimpin yang religius, dan surabaya cuma butuh pemimpin yang beneran kerja",1
<username> Tolol,0
"untuk indo maju ga prlu net netrality or inet cepet, cuma perlu bangunan silicon valley di sukabumi indo auto jadi versi 4.0",1
Komunis palingan,1
Cara ucap unicorn tu yg gagap bikin orang ragu. [REPPUNC] <hashtag>,0
Ketua Dewan Kehormatan pan [CAPS] Amien Rais memberikan pengarahan pada Workshop Nasional Anggota dprd [CAPS] pan [CAPS]. Apa yang disampaikannya? <hashtag> <link>,0
"Biasa, anak dgn ortu single parent, jadi kurang kasih sayang dan berulah.",1
Ini padahal bener lo enggak perlu pakai,1
<username> Mantab. Bisa terancam dibilang terbelakang nih sama org terbelakang dari kader partai sontoloyo indonesia. Cc <username>,0
capek liat orang tolol semua. <link>,0
<username> Ajarinnya itu mentri biar dipaham Toh selama ini juga banyak asn [CAPS] yg celana cingkrang fine² aja mereka <hashtag>,0
Percuma Indonesia negara kaya raya akan rempah-rempah nggak bisa kasih masker gratis 250juta orang x10 masker per orang tiap minggu,1
menang karena Kecurangan <hashtag>,1
Selamat Warga dki [CAPS] 58 Sudah Dibikinin Toa Yang Mahal Tinggal Dikasih Lagu Titanic. [REPPUNC] Pas Tenggelam Dinyanyiin <hashtag>,1
Gak usah manas-manasi Natuna nanti investasi terganggu. Woles aja.,1
ya mungkin op [CAPS] mikir papua isinya cuman tembak2an trus semua orang tinggal di hutan jadi ga ada fastfood,1
Kan dibawah 45 taon aman.,1
Eh gitu gaada air force negara lain yang pernah nembak weather balloon,1
dia kira masyarakat akan beriktikad pd hoax center di mana pencipta sekaligus merangkap menjadi penangkal hoax?,1
Kalau yang ini sudah bukan lagi menjadi rahasia publik. Publik sudah tahu pelaku yang sengaja menjadikan hoax sebagai alat propaganda menggiring opini.,0
"ada kursi kosong, napa ga duduk sih. [REPPUNC] niat emang nyebarin penyakit keknya. [REPPUNC]",1
<username> wih [ELONG] 3 media yang dukung,0
Mau jadi apa negeri ini kalo di pimpin penyebar hoax,0
<hashtag> itu [CAPS] berkah [CAPS]. serius [CAPS] itu [CAPS] berkah [CAPS] ! [REPPUNC] berkah [CAPS] buat [CAPS] gerombolan2 [CAPS] tertentu [CAPS] yang tetiba [CAPS] dapat [CAPS] hibah [CAPS] media2 [CAPS] perusak [CAPS] akal [CAPS] dapat [CAPS] uang dari [CAPS] narasi2 [CAPS] pembelaan [CAPS] gabener [CAPS] el-bh [CAPS] dapat [CAPS] uang jadi [CAPS] jubir [CAPS] emak2 [CAPS] dpt [CAPS] uang demo [CAPS] berkah [CAPS] bikin [CAPS] anggaran [CAPS] beli [CAPS] toa [CAPS] dl [ELONG] [CAPS],1
Saya ngentu keatas,1
"Hati-hati jangan nyumbang ke dpr, [CAPS] ntar ditilep. dpr [CAPS] punya track record buruk soal tilep menilep",1
<username> Setuju <hashtag>,0
"Tapi kan kalo kena azab, orang sekitar juga ikut kena.",1
Dirayakan di semua kota kecuali Cilegon,1
Ada kalanya menteri dari kalangan pengusaha diperlukan.. karena mereka seringkali berpikir \'out of the bo [EMOTICON] ' dan fleksibel :smiling_face_with_smiling_eyes: <hashtag> <link>,0
"Kalo gue jelas lah berak di jalan, terus belagak orang berada untuk menutupi kenyataan kalo gue cuman butiran debu di negeri sendiri",1
Amin Pancasila msh sakti di Indonesia. Bhinneka Tunggal Ika msh kokoh di bumi Indonesia. nkri [CAPS] akan selalu berjaya [CAPS],0
"pak haji yg punya istri muda bbrp yg viral itu, harusnya ikut jadi pembicara. saya yakin makin banyak peminatnya. siapa tau official nya ikut baca ini",1
"""Nggak apa apa kalo membunuh orang, tapi lgbt [CAPS] dan alkohol saya tidak akan mentolerir!""",1
Ya udah di gas ajaa sekalian ini si jonk <hashtag>,0
<username> Semoga jd partai teladan dan memiliki wakil2 membanggakan di dpr [CAPS] <hashtag>,0
Setelah gnpf [CAPS] bela anies yg beri diskotek penghargaan fix dan sah diskotik itu halal :flexed_biceps: :flexed_biceps: :flexed_biceps:,0
"open minded hanya utk barat, klo ngikut agama gaboleh, ga keren, ga open minded",1
<username> Yg ini ga usah lu cek harga pasarnya ya <link>,0
Lu juga ngapain iri bocah 10 tahun netek ke sesama bocah anjink? Lu pedo ya tod?,1
Itu kan cara kita biar didengar,1
Aku kangen manusia yang dulu. Manusia yang kalau ribut itu tinjunya dikepal bukan hanya pakai jempol.,1
Hadiah tahun baru 2020 dari anies [CAPS] yaitu banjir di jakarta di mana mana.,1
Kalo ke pijat alternatif gak perlu amputasi,1
Hoax di musim politik semakin menjadi-jadi. Banyak kabar yang kerap menyerang Jokowi. Tetapi aku lebih percaya dengan bukti kerja nyata dibandingkan harus pusing-pusing mikiri hoax belaka [EMOTICON],0
bukannya solomon?,1
Noh kan eug ada tuh premium nya sebarin ya ke yang lain kalo mau pamer jangan goblok. <link>,0
<username> Mungkin jadi linglung harus ngapain lagi gara2 ga ada pasien sama sepi job. [REPPUNC] Kasian yah. [REPPUNC] ih. [REPPUNC],0
Panik boleh goblok jangan <hashtag>. <hashtag> <username>,0
<username> Si Zon mulut nya saja yg maju saran saya majukan Indonesia dgn karya dan membangun Zon dan itu akan lebih bermanfaat.,0
"Well, China kan komunis. Gak ada yang pengen kaya raya disana",1
menang kami bangga kalah kami setia :fire: :fire:,0
sumpala nilai uts gua gada yg diatas 50 anjir goblok banget semester 1 aja udah begini gimana kedepannya awokoawkoawkowa,0
<username> Mantap coi. [REPPUNC] jancuker sejati otak waras. [REPPUNC] koruptor anjing di pelihara,1
<username> Kepala kasad [CAPS] harusnya di beri teguran atau Sanaksi agar Tak seenaknya aja mencopot dandim Kan blm ketahuan bersalah istrinya di pengadilan umum.,0
Karena anda lemah.,1
<username> Mau ganti smartphone baru <hashtag>,0
Mereka bisa bedain emangnya?,1
Indonesia penuh keberagaman <hashtag>,0
Yes semua aku adu aku disini liatin kamu sambil niup suling bambu aku tidak mau maju biar orang lain yang mati dulu maafkan kelakuan ku memang selalu begitu. - rais kakek tua bau sampah <hashtag>,1
dang… kirain biar ndak ada pendatang dan mahasiswa baru lulus yg mau menetap di Jogja,1
Wis pakde rasah ngoyo2 kerjanya. [REPPUNC] yang hobby nyanyi ma mangkrak kanan kiri ja bisa 2 periode [EMOTICON] [EMOTICON] [EMOTICON],1
Anjing kamu :angry_face_with_horns: :angry_face_with_horns: :angry_face_with_horns: marah3,0
"gak ada puan, jd saya pilih golput deh",1
Wajar. Kameramen Titanic aja selamat,1
<username> Boleh tapi tidak boleh ganggu kinerja Lembaga Penyelengara Pemilu. Satgas boleh mengawasi bo… <link>,0
"Maaf Kak Raline, *sekadar mengingatkan*, kalau masuk masjid tolong sandalnya dilepas :folded_hands_light_skin_tone:",1
<username> Diskotik surga dunia yakk hha,0
Saya siap [CAPS] pasang badan. Saya siap [CAPS] mati [CAPS] demi membela kepentingan masyarakat Jakarta. Jika ada yang macam-macam saya [CAPS] yang hadapi [CAPS] ! <hashtag>,0
Banjir jakarta bukan salah <username> tapi salah warga jakarta yanggoblok dulu milih <username> jadi gubernur <hashtag>,1
Gerindra ternyata sudah menyiapkan kerusuhan untuk aksi 21 Mei 2019 kemarin <hashtag>,0
"Yah sebagai pemakai Innova tua yang tiap hari kena macet 2 jam dompet gue gak kuat lah kalo pakai pertamax, apa ganti ke lcgc? Hahahah gak enak powernya kecil. [REPPUNC]",1
<username> Di sini saya berbicara dalam konteks sebagai warga negara non… <link>,0
<username> Hehe Mau di apain aja serah pak prabowo kok sibuk klarifikasi masih ngerasa jubir ya.. Mending saranin nikah lagi aja buat nafkah anak bini lebih berkah..,0
Apakah dengan mendukung mati matian salah satu pascol presiden akan berdampak ke kehidupan anda secara siknifikan? bacot [CAPS] ! [REPPUNC],1
Hadapi revolusi industri 4.0 dengan optimis <hashtag>,0
<username> Thats the point goblok :unamused_face:,0
Sudah cukup lelah dengan kasus Ratna Sarumpaet atau nyinyiran Fadli Zon lagi-lagi kubu Prabowo-Sandi tertimpa isu <link>,0
Sarcasm sarcasm ngarti kaga artinya sarkasme apaan? Kaga ngarti? Lah sama.,0
"Pfizer pun ampas kalo Mak Erot bikin vaksin covid, pasti lebih bagus tuh",1
Kan kebobolan privasi/kecurian data nggak merusak moral generasi penerus,1
"Ntar jadi alasan Batre Listrik kita ga laku.. bilangnya gini ""kami tidak setuju akan adanya pelanggaran ham [CAPS] yang terjadi di indonesia""",1
<username> goblok..,0
<username> pendukung [CAPS] lu [CAPS] bikin [CAPS] malu [CAPS] negara [CAPS] ! [REPPUNC] <hashtag>,0
"ngibah, kalau udah ngibah temen yg lain bakalan gak habis bahan bicaraan lu",1
jadi gini..Semenjak kecil <username> itu sdh punya jiwa kepemimpinan.,0
"Biar ngga beranak, jaga-jaga siapa tau bisa diturunkan secara genetik.",1
Banyak suami yg ingin istri seperti Nia Ramadhani tp dia sendiri lupa utk menjadi Ardi Bakrie Kemudian para suami menyinggung balik Banyak istri yg ingin suami seperti Ardi Bakrie tp dia lupa klo dia bukan Nia Ramadhani :neutral_face: :expressionless_face:,0
Kan namanya rivaly pak.,1
Pulau Reklamasi!,1
<username> 500.0? [ELONG]. [REPPUNC] ada potongan2 lain ga. [REPPUNC] potongan admin. [REPPUNC] buat potokopi. [REPPUNC] biaya jasa. [REPPUNC] trus take [CAPS] home [CAPS] pay [CAPS] brp?. [REPPUNC] bisa2 zonk [CAPS]. [REPPUNC] sontoloyo [CAPS] <hashtag>,0
jangankan Pak jk [CAPS] masyarakat awam pun akan pesimis masalahnya kondisi ekonomi Indonesia yg sedang mengenaskan kalo di tambah seperti ini bisa makin amburadul pak jokowi lupa kalo ini Indonesia bukan Amerika <link>.com/jk-pesimis-dengan-wacana-tunjangan-pengangguran-jokowi/ … <hashtag>,0
Depok. mendung sama geledeknya santuy banget ampe kaga ujan2 <hashtag>,0
Banyak akal sehat yang hilang di negeri ini ! rg [CAPS] : Anjjritt [ELONG].. lu..! 15 tahun mengajar tanpa digaji ! [REPPUNC] Kembalikan akal sehat pada fungsi kampus tradisi akademis adalah menggeleng pada kekuasaan Katakan tidak [CAPS] agar ada dialektika dan tesis-antitesis <hashtag>,0
tangkap [CAPS] provokator [CAPS] <hashtag>,0
Di dunia internasional Jakarta juga mempunyai julukan J-Town,0
sejatinya islam itu bukan yg rahmatan lil alamin tapi yg rahmatan lil monaslimin yg penting semonas maka rahmat bagi kelompoknya. <link>,0
Retweet lagi ah prestasi anak bangsa. [REPPUNC] Kampret jangan kejang kejang ya.,1
Banyak anak banyak tiket surga,1
Jadi gimana Pak <username> ini jadi boleh gitu ke tempat yang diberikan penghargaan ? kan bagus pasti datang ke tempat yg pernah dikasih penghargaan <hashtag> <link>,0
codot [CAPS] hti [CAPS] lagi ngerong-rong dengan hestek <hashtag>. Mereka tau nu [CAPS] paling depan soal Indonesia.,0
Dengan tegas Presiden Jokowi beri Mendag dan Menlu serta jajaran kerjanya deadline hingga tahun 2020 untuk bentuk perjanjian dagang. <hashtag> <link>,0
<username> Sekali sekali dea pengen punya circle sosialita lin,0
<username> Nia ramadhani y mb ! [REPPUNC],0
Selamat datang di indonesia Dimana orang kaya takut miskin tapi orang miskin tidak takut kaya,1
Capres 01 sudah membuktikan prestasinya sebagai bandar hoax nasional.,1
8 Bukti Nia Ramadhani Seorang Crazy Rich Tetangga Paris Hilton hingga Tak bisa Kupas Salak <link>.,0
Anies Janji Izinkan Reuni 212 Tahun Depan Digelar di Monas <hashtag> <link>,0
Pantes suka halu.. Doyan nyabu sama wadon ternyata. <hashtag>,0
Curang curang curang. Disuruh buktikan malah bawa print [CAPS] out [CAPS] berita [CAPS] online [CAPS]. jangan [CAPS] cuma [CAPS] teriak [CAPS] curang [CAPS] tp [CAPS] ga [CAPS] bisa [CAPS] ka [CAPS] <link>,0
Unicorn negara maju membayar sejumlah kontribusi untuk r&d [CAPS]. bl [CAPS] kasih apa?,1
Saya pasti pilih nomer 1 pak untuk anda <username> Dan indonesia yg lebih hebat..<hashtag>,0
Dukungan untuk 01 <username> - <username> terus bergulir dari kalangan pemuka agama dan santri.,0
Esemka itu Hanyalah Halusinasi Jokowi Belaka Yg Benar itu cina [CAPS] Menyogok Jokowi Lewat Tangan Panjang si Luhut Agar Mobil2 buatan cina [CAPS] bisa Masuk Tanpa cukai [CAPS] <link>,0
Bagaimana mau membuka pengaduan Hoax Center? Calon presiden kubunya saja pada debat capres 17 Januari lalu buat hoax lagi tentang partainya yang paling banyak mengusung caleg dari perempuan? Nyatanya bukan,0
Menteri adu lucu bareng Bedu. Bedu kalah lucu di banding para menteri. [REPPUNC] stop [CAPS] korupsi sekecil apapun korupsi tetaplah korupsi. [REPPUNC] <link>,0
Kan pejabat harus memberi contoh terlebih dahulu,1
Minus <username> yg akan menjadi nia ramadhani wannabe cabang galek [EMOTICON] '),0
<username> Kok jd ngatain mom goblok ! [REPPUNC],0
jgn emang udah legal selama ini,1
If only aceh = serambi mekah bisa beneran dibuat jadi pengganti biar duit kita gak perlu dibawa lari semua ke arab saudi,1
Permisi generasi optimis mau lewat. Politisi tukang sebar fitnah hoax apalagi <hashtag> tolong minggir dulu ya.. <hashtag>,1
"Serial Kristen, penganut agama mayoritas harom nonton",1
Lebih greget minum spirtus polos atau di mix,1
Kepesertaan bpjs [CAPS] Kesehatan di Sragen Terendah di Wilayah Jateng-DIY <hashtag> <link>,0
<username> Jakarta nyesal tak pilih Ahok.,0
lo ga mikir gimana masa depan generasi bangsa apabila hal seperti ini ditolerir ? ini adalah bahaya laten dari budaya asing,1
"Gimana sih anda ini? Mobil dinas itu kan penting buat jaga prestige, jangan dibandingin sama jalan kabupaten yang ditinggal rusak pun tetep ada yang pake",1
Susunan Menteri Jokowi Itu Kabinet Obesitas <hashtag> <link>,0
<username> Sehat jasmani dan rohani <hashtag>,0
tahun depan ehsan yang protes,1
Yg paling banyak korup ternyata pks [CAPS].. Wuiihh,0
Kenapa menjadi soal kalau Menteri bukan dari kalangan atau golongan tertentu? Memangnya nkri [CAPS] ini milik nenek moyang mu sendiri? <hashtag>,0
"Kan tapi itu bisa puluhan tahun, gw udah mati duluan dunks",1
"Gapapa naikin aja, tapi naikin gajinya pake gaji mpr [CAPS] yang dipecat karena protes",1
"makanya, jangan sepedaan..",1
<username> sontoloyo [CAPS] !,0
wih pindad cabang cheko,1
"Gak ada yg tau itu NMax emang beneran beli atau hasil 'ngejarah' juga. Kalau hasil ngejarah emang udah karir dan kewajibannya dia buat ngejarah - jarah, apapun kondisinya ya tetap professional",1
"chris yang asli udah jadi dokter, punya istri, dan bisa menghidupi keluarganya. yang dipenjara liquid chris.",1
<username> Emg aku miskin dan suka bergunjing daripada kamu kaya anjing,0
Bagaimana kabar BuniYani ? Masih percaya dg fitnah penista agama ?,1
<username> sosialita manja lom aja kena karma,0
Paduan antara kebodohan dengan keinginan hasut untuk diikuti dan didengar mendorongmu berbicara tanpa ilmu mengatakan suatu perkataan atas nama Allah secara bathil. Itulah kenapa whatsappmu macet. <hashtag>,0
Ketika hal yang sangat rahasia ada dihadapan kita dan mau gak mau harus di buka. <hashtag> <link>,0
Pendekatan Kultural Dan Kemanusiaan Akan Lebih Difokuskan Untuk Menangani Permasalahan Di Papua.. ! [REPPUNC] ~Mahfud md~ [CAPS] <hashtag> <link>,0
Udh muak lihat dia memprovokasi rakyat terus udh saatnya aparat bersikap tegas untuk menangkap sih tukang provokasi <hashtag>,0
Hari ini Persija menang maka tersenyumlah [EMOTICON] <hashtag>,0
taik [CAPS] anjing [CAPS] ! [REPPUNC] aku ldran medan-jakarta ngasi makan dia 7 bulan karena ga dapet kerja disana. malah ngedapetin dia selingkuh. kontol [CAPS] <link>,0
"Wah hebat bisa bikin ai [CAPS] speech to text yang sanggup nulis laporan, siri sama alexa lewat tuh",1
Bukannya nunjukin prestasi kok malah bikin <hashtag> Dasar produsen hoax [CAPS] <hashtag> diolah menjadi hoax [CAPS] baku [CAPS] dusta [CAPS] yang dikemas kardus [CAPS].,0
<username> Smg Allah slalu melindungi mu pak.,0
Selamat siang prof. [REPPUNC] dungu <hashtag>. [REPPUNC] <hashtag>,1
All in goto [CAPS] mumpung lagi all time low,1
Ya harus dukung ngelepasin papua dari jeratan kolonialis indonesia,1
"Jiah [ELONG] kayak ga tau aja broh di Indonesia. Ngeliat orang nemu goa isinya emas, masa lu bantuin tu orang bikin tambang supaya dia dan keluarga nya kaya? Ya kagak lah, lu terima kasih sama si penemu goa emas nya, kasih lah uang rokok terus lu suruh dia pergi abis itu lu yang bikin tambang emasnya supaya lu kaya sendiri.",1
"Wow anies jadi kelas tersendiri, setara ulama",1
Kado terindah diawal tahun dari gubernur seiman <hashtag>,1
Semoga para sesepuh terutama para ulama tak lagi menjadi partisan politik yg membela salah satunya tp bisa memand <link>,0
"Mudah mudahan pks bisa naek ngegantiin pdip, lebih barokah, islami.",1
Apakah hati saya pendukung anis?,1
"Gpp, untuk menghindari corona memang harus sering nyabun supaya higienis si joni dan tangannya",1
Hai <username> videonya keren loh.. ! [REPPUNC] Langsung trending ditiktok.. ! [REPPUNC] Sering sering ya [ELONG] partai Allah bikin beginian.. ! [REPPUNC] Goyang [ELONG] kuy.. [ELONG] ! [REPPUNC],1
Kalau bgtu tempe lebih berharga juga dri pda kau. <hashtag> mu itu membuat kami muak..,1
Muka dua itu ketemu Fans Prabowo nyerang Jokowi. Ketemu Fans Jokowi nyerang Prabowo. [EMOTICON],0
Jaenudi ngaciro minta stop uninstallbukalapak ! [REPPUNC].. Rasain lue bong. [REPPUNC] Gegara lue Big bos kena getahnya [EMOTICON] Ayo bong bersih2 tl [CAPS] [EMOTICON] [EMOTICON] Gaspool ! [REPPUNC],1
. [REPPUNC] tapi setelah un [CAPS] apa yang terjadi bapak-bapak ibu-ibu? Lupa :slightly_smiling_face: ngefans ak sm pak Nadiem <link>,0
Terima Kasih Pak <username> <hashtag>,1
Memang sih edhy prabowo tukang pijitnya prabowo subiantoro itu tamak [CAPS] dan serakah [CAPS] yg = Joker anies baswedan. Pecat segera kedua sampah itu !,0
"terakhir ada presiden dari luar pulau jawa, ada provinsi yang lepas dari indonesia",1
<hashtag> Bersama membangun indonesia,0
<username> semanagt broo.. millenial harus tunjukan kinerja rakyat. [REPPUNC] salah kalo si ketua bilang *anak baru*.. tidak ada namanya senioritas tapi netralitas kita butuhkan. [REPPUNC] anda itu mewakili rakyat bukan pejabat. [REPPUNC] kita dukung,0
Fatal cuitan mu vroh. [REPPUNC] kau gali lubang sendiri..,0
Kapitalis & lembaga riba ! yg membuat umat makin menderita <hashtag>,0
Daripada halu. Mending ikut give away 300k di pinned acc ku. <hashtag>,0
Yang dicari polisi dikloset pasti otaknya. <hashtag>,1
Tuntas kan pak <username> saya ngak rela uang rakyat di kayaginiin. <hashtag> <link>,0
dia kalo jadi presdien. pasti sering diteror bom ama rakyatnya. wkwkwwkwk. abis nya kerjaannya marah marah mele. <hashtag>,0
Hayo abis mikirin siapa,1
<username> kenttir [ELONG] kowe [ELONG] <hashtag>,0
"Liat keyword ""gereja"" dan ""cabuli"", pasti Katolik lagi",1
Tugas pokok Anies baswedan adalah ngeles berpuisi dan beralasan. Jd kl skrg jakarta banjir parah jangan salahkan dia. Salahkan airnya kenapa kok g mau lekas pergi dr jakarta. Ya kan bapak anies. Ya kan ya kan. <hashtag>,1
"Jatah preman. Kalo lu gak ngasi, kasian pengurus federasinya nggak bisa makan lobster",1
<username> Semoga dengan prestasi beliau sumatera selatan lebih maju dan sejahtera.,0
hidup adalah perjuangan. ayo berjuang ! [REPPUNC],0
"wow. [REPPUNC] ! [REPPUNC] di canberra. [REPPUNC] pidato pakai bahasa indonesia..ðÿ˜³ chauvinis banget bapak. [REPPUNC] ðÿ¤"" sia-sia toefl sy. [REPPUNC] ðÿ˜"" <hashtag>",1
Pengusaha tak tau balas budi lupa akar otak kampret ! Masih banyak aplikasi belanja online lain ! Beralih ke Tokopedia atau Shoppee dll yg masih waras !,0
<username> Anda dokter [CAPS] ! [REPPUNC] ck ck ck.. ! [REPPUNC] Mau nanya dokter spesialis bedah kelamin ya ! [REPPUNC],0
Ambyar [ELONG]..Wayahee <hashtag> mohon doa dari semua korban php [CAPS] tuk perjuangan n pengabdian <username> <hashtag> tuk <hashtag> Ayo Move on brs Para Lebah ! [REPPUNC] <link>,0
Doa dari Kyai dipolitisasi oleh Zonk itu sudah melewati batas. Itulah akibatnya jika menjadi kacung dari junjungannya yg rakus kekuasaan. Kyai Sepuh pun tidak dihormatinya.,0
baru belajar main coffin dance di piano. akhirnya bisa kepake.,1
periode [CAPS] tlh memaksa menangkan dg ribuan tumbal nyawa. Setiap aksi rakyat dihadang olh Pembantaian. Begitupun hari ini <hashtag> dibalas hantaman membabi buta pagar penguasa.. Tdk mustahil bsk lusa giliran kita juga ente :backhand_index_pointing_right: :frog: Bacot ! [REPPUNC] <link>,0
Abdul halim iskandar yang beralatar belakang santri dan anak desa mengisi pos menteri Kementerian Desa pembangunan Daerah Tertinggal dan Transmigrasi di kabinet indonesia maju. <username> <hashtag> <link>,0
Mah ulangan aku dapet 10 | wah pintar kamu nak. Gimana dengan nilai teman-teman mu? | ada yang dapet 80 90 sampe 100 |. [REPPUNC] <hashtag>,0
Ini mereka e [EMOTICON] ect kita naik kendaraan umum? Corona masih ada ga sih di indo ! [REPPUNC],1
<username> Ga bapak ga anaknya si hanum kerjaannya cuma bikin. [REPPUNC] aahh sudahlah emangnya dia siapa? masa Pak <username> perlu restu si amien buat jadi Menhan,0
Harusnya tuh kedua pendukung capres <hashtag> bkn malah saling hujat tuduh dan fitnah ini itu.. biar Indonesia aman damai tentram dan sejahtera. [REPPUNC],0
"setelah baca komen rata redittor pro petrus bocil, gw jadi merasa morally superior karena pro aborsi",1
rt [CAPS] <username>: Senang rasanya ke Sukabumi lagi daerah yang sedang menggeliat maju. Dulu menuju ke sini kerap tersendat di jalan biasa.,0
Kini Giliran Gadis di Ciamis Mandi lumpur Protes jalan Rusak Katanya bangun jalan desa Bangun apa nambal Nambal apa bangun Rakyat <hashtag>,0
"tl [CAPS] [EMOTICON] R : Bebas pesta pora, kerumunan sama - sama kalau sama selebritas atau R**fi A. So pastikan penggerombolan atau pesta kamu ada selebnya.",1
Udah sok sedih playing victim lagi. Bilangnya gak tau apa-apa ternyata suka bohong :relieved_face: Punya satu temen toxic bacotnya gede pula Katanya temen tapi klepto :relieved_face: Lu goblok atau gimana? Punya satu temen juga nih udah dikenalin kemana-mana malah gatau diri juga :relieved_face:,0
Mahkota apa? Bukannya dia dah menjalankan amanah rakyat dan Bapaknya dengan baik,1
<username> Nyi roro kidul e iso pose foto pisan yo,0
Kalau bicara tuh yg sesuai faktanya dong. Apalagi pak sandiakan faham hukum kan?,0
Bodoh ! [REPPUNC] Namanya baru ya beda sama yang lama ! [REPPUNC] Kecuali loe bilang Presiden periode selanjutnya itu bisa Jkw atau ps [CAPS] ! [REPPUNC] Ngeles lu ! [REPPUNC],0
Karena mereka merindukan kemenangan dan terlalu meromantisasi perjuangan.,1
Gila ya. Bahasa ceo buka lapak. Ga tau diri banget. Pertama dimulai dair kalimat omong [CAPS] kosong [CAPS]. [REPPUNC] Diakhiri dengan presiden [CAPS] baru [CAPS]. [REPPUNC],0
Pembayaran bpjs [CAPS] tk [CAPS] yang praktis dan tanpa ribet ya di loket ppob [CAPS] Nusantara ! :winking_face: :thumbs_up: Belum terdaftar sebagai loket hebat ppob [CAPS] Nusantara? Segera daftar dan nikmati fitur lengkap serta komisi menarik di tiap transaksinya ! <hashtag> <link>,0
Parade Hari Anti Korupsi Pak <username> &amp; pak <hashtag> gokil <link>,0
Aing tolol bangetkan,0
"Orang Indonesia itu bejo-bejo, makanya pada malas dan luck carried",1
emang kalau boolnya yg homo gimana? dibersihin pake laundry exclusive gitu?,1
Hidupnya capres 02 itu selalu diwarnai denga hoax dan hoax,0
"Loh bener, yang ada orang sana yang diserang",1
<username> Ha ha ha. [REPPUNC] justru rapbd ini tinggalan koh ahok. Termasuk system koh ahok. Gimana sih?,0
Tetap semangat Berinovasi untuk kemajuan desa. <hashtag> <username>,0
Dana Desa yang yang telah digulirkan Pusat saja menjadi bancaan orang orang pusat dari pemilihan pendamping desa sampai penempatan dan siapa dapat apa. [REPPUNC] ini harus kita lawan. [REPPUNC],0
"mungkin ini yang akan dilakukan mnc group biar dapet penonton setia. kan nggak peduli kualitas tayangan, yang penting banyak yang nonton terus iklan ngalir deres. ht mandi duit dah",1
Kenapa gak dikasih pinjem buat bpjs [CAPS] kesehatan Sontoloyo Uang bpjs [CAPS] Rp 100 T Mau Dipakai Program Rumah Jokowi Setuju? <link>,0
Belum menjabat ke-1 di Indonesia saja sudah banyak *sensasi negatif* lebih baik prestasi walaupun negatif daripada sensasi masih negatif pula. Pening pala aku bebi. Diskotik,0
Bukan bang dia kesurupan. Tanda tanda ga sholat itu gitu,1
Anies meyakini bahwa kondisi Jakarta aman <hashtag> <link>,0
<username> Ah [ELONG] Masa sih [ELONG] <username> ? Tuh ada anak calonin jadi pejabat solo. Eh gimana kabar beras Bulog ? Suara kalian mana para makhluk ganjen nan centil ! [REPPUNC],0
"Iya ya, terkenal pula di medsos",1
Wihh ! jkt48 [CAPS] keren juga nih Lipsyncnya. Jaya terus permusikan Indonesia.,1
Buat para istri sempatkan memandangi wajah suamimu saat ia terlelap tidur. Lihatlah wajah yang mulai muncul garis-garis halus matanya yang sendu. Bayangkan betapa lelahnya ia yang sepanjang hari menekuri timlen tiada henti. Debat copras capres sampai lupa istri [EMOTICON],1
Terimakasih banyak pak presiden. <hashtag>,0
masuk rs karena keracunan makanan e [EMOTICON] ired aja,1
Saya berjanji akan akan menyelesaikan membacanya sampai tuntas hingga bikin para pendukung paham <hashtag> <link>,0
<username> Kamu keren banget sih :red_heart: Ga sulit untuk mengucap maaf. Mengerti juga kalau penjelasan hanya akan dianggap defensif oleh orang yang ga akan mau ngerti keadaan kamu. Duh pria idaman banget :red_heart: :red_heart:,0
Melly Goeslaw Marah dan Merasa Dibully soal Kostum Halloween Vidi: Ga Ada Intensi untuk Menyinggung <link> lewat <username>,0
"Orang-orang ngukur pake meteran, mereka pake kaki",1
Td aku liat mobil pejabat nomor platnya ri 14,0
Jakarta lebih keren kameranya selalu ngikutin Anies. [REPPUNC] [EMOTICON] [EMOTICON] [EMOTICON] [EMOTICON],1
Atau enggak mungkin maksudnya aman buat melakukan Tide Pod Challenge,1
<username> semangat ! [REPPUNC] jakarta hancur ditangan anies. monas digunduli demi formula. [REPPUNC] tragis <hashtag>,1
Tapi gajinya minimal 30 juta,1
Main codm dpt team tolol smua klo gk bisa main y gosah main gtlohh bujang [ELONG],0
Mo coba tes piring apal pancasila ato enggak biar dia ikutan mundur?,1
Setidaknya kami telah menyaksikan 2 orang yang tulus buat bangsa ini yang di zholimi habis2an saya bangga berada dibarisan bapak :backhand_index_pointing_up: <hashtag>,0
Kan cowok cuma bisa mikir pake logika dan cewek cuma bisa mikir pake perasaan.,1
Berarti Wild Rift yang menyontek ide dari ml [CAPS] ! [REPPUNC],1
stop [CAPS] Kerusuhan ! Jangan sampai aksi sekelompok orang seperti kalian justru membuat seluruh rakyat Indonesia menderita karena Indonesia tidak damai. tolak [CAPS] kejadian [CAPS] 21/22 Mei <hashtag>,0
Subbhanallah. [REPPUNC] Partai Allah rusuh. ! [REPPUNC],1
<username> emg lu tolol,0
Alhamdulillah Jum'atan sudah berdo'a demi kebaikan semua sudah cek tagar <hashtag> di Trending Topic dunia ehh turun dari 4 ke 6 geber lagi bro jgn kasih kendor ! Serempak dan semangat masif dari sekarang sambil makan siang pun jadi ya Bro ! Go ! Go ! Go !,0
"No preservatives, no additives.? Gorengan kan pake lilin dan bungkus plastik minyak goreng",1
kamu lupas kasi,1
Polri: Tangkap Provokator Elite & larang keluar negri. - Tandatangani Petisi !,0
Di dalam call center pusat hoax sebaiknya kubu 02 <hashtag> seharusnya untuk lebih fokus membuat program kerja dan memberikan hal positif bukan nya menebar hoax yang aneh dan tidak jelas fakt nya?' 1,1
<username> Yg survei Genderuwo Sontoloyo,0
<username> Emang ada yg salah pakai baju sma? [CAPS] Masih mending pak penggangguran pakai baju putih abu untuk demo.. ketimbang manusia berpakaian pejabat tapi malah nyuri uang rakyat ! [REPPUNC],0
Weh anjeng newbie gausa sok sok an ceramahin gue suru jaga mulut goblok lo anak bawang makanya sekola yg bener biar bahasa Indonesia lo dapet nilai A biar tau bagaimana tulisan yang sesuai dgn intonasi dongo kezel bet gue di ceramahin newbie -_-,0
Alhamdulillah akhirnya nemu juga proyekan eang bisa bwat ngebantu ngabisin anggaran setelah program kembar sial oke dan oce hanyut kebawa banjir.. Lancar proyeknya Bahagia Pemprop nya Alhamdulillah <hashtag>,1
Baru segitu,1
kalo itu petugasatpol pp dari pemerintah aceh bisa jadi itu hanya oknum,1
Gak apa mah kalau ini. Lebih banyak kabar buruk tentang vk [CAPS] lebih baik.,1
Keknya ga perlu ditanya kita udh tau duluan dah,1
Perlu pembuktian apakah Hollow Earth seperti di Godzilla vs Kong itu bener adanya,1
<username> Klo orang pinter bilang beda pasti kasih alasan nya. [REPPUNC] nah klo cuma bisa ngomong beda tp gx ngsih bukti itu namanya si goblok [CAPS] berwajah [CAPS] monyet [CAPS],0
ya setidaknya sifat pantang menyerah bapak prabowo untuk menduduki kursi istana etis diacungi jempol. terhitung dari 2004 daim rusak untuk jadi 'raja' istana,1
bener kamu andi sukmana putra bener bener bodoh !,1
Wah mercy nya gimana? Kuncinya kebawa pas loncat?,1
Emang jawa privilege anjeng,1
mereka cuma ingin melindungi kita dari diablo,1
"kudu belajar dari pemerintah indonesia, data digratisin",1
Akibat Gagal Nyaleg Otak Ditinggal Dikolam <hashtag>,0
Bagaimana bisa Mendikbud yang diangkat dari kalangan ceo [CAPS] pebisnis online? <hashtag> <link>,0
Final supper makan klepon,1
wan [CAPS] Abud kasih penghargaan sama diskotik panti pijatnya kapan pak ditunggu sertifikat nya biar adil pak jangan pilih kasih dan tebang pilih. [REPPUNC] sekalian kasih undangan buat pengikut bapak yang setia itu. [REPPUNC] biar tau dan gak protes juga kasih tau jangan di demo ya. [REPPUNC],0
"berarti lo gak pintar bagi waktu, that's all",1
Ini semua berkah [CAPS]. [REPPUNC] semoga toanya bisa mengatasi banjir <hashtag>,1
"Jangan, sukarno tau hal ini makanya dulu dia demen ""Ganyang Malaysia""",1
Bukan hidup yang menjadi lebih mudah tetapi anda yang harus tumbuh menjadi lebih kuat. Jangan pernah menyerah dalam hidup temukanlah alasan dan teruslah berjuang untuk mencoba. <hashtag>,0
Indonesia adalah negara dgn persentase tertinggi dunia di mana penduduknya memilih menjadi lebih kreatif drpd lebih pintar.,0
Deuhh [ELONG] itu yang kemaren demo-demo kayanya kebanyakkan makan mecin <hashtag>,0
anjing gue jelek bat bgsd,0
klo keluar lagi titip ye,1
"Ustad: Untuk lelaki, ayo ngentod sana sini lobang masih banyak [ELONG] crot crot aah. Istri gasuka? Gampar aja! Kalau dia minta cerai kita tinggal bilang mereka tidak mengabdi kepada kita!",1
Bukan pesimis dgn keadaan tapi kapan aku bisa buat org keluarga bangga ! [REPPUNC] <hashtag>,0
gatau coba aja semua biar bisa bandingin,1
Emang sy harus bersikap seperti apa agar sesuai dgn muslim yg sholat 5wkt. Seperti riziek bahar sugik atau seperti wowo yg ga bisa nahan emosi dan suka merendahkn orang atau seperti kalian yg suka menghina pemimpin sebar hoax bhkn sebar fitnah? <hashtag>,0
<username> Klo sbg tim ahli seharusnya dia mundur dr keanggotaan dpr [CAPS] klo dia terpilih lagi periode skr,0
akhirnya terungkap ya mas fatah jangan nangis anak laki harus berkuasa wkwk <hashtag>,1
<username> nantang <username> Semoga direalisasikan oleh <username> :folded_hands: :folded_hands: :folded_hands:,0
Kan nanti kereta jadi banyak jadi kayak di anime,1
Sukarelawan berkumpul bantu bersihkan rumah mangsa banjir <link> <link>,0
â € â € hikmah [CAPS] hari [CAPS] ini [CAPS] Ketahuilah bahwasanya wewangian yg paling wangi itu bukanlah apa yg engkau pakaikan pada tubuhmu dan pakaianmu Akan tetapi apa yg ada pada lisanmu dan wangi itu di rasakan oleh yg lain Wanginya ucapan baik <hashtag> <link>,0
"mau gua kirimin lewat wa gak bro, sebelum di blokir pemerintah aplikasinya. [REPPUNC]",1
Gerakan anak2 mogok sekolah tiap Jumat demi masa depan mereka sendiri Menurutmu? Jika kamu masih anak sekolah apa ikut juga? <hashtag>,0
Kendati sukses dirikan Gojek sejumlah pihak pesimis Nadiem Makarim akan berhasil sebagai Mendikbud. Bagaimana pandangan Alamanda mantan emak programer Gojek? <hashtag> via <username> <link>,0
Pertamax dan agan-ane seharusnya di autoban untuk melestarikan elitisme Reddit dari kaum imigran.,1
kayak kamu dan husbando-mu,1
beliau org hebat yg perduli rakyat kecil,1
"Ah lemah lu, waktu itu gw liat 4 pemain ibl [CAPS] keluar dari Chevrolet Spark hadiah menang mvp [CAPS] biasa aja.",1
Partai Allah mah Bebas Sajadahpun boleh diinjak2 <hashtag>,1
Pasti opm [CAPS] makin dicintai rakyat papua,1
Keinginan Mendikbud Nadiem Makarim menciptakan suatu pendidikan berbasis kompetensi dan karakter mendapat apresiasi. <hashtag> <link>,0
Mau tau kebobrokan rezim sontoloyo [CAPS],0
<username> Langganan kak nia ramadhani nih pasti,0
Kami sangat optimis bahwa Partai Golkar akan mendapatkan kursi di Ketua mpr [CAPS] ri [CAPS]. Keyakinan itu didasarkan pada pertama tentu kita memiliki asas proporsionalitas. Ace Hasan Syadzily Ketua dpp [CAPS] Partai Golkar <hashtag> <username> (link: <link>.com/live) metrotvnews.com/live,0
Fitri mengaku tidak akan campur tangan soal kedinasan karena meskipun saya seorang istri kapolri urusan saya hanya sebatas dapur sumur dan kasur. Selain itu bukan hak saya. <hashtag> <link>,0
Semoga terbaca oleh para elit politik bpn [CAPS] semua jajaran pendukung Prabowo yang mangkir dari faktanya dalang semua,1
nu [CAPS] dan Muhammadiyah menarik jadi rebutan kekuasaan. Sungguh blunder tim sukses yang membully keduanya. [EMOTICON],1
Nggk ada jilb00bs larinya ke fetish nun,1
"Kapan lagi bisa main, anak sekolah bs ditunda, istri bisa >!dicari lagi!< dirayu",1
Haduh [ELONG] Gubernur jago banget ngelesnya. [REPPUNC] <hashtag>,1
"Baguslah beb, klo lu jadi romo, ntar lu jadi gay-pedo.",1
Ahok asik nih ke Anies lu jual gw beli.. :thumbs_up: :thumbs_up: Emangnye netizen aje yg bs bikin keributan :face_with_tears_of_joy:,0
<username> Yg namanya sistem memang hrs dilakukan perbaikan terus menerus bukan hanya soal hitung menghitung doang. [REPPUNC] Sistem operasi Adroid &amp; iOS saja dilakukan pembaharuan terus menerus apalagi e-BUDGETING anggaran. [REPPUNC] <link>,0
Tentara Nasional Indonesia sorong orang tani di Manokwari supaya melaksanakan ketetapan hati hutan di Syrian Arab News Agency <hashtag> <link>,0
Aksi Hebat Ahsan/Hendra Rocky Gerung Hingga Puteri Indonesia 2019 - <hashtag>,0
"pura nggak tahu aja, kalau sakit tinggal anggap meriang, kalau mati tinggal ditulis sakit jantung",1
terimakasih <username> kami cukup aman kok dgn adanya bah yg ke 5 ini dlm 2 bln terakhir heuheuheu. mungkin <username> berminat agar cabang olah raga ini dijadikan sebagai cabang olah raga resmi nasional ðÿ˜†<hashtag>,1
Hahah karena ditolak dan akhir rocky gerung dan said idu naik ambulance ke kampus kocak <hashtag>,0
Sebuah pembelaan cantik yang menjelaskan pada kita bahwa masalah mereka bukan diskotik dan sebagainya itu -- artinya bukan soal iman syariah agama dan segala jargon sejenis -- tapi soal siapa yang bikin keputusan. Jelasnya ini soal politik bung ! <link>,0
Fadjroel katanya jadi jubir udah pernah ngomong belum <username> ?,0
Mantul. Integritas profesionalitas dan Kredibilitas Tetap Di Utamakan. Pro kontra tidak mengubah Warna darah dan putih Tulang kita. <hashtag>,0
kepada Roma yang tak kalah kepada J̶a̶k̶a̶r̶t̶a̶ Makassar yang gelisah,0
<hashtag> Minta maaflah kpd korban 700 nyawa Pemilu korban kerusuhan 21-22 Mei korban aksi demo mahasiswa dan pelajar korban kerusuhan di Wamena korban bencana alam ntb [CAPS] Palu Ambon. bukan [CAPS] kepada [CAPS] yg [CAPS] tidak [CAPS] kebagian [CAPS] kursi [CAPS] ! <link>,0
Keren. [REPPUNC] Seusai Sholat Jumat <username> Di Kepung Para Warga,1
<username> Sesuai pembelaan ulama 212 diskotik itu sudah sesuai nilai nilai agama.. nb [CAPS] tersedia bidadari buat kaum monaslim :grinning_face_with_big_eyes: :rolling_on_the_floor_laughing: :rolling_on_the_floor_laughing:,1
Pembebasan Siti Aisyah dari jerat hukum di Pengadilan Malaysia dinilai adalah langkah konkret diplomasi hukum. Hal ini layak jadi acuan langkah pemerintah hadapi persoalan serupa. <hashtag>,0
<username> Korek kuping kl lagi gatel..,0
Tentu,1
Tong kosong isinya kosong banyak omong dasar orang songong,0
Hanya di Indonesia rival politik membanggakan ketidak cerdasannya dengan Fitnah dan adu domba dalam mengejar rating,0
*gas gak kasih kendor,1
<username> bilangin anaknya nia ramadhani sekolah di sekolah inter yg harga spp seharga mobil boleh boleh aja tuh main tiktok,0
Kayak minoritas sini kan?,1
tukang bikin drama politik dan akar kekisruhan <hashtag>,0
Akhirnya ada hal yang positif juga dari lucinta luna ! [REPPUNC],1
Tahun capek2x 98 Nepotisme di tendang dari Indonesia Tahun 2019 Nepotisme dipertontonkan melalui anak dan menantunya. Dasar Rezim Sontoloyo. <hashtag>,0
"salah pemerintah pusat, jokowi jahat.",1
Kuakui kamu memang terlalu hebat. Ngga semua orang punya perasaan setangguh kamu. Kamu; yang terus menerus mampu memaafkan kesalahannya.,0
<username> Kalu ocehan pk mpud jng di denger.. Dia mah gtu org nya.. mka nya gk jdi pke jas mendampingi jokowi :grinning_face:,0
<username> Tuhan gak perlu di takuti dasar pekok Lu. ! [REPPUNC] Tuhan harus di sembah serta jalani ajaran nya tidak perlu di takuti.yg perlu di takuti itu preman yg suka nggarong duit rakyat dki [CAPS].,0
Karena 02 ada harapan lebih baik dari pada dengan sang pembuat janji yang lupa janjinya Rocky Gerung Ungkap Alasan Sering Isi Acara Prabowo Dibanding Jokowi,0
"ya bener lah, dirumah Allah masa perlu masker. Allah pencipta alam semesta, melindungi dari covid cuma masalah remeh.",1
"Beat murah, banyak stok, kalau dimaling besok ambil baru lagi",1
"Woah, ada yang posting positif tentang Presiden? Pasti BuzzeRp",1
Politik menurut Bpk <username> <hashtag>,0
juara karena kecurangan <hashtag>,1
Terima kasih pak <username> kami yg bukan warga dki [CAPS] bisa dikasih kesempatan melihat <hashtag> yg penuh air <hashtag>,1
Cuaca hari ini cerah semoga kedepan Indonesia juga cerah dengan bangkitnya Islam. Dimulai dari negeri dengan garis pantai terpanjang di dunia ini semoga Islam bisa terus berkembang belahan dunia lain seperti dulu 13 abad silam. <hashtag>,0
Wah keren. [REPPUNC] Koruptor saja mau dijadikan kapolri. [REPPUNC] wkwkwk apa kata dunia?,1
Lama kelamaan Hoax Center justru jadi bank hoax yang diciptakan kubu 02 karena saking banyaknya hoax yang tercipta. Sayangnya hoax ini terus dipupuk hingga tumbuh subur.,0
<username> Cebong mmg luar biasa selalu merasa plg pinter dan tahu; tetapi makan kebohongan dan janji kosong..,1
<username> Welcome to indonesia dimana orang bakal buang otak demi pemes,1
"Cowok itu harus keras, gak usah pake perawatan",1
Kasian yang ulang tahun. Ngga dapet apa-apa,1
Detik-detik akhir hitler hidup di Surabaya.,1
bapak prabowo dan bapak sandiaga solahudin uno serta semua pendukung pejuang keadilan tidak ada perjuangan yang sia sia.teruslah jadi pejuang keadilan bagi seluruh rakyat indonesia.bagi saya prabowo sandi adalah presiden dihati. <hashtag>,0
<username> yeu [ELONG] [CAPS] anjing [CAPS] tolol [CAPS] bangsat [CAPS] gak [CAPS] guna [CAPS] lo [CAPS] goblok [CAPS],0
Dasar kau bajingan polos hahaha - -,0
"Pak Habibie knp gak masuk jadi manajer bank aja ya dulu? malah milih jadi engineer beneran, padahal lulusan teknik lho beliau. Kok aneh",1
Ayo kita bantu tanda-tangan petisi ini <link> <hashtag>,0
Ga sabar bakal dibatesin 18+ lg kyk skuter listrik,1
Ente udah 3 taun di reddit tapi kok ngga ngerti,1
Anak bangalor nya udah abis masa kontraknya kali om,1
<username> Ada tambahan buat nabung <hashtag>,0
WakwawwWww. [REPPUNC] Sontoloyo pisan euyy. <hashtag> <link>,0
Ternyata Bu <username> pernah ditekan sama <username> ya? Tapi ga mempan giliran ganti menteri baru eh langsung di acc. <username> <link>,0
Ini bukannya emg targetnya sultan dubai yg battlepassnya level > 20? [ELONG],1
Kitong Samua Basudara <hashtag> <link>,0
Bikin nya 1 kata aja bukan 1 kalimat dodol <hashtag>,0
Situ kira pondok indah kali ya boleh bawa pc,1
<username> Mau elegan? Noh gabung sama nia ramadhani jan sama kita yang sampah.,1
"Seumur hidup cuma belajar buat masuk itb [CAPS] coy, jadi kalo diajak mikir yang di luar ujian ya susah. Yang gampang-gampang aja buat mereka ditelen.",1
Hey bung <username> bayar dulu tuh tuggakan listrik wakil rakyat kok keree,0
Cawagub dki [CAPS] Riza Patria: Susah Cari Kekurangan Anies Dia Banyak Kelebihan Iya bener banyak kelebihan nya terutama bohongin rakyat dki [CAPS] Jakarta pakai mayat dan ayat.<hashtag>,1
Mari kita luruskan hati mengaji itu untuk beribadah pada Allah bukan kampanye. <hashtag>,1
Sosialita Hong Kong Asal ri [CAPS] Bisnis Tas Hermes Palsu &amp; Tipu Wanita Kaya la [CAPS] <link>,0
<username> Suruh keluar tuh daia,0
Waduh para cebong sekolam kerjanya nangkap melulu <hashtag>,0
Terima kasih atas kunjungannya bapak sandiuno maaf kami tetap jokowi Begitu teriak warga Wonogiri. [EMOTICON] [EMOTICON] [EMOTICON] <hashtag>,1
"Bentar lagi keluar e-epaspor, belakangnya pake qr sama indo",1
Astaghfirulah prabowo Jumatan karna pilpres [EMOTICON] <hashtag>,1
Ini kenapa pada rame <hashtag> dan <hashtag> sih? Malah adem gini mereka ngajak supaya saling rukun. Mengkritik? Perlu tapi yang membangun bukan membabi buta dan emosional.,0
Gayamu asyik senyummu sumringah dan tatapanmu sejuk engkaulah salah satu pemimpin sejati.. btw Kemeja mu selalu bagus pak beli dimana ! [REPPUNC] :grinning_face_with_sweat: :grinning_face_with_sweat: :backhand_index_pointing_up:,0
Pembubaran fpi [CAPS],1
Tuhan doesnt have duolingo bro. [REPPUNC] Jadinya kalo engga bahasa roh gk ngerti,1
Adakah yang sepeeti Beliau. Tak melihat dia siapa putra / Putri siapa. Kalo memang salah y salah. <hashtag> <link>,0
Kami menjamin seluruh biaya bpjs [CAPS] akan diselesaikan secara bertahap setiap bulannya demi pelayanan yang maksimal kepada masyarakat. Baik itu pelayan rawat jalan maupun rawat inap kata Terawan. <hashtag> <link>,0
Hore [ELONG] seru banget ada rusuh rusuh keaa gini hiburan di akhir tahun ye kan wkwkwkwk <hashtag>,0
"wah airnya jernih, bukti salah satu prestasi gubernur nih",1
o ya sama ucapkan mantra apple fanboy: windows busuk.,1
Soeharto berani bantai 3 juta rakyat Indonesia masa sby [CAPS] tidak berani bantai fpi [CAPS] ? Dududuudu [ELONG],1
Menkopulham Mahfud Md Ingatkan Masjid Harus Bawa Kedamaian Bukan Adu Domba. <username> <hashtag> <link>,0
<username> Sontoloyo wkw,0
Demi Allah gue mager bgt belajar lsp kaksjsjwisj tolong hamba mu yg terlalu tolol ini Ya Allah,0
<username> <hashtag> The Best :grimacing_face:,0
Pidatonya Prabohong boleh ber api-api namun isi tidak karuan dan Hoax belaka. memang mau mimpin negara bermodal suara lantang doang.,1
Apa yang ada di otak kalian. belum tentu ada di otak mereka.. Otak anda lebih pintar dari yang mecipta.. Efek bulanan anda kena ya. Pendiri facebook bisa baca isi dapur kalian. [REPPUNC] <hashtag> Sering makan biasa..,0
"Tunjangan mobil mewah, tunjangan rumah besar nan megah, tunjangan jalan"" istri dan anak, tunjangan pendidikan anak diluar negri",1
Di laptop gue masih ada lagunya Melly Goeslaw ft Paundra - Tergila gila :face_with_monocle: <link>,0
"Tapi ane yakin alasan utamanya adalah karena enakan nyebut ""Burmese"" daripada ""Myanmarese""",1
<username> Kremes ? Ini mah Kresek <hashtag>,0
Wah seru neh <hashtag>,0
Melindungi investor dari dosa dan hukuman akhirat. Satu-satunya negara besar yang peduli dengan kebutuhan rohani investor.,1
Ingatlah bahwa cinta dan prestasi yang besar melibatkan resiko yang besar pula. [EMOTICON],0
Diam dalam kelam. Hening dibalik kabut. Hanyut terbawa arus. Apakah cerah sanggup mengeringkan air mata. Disaat luka malah terlihat seperti badut di mata semuanya <hashtag>,0
<username> selamat anda layak dapat penghargaan penjilat anies terbaik. [REPPUNC] silahkan ambil di balaikota,1
link berita seremoni penyambutan pasien ke 1jt please,1
<hashtag> Apapun hasilnya kita semua tetap cinta nkri [CAPS] :clapping_hands:,0
Aku suka hari minggu. Terima kasih Tuhan. Selamat tidur,0
Karena di agama udah banyak contohnya umatnya rajin banget dapat cobaan/ujian?,1
tgupp [CAPS] aja kita gak tau siapa anggotanya apa target kerjanya dan mana hasilnya? Yang aku bingung itu gaji tiap bulan masuk ke akun siapa? Siapa yang punya wewenang untuk audit? Wan aibon aku ingatkan ya <hashtag> cc <username> :folded_hands:,0
<username> Welcome to Indonesia. Presiden wakil presiden. dpr. [CAPS] Dan para menteri. Hobi.nya main sandiwara. Mereka yang bikin mereka pula yang gaduh..,1
Kalo ikut kata uztad ga mungkin rugi,1
<username> <hashtag> saya taulah [CAPS] siapa [CAPS] yang suka [CAPS] teriak2 [CAPS] saya [CAPS] nkri [CAPS] saya [CAPS] pancasila [CAPS] tapi [CAPS] semua [CAPS] dijualin [CAPS] dan [CAPS] mau [CAPS] saja jadi [CAPS] jongos [CAPS] cina [CAPS] ! [REPPUNC].,1
Ya sampai detik ini saya masih berada di sisi nia ramadhani. Harum soalnya.. <link> <link>,0
Alasan knp aku lebih dukung emak jadi emak² pengajian drpd jadi emak sosialita (: <link>,0
Lu minta naiknya 150cc.. itu msti stroke up jg ato malah cari blok yg dket 400cc biar boboknya g smpe kena limit overbore (ini limit gedein silinder in case silindernya beset krn umur ato lupa gnti oli dll sblm opsi gnti blok itu paling masuk akal for safety and financial reasons). [REPPUNC] bujug rempong bner mending rakit pc dah,1
Ini mah jemaah gbi. [CAPS],1
Kan itu suratnya dari Dini Bawal,1
Tapi kenyataanya dilapangan kita tidak bisa melaporkan berita yang dimaksud tersebut. karena seperti kita tau sendiri sejauh ini yang sering memberitakan isu-isu Hoax justru malah dari kubu 02.' 1,0
Selamat datang di Wakwak Land. Tempat dimana Anda bisa uninstall aplikasi karya anak bangsa sesuka hati saat berbeda pandangan politik,1
"Kalau semua streamline dan logistik jadi sederhana, nanti pengadaan sucad / alutsista baru jadi jarang. Kenapa harus sekali pengadaan kalau bisa berkali kan?",1
Karena ini adalah plandemi yang menguntungkan golongan tertentu saja,1
Dasar tolol lu mabok be bangga lu. goblog [CAPS] <link>,0
"Maklum mas, konglomerat media juga butuh makan.",1
milenial goblog lah tai anjing,0
Menkopolhukam Prof Mahfud md [CAPS] [EMOTICON] ancasila itu sudah benar jangan mengkafir-kafirkan orang <hashtag> <link>,0
Yang pernah dipimpin oleh beliau tweet dengan tagar <hashtag> <link>,0
wah damainya. [REPPUNC] hati ini jadi adem ngeliatnya,1
Kenapa harus jemput bola ke papua? Emang di toko mang dadang ga ada?,1
<username> Doclang apa an yak :thinking_face:,0
<username> gk prnah slingg mlmpar sarkasme sm kmuu. bsk kta cba yya.._ [ELONG].v,0
sebelum itu mesti jualan mebel dan jadi walikota & gubernur dulu,1
"Maka kamu akan mati syahid atau dikasi ujian, karena tentara Allah ini bertujuan untuk menyembuhkan bumi dari sikap polusif manusia",1
"Alah tau apa sih bloomberg, Harvard aja ditepis, ini lagi bloomberg ga level.",1
Banjir itu berkah yakk? kalau begitu Selamat deh buat warga jkt [CAPS] yang selalu diberkahi 4nies ! [REPPUNC] Jangan lupa Bertoa y gaess. [REPPUNC] 4 miliar lho bukan kaleng-kaleng ! [REPPUNC] <hashtag>,1
Batas kebohongan adalah ingatan.' 0,0
"Keren ne, Gub Formula E-mpang Wajah tersenyum dengan mulut terbuka dan keringat dinginWajah menyeringai <hashtag>",1
"Bukan, itu pocong.",1
"minat baca masih okay. Tapi, pemahaman bacaan yang kurang",1
<username> Sebutek2 nya kolam kalo disitu ada ikan masnya pasti akan jadi perhatian orang. Karena disitu setiap orang sangat mengharapkan sesuatu yg besar atas perubahan di negeri ini.,0
Bani kadrun bilang banjir tuh berkah makanya saat banjir datang toa nya mingkem bae <hashtag>,1
Bukan baca komik kan pak?. [REPPUNC] yg kaya pak <username> koq masih ada aja yg meragukan kecerdasan beliau. <link>,0
Bangsat sampe jam segini belum juga aktif <hashtag>,0
Terimakasih bapak Anies kamu hebat ! Bisa membuatku tertawa seharian dengan semua ucapanmu ! [REPPUNC] semoga panjang umur sehat selalu ya bapak amin,1
Berdiri di Lahan Fasos Fasum Enam Reklame di Jakarta Utara Ditertibkan Sabtu (30/11). <link> <username> <hashtag>,0
Dukung ! Tindak tegas perusuh tanya siapa yg bayar bayar dgn dolar tdk mungkin orang biasa proses secara hukum ! <hashtag>,0
Biaya kuliah makin mahal tren juga makin jahat makanya jangan kaget kalo ayam kampus makin banyak. <hashtag>,0
Bibir berteriak melawan hati menangis menahan. Dasar kau bajingan.,0
<username> mengingatkan bahwa negara ini sudah ada aturan mainnya. Konstitusinya jelas undang-undangnya jelas,0
Itu ngomongnya dengan santun kok,1
Waspada provokator jangan mau percaya berita yang sifatnya provokasi <hashtag>,0
Oh jadi u merasa udah bijak?,1
tmen kos aku lgi grabfutin minuman dan mamang grabnya lama bgt mala muter2 dong. stlah 20mnt mamang grbnya dtang dan bngung ini mnuman dmna ya trnyata ama mmang grbnya di msukin jok mtor dong [EMOTICON] dan itu mnuman udah pda banjir di dlem jok :loudly_crying_face: :loudly_crying_face:,0
Gausah pada sok bilang bucan bucin bucan bucin kalo sama2 pernah goblok kena cinta2 juga.,0
Berhentilah jadi <hashtag> dngan mengeluhi rezeki apa dan berapa yg km dapatkan hari ini berkaca saja pda pemulung yg belum tentu dpt makan,0
:boy: : kamu insomnia yaa? :girl: : iya :boy: : sama dong aku jg insomnia :girl: : kamu susah tidur kalo malam ya :boy: : gak tuh :girl: : terus? :boy: : kalo kamu kan susah tidur kalo malem kalo aku susah ngelupain kamu <hashtag>,0
<username> Gak nangka :grinning_squinting_face:,0
Selamat Pagi para calon billionaire muda [EMOTICON] Sudah siap berjuang meraih mimpi? letakkan sabar dan ikhlas dalam setiap perjalanan ya [EMOTICON],0
Bersama <hashtag> <username> siap dukung Kabinet 2019-2024 sebagai pengelola <hashtag>. <hashtag> <link>,0
kan nanti disumbangkan ke komunitas hak ciptanya. biar gak diambil malaysia.,1
"tapi tetap saja, masakan minang adalah masakan terbaik!",1
karena pertimbangan paling matang ya ada di tangan tuhan,1
2. Pak Anies <username> mencontohkan dalam perencanaan ada 600k penghapus papan tulis namun saat sudah disahkan penghapus tersebut hilang dan mengatakan bahwa komponen penghapus adl dummy. Menurut sy hal tsb justru merupakan contoh ketelitian Pak Ahok yang berhasil (1/2),0
Jadinya dia sebut hentai sebagai kartun? Gak bener tuh bro putusin aja,1
Aku Syuka Lagu Ini. Seru [ELONG] Menjelang Pesta Rakyat nkri [CAPS] di twitter bikin ga bisa tidur. <hashtag>. <hashtag>,0
<username> Emang di undang?,0
butuh pelampiasan marah,1
Selamat atas Di tetapkannya Pak Idham Azis sebagai Kapolri yang Baru. [REPPUNC] <username> <link>,0
Kenapa ya jubir jabir si <username> sll membuat sulit posisi pak <username> <link>,0
"Kalau anda cari komunitas lari dari masalah kehidupan, selamat datang di /r/indonesia !",1
Ilustrator Hari Prast pun memberikan penghormatan terhadap sosok Bu Susi yang melegenda. Bu Susi digambarkan oleh komikus yang membuat komik Jokowi sedang tersenyum di lautan. Ini karyanya: <hashtag> via <username> <link>,0
Welcome to Indonesia apa2 dikomersilkan. Di luar negeri malah didiskon dan dibagi gratis demi kemanusiaan.,1
<username> padang itu surga yaa. [REPPUNC] tuh [ELONG] aceh yg disebut serambi mekkah nya indonesia sj kena azabðÿ :trade_mark: 'ngak usah bawa2 tuhan hanya utk menyungguhkan akhlak bejatmu om dre ðÿ :trade_mark: ,1
sudah kerja bagus masih saja dijatuhin [EMOTICON],1
Perang tagar masih terus berlanjut dan hari ini msh lerlanjut <hashtag>,0
"Buset dijualin, kalo pake link receh masih ok. Emang kudu dimaki²",1
<username> Kasih arahan tuh junjungan Janji 7% real 5% Lima taun depan mo ngapain masa 25 T cm jualan radikal radikul terus Ekonominya piye cuk,0
<username> Salahkan krn ngak bisa main sembunyi-sembunyi. [REPPUNC],0
Saya menyukai mobel lejen,1
Prestasi luarbiasa gubernur <username> mampu memeratakan banjir ke seluruh jakarta. Dulu banjir hanya bisa dinikmati segelintir orang yang tinggal di daerah tertentu tapi sekarang berkat gubernur <username> seluruh rakyat bisa menikmati banjir. Terimakasih bapak gubernur,1
jaman sekarang skck udah bisa disubstitusi ama berapa jumlah drama twitter yang dipunya buat lamar kerja,1
Atm mu setebel apa mas [EMOTICON] lagi bohong yah ?,1
Alhamdulillah kelompok ini mulai positif dengan keberadaan diskotik. Semoga enggak ada lagi razia ilegal terhadap diskotik dari kelompok ini.,1
<username> Kekuasaan Itu Membujuk,0
"Hush. Daripada pakai Wheel buatan luar negeri, lebih bagus pakai roda [CAPS] karya [CAPS] anak [CAPS] bangsa! [CAPS]",1
"Karena memang kekuatan rangkanya cuma 1 tahun. Habis itu beli rangka lagi. Murah, cuma 1,3 jt belum ongkos pasang + urus nomor rangka.",1
Beliau sangat diharapkan rakyat. <hashtag> <link>,0
"Komunis kan gak percaya Tuhan, ngapain juga naik haji?",1
Yes [ELONG]. [REPPUNC] kira2 ada diskotik lagi nggak yg mau diberikan penghargaan serupa ? <link>,0
<username> Semoga sukses pak <username>,0
Maksudnya pas ketika seorang yang terinfeksi licking your eyeball.,1
kalo udah merasa pintar apapun yg orang lain katakan ternyata bersebrangan pasti di anggap bodo. [REPPUNC] Dukung <hashtag>,0
Bukti kinerja jokowi untuk rakyat indonesia <hashtag> <username>,0
Udh ada namanya sex toys om haha,1
Damailah Indonesiaku <hashtag>,0
jadilah pribadi yang dewasa dan jadi komunitas yang dewasa pula. <hashtag>,0
Ingat ye kawan2 <hashtag> Ganti Presiden Jokowi itu Maha Benar dia tidak pernah salah harus dipuja puja kalau perlu disembah.,1
Dulu jaman nabi ga ada tuh penyakit kangker segala. Sekarang penyakit banyak bgt tanda akhir zaman ni,1
Alhamdulillah gubernur nya bukan dia (ahok) ngomongan saja tidak dijaga omongannya amburadul apalagi kerja nya. Gubernur bapak anies top,1
<username> Ini salah satu fakta sejarah terimakasih <username> pencerahan ini perlu dalam semangat sumpah pemuda. Islam adalah bagian dari negri ini yang ikut membidani lahirnya negri ini,0
pak yasona ini keren kinerjanya koruptor dpt grasi napi narkoba dpt grasi. [REPPUNC] hebat lah,1
Sektor pertanian mantab petani sejahtera Indonesia swasembada beras. Ini terjadi di era Pak Harto. <hashtag> <username> <hashtag> <link>,0
Maju psi [CAPS]. [REPPUNC] pemberani dan menginspirasi kaum milenial,0
Agama itu bukan politik dan bukan landasan untuk berperang bukan [CAPS] agamanya [CAPS] yang [CAPS] salah [CAPS] tapi [CAPS] orangnya [CAPS] <hashtag>,1
orang: anjing ! [REPPUNC] gila kamu ya ! [REPPUNC] mjm: emang anjing gila kan,0
<username> Ya elah [ELONG] tompi di pikirin. [REPPUNC],0
Apa yang di inginkan Jokowi dari Nadiem Makarim seorang pemuda penggiat bisnis yang sama sekali tidak bersentuhan dengan dunia pendidikan? <hashtag> <link>,0
Andre anggota dewan yang terhormat hasil karya menjebak kaum lemah seorang psk <hashtag>,1
jangan <hashtag> karena ibu saya ngefans sama dia saat iklan daia,0
"Kena double bless dari dua Tuhan, lmao",1
dasar mommy sosialita <link>,0
Kebenaran itu akan nampak walaupun terlambat skalipun telah <hashtag>.,1
Kan kalau anaknya hilang bisa bikin lagi,1
Jos [ELONG] bin mantul.. janji bapak Anies Baswedan menyediakan kolam untuk warga ibu kota Jakarta sudah terBUKTI. ! [REPPUNC],1
Anda tua anda tidak pog,1
Orang Sukses selalu kelebihan cara namun orang Gagal selalu kelebihan Alasan,0
Kalo bisa make duit ngapain pake prestasi,0
"Betul, maka solusinya orang miskin di pulau jawa mesti dideportasi ke pulau lain secara paksa. Biar yang kaya gak ikut-ikutan sakit covid.",1
"Jangan melawan sunnatulah, air masuk tanah bukan gorong",1
dengan tidak mengurangi rasa hormat saya kepada bapak prabowo saya minta usul bapak kalau mau sholat jumat gausah di sebar pakai pamflet juga kali. kan ini bukan promosi potongan harga bapak.,1
Pak Anies saya mau tanya apakah diskotek Colosseum lebih syar\'i daripada Alexis?,0
<username> Pendapat sy sbg publik apa yg dipersoalkan dan dilaporkan oleh <username> sudah benar adanya dan menjadi hak preogatif ybs sbg anggota dewan mewakili konstituennya. Pendapata anggota dewan dprd [CAPS] dki [CAPS] asal <username> ini justru bias [CAPS] dan berpotensi dewan tdk berani transparan [CAPS].,0
App si burung jadi rame ya. Warga ige pada hangout disini semua. [REPPUNC] <hashtag>,0
"yg sabar ya warga dki jakarta pimpinan ada di kelas gubernur hanya kelas kacangan. [REPPUNC] <hashtag>,",1
Korban potongan harga,1
tapi ini udah keburu ketjang-ketjang duluan karena tipis-nya iman,1
Korona itu urusan dunia. Sholat jumat urusannya sama Tuhan. Kamu lebih takut sama dunia daripada sama Tuhan?,1
Siapa bilang <hashtag> ! [REPPUNC] memang iya manipulator kok. [REPPUNC],1
Rakyat sudah cerdas tidak memilih prabowo kalo jadi presiden dikit2 nyuruh demo hancurlah bangsa ini <hashtag>,0
Perjuangan sang team sejati sungguh antisipasi <hashtag> <link>,0
<username> Sehat selalu yaa bu Susi Pudjiastuti. Jaga kesehatan bu Terimakasih telah berjuang demi negeri ini :smiling_face_with_open_hands: <hashtag>,0
Gubernur Pembohong. [REPPUNC] Gunernur yang paling benar BOHONG'nya. ! [REPPUNC] <hashtag>,1
Tentang pemerintahan kepemimpinan kekuasaan Semua sudah di atur oleh Allah Allah punya rencana yg indah untuk bangsa ini jika tak bisa merubah jgn merusak tapi doakanlah <hashtag>,0
kenapa korea selatan sekarang menjadi sistem pendidikan terbaik didunia ? Karena tidak ada netizen indonesia <hashtag>,1
ngakak [CAPS] banget [CAPS] pas [CAPS] han [CAPS] : bu [ELONG] [CAPS]. [REPPUNC] gue [CAPS] kira [CAPS] apaan [CAPS] ­ malah [CAPS] ibu [CAPS] ibu [CAPS] ilang [CAPS] anjing [CAPS] goblok [CAPS],0
Make up mahal skin care mahal baju mahal tas mahal sepatu mahal. [REPPUNC] kok anda murahan <hashtag>,1
Kamu tau tidak..? Pasti tidak.. Goblok kamu memang..,0
Karya yg [CAPS] diawali Dari kampanye melindungi Mata air Di salatiga. <username> <hashtag>,0
"I guess so, orang nganggepnya chindo lebih berduit wkwk",1
Kenapa Kanza posenya mirip mba2 Thread horror baju ijo Nyi Roro Kidul yg Apartment bawahnya kuburan nisan hitam ! [REPPUNC] <link>,0
<username> Skrg bahkan makin kepanasan mbak apalagi kl pak ps [CAPS] jd ke as [CAPS] disambut dg baik / istimewa.. :grinning_squinting_face: :woman_dancing:,0
selamat bekerja kembali bapak menteri idolaku :black_heart:. [REPPUNC] semangat membangun Indonesia.. <username> <hashtag> <link>,0
Baru Kemaren beli baju buah sama kue ditransmart nyesel jadinya tapi untung nabungnya ngga di bank mega <hashtag> <link>,0
Tuh bawa senjata kalau gak untuk menghancurkan untuk apa?,1
tercina? koq anda rasis sekali!,1
salahnya lu langganan indihome,1
Punya Hoax Center tapi tidak punya Program Kerja itu buat apa.? Indonesia butuh pemimpin yang fokus bekerja bukan fokus menebarkan berita hoax.',1
Para pemudik sewot karena sensasi macet yg diharapkan tak seruwet sperti dulu.. [EMOTICON] [EMOTICON],0
<username> Diskusi urusan akun istri tni yg nyinyirin sinetron darah 3 liter ya pak. :rolling_on_the_floor_laughing: :rolling_on_the_floor_laughing:,0
<username> Rezim Sontoloyo,0
"udah ada tuh yang mendekati, Partai Sosialis Indonesia",1
Yang masih bahagia di tipu itu yang hebat.. hebat dungunya ! [REPPUNC] <hashtag>,1
Sekolah itu asik yang ga asik itu gurunya^-^ Jelang siang. [REPPUNC] <hashtag>,0
Please deh gausah lebay kalopun iya hanbin juga itu udah ada credits tolol hehe,0
Berkali kali sudaj dituntaskan janji ke rakyat nya pertahanankan tetap menjadi yang terbaik buat Indonesia <hashtag> <username>,0
"Lah,tugas pak luhut banyak amat",1
Apa salahnya motor vario dia yg diparkir pake dibakar oleh preman makar anarkis itu ? Apa ayo ! Apa salahnya itu belinya pake kredit tau baru juga lunas setelah kredit 4 tahun ! <hashtag>,0
Mereka berusaha lari ketika diajak berjuang. Bahkan mereka menggembosi semangat yg sdg berjuang dgn mengejek & mengolok-olok <hashtag>,0
"dia pinter, ga usah ngeluarin biaya untuk dapat tempat parkir gratis",1
wkwk [CAPS] sarkasme sama litotesnya dapet banget mas [ELONG] [EMOTICON] <link>,0
Andai saja rebahan digaji [EMOTICON] <hashtag>,0
Manusia butuh kawan bisnis butuh network.. <hashtag>,0
Ya stadion lain udah setor nyawanya sebanyak berapa buat di visit?,1
<username> dan <username> Kamu keren pasti aku ikuti kamu,0
Dikubur bisa jadi pupuk tanaman.. Tunggu yang dibakar. [REPPUNC] CO2nya gimana itu [ELONG]. [REPPUNC],1
"<hashtag> ""Saya beribu-ribu terima kasih atas bantuan pemerintah kita "" kata Siti Aisyah. <hashtag>",0
Kalo mak bilang si <username> ini otaknya dah sakit keseringan kena lempar telektonggenggam [EMOTICON] mak heran? Kenapa dl mantan aktivis 98 byk yg jadi kampret? Kalo gak gila gak makan ya bahkan sekelas yg katanya bpk reformasi jg ngampret [EMOTICON],0
"kan kata mereka buat hancurin riba, jadi nggak apa"" dong pinjol, tinggal gagal bayar aja",1
<username> listrik padam di komp medan permai kel namo gajah medan tuntungan sumatra utara. Padam sontoloyo,0
"Pinter Anies, bukan cuma warga Jakarta aja yg dibego begoin. Tuhan aja mau di bego begoin si Anies. [REPPUNC] hahahahahahaha. [REPPUNC]",1
Pikirannya masih polos. Rare breed ini.,1
Alhamdulillah di kasih keberkahan yg banyak sampai ga ke tampung :beaming_face_with_smiling_eyes: :smiling_face_with_smiling_eyes: <hashtag>,0
Kabar gembira: Hendra Setiawan/Mohammad Ahsan sukses menjadi kampiun All England 2019 mengalahkan ganda putra Malaysia,0
<username> ibu sosialita itu awalnya ibu kantin tau kak,0
1329 tandatangan masih dibutuhkan kita bisa bantu dengan tandatangani petisi ini,0
belajar untuk kemajuan Kampung Halaman di kemudian hari <hashtag> <link>,0
Katanya negara islam tapi mendukung paslon presiden aja sampe mengancam tuhan nya indonesia mah gitu <hashtag>,0
40jt kayanya cuma cukup untuk belanja mingguan,1
<username> Colek <username>,0
Cerita Belum Habis Arogansi Selir Kesayangan Ari Askhara Kian Terbongkar » <link> via <hashtag> Besok 12.12 <hashtag> 11 Desember 201i,0
tidak harus bicara pembeda negara maju atau negara miskin kalau anda sendiri sudah dibantu pemerintah malah membelot,1
<username> Alhamdulillah prabowotelah diberi hidayah menjadi kecebong. [REPPUNC],0
Mantep banget brow [ELONG] gilak gilak gilak [ELONG] keren banget lau [ELONG] gilak [ELONG] udah ngelakuin hal yang paling benar dilakukaan oleh ummat [ELONG] gilak [ELONG] fix lau masuk surga [ELONG] paling dingin [ELONG] dapet 72 bidadari perawan [ELONG] gilak [ELONG],1
Debat belom di mulai kok sudah bikin tagar PrabowoMenangDebat Waras Kalian terlalu nafsu. Giliran pas main sudah ko [CAPS] duluan [EMOTICON] [EMOTICON],0
"sambo udah hampir beres, rakyat butuh hiburan baru",1
"Nyawa bisa diganti, Bisnis tidak bisa",1
<username> penyanyi [CAPS] tolol [CAPS],0
xixixi lucu banget bapack ini xixixixixi,1
<username> Mulia sekali suami tersebut rela menjual istrinya dgn harga murah demi memenuhi kebutuhan sehari-hari.,1
bapak Anies anda Gubernur terhebat dalam sejarah dki [CAPS] Jakarta. Gubernur pertama yang telah memberi hadiah rutin setiap tahun baru kepada seluruh warganya berupa kolam renang yang bisa dinikmati dirumah masing2. Bravo !,1
Terima Kasih bl [CAPS] yang baik. [REPPUNC] Gak papa Pramel ini menjadi motivasi untuk menjadi lebih baik lagi yaktities [ELONG],0
<hashtag> alhamdulillah tidak ada ngaruhnya tiket mahal atau tidak ttp saja aku g pernah naik pesawat <hashtag>,1
<username> terus bawa² Agama nya ya seferti Mubahala nda ingat twit yang dulu tentang Jualan Agama nya ya [EMOTICON],1
<username> Ini ya sosialita Indonesia yang jadi buronan karena menipu di tiga benua. <link>,0
<username> Anis memang pintar pintar memanfaatkan situasi terlaksana atau tidak itu bukan bagian tanggungjawab nya tinggal ngeles saja,1
Aku pun ga paham kenapa orang bisa benci sama koruptor,1
<username> Haha.. lagian kamu nulis di bio anti orang tolol. [REPPUNC],0
"saatnya baca blood on the track, okaeri alice, dan shounen abyss buat mengurangi kepahitnnya",1
sujud tuh kepada tuhan :folded_hands: :folded_hands: :folded_hands: :folded_hands: :folded_hands: :folded_hands:,1
Alih-alih mereda konflik lahan ini makin memanas di area konsesi pkp2b [CAPS] Adaro Indonesia. <hashtag>,0
"Baru tahu kita punya ""nyuwun sewu"" bot",1
<username> Ujung2nya curhat terus dapet jawaban yg itu itu aja sampe nia ramadhani bisa kupas durian pake tangan :sleepy_face:,0
Buat para pembenci Selamat anda dipimpin oleh orang yang anda benci kembali. Dan selamat menikmati ketidksukaannya ditunggu status-status nyalahin pemerintahnya. <hashtag> pic.twitter.com/n3GaTERfKC,1
Engga ga dipaksa. Lu tinggal ga usah wisuda aja. Kan gampang,1
<username> Siapapun Putra Putri bangsa [CAPS] terbaik harusnya di fasilitasi <username> agar da… <link>,0
<username> ngaku muslim tapi benci Arab. Giliran haji dan umroh ke Arab juga. Kan mantap.. :upside-down_face: Sontoloyo nya :rolling_on_the_floor_laughing: :rolling_on_the_floor_laughing:,0
Tuhan menurunkan virus ini sebagai hukuman karena makin banyak orang yang berbuat maksiat di dunia ini,1
Gua lebih suka rasa saksang babu.,1
<username> Sarkasme bang biar ente makin dicari,0
Dukung Buka lapak sebatas tulisan doang [EMOTICON] [EMOTICON] belanja saja kagak pernah sok sokan dukung [EMOTICON] [EMOTICON] [EMOTICON] [EMOTICON],1
Jika iya sini saya beli waktunya,1
Masa ia kami yang hanya duduk dan main hp saja jadi kena getah'a? <hashtag>,1
Terima kasih bapak <username> sudah menunaikan janjinya. [REPPUNC] <hashtag>,1
Hanya Dengan Agama yang baik saya dapat membaca postingan reddit dengan hati sejuk,1
<username> Bubar jalan. [REPPUNC],0
Ini kan di Bali.,1
"Wow saya pengeluaran duit rokok 0 rupiah, karena saya ga ngerokok",1
kebiasaan ngomong ma kuproy kayaknya,1
Tapi kan peta rel kereta di indonesia juga cuman 2 garis di pulau jawa,1
Bukannya masjid itu tempat ibadah ya? terus kalau jumatan mah biasanya tidak pakai undangan kalau tidak dapet undangan tidak boleh jumatan atau gimana nih bapak [EMOTICON] Jumatan kok berasa kayak kondangan,1
<username> Harus ditegur itu bpk bpk <username> krn sudah matiin rezeki baru 2 thn mulai menikmati apbd lagi stlh Ahok berhasil di lengserkan eh skr muncul lagi <username> jadi sandungan,0
Budaya kita harus tetap terjaga dan terus dilestarikan. <hashtag> <link>,0
<username> Nah. Jadi sstem/software itu hny tool untuk membantu manusia. Sistem sebagus apapun akan utilize/berguna tergantung penggunanya. Sistem memang smart [CAPS] (Specific Measurable Aggressive Realistic Time-bound) tetapi mestinya manusia lebih smart. <hashtag>,0
Sepatu Nike dan electric longboard tidak mencerminkan kaidah dan kultur Arab 1! 1! 1! 1!,1
Ada aja yang manfaatin untuk pansos dan ngebanyol pake hastag <hashtag>. Hedeuuh [ELONG],0
Hayolo nanti kena buru isilop,1
ayodong berkaca maksudnya? jangan banyak bicara kalau gabisa berkarya,1
partai allah is the best. pan agamamu. amien rais tuhanmu. [REPPUNC] gapapa mengganggu yang penting islam dan seiman.. takebeer ! [REPPUNC],1
Hai anjing jangan kamu kaya bangsat dasar anjing :thumbs_up: :loudly_crying_face:,0
negri ini sudah dikuasai aseng!,1
Jujur itu mahal makanya kebanyakan orang yang suka bohong itu tidak punya nilai jual (n) <hashtag>,1
"masyaallah, mahal sekali dendanya, rezim jokowi pilih kasih",1
Tabrak Aturan Susi soal Lobster Edhy Prabowo Disebut Menteri Sontoloyo - <link> <hashtag> <link>,0
makanya anak ga usa disekolahin,1
<username> Katanya negara menjamin kebebasan beragama kok di larang celana cingkrang sama cadar kan sunnah. Katanya negara mayoritas muslim,0
Nangis [ELONG] apotek banjir :loudly_crying_face: :loudly_crying_face: :loudly_crying_face: :loudly_crying_face: :loudly_crying_face: :loudly_crying_face: :loudly_crying_face:,0
Jngn bodoh ya yg di un install itu aplikasi bukan orang [EMOTICON],0
<username> Oh jd <username> tujuanya apa ada di dpr [CAPS] menutupi markup anggaran biar bisa mabok lem rame2 ! [REPPUNC] Ayo <username> hajar semua perampok2 anggaran mungkin si inggkar ini takut ketahuan pula boroknya.,0
Kasurnya taruh di luar,1
Stop jangan suka memprovokasi sesama bangsa Indonesia <hashtag>,0
"Tentu saja guru, dosen, dokter, dan suster",1
"cere lebih murah, psikolog 1 pertemuan brp jut?",1
"memang harus diterpal ini, saya dulu pernah liat patung beginian mulut saya langsung tiba mengucap salam maria penuh rahmat",1
Ini buzzernya siapa sih pada pake <hashtag> pasti pada syirik aja lihat Erick Tohir jadi menteri,0
"Dasar orang indo, ada yang dilecehkan malah victim blaming",1
bapak Anies Baswedan memang tidak punya kekurangan. Banyak lebihnya kelebihan air misalnya.,1
Kementerian Agama akan menyisir masjid-masjid dan memberi peringatan kepada pengurus masjid. selengkapnya [CAPS] <link> <hashtag>,0
<username> :grinning_face: :grinning_face: :grinning_face: Maaf tadi ada tante yg jput Salah siapa coba nia tlp ga di angkatin <hashtag>,0
<username> Sangat mulia sekali pemerintah untuk semua masyarakat pindah fakultas tata boga biar pada bisa bikin ciloq,1
kamu tuh lebih beruntung dari Ardhi Bakrie Iya tapi kamu ga seberuntung Nia Ramadhani dan Ardhi Bakrie sayang&amp;manjain Nia bgt tanpa perlu Nia ngelist apa aja yg dia bisa :rolling_on_the_floor_laughing: Nia Ramadhani 1 - 0 Ibu2 insekyur yg menggunakan kekurangan orang lain utk merasa lebih <link>,0
jangan cepet-cepet jadi orang gede deh. ntar ribet. mau nyeludupin cowok ke kossan sampe pagi aja dek-dekan banget. - dari teater yang ada bedu nya wkwk,0
Ini salah satu contoh Narasi <username> dalam mengatasi banjir Jakarta telah terbukti berkat narasi Anies sekarang Jakarta telah berhasil tidak [CAPS] bebas [CAPS] dari banjir. [REPPUNC] :clapping_hands: :clapping_hands: :clapping_hands: :clapping_hands: Berenang kita [ELONG] :grinning_face_with_sweat: <hashtag> <link>,1
<username> tolol jangan diborong. :grinning_face:,0
"Hidup itu cuma buat kerja, gaada apa apa lgi selain kerja",1
Minta bikinin menkominfo aja pasti dia udah bikin kan,1
Partai Allah Nasion lagi ngajari anak2 tawuran ! [REPPUNC],1
aku dikatain bucin dan tanpa sadar dia nya dulu pernah cerita ke aku kalo dia pernah bucin juga sampe goblok banget bangsat sia anjing,0
"Yang dihukum ya yang ambil foto lah, ambil foto sembarangan kan gak boleh, kalian mencemarkan nama baik orang lain.",1
<username> Jgnkan buka salak kak makan salak aja aku g bisa tapi g viral juga. [REPPUNC] Maklum beda nasib sama nia ramadhani,0
Laki-laki itu seharusnya twice [CAPS],1
"ya lah, orang yg ngaku raja aja ditangkep pulisi skrg, hehehe. mirip 20 [ELONG] tahun yg lalu",1
Amien Rais menyebutnya sebagai partai Allah setiap saat ribut saling serang antar anggota parta i.. Partai apakah itu ! [REPPUNC],1
buat diarahin ke warga yg non muslim,1
Salam hangat dari kami salam wonderful indonesia <hashtag>,0
"Cih, penggemukan.",1
<username> Bagus bos.tapi biar dak jadi gado gado.tugasnya sbg menhan dinomer satukan.manteb pak prabowo.,0
Bisa dapat holly protection / buff damage elemen dark gitulah,1
<username> bpjs [CAPS] Budget pas-pasan jiwa sosialita,0
Ngebantai orang yahudi jadi ga ada masalah,1
"Makanya, ampe nama Andhika dibacanya Anies coba.",1
-imf yg nonton itzy dom jakarta barengan yukk aku sendirian,0
Jangan menjadi biadab hingga tak punya adab !,0
Kalo org pinter yg ngmong ya.. semua pasti ada isinya. Love pak ahok <link>,0
Tetap tegar and berani ya jagoan [CAPS] muda [CAPS] gua wahai bro-sis [CAPS] <username> di sarang pemyamun [CAPS] dki [CAPS]. [REPPUNC] - Biarin Loe dibilang nyari [CAPS] panggung [CAPS] sama gabener [CAPS] yang gawenya manggung [CAPS]. - Biarin Loe dibilang gak punya etika [CAPS] sama politikus [CAPS] bangkotan [CAPS] yg tak [CAPS] beretika [CAPS]. Bagi gua Loe. [REPPUNC] :thumbs_up:,0
yang tua ya si dokternya dong,1
"Kan mereka beragama, bukan beriman",1
makanya beli stiker kodam biar ga dipungli yg laen,1
Jangan sampek bpjs [CAPS] budget [CAPS] paspasan [CAPS] jiwa [CAPS] sosialita [CAPS],0
Tenang tidak akan bosan sampai habis. [REPPUNC] <hashtag> <link>,0
kan ada new normal,1
"buat apa punya iq [CAPS] tinggi-tinggi kalo nggak ibadah, semua urusan akan diselesaikan di akhirat",1
"Kasian banget, ilmunya cuma buat translate hentai",1
untun prabowo kalah lagi dan lagi <hashtag>,0
1. Hari ini gw lagi ada perlu ke Bogor dan karena gw males kena macet gw milih naik kereta ke Bogor pas di Stasiun Tanjung Barat ada sosok yang kayak gw kenal. Eh gw lihat-lihat ternyata Pak <username> Presiden kita. Gokil ! <hashtag>,0
<username> Eh [ELONG] para wortel ku :see-no-evil_monkey: Iya [ELONG] iya [ELONG] besok aku jd Nia Ramadhani part 2 yg gk bs ngupas wortel. Bakal dinikahi konglomerat jg gak yaa,0
Pakai baju seringnya begini. Kapan bisa masuk geng sosialita. <link>,0
Ga tau pura-pura go-blok atau idiot beneran. Tolol nya itu loh ga ketulungan. Makanya otak kemana-mana dibawa jangan buat pajangan doang :kiss_mark:,0
Kelakuan rakyat sdm [CAPS] tinggi,1
<username> Sama ini aja dia mau ngeluangin waktu buat manusia model kalian <link>,0
loh kan emang villain lair,1
"Ya kalo gitu biar gampang, 100k follower nya suruh nyumbang Rp 9,5 aja. Kan enteng tuh. Kalo influencer bisa dong mempengaruhi follower.",1
Itu emak emak lagi kalah bandar arisan nggak masuk pake duit negara gaya sosialita agagagag. <link>,0
Memang kita ini tdk ada lg kata maaf ya? Sy gk pernah instal bl [CAPS] bahkan make jg gk tp gara2 beda pilihan sampe hilang sdh kasih itu..' 0,0
Harusnya dari lahir udh dapet warisan 2 rumah + mobil pajero dari orang tua,1
Sehat terus Bung Ferry Tetaplah jadi panutan kami <hashtag>,0
Kita pnya cerita untuk cucu cicit kita di masa yg akan datang. Bhwa di zaman ini ada seorang bapak dari <username> yg membuat bangsa ini terbelah dan kerusuhan terjadi lg. Semua itu karena haus kekuasaan sejak zaman reformasi sampe skrg yg tdk bsa dia dapatkan. <hashtag>,0
<username> Mana dia santun unggah unguh saja ngak paham semua ditrabas demi pencitraan dirinya merasa paling kuasa dan sombong dia <hashtag>,1
Mih [ELONG] sasuga pak yan :star-struck:.Memang debest nasehatnya,1
Itu konspirasi elite global agar membungkam mereka,1
Alhamdulillah [ELONG] air berkah kalau banjir begini anies tidak akan nongol kalau sudah habis baru muncul lalu pengikut sampahnya teriak solusi anies,1
Upaya dakwah pemurtad-an dibalut iklan,1
<username> Lah ahok ngapain aja selain dbui? Hahahaha,0
Tipu lah dunia ini dengan senyum biar orang tidak ada yang tau betapa buruknya hidup ini. [REPPUNC] <hashtag> <link>,0
<username> Pidato Akademis katanya Tapi malah marahin perempuan pake cadar. Namanya juga capres 02 <hashtag>,0
<username> Jenderal tolol [CAPS]. Jumlah suara sah <username>+<username>+<username>+<username>+<username> saja ga nyampe segitu di pemilu legislatif kemarin. Kalau aku jadi pki [CAPS] dengan angka segitu aku bikin gulung tikar tuh pdip [CAPS].,0
Bu <username> tolong bertanggungjawab atas ulah dan amanah netizen ini :grimacing_face: :face_blowing_a_kiss: Yang 2% abaikan saja karena akan selalu ada pasir ditelapak kaki yang bersih. <hashtag> <link>,0
Sekali mereka akan turun gelanggang Setelah stgh abad lebih. [REPPUNC] mereka mnjadi yg trgarang mmberantas pki [CAPS] Dan sekarang. [REPPUNC] mereka akan menjadi yg tergarang pula menjadi pemberantas hti [CAPS] (eks) dan kroni2nya [CAPS] <hashtag> <link>,0
"Abis ini apa, elon musk itu lizardman mau luncurin laser di satelit buat ancurin bumi terus jualan rumah di mars?",1
bapak walikota semarang kalau nanti bapak jokowi gagal dua periode mohon jalan tol nya di bungkus ya atau tidak di gulung saja.,1
Penghargaan sebesar-sebesarnya kepada para wanita yang rela bekerja mencari nafkah. Buat para pria soal menjemput rezeki kita tak ada apa-apanya. Jika mau wanita bisa dapatkan puluhan juta dalam semalam tapi itu ia tinggalkan demi rezeki halal meski berpanas-panas di jalanan.,0
Syahwat Politikmu Besar tapi Syhawat Birahimu sudah Pudar Wahai Pak Pleciden 02. [REPPUNC] <hashtag>,0
<username> gaenak sbnrnya woee. tp serem. mana abis baca thread yg nyi roro kidul itu :loudly_crying_face: :thumbs_up:,0
Pasti dipake untuk intro 'editor berkelas' jedag jedug rgb [CAPS] gemink + pesan sponsor,1
Ya begitulah negara yang kaya akan budaya.budaya yang membesar-besarkan nilai negatif tanpa menoleh nilai positif <hashtag> <link>,1
wahai [CAPS] Kaum Muda Millenials Kita Berjuang tidak perlu demo turun ke jalan seperti tahun 1998.,0
"Hati hati ada rice flour maksudnya, gk keto-friendly :folded_hands:",1
solak atau tidak solak bapaknya <username> yang harus bertanggung jawab dari semua ini,1
Ternyata kabinet itu lebih mewakili partai daripada rakyat. Apakah ini kematian atau kebangkitan? <hashtag>,0
<hashtag> 02-02-2020. Haya pengen ngucapain selamat kepda yth bapak Anis. Karna sekrang jakrta sudah bisa bikin <hashtag> sendri. Tanpa harus impor dari bogor. Selamat selamat.,1
>tembak lagi,1
Terimah Kasih Rezim Sontoloyo Memang Paling Mantap dan Hebat ! Makin Cinta saja saya sama Rezim ini Semoga Allah swt [CAPS] Melaknat Kalian Semua Wahai Manusia Durjana,1
Beneran pengen tau tanggapan mereka. <username> Gerakan <hashtag> dan acara tadi pagi ditaman bungkul <link>,0
"Ralat, bukan godaan setan klo perkosa. Godaan wanita justru.",1
otaknya gaada kan lu <username> gak pernah nyantri apa sampai Ulama kau hina hina <hashtag>,0
Banyak politikus di tim ekonomi Jokowi. Kondisi itu menimbulkan pertanyaan apakah mereka mampu mendorong investasi seperti yang diinginkan Jokowi? <hashtag> <link>,0
Kita nanati akan segera mempotret secara serius apa problem-problem pedesaan kita karena menurut data bps [CAPS] tahun 2020 itu perbandingan penduduk desa dan kota itu sekitar 56% banding 44 % untuk kota dan desa. Budi Arie Setiadi <hashtag> <username> <link>,0
Nasionalisme bro [ELONG] ktp [CAPS] mu negara mana kok nggak nasionalis sama bapak ! [REPPUNC],1
Nah ini dia Tokoh Gen Z favorit kita,1
<username> karena lu keliatan tolol udh ah bye,0
<username> Semoga yang diminta mundur masih punya urat malu ya Bang <hashtag>,0
Sekarang warga jkt58 mungkin sangat bahagia sekali melihat sepak terjang sang wan ajaib memimpin jkt.. <hashtag>,1
"loh iya kan itu bentuk toleransi, ormas yg butuh bantuan itu mentoleransi dapet sumbangan dari gereja asal ngga pake atribut gerejanya",1
Salah satu prestasi Anies itu menciptakan banyak lokasi surfing di jalanan Ibu Kota ! [REPPUNC],1
Sudah jelas merokok akan meningkatkan daya tahan imunitas dengan merangsang otak sehingga merasa lebih rilek dan melatih otot paru-paru dengan menggunakan asap sehingga lebih kebal terhadap virus covid 19.,1
<hashtag> Jokowi Sang negarawan sejati..! Kami tdk punya potongan diktator/otoriter kami tdk punya rekam jejak melanggar ham [CAPS] masalah kekerasan dan korupsi,0
<username> Yg begini mereka bungkam sontoloyo iblis itu lur,0
Tetap semangat jangan lelah mengawal tanah kelahiran !,0
garing lu tolol,0
"Emezing ! Pemenang Tender Penataan Monas Senilai Rp 71 3 Miliar ""Kantor""nya di Rumah Petak <hashtag>",1
Mbokan lah sibuk kaya pejabat <link>,0
<username> Rocky gerung mulutmu nyinyir kayak perempuan dan itu karena otakmu buntu. Prestasi apa yg telah kau torehkan di Indonesia ? Bandingkan dirimu dgn Jokowi bagaikan bumi dan langit karena kau tidak ada apa2nya.,0
Katanya indonesia itu negara toleransi tapi perkara nyerempet trus mobil beset langsung bikin tagar <hashtag>. Dimana toleransinya katanya turun dengan itikad baik untuk menyelesaikan masalah secara daimai tapi bikin tagar nya <hashtag> yg salah 1 orang yg kena semua,0
Kita semua sama-sama manusia tapi kali ini kita sama dengan <hashtag>,0
<hashtag> cerdas dan selalu mau belajar,0
( [ELONG] semburan [CAPS] dusta [CAPS] ) [ELONG] Tapi iya sih,0
<username> Gagal deh jd Cawalkot Medan <username> :grinning_face: :grinning_face: :grinning_face: <hashtag>,0
Saya tidak menyesal memilih Prabowo-Sandi tapi saya menyayangkan sikap Prabowo yang berkompromi dengan bapak Jokowi. Setelah ini Golput adalah jalan terbaik untuk saya pribadi. Good bye Prabowo <hashtag>,1
Plt Dirut Garuda Indonesia Fuad Rizal menghentikan anak perusahaan pt [CAPS] Garuda. Cc : <username> <hashtag> <link>,0
Kalo ayam sih gw senengnya dada mentok ya,1
Ketika semua sadboi [ELONG] <username> <hashtag> <link>,0
Beda bos [ELONG] anget angetnya kaga ngena,1
Tak ada tempat buat kamu songong Babu Cukong kayak mereka di Tanah bertuah. <hashtag> <link>,0
Politik Nyinyir utk dapat Jabatan saat ini sudah mulai basi tapi masih ada yg mencoba. [REPPUNC] <hashtag>,0
<username> Dikenal sebagai partai yg ga diterima di Sumbar. [REPPUNC] <hashtag>,0
Lahan jakarta terlalu sempit buat kayak ginian,1
Kan diganti stadion baru,1
Saya harus memuji susunan kabinet baru ini. Berarti saya harus memuji yang menyusunnya: Presiden Joko \'Jokowi\' Widodo kata Dahlan. <hashtag> via <username> <link>,0
Budi Arie diberi tugas oleh Presiden Jokowi mengawal alokasi anggaran yang besar dari apbn [CAPS] untuk pembangunan desa dan daerah tertinggal. <hashtag>-Ma\'ruf <link>,0
Kementerian Kelautan dan Perikanan (kkp) [CAPS] menggelar upacara serah terima jabatan (sertijab) dari Susi Pudjiastuti ke Edhy Prabowo (Sumber: Okezone). <hashtag> <link>,0
"Mantap nih ketua dan dewasny <username>, smangat lindungi koruptor ! [REPPUNC]",1
dewa kipas sudah disogok gm irene biar kalah,1
Mungkin ketauan lagi nyuci ama jemur duit jadi tau.,1
Prabohong menghadiri perayaan hari kemerdekaan ke-69 Republik Rakyat Cina (rrc) [CAPS] yang digelar Kedutaan Besar rrc [CAPS]. Prabohong memandang China sangat penting bagi Indonesia. Nahkann ! Bukankah itu wujud Prabohong pro Asing ?,1
Aku memang begini saat orang istirahat aku mulai memahami materi yang harus aku pahami dan memaksakan aku jatuh Cinta pada materi. [REPPUNC] Oh psikologi abnormal aku kira aku akan terhindar dari abnormal nyatanya aku mulai mendekati abnormal. [REPPUNC] <hashtag>,0
kata kaum milenial semoga pakde <username> memberikan Pendidikan yang lebih layak lagi seperti memperbanyak beasiswa.,0
"Karena jaman sekarang susah, apa-apa barang mahal, cari kerja susah, sementara kalo jaman Soeharto dulu mau apa aja tinggal minta mama",1
<username> Tompi ini berperan sebagai apa sih,0
Nech baru hebat ! Khayalanya Raja Keraton Agung Sejagat Mengklaim Memiliki Wilayah Kekuasaan Seluruh Negara di Dunia,1
Langkah bagus utk pariwisata. [REPPUNC] giatkan kegiatan di diskotik yg sesuai syariah. [REPPUNC] (ada gak ya. [REPPUNC] ) <link>,0
Ada yang bawa molotov?,1
Itu ujian,1
<username> hash tahik kamu anjing,0
Ga akan nyalip kalo ga d tes. [REPPUNC],1
<hashtag> Itu yg yg slalu iri dgn prestasimu dan menyebar fitnah,0
Pencetus kalimat Partai Allah mengEdukasi generasi bangsa untuk saling berujar kebencian <hashtag>,1
<username> sok tw ah pa doktel,0
<username> Kebalik [ELONG]. [REPPUNC],0
<username> kepedeannya saya kasih jempol kaki. pasti dah ni contoh warga idaman rezim sontoloyo,1
Di jakarta public transport sudah cukup baik. Mereka buat keputusan apa-apa ngeliat kondisi jakarta. Jakarta merepresentasikan kondisi seluruh indonesia,1
Membuat Rakyat semakin tak bersimpati pada Gerindra <hashtag>.,0
Tidak bisa dipungkiri dari awal 02 dan anteknya lah penyebab semua ini. [REPPUNC] <hashtag>,0
Bekerjalah sampai rekening bank kita terlihat seperti sebuah nomor telepon. di <username> kita bisa follow arti favorit kita <username> <hashtag> Yuk Dengarkan Lagu ppap [CAPS] ( punya [CAPS] pacar [CAPS] anak [CAPS] pejabat) [CAPS] by yati [CAPS] amarra [CAPS] ! [REPPUNC] <link> <link>,0
dulu kalian milih Anis kan bukan karna program kerjanya karna kalian seagama. Mampus lahh kao skrg punya gubernur tidak punya program kerja. Aku tidak suka ya agama dijadiin embel2 dalam politik. Nanti Allah marah. kalau tidak nepatin janjinya. <hashtag>,1
Baiklah kalau mau dakwah di diskotik. <link>,0
Pasar Tomohon?,1
Terkuak sosok selir yg terlibat skandal asmara dgn eks dirut Garuda <hashtag> <link>,0
"Gak ada orang gk mampu, cuma ada orang males",1
Anies memang mantab setelah mengatakan kaki sebagai alat transportasi sekarang memberi contoh tangan sebagai pengganti sekop n cangkul. [REPPUNC] lanjutkan bapak jadi anggota ppsu [CAPS],1
apakah op [CAPS] sedang ditarik oleh kuda?,1
Saat fazdlizonk [CAPS] meninjau kondisi tanah longsor di Puncak Bogor sambil dipayungi bak raja tanah. Ternyata dia punya vila di situ. Jadi ini meninjau juga ada kepentingan pribadi dong. Dasar penghina Ulama,1
Lo segampang itu ngomong gitu hello gue kelihatan kek orang se tolol apaan menurut lo gausah sok paling ngerti.,0
balik ke minyak tanah lah,1
But my new capital city sama bagi jatahnya gagal nanti,1
Susah kalo janji temu sama para pejabat <username> &amp; ust. Burhan. Minus Bang Dhio yg pulang duluan <link>,0
hidup [CAPS] presiden [CAPS] jokowi [CAPS] ! [REPPUNC] berangus [CAPS] seniman-seniman [CAPS] kontra-revolusi [CAPS] mental [CAPS] ! [REPPUNC],1
Karena itu area circlejerking pria,1
Kesurupan satpam yg jaga di istana nyi roro kidul <link>,0
Sudahlah mengenang masalalu hanya membuatmu kecewa. Namun sambutlah masadepan dengan penuh pengharapan [EMOTICON],0
Allahuakbar <username> pasti bangga dan senang lihat Monas banyak airnya. Ini lah kolam terbesar di Jakarta kebanggaan umat monaslimin. ! [REPPUNC] <hashtag>,1
aku kokoh dukung 01 karna ku tau sang bahadur yang kau bagakkan nyatanya hanyalah seorang yang lemah.,1
Menkominfo telah memberikan informasi yg valid dan terjamin kebenarannya. Nggak mungkin seorang mentri asal ngomong tanpa bukti dan fakta,1
Rendang Armin,1
~~teknologi mengerti anda~~ anda mengerti teknologi,1
<username> G usah bawa2 surga n neraka bos..kyak km takmir aj wkwkwkkckckck [ELONG],0
Tambah goblok ! Followers 5 doang mau diandelin hilih asw,0
Sepertinya Kita di bungkam mod yg supresif hm [ELONG],1
<username> Setingan <hashtag> untuk pencitraan. [REPPUNC] Bhuahahha Gobloknya dipelihara pendukungnya bangga gak sadar kalo digoblokin. [REPPUNC] <hashtag>,0
goblok bgt ga si,0
<username> Gaberner yg jahat berawal dari mentri yg di pecat. [REPPUNC] :face_with_hand_over_mouth: :face_with_hand_over_mouth:,0
Jadi pemerintah yang nimbun minyak goreng supaya maksa kita vaksin?‽ ! [REPPUNC],1
Bilangnya Cinta Indonesia tapi tiap disisipin trip ke museum atau sanggar budaya daerah minta diskip. Gmn bs cinta kalau tidak kenal?,1
<username> ya Allah goblok bgt bukannya itu duit buat senengin orang tua.,0
Salut untuk Jajaran Polri. Semoga berkah Ramadan tahun ini berlimpah untuk kalian. <username>… <link>,0
"Hus.., [ELONG] ga boleh ngalangin usaha orang jadi Cawapres. [REPPUNC]",1
"harusnya tarik kabel panjang, bikin pltu [CAPS] nya di kalimantan, jadi jakartanya bebas polusi",1
Yang Kecewa biarlah Kecewa. Karena akan terlihat siapa yang jadi penghianat dan pada intinya mereka berdua adalah satu [CAPS] untuk Indonesia. <hashtag>,0
<username> memang mantul chef arnold kalo clap back,0
buat dihabisin di hambalang,1
Duh jd inget pas w ke elizabeth ada kumpulan emak2 sosialita yg ngeborong [ELONG] trus foto2 didepan pintu ngalangin jalan wkwk mau pamer abis belanja banyak,0
Apa itu diskon natal. Kasih saya harga full,1
<username> Itu sebelahmu cleopatra atau nyi roro kidul?,0
kami [CAPS] tak [CAPS] sudi [CAPS] mempunyai [CAPS] wakil [CAPS] rakyat [CAPS] atau [CAPS] anggota [CAPS] dpr [CAPS] ri [CAPS] yang [CAPS] menjadi [CAPS] dalang [CAPS] provokator [CAPS] aksi [CAPS] 22 mei [CAPS] ! kami [CAPS] tak [CAPS] akan [CAPS] sudi [CAPS] mengakui [CAPS] mereka [CAPS] ! arena [CAPS] mereka [CAPS] hanya [CAPS] benalu [CAPS] yang [CAPS] ingin [CAPS] menghancurkan [CAPS] kedaulatan [CAPS] nkri [CAPS] ! <hashtag>,0
<username> Mantap. [REPPUNC] Tarikh [ELONG] mang,0
Harusnya pompa nya yang wireless lah bro biar ga usah ngantri,1
Bagi-bagi di bungkus dengan pencitraan. Hmm Makin kelihatan <hashtag>,1
Ini nih masalah anak muda jaman sekarang. Semua yg tradisional dianggep gak menarik,1
Masih banyak yang beban nya lebih besar di luar sana gapapa namanya juga belajar menghadapi kerasanya dunia luar.,0
kerja [CAPS] nabung [CAPS] goblok [CAPS] bukan [CAPS] retweet [CAPS] <link>,0
<username> Semoga bisa wujudin keinginan yg belum tercapai <hashtag>,0
Tidak selalu orang menjadi <hashtag> karena <hashtag> dan <hashtag> tapi karena <hashtag> orang yang tidak memberi <hashtag> dan <hashtag> kepada orang lain. Ada orang yang menjadi <hashtag> dengan cara memiskinkan orang lain. Tuhan melihat semua perbuatanmu,0
Semua pelaku usaha yang berhubungan dengan pemerintah itu isinya bukan rakyat,1
<username> bikin [CAPS] keluhan [CAPS] via [CAPS] twitter/facebook [CAPS] tapi [CAPS] nggak [CAPS] ada [CAPS] jawaban [CAPS] <hashtag>,0
Kalau berantem lempar-lemparan dalil. [EMOTICON],0
<username> Semoga sukses selalu ya [ELONG],0
<username> Mungkin memang dari ngebuzzer lebih seksi daripada sekedar jadi dokter. Apalagi bisa cawe2 sama penguasa dan mantan penguasa.,0
"Pemerintah gimana sih? Lagi jaman susah malah bayar utang, rakyat tuh pikirin..",1
Mendikbud Nadiem Makarim tetap santai sembari terus melemparkan senyum khasnya saat bertemu para guru. <hashtag> <link>,0
"gila lo haram tau legalin prostitusi, lo mau kayak negara Belanda sono, udah prostitusi legal, ganja dan psikotropika legal, bencana mulu di Belanda tau gak sih lo",1
Katanya sekolah tapi otaknya mana ribut ko bawa² agama <hashtag>,0
Kalian katakan Ahok tidak pantas disebut pemimpin krn bicaranya yang kasar tapi ada orang yang juga bicarany kasar kalian ktkn pemimpin umat,1
Saya kagum pada bapak Anies semoga tenggelam,1
(E [EMOTICON] Menteri aja ga apal.. apalagi rakyat,1
Kulihat banyak teman seperjuanganku yang mulai maju dan berkreasi jujur aku bangga,0
Hal ini diperparah dengan kepo nya emak-emak sosialita istri teman2 Rajata yang menyudutkan Ruby hanya karena dia tidak melahirkan secara normal dan Gendhis diberi susu formula sebagai penambah asi [CAPS] yang belum keluar banyak. <hashtag>,0
<username> wan [CAPS] Abud penyokong <hashtag>,0
Toh kebijakan lockdown itu kebijakan negara komunis yang tidak sesuai dengan Pancasila,1
jujur saya bagian dari relawan 212 <hashtag> banget pa,1
Biadab kau ! Dimana kedaulatan rakyatnya? Bajingan ! [REPPUNC] Ini kah yg kau mau wahai presiden Kertanegara ! [REPPUNC] <username>,0
"Ketika jumlah testing dikurangi dan masyarakat stop bicara soal covid, [CAPS] saat itulah covid [CAPS] berakhir",1
semoga Tuhan Memberkati Haleluya !,1
Jaman dulu waktu gua masih sekolah pas puasa gini seluruh negeri aman nyaman tentram makmur serta sentosa. Rasa ramadhannya kerasa banget. Lah sekarang? Perang Perang Perang Ujungnya sambat karna nyesel - Mending ngehasilin uang ini hasilnya luka -. <hashtag>,0
Pingin ketawa gwe liat anak sarjana tapi otak anak tk [CAPS] so yang salah bukan univ nya tapi otak sih ontong nih geserek <hashtag>,0
Terus terlibat kasus korupsi..,1
<username> Yg tdk berkepentingan harap keluar,0
Pantas saja kubu 02 tidak pernah habis dengan berita-berita kebohongannya. Ternyata memiliki tempat produksinya sendiri untuk menyebarkan kebohongan.,1
"pejabat kan mewakili rakyatnya, termasuk mewakili dapetin vaksin",1
<username> Ini lagi makin salah jelas2 itu anggaran buat 2020 skr 2019 aja blm beres bro bro mending lu bnyk istigfar deh,0
"Makanya cari resto padang yang punya orang jawa, best of both world",1
"Tenang, cukup puasa sehari lunas kok dosanya",1
Halunya gue sbg istri yg udh di tinggalin :red_heart: Nda kita pergi nonton yuk mau cgv [CAPS] or xxi [CAPS] terserah nda mau nonton film apa pkoknya yg nda suka :red_heart: Langsung jejingkrakan kalau ini kenyataan :face_with_tears_of_joy: :rolling_on_the_floor_laughing: <hashtag>,0
Pantes us [CAPS] cba - cba deketin indonesia dengan alasan ancaman tiongkok,1
"Jangan mudik, atau mudik aja itu kan cuman tanda bukan polisi",1
Kaminingin hidup di jaman pra sejarah makanya <hashtag>,0
"Bener, coba dulu gue gabung ormas nazi",1
<username> Tompel Mabuk kacang panjang..,0
"Mungkin ybs capek ributnya covid [CAPS] terus, mau ganti pokok bahasan.",1
"Karena tamunya orang kaya, airnya menjauh kaya laut dgn Nabi Musa.",1
<username> Doa tambahan di tiap sujud ku kepada Allah di bulan puasa ini agar rezi… <link>,0
Malam tak berbintang eh ternyata bintangnya ada di kulkas. <hashtag> <link>,0
<username> Kalau luka gak usah pakai bpjs [CAPS].,0
Maunya rame tapi ga ada drama lah. Masa gini aja ga peka sih :face_with_steam_from_nose:,1
<username> Justru krna saya gak tau makanya nanya apa arti guk. Krna beda daerah beda makna. Drpdp sotoy nebak2. Klo kamu mikir mencla mencle ya monggo tp klo saya agak ragu dg ucapan sas [CAPS] tetep kok masih ragu makanya tunggu aja tindakan berikutnya.,0
wih enak dong agama lain hutang gk perlu bayar,1
<username> Lonte lu anjir. Pura Bego lagi. Bahasa konten lu sarkasme banget. Sok ga bersalah lagi lu.,0
Mereka bersikeras ingin mencampur kecap manis dgn oli bekas walaupun wujudnya sama tdk akan pernah menyatu massa jenisnya berbeda. Begitu jg yg haq dan yg bhatil selamanya tdk akan bisa disatukan. <hashtag>,0
<username> yang bajingan bangsat itu yang beli lahan milik pemda dki [CAPS] sendiri.,0
"Bangcat [ELONG] hanya peduli rakyat kecil, mana gratisan untuk horang kaya",1
"diarak sebelum sunat lo, mbayangin aja bikin gw trauma,",1
gak pantes megang uang kayaknya,1
<username> dokter [ELONG]. [REPPUNC] Mancrabs [ELONG] :thumbs_up: :thumbs_up:,0
Soalnya kadrun sering klaim merekalah awal dari segala agama. Termasuk aliran kepercayaan Original Indonesia ini berawal dri kadrun [CAPS]. Jgn kan agama sorga aja di klaim sendiri padahal yg punya aja ga sebutin nama kadrun [CAPS]. :rolling_on_the_floor_laughing: :rolling_on_the_floor_laughing: :rolling_on_the_floor_laughing: <hashtag> krn kejujuran <username> <link>,0
<username> Iya nanti di atas sosialita pasti,0
Ultimate uda termasuk semua dlc [CAPS] dan season pass.,1
Sekarang ada yang menerima hasil dari tuduhannya sendiri terlalu picik memang.,0
Kepada Pak Nadiem Makarim terima kasih karena anda sudah berani memperbaiki sistem pendidikan Indonesia yang (agak) kacau. Tidak ada hafalan tidak ada un [CAPS]. Indah sekali hidup ini.,0
Kalau mempersoalkan cadar dan celana cingkrang itu dampaknya malah kegaduhan dan tidak substantif. Tapi kalau Pak Menag mampu mendorong ruu [CAPS] Miras disahkan itu baru terobosan. Umat menunggu gebrakan Pak Menag soal regulasi miras tutur Fahira. <link>,0
"Kalo beda agama dikabulkan karena ""lebih mending ketimbang yang sesama jenis"". Untuk yang berharap mengabulkan impian perkawinan sama jenis, maka perjuangkanlah perkawinan beda spesies, misal sama kucing, sapi, kuda dsb, sampe pada tahap ""lebih mending"" selanjutnya.",1
Semoga pihak sebelah make akal sehat dan sadar [CAPS] diri [CAPS].. <hashtag>,1
Menandai 20 tahun resolusi dk [CAPS] pbb [CAPS] pertama tentang Perlindungan Masyarakat Sipil dalam Konflik Bersenjata,0
"jangan perna minder lah, pecatan kabinet aja bisa mimpin kota.. kuatin agama dan murnikan ras yang penting",1
<username> Hooh seneni kono sekolah ra pinter malah goblok ndang ! [REPPUNC],0
cabut busi atau aki setiap parkir,1
Main dengan semangat dan menang ! [REPPUNC] <hashtag>,0
Itu preman pintar. Itu provokator sama kayak kau.,1
Baru tahu kerjaan dpr [CAPS] gerebek psk [CAPS] Selamat anda mendapat gelar dpr [CAPS] rasa Satpol pp [CAPS] <hashtag>,1
Tapi kan perokok bayar cukai,1
sejak aksi 212 hingga aksi didepan gedung mk [CAPS] sekarang yang mengatas namakan agama tidak ada sangkut paut sama sekali dengan islam karena islam tidak pernah mengajarkan keritik pemimpin dgn cara aksi dan menhujat. <hashtag>,1
<username> Pingin peluk [ELONG]. [REPPUNC] :face_with_tears_of_joy: :face_with_tears_of_joy: :face_with_tears_of_joy: :face_with_tears_of_joy:,0
elite nya udah damai nih. mari yang dibawah juga damai :relieved_face: :relieved_face: <hashtag>,0
<username> Itu pak <username> ngapain ikut nimbrung? Emang dia punya kontribusi apa buat negara? Hadehh,0
oiya tentu. Pangkat kamu apa kok menuntut keadilan?,1
Hobi banget ngebacot di sosmed padahal dirumah mah kalem <hashtag>,0
Menag: Cadar dan Celana Cingkrang Bukan Ukuran Ketakwaan <link>,0
<username> Staf Khusus hehehhehee,0
Aku juga minta <hashtag> <link>,0
prestasi [CAPS] gabener [CAPS] Anies Di Musim Hujan ini Bisa Membuat Kolam Renang Di Tengah Rumah Warga dg Banjir Kiriman yang barokah. Banjir ini bukan [CAPS] musibah [CAPS] Jadi tidak Perlu Diantisipasi Cukup dg Doa. fokus [CAPS] Ayo tebak [CAPS] Benda-benda apakah yang lagi mengambang itu? <hashtag>,1
