content,label
Ini adalah hal yang paling membahagiakan saat biasku foto bersama elf [CAPS] #ReturnOfTheLittlePrince #HappyHeeChulDay,4
"[username] [CAPS] [username] [CAPS] Dari pertama [username] [CAPS] menduduki bangku jabatan anda, rakyat belum pernah mendengar dan melihat hasil kerja dan prestasi nyata yang anda berikan semasa menduduki bangku jabatan.Coba tanya Kenapa [username] [CAPS] ? Abdi rakyat butuh seoran",1
"yaudah kalo emang belum berani potong rambut pendek ya nanti"" aja kalo emang udah yakin dan bisa nyaman Selamat beristirahat, jangan lupa berdoa Tidur yg nyenyak & mimpi yg indah Good night cit",3
"Jadi semalam, gw rekap, eh intinya yg gw usahain kerja ternyata zero samsek.. Presentasi jam 16.00, ku baru grasak grusuk jam 13.23. Jiann [ELONG]",3
"temen2 masa kecil yang turned out being asshole itu kalo cewe jadi ukhti2 hijrah kalo cowo jadi abdi negara, rasanya semua statement ku di sosmed pasti yang menyangkal orang2 kek gitu, parahnya lagi kalo mereka pacaran bangsat",1
"Terkadang apa yang kau dapati dan miliki saat ini, ada orang lain yang menginginkanya juga. Apapun itu. Karena gak semua beban bisa di tanggung oleh seorang gantleman. Dialog Dini Hari.",0
"tamsil [CAPS] islam [CAPS] nusantara. [CAPS] Karena kau cuma tiang yang dipancang tergesa-gesa kemarin sore dan pangkalmu cuma dangkal-dangkal saja ditanam, maka engkau jadi takut setengah mati pada angin. Bahkan semilir yang segar pun kau caci dan kau kutuki.",3
"[username] [CAPS] Skrg gini saja. Sy balik pertanyaannya. Bolehkah kah sy yg bukan Mahasiswa umi [CAPS] ikut masuk ruang Kuliah dan mengerjakan Tugas Kuliah sprt Mhs lainnya? Bukan persoalan Ada larangan atau tidak. Tapi apa Gunanya Saya ikut Perkuliahan, kalo Saya n",1
"Kalo kamu, [ELONG] kamuu itu special. [ELONG] Cintanya juga ga kalah kok sama yang lain. Karena sebenernya bagi aku kalian itu satu. Jadi, cinta satu cinta semua. [url] [CAPS]",2
Kasarnya dia bilang kalo pake lg dengerin musik yg kluar slalu musiknya Shinhwa. Bikin pengen joget wkwk [EMOTICON]. Itu namanya autoreaction sih [EMOTICON] [url] [CAPS],4
[username] [CAPS] Gua kelas 1sd bawa hp karna buat hubungin mama. Tau tau dicolong temen. Gua diem aja bego emg. Bibi kantin ngabarin nyokap gua dan lgsg datang lah mama trs bapanya minta maaf. Eh beberapa hari kemudian anaknya pindah sklh. Ya,0
"[username] [CAPS] ""Cinta tak butuh pengorbanan. Pada saat kau merasa berkorban, pada saat itu cintamu mulai pudar."" Ini wejangan dari mbah [username] [CAPS]",2
Romantis itu manis [CAPS] lebih manis lagi kalo dilakuin orang tg kita sayang. [CAPS] Semua bakal terasa seneng dan berbunga bunga wkwk. Seperti ada ribuan kupu kupu terbang yg ada dii perut kalo lagi ada yg ngeromantisin gitu.,2
tapi ngeri sih ya emang akun gede dengan followers ribuan tuh kalo ngetweet yg jelek atau salah dikit yg hujat langsung banyak aku [CAPS] takut [CAPS] kalian [CAPS] unfollow [CAPS] aku [CAPS] aja [CAPS] please [CAPS],3
Kapan bandara [username] [CAPS] 1 di Ambon ada perbaikan dan mungkin renofasi. Melihat ada banyak perkembangan bandara di daerah lain rasanya sudah amat ketinggalan sebagai bandara internasional. [url] [CAPS],0
pantesan ada notif di fb. [CAPS] hari ini 4 thn yg lalu video ini bikin gw makin yakin jatuh cinta pada pandangan pertama sama doi an awal adekgemas fever melanda,2
"Jadi sejauh ini, udah ada 6 barang yang ku beli hasil flash salenya bukalapak. omg [CAPS] dari harga yang Ratusan Ribu yang bahkan aku sbg sahabat misqin tak mampu beli, sekarang kebeli semua wkwkwkwk. Dan masih ada flash sale jam 6 sore, jam 8 malam dan jam 12 malam",4
"Semoga sehat selalu, dan yg terpenting selalu sayang dan cinta ama [username], [CAPS] walaupun gw itu followers baru tp kita bisa saling kenal krn kita keluarga we are family I love you",2
si gendut kalau saya yang suruh ogah jalan! dasar kebo!,1
"gue yg dulu bingung knp org bisa trauma berkepanjangan skrg baru sadar setelah ngerasain sendiri, kita ga speak up kdg krn takut dibilang lebay lah boong lah bla bla. ngatasin traumanya aja udh susah tmbh lg di judge org lain jd mending diem.",3
[username] [CAPS] [username] [CAPS] gk perlu mnta maap juga kalik.. beda perspektif mah wajar.. yg lebay mah ngapus twit neg bkn bela simic jg tp slama vv gk lapor pulisi bhwa dia udh jadi korban pelecehan mah itu msh tetep urusan private mreka bdua di dm [CAPS] gmn awa,1
"[username] [CAPS] iPhone 7 plus, tiba tiba restart sendiri, trus kadang kadang bootloop ga masuk ke system, dimatikan agak lama, baru kadang bisa masuk system. kenapa bruh",0
"Wah gila sih, ini lokasinya mirip2 selly oal & dixy, persis pula di pengkolan jalan. Sayang dulu ga ada mas2 british kaya gini. Klo ada, mgkn w seringnya nongkrong di dixy bukan di perpus",0
"Ngurusin neraka orang, sampai bikin hastag #CalonPenghuniNeraka, sedangkan sholatlu masih bolong bolong, Al Qur'an mu masih tersimpan rapi di almari, dan uangmu masih belum berkurang untuk sedekah, pikir dong ! [REPPUNC]",1
"Sama kayak bahagia. Mau gimanapun persepsi orang tentang bahagia, kalau bahagiamu memang beda dari persepsi orang2, itu tetap bahagia kamu. Orang lain gak ngerasain, tapi kamu yg ngerasain ttg bahagia kamu.",4
"dprri [CAPS] pemegang amanah rakyat tetapi selalu membalikan telapak tangan, Dewan yg membuat aturan dan Dewan pula yg melanggar aturan, segelintir Dewan mencoreng amanah rakyat dgn melakukan korupsi, jls bersalah dan selalu berkelit menutupi kesalahan dgn bersandiwara",1
Belajar jadi oposisi dimana partai ini. [REPPUNC] kok nyinyir dan provokatif sekali. Ini tanda juga tidak mampu jadi oposisi yg baik. [url] [CAPS],1
"berita Via Vallen dapet dm [CAPS] dari pemain sepak bola yang terkesan ""menggoda"" atau sexual harassment, liat komennya pada bilang lebay dan gak harus di publish karena hal kek gitu ""biasa aja"" dan parahnya yang nyinyir perempuan juga [EMOTICON] miris",0
"Abis jengukin temen yg sakit parah. Terus terenyuh sama kata2nya, ""saya ga takut sama penyakit saya, saya cuma takut ramadhan saya ga dapet berkah"" Ya Allah Mohon doa, buat kesembuhan temen kantor saya, Tb adriana Pramudya bin tb dasep. [url] [CAPS]",0
"[username] [CAPS] Masalahnya banyak bgt sih yg gamau belajar dari sejarah. Padahal sejarah dunia ya gitu2 aja, muter2 disitu. Tapi gue lebih miris sama org yg masih menganggap Saudi dan us [CAPS] adalah dua kubu yg bersebrangan",0
Liat temen-temen udah pada kewong aja. Ngeri juga kalau w mikirin sampe kapan ya w kewong dengernya itu loh. Masalahnya w belum kepikiran masih takut,3
Ya nasib 3 thn eh 4 thn sudah nggak lebaran di rumah plus lebaran ini sepertinya begitu. [REPPUNC] padahal bayangannya tahun ini lebaran dirumah nyatanya lebaran dikantor (lagi #nasib #alhamdulillah,0
sunda [CAPS] kelapa [CAPS] Alhamdulillah abis tarawih di Masjid Agung Sunda Kelapa. Nikmat sekali. 23 rekaat tapi nikmat karena bacaan imamnya mantap. Ini masjid persembahan Gubernur Ali Sadinin utk masyarakat Jakarta. Yuk coba tarawih di sini Pak Gub [username] [CAPS] dan Pak Wagub [username] [CAPS] [url] [CAPS],4
"Efek pintu tol slipi arah semanggi ditutup, macet parah di sini. Pak polisi bukan ngatur malah jagain jalur busway [username] [CAPS] [username] [CAPS] [username] [CAPS] [url] [CAPS]",1
"[username] [CAPS] [username] [CAPS] Setuju bang yg beginian bikin hidupnya gk tenang aj ya,gk mikirin yg lain ky gmn nyari orderan pengen enak sendiri aj jadinya,gw aj gedeg bener yg bikin opik begituan",1
Para raja dan sultan yang tergabung dalam Forum Silaturrahmi Kraton Nusantara merasa bangga dan terharu mendapat undangan dari Presiden [username] [CAPS] ke Istana. Menurut mereka Presiden benar2 memperhatikan budaya Nusantara [url] [CAPS],4
cewek-cewek lain kalo bikin instastory suaranya pada cakep bgt [ELONG] alus gitu ye kan. kalah manisnya gula mah. lah w dengerin suara sendiri aja kek tikus kejepit [EMOTICON] annoying bgt suara qu wkwkwk,0
"[username] [CAPS] Yess aku terlalu pemilih dan kriteriaku suka ketinggian gitu, terlebih lagi aku bosenan, takut aja gitu pas udah nikah tau tau bosen [EMOTICON]",3
"Buat saya, apa yang dilakukan Via Valen simbol perlawanan yang perlu didukung, apapun profesinya wanita tetap harus dihormati dan dihargai [url] [CAPS]",4
"sebab [CAPS] mundur [CAPS] adalah [CAPS] sebuah [CAPS] penghianatan, [CAPS] dibelakang [CAPS] pagar [CAPS] tribun [CAPS] kami [CAPS] terus [CAPS] bersuara [CAPS] untuk [CAPS] bangkitkan [CAPS] semangat [CAPS] pemain [CAPS] dilapangan! [CAPS] ini [CAPS] suara [CAPS] kami. [CAPS]",1
"Sebagai manusia yang punya phobia tempat sempit dan sesak, liat penyelamatan anak anak yang terjebak di dalam gua di Thailand, cm bs berdoa, merinding, pengen nangis :"") bergidik liat medannya. #ThaiCaveRescue",0
[username] [CAPS] @ bapak presiden yang terhormat.mohon bantuan jalan kami di kota pasuruandan kabupaten pasuruan rusak parah. Mohon bantuan bapak presiden untuk meninjau jalan kota pasuruan dan kabupaten pasuruan jawa timur. Rakyat tersiksa dengan jalan yang rusak,0
"[Satu menit kemudian] Ternyata bukan dari satu menit yg lalu, tapi sejak dua hari yang lalu gw udah jatuh cinta sama lu. [REPPUNC] Salah sapa coba?",2
"Kemarin habis sulam alis 6D, dan hari ini terlihat masih ketebalan kaya sincan karna hasil lukanya mengering. Biasanya peel off setelah 7 hari ntar hasilnya kaya bulu alis alami. Semoga ye, gak sia-sia wa nahan sakit sama jauh-jauh ke kelapa gading. [REPPUNC] [url] [CAPS]",3
Kppn punya akun fb? Ig? Twitter? Apa yg boleh dipost kppn dan apa yg enggak? Apa yg bisa diketahui umum apa yg enggak? Apa kami sempet update medsos kantor sdgkan medsos kami jg susah cari konten. (dyaar),0
"Selamat jalan adik kami, Semua yang hidup pasti akan meninggal, dan kembali kepada Allah inna lillahi wa inna ilahirojiun",0
"anjiir via vallen digituin sm nih org dan dia casually cm blg ""are u angry"" hmm emang hal kaya gitu sebiasa itu sih buat orang luar terutama asal negara2 eropa",1
"[username] [CAPS] intinya mah lakukan perubahan di dunia nyata aja apapun hasilnya, daripada cuma sampaikan opini di socmed yang seringnya malah nimbulin pro kontra tanpa merubah keadaan yg ada",0
"Jahat banget mbaknya,semoga mbaknya nggak jadi korban sexual harrasment juga yaa mbak biar ngga ngerasain gmana rasanya di lecehkan. Wah kesel bacanya pengen bilang tolol ke si mbaknya [EMOTICON] [url] [CAPS]",1
#ilcbpip [CAPS] satu lagi travel meler katanya anti asing tp sok2 bicara pake gaya asing. [REPPUNC] mulut bau. [REPPUNC] lalu Ko bikin apa Pak Kiyai ! [REPPUNC] [url] [CAPS],1
"Menurut penelitian ku 'orang yg paling susah di nasehatin adalah org yg jatuh [CAPS] cinta [CAPS] uda dibilangin masih aja [ELONG] ngomong dia ga gitu, ga gini' harus ekstra sabar.",1
"terus tadi ada orang dari dinas ngambil sampel air katanya keluar hasilnya minggu depan, [ELONG] aku jadi agak takut kalo mengetahui fakta ada binatang apa yg hidup di air tersebut, [ELONG]",3
"Bisa gak sih situ sekali aja mikir sendiri kalo mau ngerjain tugas, gausah sok""nanya (liat dong punyamu buat acuan aja, aku mau ngerjain nih nanti tapi bingung), tolong ya karena situ udah keseringan kayak gitu, jadi ku pasti tau dari awal itu cuman alibi",1
Setelah #RecehkanTwitter muncul #OldMoneyGakNgerasain nah sekarang lagi rame #AksiBelaVia ku merasa sangat uptudate dan bersyukur. Anti uninstall twitter twitter club.,4
"Ketika ditanya alasan mengapa aku mencintai dia, aku tak pernah bisa menjawab. Aku digerakkan oleh cinta tuk mencintai dia, bukan aku yang menggerakkan cinta. Cintalah yang menyatukan aku dan dia, bukan aku yang menyatukan cinta dengan dirinya.",2
"Sebenernya sy miris jg, siapa org yg mengakulturasikan gaya dan faham casual di kalangan supporter Bandung, seiiringnya waktu berjalan, lalu timbul lah beberapa organisasi yg mengatasnamakan Casual.",0
"cinta mulai menutup logikaku dan meniupkan sukmanya ke dalam hatiku. Sehingga apapun yang kamu lakukan adalah sempurna bagiku, sampai aku tidak menemukan keganjilan dalam dirimu.",2
"demi apapun baru aja ngalamin kejadian ini, pas gue balik ujian. siang2, lagi macet, tiba2 ada org gila ini teriak2 disamping gue jelas bgt omongannya kaya cerita dibawah ini. spot jantung gue, takut bgt sumpah",3
[username] [CAPS] hallo min kuota saya masih 9gb [CAPS] tp kok gak bisa dipakai? Katanya kuota saya udah habis. Ini gmn ya? Mohon bantuannya [url] [CAPS],1
"[username] [CAPS] [username] [CAPS] [username] [CAPS] [username] [CAPS] nek sinh mas drumer kui yo jelas cinta terindah no, kenangan tak terlupakan.. di mention wae cur..",2
"[Obrolan dengan dospem 1 & 2 di grup wa [CAPS] menjelang besok sidang] Dos 1: Fir, latar belakangmu masih kurang kuat~_~ Dos 2: Menurut saya, latar belakang sudah cukup, hanya kurang kuat di 'Tujuan penulisan' Saya: Baik sensei saya revisi *habis itu revisi bab 1*",0
"[username] [CAPS] [username] [CAPS] Sabar terus hehehee, engga mereka gatau kalau mereka tau aku udah diceramahin panjang lebar nanti disangka aku gak sayang Allah lah, dll [EMOTICON]",0
"Tuhkan, apple tuh kalo kasih update ga tanggung - tanggung, hp yang paling jadul pun masih diberi update, ngga kaya android yang setelah setahun dua tahun udah ditinggalin [EMOTICON] [url] [CAPS]",4
rambutnya yang telah dan semakin memutih. Dan badannya serta lengannya tak lagi kuat untuk menjagamu dari bahaya. Papa telah menyelesaikan tugasnya.,2
"Nggak ngerti lagi sama ciwi-ciwi yang nyinyirin Via Vallen ini,. Dia itu korban sexual harassment loh. Sesusah itukah untuk saling support satu sama lain gurlzz?",1
"Sayang banget sama orang2 ini. Semoga selalu sehat dan bahagia, diberikan limpahan rezeki dan jodoh yg baik. See u in another trip my loves! [url] [CAPS]",2
"Baru sehari, masih ada beberapa hari ke depan yg lebih padat tapi sangat menyenangkan. Wish me luck and healthy aja deh buat seminggu ke depan *fingers crossed*",4
"rt [CAPS] [username] [CAPS] Dia suka mengopi, tapi tidak bersamamu. Dia suka jalan-jalan, tapi bukan jalan denganmu. Dia suka apa saja yang juga kau suka, tapi dia tidak menyukaimu..",0
"[username] [CAPS] peng aku stalk akun twitternya juned dan memori sma [CAPS] benar2 kyk otomatically re-play in my brain. [REPPUNC] kangen kalian kangen [username] [CAPS] dan isinya, kangen ketawa ketiwi di kantin trs nongkrong di hums delima atau ke hums msg2 anggota buat mak",0
sini berobat sama saya ini ngantri dokter saja sudah kek mau ngantri sembako panjang bener~,1
"Jadi wanita jangan suka menghancurkan hubungan orang. Jgn bangga berhasil merusak kebahagian orang. Silahkan saja, tapi ga berkah bahagianya nanti hehe.",1
hua [ELONG] [CAPS] jujudd [ELONG] [CAPS] sayang [CAPS] banget [CAPS] aih [CAPS] ! [REPPUNC] aku [CAPS] harap [CAPS] juga [CAPS] jujud [CAPS] juga [CAPS] jangan [CAPS] pernah [CAPS] ninggalin [CAPS] kita! [CAPS],2
"'Liv, jgn lupa ingetin gue ya kalo gue ngeluh mulu.' 'Liv, jgn lupa ingetin gue ya kalo positive vibe gue di dunia nyata dah mulai jarang' Apalagi ya",3
aww [CAPS] thank [CAPS] you [CAPS] ainin [CAPS] sayang [CAPS]. aamiin [CAPS] moga [CAPS] moga [CAPS] dipermudahkan [CAPS] I love you even more hahahahhaa okey I'll change right now ! [REPPUNC] Hehehehe thank yiu againss,2
"bukan maksud membela diri,semua punya kesalahan. mungkin soal kerjaan,pertemanan dll. tp disaat pembelaan yg saya lakuin itu nyata adanya kenapa. [REPPUNC] sudahlah!",0
Bagaiman kabar jantung mbak-mbak yg megangin micnya? Udah bertahun tahun dr jaman gua sma tapi masih aja ngena heran gua semudah ini gua makin jatuh cinta sama canyol.,2
"Lagi ngoceh soal artis xx yg di follow masku..ya ngoceh dikit Temen kerja gue komentar ""haha kasian ya lu beli tiket mahal cuma salaman kaga di folbek"" I was like ""-_-"" [ELONG] Pfftt Males ngobrol ama orang gblk emang",1
saking asiknya test organo gak sadar pabrik udah sepi dan kekunci di dalem untung aja masih ada sinyal buat ngabarin orang kantor~ udah gitu aja.,4
"aku sayang semua mutualku, maap kalo belum bisa jadi mutual yang baik buat kalian, luv #TeenChoice #ChoiceFandom #btsarmy [CAPS]",2
"Beberapa orang tetap bisa menikmati hidup walaupun belum di pertemukan dengan pasangan karna ia memiliki sahabat dan banyak teman.. Dari orang2 terdekatnya, ia tak pernah merasa kekurangan kasih sayang",4
ih wowo saya pemaf kok tapi maaf saya pendendam tidak-ush minta akun kalau bwat di delcon picik otak lo!,1
sore kak rica ^_^ sudah makan kan [EMOTICON] semangat terus ya kak [EMOTICON],4
"Diucapin Happy Birthday sama bapak, heran2 gua kan udah lewat 3 bulan lalu. Ternyata berdasarkan kalender Hijriyah, tepat hari ini, 20 Ramadhan 1414 H gua lahir. Ok, i accept that",4
kamu apa kabar sayang,0
"Keren ! [REPPUNC] Kira-kira masih ada nggak yg bilang Pak [username] [CAPS] anti-islam? 3,5 triliun, 142 hektar, jadi kampus rujukan Islam dunia sekelas Al-Azhar. Belum lagi proyek Ponpes, madrasah, Masjid dan fasilitas ummat lain. Kl ada yg masih bilang Beliau an",4
"Akhir2 ini merasa sendiri terus. Iya sih, gaada yg bisa diharapin. Masing2 punya kehidupan dan kesibukannya masing2. Sekedar utk cerita aja susah. Sahabat memang susah nyarinya. Jadi bersyukurlah yang punya sahabat dikalan happy dan susah namun mereka selalu ada disisi kita",0
"Kadang secapek itu juga buat nahan hati buat gak blaming diri sendiri dan ngatain diri ini super bodoh dan mental tempe,tahu,risol berasa gorengan yg ampas-ampas gitu. Tapi gak boleh karena gimanapun juga diri ini udah bekerja keras berusaha",0
"Aku tidak membenco hujan sore itu, Aku hanya kecewa dia pergi saat mentari mulai bersinar. Lenyap. Seperti kisahku dan kamu~ #masihtentangJuni #ceritaKaa",0
"kami pemuda/i Indonesia bangga, [CAPS] Bahwa Indonesia mempunyai pemimpin2 hebat tak [CAPS] sekedar [CAPS] kata [CAPS] tapi [CAPS] terlalu [CAPS] banyak [CAPS] tindakan. [CAPS] Doa kami rakyat Indonesia semoga selalu jujur n bijaksana [username] [CAPS] [username] [CAPS] [username] [CAPS] [username] [CAPS] [username] [CAPS] [username] [CAPS] [username] [CAPS]",4
"Dulu, dia nampak seperti seorang lelaki yang lurus, innocent, baik, tapi aku dah tertipu habis sebab dah buta dengan perasaan cinta dan sayang dekat dia [EMOTICON]",0
"Hmm Thailand boleh juga tuh. Kebetulan saya suka wisata kuliner sih, tapi ngeri disana banyak yg gak halal, nanti malah gak makan apa2.",3
[username] [CAPS] [username] [CAPS] gitu amat mukanya ahahaha kmrn kalo taehyung kan cuma 'oh kite menang lagi' ini jimin anjir hahahaha tengil bgt mukanya,4
"kalau begitu aku ingin mengatakan kepada Desi: aku sayang kamu, Desi. aku suka kamu, Desi. ini adalah ungkapan perasaanku kepada Desi terlepas apakah dia memendam rasa yang sama atau tidak. [url] [CAPS]",2
Aku bersyukur segala hal untuk pertama kali kulalui dgnnya. Akupun bersyukur atas semua hal yg membuat senyum diwajahnya aku ada bersamanya. Tak peduli saat marah dtng kami tak lama jika berjauhan. Mungkin krn aku yg terlalu sering mengerjar dan ibumu terlampau kasihan pdku.,4
"Yang berat itu bukan rindu, dilan. Tapi ngerjain skripsi dengan berbagai pengalaman psikologi yang kurang baik. Katanya ada yang bilang tema dan judul yang saya ambil, sangat cocok dengan pengalaman pribadi saya. Bisa dikatakan iya juga bisa tidak sih.",0
"ini kakinya diapain sih harusnya ya ampun sakit banget nyeri. orang rumah udah pada jengah kali ya, aku aduh-aduh mulu gara2 serangan mendadak di kaki",0
"Niat hati mau regis sim card, udah selesai masukin nomor nik [CAPS],eh malah ada nomor kk. [CAPS] Mana gw tau lah gblk. [REPPUNC] emang kk [CAPS] gw yang megang, emang gw yang nyimpen. Kenapa juga harus kk?",1
Nangroe Aceh Darussalam memang Istimewa Al Fatihah buat Teuku Markam dan salam hormat buat keluarga Teuku Markam dari kami rakyat Indonesia [url] [CAPS],2
"Cuma liat notifikasi wa [CAPS] dibalas, senengnya setengah mati,gembiranya berhari-hari. ig [CAPS] story diliat dan ig [CAPS] post di cinta, girangnya kebawa mimpi. Jatuh cinta itu seringkali bikin seseorang jadi kekanak-kanakan lagi ya. [REPPUNC] [url] [CAPS]",2
"Jika datangmu sudah tidak menggenapi, pergimu pun tidak mengganjilkan, untuk apa kamu dilahirkan? Sebaik-baik manusia adalah yang berguna bagi sesamanya.",0
bicara asal ngejiplak saja sok tahu sangat sih (at sos wisma slipi lt 7),1
"di setiap pandangan mata,genggaman tangan,pelukan hangat,ada definisi cinta bagi tiap pasangan,ada pemahaman yang berbeda,ada pengertian yang berbeda,mungkin kamu akan lebih banyak terluka,tapi itu tidak akan membuatmu berhenti mencari cinta. A Perfect Love",2
"Bagaimana ya. Jalur yang dilewati juga jalur lewat truck juga. Aku mikir gini ""sayang gak sih sama nyawa?"" Dan beberapa umpatan lainnya. Dan jalan itu kurang penerangan dan banyak sekali yang ngelawan arus jalan.",3
"Pengen rasanya pacu fisik lagi, biar tetep terjaga tapi puasa gini bikin labil, persiapan puncak mandala dan diksar wanadri semakin menjauh tampaknya, ayodong semangat!",4
"Masih di spam nihh sama Indosat [username] [CAPS], padahal ku sudah melakukan segala nasehat yg dianjurkan mimin2 yg membalas twit sambatku ini Terhitung sudah 20 sms sejak jam 11 tadi. Pacarku aja ga posesif gini lhoo",1
[username] [CAPS] baru penumpang yamg mau naik. [REPPUNC] kadang saya suka gemes [ELONG] mau turun mereka ini sudah berjubel dipintu.. iya sih mereka mencari nafkah.. tp jangan seperti ini biarkan kami para penumpang turun dulu. Trimakasih,1
"paling seneng kalo berobat di bandung. sama konsulen bisa sharing, becanda. lah kalo di bali ngeliat konsulen cuma bisa nunduk sambil senyum kecut",4
Tp iya sih dosa lo banyak sm gue. Tp aku tetep cinta kok muahh,2
"Aku gak salah bila mohon pd [username], [CAPS] segera Perintahkan menkes [CAPS] utk menambah Ruangan Khusus ""Sakit Jiwa"" pd stiap Rmh Sakit. Sbab, tdk menutup kemungkinan, usai [CAPS] pilpres, [CAPS] stiap Rmh Sakit akan dibanjiri Pasien ""Sakit Jiwa"". Tanda2 kearah sana itu sdh ada. Saat ini banyak yg stress [CAPS]",3
[username] [CAPS] setidaknya beri saya kejelasan uang saya..dan langkah2nya ketika nasabah memiliki problem seperti ini..sudah satu bulan lebih loh..tolong yang Bank Mandiri terutama untuk Kantor Cabang Sabang Jakarta Pusat,1
"Dulu ada orang yang membawa segudang kata ajaib dan itu bisa menenangkan saya, bahkan merubah mindset saya waktu itu. mungkin saya sekarang membutuhkan orang seperti itu. orang yang membawa berpikul-pikuk cerita dan tak sabar ingin diceritakan.",0
"Tak yakin ku kan mampu hapus rasa sakitku. Ku selalu perjuangkan cinta kita, namun apa salahku? Hingga ku tak layak dapatkan Kesungguhanmu. [REPPUNC]",0
"Wah gila sih, ini lokasinya mirip2 selly oal &amp",4
"Oppa nih [ELONG] aku ada flower bucket buat qm,maafin aku udh bikin km ngambek krn gk ngabarin tadi, akuu sayang kamu [ELONG]",2
"Sebagai anggota komite medik di rs [CAPS] tempat sy bekerja, kami kdg membicarakan death case di rapat komite medik. Membicarakan pasien yg meninggal dlm perawatan di rs [CAPS] bagaimanapun tidak pernah menyenangkan wlopun bukan pasien sendiri pun",0
[username] [CAPS] [username] [CAPS] Halahh [ELONG] di kritik dikit langsung ciduk. [REPPUNC] apalagi ketemu. [REPPUNC] noh kacung2mu braninya emang di medsos doank giliran diskusi terbuka plangaplongo.. ngalor ngidul kabur [ELONG],1
"dan konten ask fm cuma seru2an aja sama temen2 ngga ada yg berbau seks sama sekali, jawabin pertanyaan juga yg normal2 aja tapi kok banyak yg mention kayak gitu ya, sedih akutu",0
Klo boleh jujur gua kadang ngerasa sebel sm itu org. Tau ko klo emg cinta bgt sm w1 tp gausah segitunya. Sungguh. Bnrbnr gamau kalah bgt sumpah.,1
"Lu harus tau rasanya sedeket itu sm orang gila takut bgt gua tuh. [REPPUNC] Trs temen gua ternyata denger dia bilang ""wah gede jg ya pahanya"" Yalord. Aing teh cm mau piknik naha ada geginian ! [REPPUNC] Terus akhirnya w nelpon temen pake ngomong seakan akan dia bapak gua dan nyuruh jemput [EMOTICON]",3
"Untuk setiap yang aku sayang, mungkin aku tak selalu ada di sisi kamu selamanya. Namun aku akan sentiasa doa, Moga tetap teguh dalam jagaan",2
Semua tak sama Tak pernah sama Waktu yang terus berputar tidak akan pernah Sama dengan yang tlah terjadi. Menikmati setiap detik keadaan itu akan lebih menghargai waktu yang Tuhan berikan untuk kita..,0
"Kita mah ngerasa ga enak kalo membiarkan orang, soalnya udah sering ngerasain ga enaknya di biarkan sama orang. Tapi kok gitu sih mereka. [REPPUNC]",1
Dia itu beda dia yg ngenalin semua hal yg ga pernah gue tau sebelumnya dia yg gapernah nunjukin apa apa disosmed dia yg ngajarin gue buat cinta sama alam makanya gue gabisa move on ampe sekarang He's the one ! [REPPUNC],2
"saking terlalu banyak mikir, terlalu jauh pikiran gue, trs jd takut sakit hati, in the end gue yg nyakitin diri gue sendiri.",3
"Hati-hati jika belanja di [username] [CAPS] barang tidak dikirim,uang tidak kembali",1
Love this pic terima kasih atas waktu yang sangat indah Note:abaikan muka gw yang kaya babu @ Pantai Legon Prima Anyer,4
"Selamat ulang tahun himasifo, aku mendoakan yg terbaik untuk mu dalam segala hal semoga bisa memberi manfaat bagi jurusan, almamater dan bangsa. Terimakasih mas hilman yg dulu mengajak ku untuk ikut dan menjadi bagian dari team mu.",4
"Ndak usah jauh jauh mikir besok pemimpinmu siapa, mikir nanti sahur makan apa aja dulu. Kalo masih berharap dapet takjil saur on the road, fix nggak usah sok koar koar deh gonta ganti pemimpin xixixi",1
Kain batik asli Indonesia Pahat kayu buat bikin bangku Makin asik dan hati bahagia Liat yg ayu @8rianna_ penguasa hatiku [username] [CAPS] [username] [CAPS] #IniSahurTIKETCOMHariKe20,4
Happy birthday to us [username] [CAPS] and happy 6th anniv wkwkwk Bentar lagi kita putus huhu aku harus cari pacar baru [EMOTICON] [url] [CAPS],4
"[username] [CAPS] Anjay, serem baca replyannya. Dulu gue daftarnya Tekkim karena suka kimia tapi gk lolos. Untung nyasar ke Farmasi, fisikanya gak begitu banyak",3
kadang aku terasa sesuatu. takut. takut akan tidak memperoleh yang aku ingini. takut akan kehilangan yang aku ada. takut akan semuanya berubah sekelip mata.,3
"Kok ngeri bacanya.. Ibuku juga bilang gitu sih, efeknya tuh ke mata. Jd mending gausah.",3
"Yah kalo mau ""ke jalan lebih baik"" apa gak bagusan di kasi aja alat musik itu ke kawan kawan yang berbeda ""servernya"", kalo gak mau temen temen yang sama ""servernya"" terjerumus ke hal yang kau maksud tidak baik itu. Jangan di hancurkan lah..",0
"Menikmati setiap denyut jantungku merasakan setiap hirup nafas ini,perlahan sadar setiap mata ini membuka dan kembali menutup. Rasakan, nikmati, renungkan,mulai Menutup mata, menghelai nafas panjang dan tersenyum, merasa tubuh ini seakan melayang lepas bersama seluruh nikmat-NYA",4
"Harap diperjelas Pak Ketua [username] [CAPS] agar masyarakat paham, mana atau apa kriteria gratifikasi lebaran yg dilarang itu & dimasyarakatkan kriteria itu. [REPPUNC] ?",3
"Saat sendiri, hanya saya yang tau dan mungkin baru-baru ini saya rasakan yg sebenarnya saya alami disana Tertekan, ya saya tertekan disana Malu, takut, merasa bodoh",3
soal [CAPS] mahar [CAPS] itu [CAPS] urusan [CAPS] partai [CAPS] bapak [CAPS] jangan [CAPS] bawa2 [CAPS] islam [CAPS] pak [CAPS]. [REPPUNC] islam [CAPS] itu [CAPS] agama [CAPS] yg [CAPS] indah [CAPS] dan [CAPS] cinta [CAPS] damai. [CAPS] partai [CAPS] bapak [CAPS] cari [CAPS] mahar [CAPS] ?,1
"[username] [CAPS] [username] [CAPS] Mengakui Jaringan 4G nya lemah, [CAPS] ya tolong di perkuat dong, jangan sampai Harga Kuota yg 12 Giga, di Rp. 95.0,- [ELONG] tidak sebanding dengan Kualitas Sinyalnya, perkuat di daerah Sariwates, Kiaracondong, Kota Bandung cc: [username] [CAPS] [url] [CAPS]",1
Jangan membuat bumi ini menangis dengan keegoisan kita mengeksplorasi segala kekayaan alam yang dimiliki dengan serakah dan tidak bertanggung jawab. Selamat Hari Lingkungan Hidup Sedunia [username] [CAPS] [url] [CAPS],0
Dear [username] [CAPS] apakah tdk ada sistem yg mendeteksi untuk memperbaharui perubahan harga ongkir? Udh taun 2018 nih nombok terus setiap kirim paket gara2 ongkir ga sesuai.,1
"Bulan purnama jika ada pasangan yang saling membenci dan atau saling mencintai pada saat bulan purnama bersinar dan mereka di bawahnya, maka mereka akan menjadi pasangan sejati yang akan menjadi pasangan paling tersohor sealam jagad raya",2
"Haechan aku sayang kamu. Sayangku ke kamu gak kebagi, ini masalah pribadi tenang aja sayangku ke kamu lebih besar daripada sukaku ke dia yang udah kompre hari ini [url] [CAPS]",2
Senyum2 sendiri baca #OldMoneyGakNgerasain karna emg gw ngalamain yg rata2 di twit haha kaya di suruh beli minyak tanah ke warung terus dirigenya ditendang2 pake dengkul kaki,4
tapi yah aku tuh suka namjoon bukan karna makin sini makin cakep tapi karna personality sama talent dia juga.kalo yg belum jatuh cinta sama namjoon coba tonton solo vlive dia yang pake pajama ryan kalian pasti akan jatuh cinta sama bapak yang satu ini,2
Happy anniversary 2nd.. Semoga Allah swt [CAPS] senantiasa melindungi dan menjaga kita dalam menempuh setiap langkah kehidupan. Dan lekas diberi kepercayaan tuk,4
"Baca ini aku jadi takut [EMOTICON] padahal pakaianku sehari-hari juga udah syari, kerudung menutup dada dan selalu pakai rok.",3
Sedih ya di ig banya yg hate comment ke via vallen. Mungkin belum pernah ngerasain sakitnya sexual harasmen even itu bukan kontak fisik. Saya membayangkan diri saya sendiri dinilai segitu rendahnya aja pengen ngaplok orangnya. To be true aja.,0
[username] [CAPS] Gila kok ada ya perempuan pikirannya malah nyinyirin. Banyak lho kasus korban sexual harassment ga berani speak up yang berakhir bunuh diri.,1
"Udah maghrib, aku shalat dulu ya.. Seperti biasa akan ku sebut namamu dalam do'a ku, kali ini aku akan lebih bersungguh-sungguh meminta dan memohon kepada-Nya untuk kesembuhan dan kesehatanmu serta kebahagiaanmu. Aku sayang kamu [username] [CAPS] #GetWellSoonLeeteuk",2
"Mamah adalah sumber kasih sayang, mengasuh dan memberi tanpa batas. Mamahlah yang selalu berjaga dan terjaga dikala malam hari. Yg selalu menemani, mengajarkan berjuang",2
"Bagian terseram, caraka malam ditengah hutan belantara. Udah gausah dibayangin, asli serem. Disuruh jalan, disuruh apalin sandi panjang banget, ditengah dikasih masalah, ditengah sama akhir ada pocong2an, belum lewatin parit, tanpa penerangan apapun. Kacau asli. [url] [CAPS]",3
"Tengah ddk baca replies dkt bwh ni, tiba2 air mata mengalir. [REPPUNC] Benda yang paling seram adalah menjadi ibubapa. [REPPUNC] kita xkn tahu satu perkataan yg dtg drpd parents boleh memberi kesan seumur hidup",0
"Biji lu dia nolak, imam mata duitan kok lu percaya dia nolak ! [REPPUNC] Sdh mata duitan mesum pula, yg gigit jari pendukungnya yg Tolol",1
"Makin gede makin gampang filter temen, kalo yang tiap diajak jalan selalu ribet nanya ini itu tapi akhirnya dia yang nggak ikut dengan berbagai alasan, ya nggak usah diajak lagi.",1
"Di hari keterbatasan ini, apa yg kamu pelajari? Derasnya harus kita hadapi, tak mudah menjalani cerita ini. Di hari keterbatasan ini, ambil semangat hati. Semua yg kamu percayai, menuntun langkahmu pulang disini",0
"Anjir. Kenapa apkl gojek harus ada nomor telp nya. Udah kek bpjs aja no telp wajib, ga sekalian tuh wajib nama orangtua biar bisa ijab qobul-_-",1
"Sudah terjadikah ? Islam ya islam,tidak usah ditambahi dan dikurangi jangan [CAPS] sampai [CAPS] salah [CAPS] pilih [CAPS] guru [CAPS],jika [CAPS] ia [CAPS] masih [CAPS] menghalalkan [CAPS] musik [CAPS],rokok [CAPS] dan [CAPS] riba [CAPS] ! [REPPUNC] dan [CAPS] akan [CAPS] terlihat [CAPS] jelas [CAPS] mana [CAPS]",1
[username] [CAPS] dikasih minyak tawon gitu perhari nya nanti dibiarin sampe mateng nah kalo udah baru tuh diletusin biar darah kotor nya keluar semua gitu ngeri. [REPPUNC],3
"Kagum sih sama dia. She's younger than me, badannya kecil kek anak smp sekarang mimpin satu cabang besar isi 80 orang dan cabangnya one of the best di region banten",4
[username] [CAPS] Bullshit! Mereka semua. #Rakyat yang akan sebagai #Penentu. Nasib #Indonesia bukan pada para tokoh #elit maupun tokoh #Parpol tapi ada pada kekuatan Rakyat,1
"[username] [CAPS] [username] [CAPS] Kaya gini mau nyaleg..? Uda dapet korupsi berapa M, masih kurang. [REPPUNC] ! [REPPUNC] Jadi inget ama yg nyolong ampli mushola. [REPPUNC] Sebanding ga harga ampli ama yg di korupsi taufik [CAPS]. [REPPUNC] ? Kalau mencuri ampli yg harganya ga seberapa di bakar [CAPS] hid [CAPS]",1
Padahal yang lain senyum ramah lohh sama fansnya. cuma kamu sendiri yang agak angkuh ! [REPPUNC] Rodo ngadoh piee ngono nek tak rasakne sumpah wagu mas polahmu,1
[username] [CAPS] Ng [ELONG]. [REPPUNC] bagus sih. [REPPUNC] kayak video iklan pariwisata. [REPPUNC] tehnik editing sinematografi blablablablabla lah pokokmen juara banget t. [REPPUNC] tapi. [REPPUNC] ya udah. Gitu doang. Kurang berasa personal.,4
selamat [ELONG] pagi [ELONG] menjelang siang sayang ku [ELONG] semangat hari ini jaga kesehatan aku sayang kamuI love u bby [username] [CAPS],2
"[username] [CAPS] Aku gak salah bila mohon pd [username], [CAPS] segera Perintahkan menkes [CAPS] utk menambah Ruangan Khusus ""Sakit Jiwa"" pd stiap Rmh Sakit. Sbab, tdk menutup kemungkinan, usai [CAPS] pilpres, [CAPS] stiap Rmh Sakit akan dibanjiri Pasien ""Sakit Jiwa"". Tanda2 kearah sana it",3
Thank you for your wishes guys.. Sebagian Alhamdulillah udh kesampaian..(TerimaKasih Ya Allah). [REPPUNC] #throwback #nadyaandriwedding,4
sama.adiknya jg tuh si lita gw ga mau akrab2 lg coz mama gw benci bgt sm dia maklum mama gw sodara keluarganya ada keturunan saraf jd yah gitu kebanyakan yg jahat sialan dengki sm gw emg sodara mama gw,1
"Sebuah Keindahan Diatas keindahan, Apabila Aku Bisa Menikmati Puncak Itu bersamamu.. auft [ELONG]",4
"Baru tau, ada suami yang segitu cemburuannya. Isterinya ada tanda bekas digigit nyamuk, dituduh abis dicupang orang lain. [REPPUNC] [url] [CAPS]",0
"Sudah berumur seperti ini aku masih ditanyakan cita-cita apa, tak jawab Di usia sekarang ini saya sudah mengerti tentang adanya privilege di masyarakat yang banyak tidak saya miliki, bisa memenuhi kebutuhan sehari-hari di masa mendatang sudah cukup",0
Yanga namanya pertemanan pasti ada suka-dukanya. Dan disinilah kita belajar dan berproses bersama. grumpytard minoruliciouces #friendship_goals,4
"Adalah bapak yang setia mendampingi ibu. Adalah bapak yg terus berusaha melucu bikin ibu ketawa. Adalah bapak yg masih menganggap anak 24 tahun ini masih kecil. Adalah bapak yang paling cemburu ketika ada laki2 datang ke gadisnya. Luar biasa ya. Cinta sekali, bapak",2
Hahaha hrs [CAPS] dapat wahyu ? dari setan bukan dari Alloh [username] [CAPS] [username] [CAPS] [username] [CAPS] [username] [CAPS] [username] [CAPS] [url] [CAPS],1
"Buat hiburan, baca ini deh trus lanjut baca twit2 receh di #OldMoneyGakNgerasain. Ternyata hidupque tak lebih dari remah rangginang. Macam manusia yang makan Di kiefsi doang oge meni hayang pamer di story hahaha. Aque maloo [username] [CAPS] [username] [CAPS] [url] [CAPS]",4
"Liat show terakhir stun deh, lincah bet. [REPPUNC] Curiga pas bayi ga dibedong tuh opa Mick rt [CAPS] [username]: [CAPS] [username] [CAPS] sex nya itu Den yg bikin muda terus",4
"4. Takut Takut, nanti kalo diputusin gimana? Kalo diselingkuhin gimana? Kalo diporotin gimana? Kalo malah diajak ke kua [CAPS] gimana? Gimana? [ELONG] gimanaa [CAPS] ! [REPPUNC] Ya pokok nya banyak lah ketakutan ketakutan lainnya.",3
Ada temen minta gue rekomen dia buat masuk kantor gue. Ya gimana dia kaga siang kaga malem WA-an mulu. Kalah gue yg fangirl dan emak2. Gimana mau rekomen. Kerjanya kapan orang begini.,0
"Watch this. Ini yg sulit aku bahasakan ke tman2 pergerakan. Inti nya, pandang cadar sebagai pilihan. Terlepas dia cocok dengan budaya kita ato tidak. Krn kita muslim(ah). Ini : toleransi. [url] [CAPS]",0
Ini lho yg mengiris hatiku ! [REPPUNC] Masih tega buang sampah plastik sembarangan? Masih males mengurangi pemakaian plastik kresek & plastik kemasan lain? #BijakBerplastik [url] [CAPS],0
"Perginya diantar sama teman, gak bawa hp. [CAPS] Udah janjian biar dijemput jam setengah 2. Krna sayanya ketiduran, dan yg jemput gak nongol2, bingung mau gmna. Akhirnya jalan kaki 2 km siang bolong. Ngeri kali lahh~~ vanashh syekaleh vemirsyahh",3
"Tidak sepakat, dan anda menyesatkan orang lain. Tidak disemua tempat kita boleh melaksanakan sholat, salah satunya di bangunan yang didirikan untuk kekafiran (salah satunya gereja). Aku berlindung kepada allaah [CAPS] swt. [CAPS] dari godaan setan yang terkutuk",1
"[username] [CAPS] [username] [CAPS] [username] [CAPS] [username] [CAPS] [username] [CAPS] [username] [CAPS] [username] [CAPS] [username] [CAPS] Zon jangan lihat bajunya saja,sekali-sekali pegang burungnya,liar atau jinak ! [REPPUNC]",1
Tetap disini.. Jangan biarkan aku sepi sendiri.. Izinkan aku selalu bersamamu.. Dalam ikatan yg direstui semesta.. Aku sayang kamu separuh hatiku,2
"Rencana #bedahrumahibuiriyani,trimksh bpk/ibu atas bantuan dan dukungannya,smg langkah kecil ini berjalan sesuai rencana#timpedulitimka. [url] [CAPS]",4
"Wah habis kegiatan yah. Hati"" dijalannya yah. Iya udah di rumah ini siap utk istirahat. Km jg istirahat yg cujup yah, cicil tidur di mobil aja ge. [REPPUNC] Hehe",2
"[username] [CAPS] saya kalau pakai internet banking full site dari handphone, untuk transfer ke sesama rekening bca, ""appli 2"" masih bisa, ""appli 1"" masih bisa, tapi untuk tekan tombol ""lanjut"" / ""kirim"" ga bisa. Memang dana tidak terkirim, tapi akhirnya saya haru",1
"[username] [CAPS] anda darimana ? maukah walikota anda keluar dari a.c di bonceng motor traika, dateng ke lokasi bom. [CAPS] kalau [CAPS] ga [CAPS] punya [CAPS] jiwa [CAPS] bonek, [CAPS] ga [CAPS] mungkin [CAPS] mau. [CAPS] anda [CAPS] mengkritik [CAPS] dpr [CAPS] mpr [CAPS] tapi [CAPS] tangan [CAPS] anda [CAPS] menjabat [CAPS] mereka, [CAPS] dan [CAPS] tubuh [CAPS] anda [CAPS] membungkuk [CAPS] pd [CAPS] mereka [CAPS] ag [CAPS]",1
Untunge mereka tanggung jawab (kasih kaos ganti) setelah diguyur air kadi korban keisengan temen2 [username] [CAPS] [username] [CAPS] aisjogja aisjateng_plat_h,4
[username] [CAPS] Mungkin sampaikan kepada gubernur jakarta dulu supaya trotoar utk pejalan kaki dirapikan dulu bukan dijadikan tempat utk berdagang. Saya sering jalan kaki di sepanjang satrio tp pedestrian sungguh kurang nyaman.,0
"Nangis dipundak kamu, boleh? Aku pilu, sungguh.",0
Aku hamil sama abang! Masa hamil sama setan? Aku hamil sama abang! Masa hamil sama siluman?~~ Dan playlist ini ternyata sering keputer di radio mobil setiap pagi berangkat school haha #HamilSamaSetan,4
"saat ini lebih ngerasa pgn manfaatin waktu sebaik-baiknya. kalau msh bisa pulang tepat waktu, ya pulang, biar bisa buka di rumah brg keluarga. karena moment ini priceless bgt. [ELONG]",4
bikin orang kesal saja,1
"[username] [CAPS] Eh seriusan dia ga dijepang lg? Udh abis kontrak atau gimana? Halah dia mah emg gitu, semua artis kpop disosor sama dia. Gila ya, ga sayang apa dia duitnya dihambur2-in buat hal2 gajelas. Bukannya ngatur cuma dia itu keliatan bgt pamernya.",1
"Apakah Anda setuju [username] [CAPS] adalah partai tong [CAPS] kosong [CAPS] nyaring [CAPS] bunyinya, [CAPS] berisik tapi miskin manfaat. Yang setuju rt [CAPS]. [REPPUNC] #2019GantiPresiden",1
"Dulu. [REPPUNC] dulu banget, naksir temen sd [CAPS] inisialnya sr [CAPS] wkwk kdg suka ngukir nama di buku diary edasr. [CAPS] Trs pernah berdoa minta jodoh sama dia waktu ketemu lagi pas lulus sma. [CAPS] Eh gak disangka inshaAllaah jodohnya sama sr [CAPS] jugak. Walaupun beda orang *akibat doa yg spesifik*",2
"Akan ada satu hari, kau yg ikhlas di hujat, fitnah, adu domba.. melangkah ringan di hari perhitungan. Krn hukuman di terima di dunia dg semua ikhlas terima kejahatan mrk padamu. Dan urusan mrk, biar Allah yg tangani saja",4
gerah perjalanan jauh,0
"[username] [CAPS] Aku tak mudah mencintai bilang cinta tapi mengapa kini denganmu aku jatuh cinta,tapi jika kalau belum jodoh aku bisa apa - Menyimpan rasa /devano danendra",0
"Gue mau cerita kalo dia ini bisa akrab juga sama susin yg cuma 2 bulanan aja kerja. Kayaknya itu udh akrab bgt, kayak temen sekolah aja. Dan saat itu gue tahu gimana kpribadian susin sbnernya. Si D ini, kalo gue perhtiin, ngeri juga ya klo diajak ngobrol.",3
"btw doa restu orang tua itu emang gilingan ya. [REPPUNC] pas udah mentok nyari literatur tambahan, nemu aja dong di rumah. [CAPS] padahal dari kemarin udah panik kudu mesen dari banyumas apakah ini berkah ramadan [url] [CAPS]",4
"Punya sahabat cowo 2 nih, tapi sering nya ga konsisten terus sering bohong lagi. Kenapa sih? Udah berkali2 dimarahin karna sering bohong tapi ga mempan2 juga. Apa kodratnya suka bohong apa gimana?",1
"Jaman itu harga komoditi booming, harga minyak bumi berapa? Membandingkan itu harus apple to apple. Dgn pertumbuhan segitu tapi proyek2 pada mangkrak! [url] [CAPS]",1
"Ijazah mendadak nyelip tu, langsung tiba2 kebayang perjuangan dikampus, penelitian, skripsi, de el el. Emang ya kudu gak ada dulu, baru berasa.",0
Siapa bilang kafir gabung sama khilafah bro jgn alihkan isu anda itu siapa penyelundup dari kaum bumidatar se-olah2 pro Pancasila [username] [CAPS] [url] [CAPS],1
"Kami punya cara kami sendiri untuk berdamai dengan diri kami lewat jalan komedi, kalau ada yang punya cara berbeda, apa berhak membuat kami bungkam? Padahal kami tidak mengusik cara yang mereka percayai.",1
"Rambut diacak acak kagak suka, hati diacak acak dibiarin aja.",0
Nge gua cinta sama lo ngelebihin cinta githa sama lo. Love you nge. Temen gua yg bisa dampingin gua sampai saat ini. Curhatan gua sampai saat ini. Walaupun no solution. Hati gua senyum klo lo yg ngomong.,2
"biasanya marketing itu yg ngejar2 cust ya? tapi gw kebalik lho, [ELONG] gw yg dikejar2 cust muluu,sampe [ELONG] kdg2 cari cara, gmn ini caranya nolak",0
aku takut dngn smua bnda.. ap y bkl trjadi ap y tgh tjadi kat sekeliling aku.. aku takut dngn diri sndiri.. hate this feeling.. just wanna die rn.. fml,3
Dari kasusnya mang kosim dgn mba vv [CAPS] ini msh banyak dr sesama perempuan yg gak menganggap sexual harassment itu sbg ancaman malah justru dpt victim blaming. saya jd semakin paham ternyata perempuan itu jauh lebih julit & jauh lebih judgemental ke sesama perempuan.,1
"Ya tau kalo rasa sakit hati memamg sulit, tapi ada kala nya saat di jenjang rumah tangga jangan lah di publikan situasi saat ini. [REPPUNC] media itu jahat enggak menyelesaikan masalah dengan terlontarnya kata demi kata",3
"Kalo ada yang menganggap big is beauty, terus kami mikir, big is awal mula berbagai penyakit. Sah-sah aja lah. Kalo tersinggung, jangan-jangan emang ga yakin sama kepercayaannya? Mau setuju tapi udah terlanjur.",3
[username] [CAPS] [username] [CAPS] [username] [CAPS] [username] [CAPS] [username] [CAPS] Donggo2 inilah yang sebenarnya pemecah belah nkri [CAPS] kenapa tidak di tindak mana bpip.. [CAPS],1
"Jadi hm.. [ELONG] kalo ada dua orang sama-sama sudah siap untuk menjalin hubungan yg serius, masing-masing dikecewakan oleh pasangannya. Trus mereka memutuskan untuk mencoba bersama, tapi masing-masing masih belum bisa melupakan pasangannya itu. [REPPUNC] Itu gimanayaa?",0
"(1) #Ramadan hai tweeps, lewat sini aku pengen cerita nih yah tentang ramadan yang penuh berkah. Ini kali pertama aku ramadan dengan situasi seperti ini dan sangat berkesan utk aku pribadi Sehari sebelum ramadan aku diajak jadi penyiar di studio Yayasan Masy Muslim Freeport Indo",4
"Indonesia baik baik saja kok brisik amat ya Di kampung2 orang2 yang kalian ""jual"" susah, miskin, dan sejenisnya nyatanya biasa saja Masih pada merokok tak berubah. [REPPUNC] Tagarmu makan sendiri ya. [REPPUNC] hahahaaha [CAPS]",1
"Aku dong pernah ditolak sama: -cargloss [CAPS] -nutrifood [CAPS] -propan [CAPS] -bi [CAPS] -forisa [CAPS] -berlico [CAPS] -cantik [CAPS] jelita [CAPS] (ini yg paling sakit krn cuman masalah shift yg belom tentu ada) [CAPS] Aku tabah kok, Tuhan.",0
"Lha bknnya elu imam cabul dibelain ama 7jt org tolol lho, kebayang kan betapa begonya manusai model kau takut ga msk surga ! [REPPUNC]",1
"Sebenernya badan ini kurang sehat dibawa makan susah, keringet dingin dari pagi tapi dibawa sehat untuk d'bawel apalagi ada acha. karna janji udh lama. Udh ke toilet 5x ditahan kalo gk ditahan bakal lebih, hm. [ELONG]",0
[username] [CAPS] Pasti mimpi kali item ya om. Emang serem sih apalagi dipakein jaring. Ga kebayang mahkluk apa yg tiba2 akan nongol karena tambah pekat.,3
"Sebenarnya ga kaget juga sih, krn setahu gw sebelum Jorge Lorenzo pindah ke Ducati, Honda dikabarkan ngebet banget pengen dapetin Jorge. [REPPUNC] Akhirnya kesampaian deh. [REPPUNC] Good luck deh buat jagoan gw. [REPPUNC] [username] [CAPS]",4
Kalo ada luka terbuka jg lbh gede tuh peluang menularnya.. misal luka terbuka karena dicukur.. nah alat cukurnya kan gak pernah di steril.. ekok serem yak #DeteksiDiniHepatitis [username] [CAPS],3
"[username] [CAPS] Oppa kenal yang kyungie charain ga? Tak kenal maka tak sayang, makan nya sini kenalan sama kyungie dan ngobrol sama kyungie. Pasti kita cocok, kyungie bakal lakuin terbaik sebisa kyungie kalo ke verif. Makannya oppa verif kyungie j",4
jijik anat nak angkat call kau..jijik tau tak jijik. [REPPUNC],1
"Di Instagram hits, hype parah, terkece lah, followers banyak cakep cakep lagi, bikin story rajin. tapi giliran stok foto dia abis larinya ke gue, ngajak hunting sana sini kan anying ya lu pikir gengsi dibawa mati",1
"Baca2 tentang vaksin di akun ini kok serem kali yaa. Ayuka vaksin terus sesuai jadwal padahal. Tapi kalo kandungan vaksin semenyeramkan yg dijabarkan di akun ini, kok was was jg. Tega kali orang2 di belakang. [REPPUNC] [url] [CAPS]",3
"Ramai, itukah dirimu? Kurasa memang iya, namun ramaimu tidak menimbulkan kebisingan melainkan terciptanya sebuah kenyamanan bagimu dan bagi orang2 d sekitarmu",4
sbnrnya gw tau mama gw.tuh si daniel aja disetujuin kl gw pingin nikah ama bule ttep asal bulenya dia tau keliatan dpn mata dia.tp daniel kan kl mau sm gw jg mau numpang hidup doang woii ga deh amit2 7 turunan ga deh jgn geer lo daniel gw ga bakal milih lo gw mau cari duda mapan,1
ngakak ane liatnya wkwk,4
maaf jika saya bolak balik reply mohon bantu share.maaf jika kalian anggap itu nyampah.anjing ini sangat berarti bagi saya. [REPPUNC] maaf kalo terdengar lebay dan dramatis tp anjing saya ini bener baik dan setia.makanya saya sayang bgt sm dia. sekali lagi maaf yang merasa terganggu,0
"Hati yg sakit dan merasa tersakiti oleh perbuatan oranglain, sesungguhnya sedang tersakiti oleh diri sendiri. Hanya karena besar marahnya, besar egonya, maka besar kecendrungan untuk menyalahkan orang lain",0
Partai merah ini kan ideologi dasarnya tidak mengakui adanya akherat.Masih sejalan dgn Pancasila kah?.Yak apa pak prof [username] [CAPS] mnjelaskannya.Sila pertama jelas tdk nyambung dgn partai merah. [url] [CAPS],1
"Rupiah jatuh anjlok ramai menyalah-nyalahkan pemerintah, gilirah rupiah naik menguat mereka mingkem. Sekarang anggota dpr [CAPS] menyalah-nyalahkan polisi, pas bom meledak salahkan pemerintah lagi. #GituAjaTerus sampai gue jadi Sekjend pbb [CAPS]",1
"Samin rasis sudah tua pikun sudah tidak punya rasa sehingga lupa statemenya melampui Tuhan. nggugu karsane priyonggo, Gonjak ganyuk ngelingsemi. [REPPUNC]",1
"Itulah knp tiap2 mau nulis inggris selalu cek dulu ke kamus. Tp meskipun dah dicek, seringnya ku hapus lagi masih takut salah grammar",3
"Jadi aku suka baca komen pembaca dlm setiap kisah seram, lagi terhibur. Antaranya kata xboleh tidor terpikir-pikir, xberani pergi tandas punye takut, kalau duk hostel kwan cerita hantu memang tidor peluk member. Nak kencing pun tahan sampai subuh. Ini level ketakutan kita.",3
[username] [CAPS] saya rasa pantas anda dicemooh oleh orang banyak karena kalau anda mau dihargai maka hargai pembalap lain terutama yang sudah jauh lebih senior dari anda,1
Rejeki itu pas mau masuk parkiran diserobot mobil lain padahal jam2nya parkiran penuh. Maklum lah biar kalo ada yg kosong bisa dapet duluan. Eehh pas depan pintu masuk banget ada mobil lagi parkir mau keluar &amp,1
"Besok padahal uas [CAPS] statmat tapi berdoanya bukan buat uas [CAPS] xixixi Karena aku bersyukur negeri ini damai, sehingga aku diberi kesempatan terus mencari ilmu di jenjang yg sekarang. Coba kalo Indonesia kek Suriah, ga mungkin seleha leha ini",4
[askMF] kalo lagi presentasi kalian yang maaf nih yang kurang suka sama bicara depan umum suka awkward gt ga sih dan takut salah ngmg?,3
Sementara gue begitu ketakutan buat melanjutkan hubungan gue ke arah yang lebih serius dan malah memutuskan buat pisah dari laki-laki yang sayang banget sama gue.,3
"Ketika yang nge catfish in elo adalah nyokap lo sendiri, foto wa [CAPS] dia gapernah pake foto sendiri selalu pake foto gue. Banyak klien dia yang tiba2 ganjen, tiba2 ngajak ketemu, lah padahal gue nya aja boro2 ada yang modusin",1
Bidadari atau manusia idaman? akan udon pake kasih sayang Pulangnya bawa pulang madu Erikacang yang ku sayang Semoga senyuman manismu semanis cintamu padaku.,2
Selamat pagi generasi Tik Tok yang kadang kepalanya suka minta digetok! Bukan pengen cekcok tapi [username] [CAPS] mau ajakin kamu seru-seru an yang berfaedah di #rabumenggebu [CAPS] #ozmatasapi [CAPS] [url] [CAPS],4
"krna dia dulu penyanyi dangdut yg masih pake baju seksi pas manggung ya harus trima2 aja klo ada yg chat kaya mas pesepak bola"". Ya cma cara penyampaiannya diputer puter aja, pokoknya pia palen paling salah pokokmen.",0
[username] [CAPS] Memikirkan Blunder nya. [REPPUNC] saat bulan puasa kok nuduh [username] [CAPS] [username] [CAPS] sudah melahirkan 2 koruptor besar. [REPPUNC] [url] [CAPS],1
"Wa inii. [REPPUNC] mantep nii Wa inii, wa inii tok, dari kemarin jg belum nonton deadpool, han solo gr"" gaada temen kasian ! Dasar miskin, gapunya temen ! [url] [CAPS]",0
"rt [CAPS] [username] [CAPS] Kebesaran seseorang tercermin dari kemampuannya mengabaikan perasaan-perasaan yan nggak penting, seperti perasaan hampa dan marah berlebihan.",0
"Gue tadi di sekolah kucek kucek mata kan ya. Abis itu banyak bulu mata yang rontok. Auto panik nih, takut kalo gundul sebelah. Nah, bulu mata tuh bisa tumbuh lagi gak sih? [EMOTICON]",3
"Akhir-akhir ini lagi seneng-senengnya nonton foreign filmatau film-film non hollywood. Dan ternyata emang film-film asing ga kalah bagus. Dari storyline, cinematography, visual effects dsbnya bener-bener banyak yang anti mainstream.",4
"dia blg dia ttp pegang janji pernikahannya, tdk brhak menghakimi suaminya, mndoakan suaminya dan dia yakin suaminya akn brtobat dan akan kembali ke dia",0
"[askmf] makin gue dewasa, gue semakin sadar, gue punya banyak temen, tapi disaat gue kesusahan, gaada yg semangatin gue cuy. malem ini gue khawatir bgt dan itu mengganggu tidur malem gue, but gue hanya bisa pendem dan makin terpuruk aja",0
"Wagelaseh, cuti ditolak. Di antara 135 org paling eug sendirian yg blm pernah balik ke rumah. ""Lu sih pong, ada libur panjang ga langsung kabur.""",0
"sebucin itukah aku? itu karena aku tulus sayang sm kamu maaf ini emg fakeworld, tp soal perasaan it's a real. sayang ya sayang, seneng ya seneng, sedih ya sedih. coba gimana caranya main di fakewolrd ini, tanpa pake perasaan yg real",2
"cute [CAPS] banget. [CAPS] Aku suka banget liat greetingnya, gemes. Ayo makin deket sama aku ya, sayang! Ohiya, jangan lupa bagi bagi chikin sama aku, tq tq.",2
"Tbh, aku rasa aku jatuh cinta dengan someone tanpa aku sedar bcs my heart beats faster when i think of her. Jangan tanya siapa. Aku takkan beritahu.",2
Setiap waktu bersamamu adalah hal yang paling berharga bagiku dan selalu ada rasa khawatir bagiku takkan lagi bisa seperti ini dimasa mendatang denganmu,3
"Kemarin lihat puisinya Adimas Imanuel yang judulnya Love Is Never Far From You, makdrandang ingat beberapa bulan sebelum #tumblr diblok, pernah bikin tulisan judulnya Cinta Itu Tak Pernah Terlalu Jauh. [url] [CAPS]",0
"Dulu dapet tugas kuliah translate 1-2 halaman waktu seminggu aja udah sambat ga abis2 tiap hari. Sekarang, dihajar translate berhalam halaman dengan deadline less than 12 hours. [REPPUNC] Tentu hanya bu [CAPS] lah motivasi dan penyemangatku saat ini hehe",4
"(c.) jalan tol. Ia sungguh sedih mengingat kejadian-kejadian di kehidupannya. Tak kuat menahan sedih, dirinya mencoba mengakhiri hidupnya sambil menatap bayi Aurora yang tengah terlelap dan tersenyum. Tak kuasa melihat malaikat kecilnya yang begitu cantik mengurungkan niatnya (c",0
"Acara tahunan ""Sanusi Family"", ini lah wajah para anak, cucu, cucu menantu, dan cicit terempong. Smg thn berikutnya bs makin kompak dan lengkap #7-8juli2018 [url] [CAPS] anger;Wkwkwkw Keknya dah seminggu lebih meledak2 mulu. Emang orang sekitar gue pada gblk atau emang gaada otaknya dari dulu cuma gue nya yg sabar sadness;sabar ya boy kamu slalu d hina tmanku pdhal kamu ndak salah apa"""" kamu slalu d bipang manusia lastik tpikan kamu bukan manusia plastik. Kapan temanku tdak mrnghinamu boy hwaiting boy""",4
"[username] [CAPS] mau nanya nih maaf kenapa ya nomor telkomsel saya ""Panggilan Darurat Saja"" ga ada jaringan mulu padahal telkomsel punya tmn mh ada jaringan nya. Udah di coba ganti pke kartu yg lain mah ada jaringan giliran pake kartu telkomsel saya yg ujungn",1
"Selamat ulang tahun, Bosque! Sepurane telat. Semoga2 sehat selalu, dilancarkan karir & jodohnya, diberi segalanya yang terbaik oleh Allah sebaik-baiknya orang tua memberimu yang terbaik selama ini. Aamin [ELONG]",4
kalo gak tau ceritanya mending diem gak usah sok tau dan bikin asumsi sendiri giliran ditegor bilang becanda giliran didiemin ngelunjak pengen ditonjok apa ?,1
umur 9thn omongan kaya tante2 45thn -_-gue lebih suka sama bocah sd yang masih culun dan polos,0
"Dulu jaman putih abu-abu rasanya ngebet banget pengen cepet kuliah, eh sekarang pas udah kuliah mikir berat rasanya jadi ngebet pengen nikah :"" #recehkantwitter",0
"#ct caratss, aku takut deh gaada temen pas masuk kuliah, soalnya tadi pas aku wawancara kayak yg lain itu udah sama temennya, aku coba nanya dan ngobrol tapi mereka nya gitu Aku harus gimana dong carats? [EMOTICON]",3
"Kabur kok bangga, itu pengecut. Katanya imam besar kok mesum ! [REPPUNC] Kok kabur ! [REPPUNC] Trus masih banyak org goblog termasuk lu yg belain krn takut ga msk surga, ajaib ! [REPPUNC] [url] [CAPS]",1
"Bersin pertama, ah paling kena bulu. Bersin kedua, debu nih. Bersin ketiga, gatel bat hidung saya. Bersin keempat, kelima, keenama,. [REPPUNC] Fix mau flu nih.",0
jne/jnt [CAPS] selama saya pake entah kirim paket/beli olshop jastip dari luar kota sampe beda pulau maksimal 3 hari sampe mau itu dia pake mobil susah cari alamat bingung gabisa masuk kompleks/gang meski malem sekalipun dibelain jalan ke rumah sampe paketan terkirim dgn baik.,4
"Kamu, kopi, dan semangat kerjamu, yuk beraktivitas!",2
"bukan karna soalnya susah, tapi karna soalnya sama persis kaya quiz. p e r s i s. akhirnya ngerjain, ga sampe 30menit, selesai. setelah selesai, mikir. Begitu baiknya Allah sama wanda. tapi wanda masih sering nglanggar.",4
"Mudik kali ini bawaan lumayan banyak, karena banyak baju yang dulu beli di Cirebon harus dibawa pulang karena sekarang udah ga muat di badan. lol [CAPS]",0
"Mau bilang rindu tp bkn siapa, mau blang cemburu jg bukan siapa2.emang benar yg bukan siapa2 mana bisa dapat apa2",0
kasihan pasti nungu lama yah terus result'a apa,0
"2 Minggu ketika perasaan merahasiakan kabarnya lewat angin, kecemasan mengutus rindu untuk membuat pertemuan. Dikamar 2017 Smith #sajak #poem #hujan #senja #rindu #pertemuan",0
[username] [CAPS] Guwah sependapat sama ente Bro. [REPPUNC] Ini yg paling ditakuti sama mereka2 yg sedang berkompetisi utk bisa nyapres. [REPPUNC] makanya mereka selalu cari cara utk mendown-grade hrs. [CAPS] Apadaya. [REPPUNC] kehendak Allah. [REPPUNC] hrs [CAPS] malah makin bersinar [url] [CAPS],1
Ini lg bapak kos pelitnya setengah meninggal. Meja g pernah dipake nongkrong aja diminta lagi. Yaelah pak..ngerti dikit ngapah kita duit pas-pasan ! [REPPUNC],1
"Warga: Pak, jalan di daerah kami rusak parah. Tolong diperbaiki Pemerintah: Sudah ada yang kecelakaan belum gara-gara jalannya rusak Warga: Belum ada Pemerintah: Kalau begitu tunggu saja dulu sampai ada yang kecelakaan",1
"tapi yah kalau chating, gw lebih suka enter send sih, daripada berspasi alenia panjang panjang gitu ngetiknya kek mau mutusin pacar aja. hahahaah",4
"[username] [CAPS] Selalu seperti itu ri siklus nya, sesering apapun kita pernah ""bersama"" dengan orang lain, selalu sulit untuk memulai dengan yang baru.",0
Di transJ gw berdiri dan mau berbaik hati kasih tempat duduk untuk bapak tua.. tp si bapak tua gak mau.. eehh malah ada cowo gak sopan yg dudukin tempat duduk itu. Hadeeh [ELONG],1
"Oiya ketinggalan, sosis telur. Jauh2 ke pasar wadai, nyampe sana eh sdh habis. Besoknya balik lagi. Sama pengen bakso isi super pedas juga kehabisan, yg ini belum kesampaian",0
Aku beberapa hari yang lalu habis isya ketiduran kan ya. Bangun-bangun kok nggak bisa gerak. Ketindihan kalau kata orang. Serem banget deh.,3
"percaya deh, menjalin hubungan itu lu harus percaya sama pasangan. seburuk apapun prasangka lu, doi masih menjaga cinta nya untuk lu. dan gua pernah di tempat kalian guys..",2
"Itu namanya fitnah mbak, g ada bukti ko fitnah org lain korupsi.. Ingat mbk dunia ini berlaku sistem tabur tuai, mgkin anda menutupi keburukan anda dg memfitnah org lain.. Saya tau smua kok korupsi n pekerjaan terselubung anda..",1
"Sahabat aku, ada di ava tuh.g, polos, tapi dia baik pake bgt, care bgt, lucu, pinter juga. Sayang dia",2
"Dalam cinta, ketika ada yang berbeda, jangan mencari siapa yang salah, karena kamu dan dia adalah tim yang sama dengan tujuan yang sama. #frn [CAPS]",2
"[username] [CAPS] [username] [CAPS] Pertanyaan tak akan habis kak. Selanjutnya bakal ada kapan punya anak, anak sudah bisa apa, anak sekolah di mana, blablabla. Kau pasti bisa melewati itu semua kak. Good luck",0
sial haha daripada kamu galau we hehe kamu memang sudah dari sananya stres div,0
Gpp miss.. Kami e [EMOTICON] ls bakalan tetap nunggu kami pasti tau susah payah nya buat datangin e [EMOTICON].. Semagat miss.. Fighting aeris ada lain waktu dan kita bakalam ketemu uri e [EMOTICON] jangan bersedih lagi,4
"Jd ada kenalan nih gue, entah lgsg nyambung aja gitu, di sisi lain ada yg sok deket sm gue sok udh deket pdhl kenal ae kaga, tp kalau gue nya ga welcone jd kek ilfil aja gitu ngeladenin nya",1
Pencitraan terbesar kampus itu ketika mau akreditasi. Semua ruangan dirapikan yang dulunya gak ada menjadi ada. [REPPUNC] yang dulunya ada malah dihilangkan.,0
[username] [CAPS] [username] [CAPS] [username] [CAPS] Demokrasi kita memang lagi mundur saat ini krn kebebasan berekspresi terus menerus di pantau oleh penguasa.,0
Aku tidak mampu. [REPPUNC] Mencegah hatiku untuk tidak terus merindukanmu.. Meski aku sadar bahwa rasa rindu ini hanya akan membuatku bertambah sakit.,0
"[username] [CAPS] karena mereka gak mengenal rasa tanggung jawab, mungkin pas di sekolah sukanya juga nyinyirin gurunya, makanya kebawa ke medsos ! [REPPUNC]",0
Ini org wajib dipenjarakan [username] [CAPS] wajib dilaporkan..ini org yang memecah belah,1
Dasar netizen ymc [CAPS] kek begitu disalahin Swing begini disalahin juga [ELONG] Jadi yang bener siapa? Yang bener itu aku [ELONG] istri sah nya Woojin,1
"sekarang baru ku mengerti teka teki mu kalimat indah tak pernah ku sadari, tulismu ku tak menyangka jatuh cinta semudah ini. [REPPUNC] kepada sahabat baru ku..~~",2
"[username] [CAPS] ""Takut dosa"" Serius, sebenarnya aku tu ingin kaya temen aku yg menel2 sama pacar nya, ini itu. Tapi aku lebih takut akn dosa, dosa aku aja pas sendiri gini banyak, apalagi kalau punya doi yg g punya ikatan apa2",3
"yakin aja, setiap datang pasti akan pergi, dan begitupun sebaliknya. Pasti ada gantinya, ya mungkin harus dari nol lagi, ngajarin lagi. Ya itu lah proses, mau bisa ya harus belajar.",4
"Selamat pagi warga Gunungkidul, bagaimana suasana pagi ini di tempat kawan2? #selamatpagi #gunungkidul #HariLingkunganHidupSedunia #WorldEnviromentDay2018",4
[username] [CAPS] Sampe merinding dalam hati ((apose)) [ELONG] tiap liat e [EMOTICON] lore ig. [CAPS] Gue bingung deh siapa temen ig [CAPS] gw yg like/follow secara ig [CAPS] gw bubble bgt krn over-curated. Haha. Serem ya rasanya kelebatan2 film g30s [CAPS] sama berita kerusuhan di tv [CAPS] menyertai foto2,3
"Sampe 4 tahun, udah ganti pacar berkali-kali, udah ganti gebetan berkali-kali, yg terus gue tangisin sampe nggak tidur 3 hari cuma dia doang.. padahal pacaran aja nggak",0
"betah di jogja? tp udah kaya kotamu sekarang bep, macet [EMOTICON]. location: pantai parangtritis #parangtritis #beach #yogyakarta @ Yogyakarta [url] [CAPS]",0
"Jangan ngecengin gua lagi ya gaes [username] [CAPS] [username] [CAPS] [username], [CAPS] orang ini udah ada blog-nya juga. [REPPUNC] ya walaupun nulisnya nggak jam 2 dinihari sih.",3
Wah ini. [REPPUNC] siapapun presidennya kalau membiarkan kelompok pembangkang Pancasila dan nkri [CAPS] hidup di republik ini akan kami lawan. [username] [CAPS] [username] [CAPS] [username] [CAPS] [username] [CAPS] [url] [CAPS],1
"[username] [CAPS] Elaah. Serius amat blek. Org pinter gak pernah merasa pinter. Klo dia udah merasa, ya berarti kurang pinter. Tugas kita belajar. Supaya gak seperti doi.",1
Sama sekali nggak. Arab lokal nggak peduli kok dengan cara berbusana orang lain. Banyak Arab pendatang dan nggak semua berhijab. Orang Asia dan bule bahkan bisa pakai tanktop dan celana pendek ke mall.,1
"memasuki tahun ke 4 menunggu seseorang, eh ada yang lain dateng tapi ga tanggung jawab sama kelakuannya. [REPPUNC] besok kalo keluar2 pake rok aja mas",1
"Baru tau kalo anak sd sekarang ga pake buku tulis kudu disampul coklat. Mereka menggunakan binder file. Keren lah, gue ga perlu repot sampul menyampul belasan buku",4
"Yang repot tu kalo sekedar baca tanpa dimengerti,nahh disitu timbul kesalahan bukan pemahaman.. Selektif terhadap argument ndakk papa, selagi nalar tetep pada jalur, bukan keluar jalur,kalo dah keluar jalur ituu pelanggaran.. #celotehreceh",0
pln [CAPS] emg php surat edaran maintain daerah a sampe jam 1 tapi skg udh jam 2.40 listrik belum hidup jg. Kalau telat dikit bayar tagihan langsung denda ini klo mati listrik mulu dapet potongan gak? [username] [CAPS],1
ini hasil sekolah asal sekolah. [REPPUNC] mikirlah Mahkamah Internasional itu punya kewenangan mengadili perkara genosida dsbnya. [REPPUNC],1
[username] [CAPS] [username] [CAPS] [username] [CAPS] Lebay. [REPPUNC] tidak ada urusan dengan agama ini. [REPPUNC] tapi murni keinginan orang2 Mongol untuk menyatukan dunia dibawah Khan Agung!,1
ini knapa menurut sy bagusnya Al Qur'an itu bukan sekedar dibaca.. dalam tafsir juga kadang ada penyebab knp ayat tsb turun.. yg bawa arti yg atas adalah tafsirnya [url] [CAPS],2
"Pada saat dirimu masih seorang anak perempuan kecil. Papa biasanya mengajari putri kecilnya naik sepeda. Dan setelah papa menganggap mu bisa, papa akan melepas roda bantu sepeda mu. Kemudian mama bilang "" jangan dulu, jangan dilepas dulu roda bantunya""",2
"Cinta yang Sebenarnya ~ [ELONG] Cinta adalah ketika Sayyidina Rabi'ah bin Ka'ab ditanya oleh Rasulullah Saw apa keinginanmu? Lalu ia pun menjawab: ""Aku hanya minta satu perkara, yakni agar dapat menemanimu di Syurga"".",2
"Aku liat di lokasi filmnya kayaknya di Irish gitu, say. Lebih bagus scenery di Ireland drpd di London. London mah Henson bett",4
"ketika sudah lama tinggal dijakarta dimana masyarakat disana pemahaman akan ""antrian"" sangat tinggi, bahkan tanpa ada tulisan ""mohon antri""pun mereka sudah paham bahwa budaya antri itu ada dimana mana",4
Yg pada nangis dimotor gitu emg gapada takut tbtb bawa motor jadi ga fokus dan malah jatoh atau tabrakan ya? Gua pernah nangis dimotor tapi ga histeris dan malah kepikiran serem aja ntar tbtb gua ketabrak grgr ga fokus nyetir [EMOTICON] drama emg [EMOTICON] [url] [CAPS],3
"[username] [CAPS] tolong kab.Bekasi dibenahi tata kelola jalan rayanya, daerah yang nota bene kecil kecelakaan yg merenggunt nyawa tetangga"" kani setiap hari terjadi, dari jalan rusak dan proyek yg merusak jalan. [url] [CAPS]",0
"Trus satu lagi bunda Anak asuhnya aku satu lagi hiperaktif., jadi suka ilang-ilang gt. Ya namanya anak maklum. Tp capek juga. Nggk sempet ngerjain kerjaan lainnya klo harus nungguin anak yg satu ini. Help me",0
"Suka sama cewek beda kelas dong, gue di kelas 7A waktu itu dan si cewek 7C kalo gak lupa (teruntuk kamu cinta pertamaku )",2
"5. masa depannya nggak jelas. lha iya, gimana mau jelas coba? lulusan seni, bisanya cuma nari, mau kerja apa? nari-nari doang. berapa sih, penghasilannya penari? kerja juga gak tetap~ #dontdateadancer",1
"Subhanalloh,ternyata neng cantik ini adalah kader nu [CAPS] yang aktif juga di IPPNU,mudahhan menjadi kader yang militan untuk nu [CAPS] yang selalu menjaga marwah organisasi."" #JayalahNU",4
[username] [CAPS] Kok aneh. [REPPUNC] padahal honorer karyawan juga dan telah diatur oleh uu [CAPS] Ketenaga kerjaan tentang hak dan kewajiban nya. Kayaknya bapak yg satu ini belum pernah kelapangan deh memonitor sistem kerja di masing2 skpd [CAPS],1
Jangan diam lawan juga mereka yg memparalat hukum dgn tujuan kekuasaan ! Jangan diam lawan juga mereka front linernya komunis berkedok pancasila [EMOTICON] [url] [CAPS],1
tidak-enak sangat badanya ingin pulang tapi kerjan masih banyak ya,0
"Lagi puasa tp dri pagi udah kesana kemari mmbawa alamat,, eh ayuting2 kalee.. enggk ding. Ini knpa siang2 tetangga sbelah goreng telur yah, kan baunya smpe idung gw hikss piye sih mbak?",0
"kok saya yg dipilih sihh takut memalukan univ walaupun 1 kampus terdiri dari 10 orang dan tdk sendiri, tapi kan ini lawannya mahasiswa seluruh indonesia ya kalii bor",3
"Suka kesel sama fans yang sok-sokan mengatur, sok-sokan yang paling tahu segala-galanya. Hey kamu ibu Negara bukan, cenayang bukan, sudah lebih baik diam biarkan dunia ini bersih dari segala macam bacotmu",1
"lu ngapa si galau mulu [EMOTICON] lu kalo galau banyak diem, kalau lg seneng gabisa diem. Mangat dong kak nanas seneng itu bisa nularin ke orang2 loh [EMOTICON] wkwk",0
"Jujur gue gapernah ngomong ama ini orang, trs tb2 jd closefriend nya dia di ig, dan setiap malam gue menyaksikan dia lg mabok-mabok ria bersama teman-temannya. Aku kudu piye.",0
ha [ELONG] syabar aja [ELONG]. [REPPUNC] beloman waktunya buat ikut [ELONG]. [REPPUNC] pemerintah ajanih [ELONG] yg ketumbenan ngasih liburnya kepanjangan [ELONG] [EMOTICON],0
"jadi waktu sma tuh aku pengen banget yang namanya perawatan ke klinik kecantikan macem erha,natasha gitu gitu deh tapi sama mama bener2 dilarang banget dan suka dimarahin gt kalo aku ngrengek minta perawatan [EMOTICON]",0
"Tepat 4 tahun lalu kami bersenda gurau dan berhappy happy sekalian bersosial dilink tempat ini, kini tempat ini baru saja kena musibah kebakaran. Semangat terus crew dan owner Gapuro",0
"Cinta mampu melunakkan besi, menghancurkan batu, membangkitkan yang mati dan meniupkan kehidupan padanya serta membuat budak menjadi pemimpin. Inilah dasyatnya cinta !",2
"Jenis orang yang bikin males dari awal ketemu adalah yang seneng banget nyombongin diri sendiri. Ya mungkin sebenarnya karena dia nggak pede ya, jadi butuh pengakuan. Tapi males banget nggak sih ngobrol sama orang kek gini, meski pun dia cantik/ganteng banget?",1
yang salah siapa masa yang ngalah harus saya !,1
"#PWBanget emang [CAPS] beda [CAPS].. Viral curhatan Personal Assistant konglomerat Indonesia yg diposting di acoount twitter nya, asli baru kebuka deh pikiran kita tentang orang tajir yg ternyata ga sombong loh [url] [CAPS]",4
"18. Nekko-nya aku, eh bukan, Nekko-nya Jujun, baik [ELONG] banget. Sumpah, aku bukan pencitraan tapi emang bener. Also, you are cute without even trying. Kamu beneran selucu itu! Jangan pernah berubah ya, Nekko-chan? Cepet jadi juga sama Jujun. Aku sayang kamu!",2
kapan ea masalah nya cepat klar,0
"Btw sepanjang jl. [CAPS] Jakarta bahaya banget ya, banyak jalan berlubang, apakabar nih dinas pu [CAPS] Malang? Diem diem baee #kotamalang #savejalanraya #Malang",1
Baru seminggu menikah. Tapi rasanya bersyukur sudah memilih jalan yg Allah berikan ini. MasyaAllah dikasih abang yg sungguh pengertian dan mau nerima cia apa adanya. Sampai ga bisa ngebayangin kalau diganti orang lain.,4
Rakit merakit. [REPPUNC] jangan [CAPS] lupa [CAPS] bahagia [CAPS]. [REPPUNC] #StreetCubEastBorneo #StreetCubBalikpapan #janganlupabahagia #StreetCubKaltim #StreetCubFans #StreetCub_Bpp #StreetCub,4
[username] [CAPS] Iya. Mau. September. Udah ajuin ke atasan. Jadi Agustus aku gaperlu cuti pas pulang kerumah. Ketemu kamu yang kangen [ELONG] nya udah tingkat dewa. Sediain kamar. Jangan bosan tidur berdua.,4
"Ikhlas yaa ! [REPPUNC] ""Iyaa buk"" jawaban itu yang keluar dari mulut kami pada saat itu. Walau samar, namun masih terdengar. Kami kembali ke kamar kami untuk kemudian diam dalam pikiran masing-masing.",0
"wah [ELONG]. [REPPUNC] rajin ya ay, pagi2 dah ke pasar. [REPPUNC] [username] [CAPS] mau masak apakah kiranya? hehehehe [ELONG]. [REPPUNC] Tuesday morning is beautiful. keep the spirit ayu.. #happy #happytuesday",4
"Di kasus Via Vallen ini gue kadang mikir, mreka2 penikmat dangdut, koplo panturanan dan yg smisal, yg biasa disuguhi biduan2 berpenampilan seronok dan goyangan maut. mereka [CAPS] ada [CAPS] di [CAPS] pihak [CAPS] mana [CAPS] ! [REPPUNC] [url] [CAPS]",1
Pantas saja ibu dan bapak saya berat hati ketika saya minta kuliah di luar provinsi. makin lama malah rentan penyakit,0
"[username] [CAPS] Sebenarnya 2 kubu sama aja. Doyan mempolitisir agama, apalagi kel. Wiro Sableng, parah. Begitulah nasib bangsa-negara yg tak melewati abad pencerahan. Ga bs move on dr agama.",1
"[username] [CAPS] [EMOTICON] pulang sekolah ceplokin trus mam baso 10.0 [ELONG] aja dah cukup, dulu mah sesimple itu.. boro2 maw ada pansos2an.. era ig jd ajang hebat2an ini lo bikin otak remaja ga sehat",0
"[username] [CAPS] [username] [CAPS] Oh iya bro, si mumun blok gua tuh, padahal gua gak pernah ad hominem, apalagi persekusi dia. Bila mau jadi ateis banci monolog, mnding dia ke China/ Vietnam aja. Di sana negara paling ateis di dunia yg paling kejam mbungkam agama",1
"Terkadang tidak tahu kabarmu sama sekali membuat hatiku tenang. Entah bagaimana dirimu dan dengan siapa aku tak peduli. Namun, perasaan seperti itu hanya sesaat. Bisakah kau menghilang jauh dariku? Doaku saat ini aku ingin kau lenyap tak terdengar kabar apapun darimu.",0
"baru kali ini ke [username] [CAPS] Gancit dan kecewa berat. Baristanya bikin minum dan rasanya berantakan. ditanya baik2 malah melengos ga jelas bikin emosi. please yg kamu jual jasa, kita ga minta dihormati tp berusahalah utk menghargai org lain.",1
Ini dia si pembuat sembab berpasang-pasang mata setelah melihat pertunjukkan boneka,0
"Ketika kamu beranjak remaja. Kamh mulai menuntut pada papa untuk dapat izin keluar malan, dan papa bersikap tegas dan mengatakan, ""tidak boleh!"" Tahukah kamu bahwa papa melakukan itu untuk menjagamu? Karena bagi papa, kamu adalah sesuatu yang sangat-sangat luar biasa berharga.",2
"Saya liat bukan dari sisi agama meskipun saya muslim klo salah ya salah dan mindset saya sama rata semua agama itu, tp ini dalam sisi kemanusiaan yang tidak ada rasa kemanusiaan, laknat dan tolol",1
"Ga usah di aminin, doa lu ga akan mustajab. Sama kayak orang umroh dengan niat ""politik"" ga akan di qobul. Lu kira dngn kampanye sambil teriak takbir, sang Pencipta bakal ikut nyoblos #Mikir [url] [CAPS]",1
"Nah ini, yg nunggu anak anteng dengan kesabaran seluas samudra trus bapaknya dateng2 bikin anak nangis. Hm [ELONG] kuingin marah melampiaskan",1
"Paling excited kalo ngobrol sama orang kreatif, siap saja kalo bakal tercengang sama ide mereka yang mungkin belum pernah terpikirkan olehmu: ""Oh iya, kenapa aku baru kepikiran?""",4
"Buat berjuang, butuh sarapan yah, nah ini dia sarapan q, Indomie Goreng Telor Puyuh Yummy bangets rasanya, Apa sarapan kamu biar kamu makin Bersemangat ngejalanin aktivitas",4
"Entah kenapa kalau jam segini belum bisa tidur tuh jadi keinget sama masalalu. Dimana orang2 yg menatap gua dgn wajah sinis, dingin, acuh, berasa kek gua yg paling salah. Gua sih bodoamat! Cuma, entah kenapa mau bersikap baik atau suka dengan orang2 itu gak [CAPS] bisa. [CAPS] #DailySinthaa",1
"[username] [CAPS] Dan kadang Tuhan tuh bukan minta kita untuk menjadikan sebuah rencana itu berhasil. Tuhan cuma minta kita untuk mengusahakan keberhasilan. Once udah mengusahakan, udah accomplished tugas kita. Hehe. Semangat [ELONG] mia! Abis lebaran jg ga buruk kok",4
Liga bangke emang ini liga indonesia alesan banyak orang dibalik layar banyak yang mementingkan kepentingan pribadi yaudah nikmati aja toh paling gaada imbasnya ke timnas kalau liga gini gini terus,1
"Rumor seperti ini umpatan apalagi, bagi partai oposisi utk mencela citra sosok Presiden ir. H. Joko Widodo. Gk banget deh lu. [REPPUNC]",1
"Ku bingung deh kenapa jadi fans itu harus menjatuhkan idola orang lain sih? Kenapa ngga damai2 aja, kek ngga ada kerjaan ngejatuh2in orang lain",0
Yeay [ELONG] i did it. Bangun pagi kulangsung running demi finishing 18k challange from #VirtualRunID #DukungBersama #AsianGames2018 #fitmom #runninggirl #runningmom #runningjourney,4
"Namanya juga udah sayang, mau disakitin kaya gimana juga tetep aja maafin. [EMOTICON]",2
"saat ini lebih ngerasa pgn manfaatin waktu sebaik-baiknya. kalau msh bisa pulang tepat waktu, ya pulang, biar bisa buka di rumah brg keluarga. kalau gaada yg dikerjain, ya mndg cepet tidur, bkn malah begadang gajelas.",4
"[askMF] serius nanya, kucing kalo bangun jamberapa ya? Aku ngambil anak kucing di jalan trs aku umpetin di bawah kolong kursi karna takut ketauan bunda. Takutnya bsk pagi bunda bangun dan malah buang anak kucingnya",3
"Begitu tersadar bahwa kita menceritakan mereka bagaikan mantan pacar, kita tertawa menggerutu bersama, sebab mereka hanyalah sebatas mantan calon pacar.",0
park woojin harus disayang dicintai diapresiasi diberi makanan enak diberi pelukan hangat diberi kopi panas atau cokelat panas terserah dia deh yang penting dia bahagia pokoknya intinya adalah park woojin harus dibuat bahagia.,2
"Saat lebaran aku rindu sosok wanita yg pandai sekali menyimpan rahasia, ditatanya rapi rengginang crispy didalam kaleng tanggo yg dikemas layaknya kado.",0
"[username] [CAPS] nyabutnya santae aja pake jari asal jgn kena kuku. beli softlennya yg emg bagus dan jelas. dulu ku pernah beli soflen di tmn cuma yg warna22an gt biasanya item. terus lg gangapa22in ujug22 gatel perih etaunya robek :,( untung cepet22 dikeluari",3
"Seminar Proposal Stay positive, work hard, and make it happen Terima kasih, teman-teman semua. Your presence is more than enough. Semangat",4
Aa gervan sayang! Jangan lupa buat senyum yah! Biar kamu tambah ganteng terus makin buat aku jatuh cinta ehehe,2
"Berita baik hari ini, Alhamdulillah Kim #kai [CAPS] buka Instagram lagi. Karena dulu belum sempet jadi soel pas dia punya akun Amteun welcome back Mr. Ato #KaiOnInstagram [username] [CAPS] Also goodnite wangjanim [username] [CAPS]",4
"Tapi aku mengerti, memang akan selalu ada yang terlihat lebih baik dari apa yang dia punya. Akan selalu ada orang yang terlihat lebih menjamin banyak kebahagiaan untuk dia dapatkan. [username] [CAPS]",3
Trauma penyakit almarhum kakak gue masih sangat besar di gue. Paling gabisa ngeliat ada orang yang sakit di sekitar gue apalagi orang terdekat gue. Rasanya mau meledak.,3
"Aku menunggu comeback kalian. Aku menunggu ot9, dan sampai saat ini, nanti atau mungkin entah sampai kapanpun, insya Allah stay sama kalian #E [EMOTICON] lanet [CAPS] #E [EMOTICON] #E [EMOTICON] _comingsoon [CAPS] #TheElyXiOn_dot #weareonee [EMOTICON] [url] [CAPS]",2
"[username] [CAPS] sudah bikin ""cuman buat masuk ke my indihome saya, berbeda dan tak ada tagihan nya gimana solusinya ini akun saya penceng800@gmail.com",1
[username] [CAPS] ngeri ga sih kalo keterima di ptn terus keliatan gobloknya pas kuliah. [REPPUNC] ngeri aja. [REPPUNC] eh trs gitu skripsi dibikinin orang lalu cari kerja jg pake orang dalam. hm. [REPPUNC],3
"Saat kita membenci sesuatu dg berlebihan dan menghasut orang lain ikut membenci apa yg kita benci, maka kelar sudah hidup kita. Terputus tali rezeki dan bersiap kematian dg penyakit hati &amp",0
"Jangan pilih Jokowi, atau golput aja sekalian, nanti Pancasila yg menjadi dasar negara kita sekarang akan ikutan terganti.. Mau ! [REPPUNC] Mmoh [ELONG] ! [REPPUNC]",1
"Soal Via Vallen, Gue Sepakat Sama Nikita Mirzani jangan lebay! Kalau Gak Suka Di gituin, tinggal tolak dan block tu orang, jgn di share2 jadi konsumsi publik! Kek ingin menampilkan kepolosan tak berdosa gimana gituu.. #menurutkusih",1
muak saya lihat tingkah kamu lama-lama ! mirip anak-anak begitu tingkah kamu ! masa kecil suram ya,1
Niatnya sih tidur Terus buka twitter Eh scroll twitter sampe nggak ada habisnya Iya kaya sayang aku ke kamu Ngak ada habisnya Sayangmu ke aku.. Habislah sudah [EMOTICON] seperti tida pernah ada,0
"Terus gw inget dong tadi mampir watsons namanya cewe ya gatel liat2 mekap trs nyoba2 tester tapi yg dicoba bedak, lipstik, blush on. [REPPUNC] ya jadilah gw menor kayak badut -_- Tapi pas tadi di watsonsnya kayak biasa aja pas udh kena cahaya rumah malah jadi menor bgt kek mau mangkal",0
Pulang udah H-4 lebaran dilema sekali. Seperti tidak bisa melakukan apa2 dirumah sebelum lebaran. Buka puasa bareng cuman 3 hari sama keluarga begitu juga sahur.,0
"I swear you yang kalo ngechat ""Ko/Koh/Iko"" terus ku balas secepat kilat tapi ga dibales lagi. Kzl boleh kan yak? Yak kalo dichat gitu, pikiran dah kemana2, dapaya, penting ga nich? Terus ngilang. Kan iko sugus jadi bete",1
sudah berapa kali delcont2nan masak iya mau delcont2nan lagi biar tidak-saling gangu lagi mirip anak kecil saja [EMOTICON],1
"Wajar gak kalo cowok nangis gara-gara nahan kangen? Soal nya gak bisa sama sekali untuk ketemu hehe. Lebay gak sih? engga dong, artinya itu sayang. nahan kangen sampe nangis jarang sih gue ketemu yang kaya gitu wkwk [url] [CAPS]",2
"Demikian juga lidah, walaupun suatu anggota kecil dari tubuh, namun dapat memegahkan perkara-perkara yang besar. Lihatlah, betapapun kecilnya api, ia dapat membakar hutan yang besar.",3
"Ini kenapa jadi kesannya jadi Via Vallen vs Persija sih ! [REPPUNC] Ini Wanita vs Sexual Harassment oii. Jgn malah bikin kesannya Persija dukung sexual harassment. Simic emang ngawur dan layak dapet ganjaran, tapi gue yakin karir bolanya ngga bakal ke ganggu. Uno aja tetep jd Wagub kan?",1
[username] [CAPS] Gak bakalan. Tetap aja presiden yg mengatur. Kalau emang dukungan pribadi. Jgn ngomong di media. Apalagi beredar video dia apresiasi islam nusantara.,1
"Allah yg paling tahu, mana yg paling ingin taubat dg diam dan sabar. Bukan dg teriak sambil ajak orang lain utk membenarkan dirinya yg paling benar",0
"Dikira sudah sampaj kampung halaman, nyatanya masih di pangumbaraan hehehehe @ Rm. Ikan Bakar Pangandaran Jl. Yos Sudarso [url] [CAPS]",0
Lepas dari krim dokter alias krim klinik dan alhamdulilah tidak terjadi iritasi atau apapun yang tyda diinginkan [ELONG] Yg penting kalo mau out pake sunscreen bep,4
"Bila caring,biar betul2 dengan niat ikhlas.Bukan dgn harapan org itu akn mlkkukan pkr yg sama trhdap kita.Kesudahannya,sangat menyakitkan bila seperti x diharapkan. [EMOTICON]",0
"Tapi kalo ditelisik lagi. [REPPUNC] ya anjir harus siap ini itu bebet bobot bibit apanyalah kan sulit. Lulus kuliah aje beloman,mikirin gituan. [REPPUNC] terlalu visioner bung",3
"[username] [CAPS] [username] [CAPS] Sudahlah, jangan saling tuding. Jangan memprovokasi orang lain untuk ribut karena sudah berlalu. Yang terlintas dipikiran yang mengaku aktivis adalah propaganda buat keributan terlebih mereka yang ada di luar kekuasaan. Tunggu",1
Cerita dengan A lain. Cerita dengan B lain. Cerita dgn C lain. Aku harap hubungan suami isteri tu halal lah lagi. Huhu jgn di bawa main tau cerai2 ni. Bahaya,3
"gue waktu smp juga gini kejadiannya pas istirahat sekolah. Krn penasaran bgt telunjuk gue staples. Pas udah nancep, gue kaya matung gitu takut. Temen gue yg liat langsung jerit2 sekelas heboh. Akhirnya sampe skrg gue trauma liat staples",3
"Selama ini g sedikit orang yg ngasih tau saya berobat di sana di sana, dipijet di sini di sini. Tapi saran2 tsb cm saya iyain aja. Bukannya g mau berusaha, takut [CAPS] cuy. [CAPS] Orang yg mijet bukan org medis, g ngerti anatomi. Pernah akupuntur sekali, itupun sm dokter, dan udah sekali aja",3
Ga tau kenapa tadi nangis cuma gara2 solat Maghrib nya telat hampir mau isya baru solat gara2 partner kerja yg istirahat duluan lama bgt istirahatt nya. Yaampun sedih bgt hati,0
Akhirnya kita langsung pada bingung saling tatap-tatapan muka gitu. Merinding dan pastinya takut banget. [ELONG] Akhirnya ga pikir panjang lari [ELONG] dah kita semua.,3
"Kita berteman beda genarasi. Asiknya kita yang tua berasa jadi muda, dan mereka yg muda belajar membahas hal-hal serius dalam masa depan. Kita berteman se asik #HonorIndonesia #Honor7S meskipun kadang harus mrnghadapi sifat kekanak-kanakan mereka. [url] [CAPS]",4
"Ku rindu bisik mu di telingaku Seraya kau berkata ""semoga kelak kau menjadi anak yg berguna bagi banyak orang dan semoga kau selalu menyayangi kami orang tua mu"".",2
"Lantunan dawai indah diri, isi gegap gempita orkestra kehidupan, berikan nada merdu pagelaran kehidupan yang ceria. Semoga kesehatan selalu isi indahnya alunan nada, ntarkan lagu sukses di panggung Kebahagiaan Kehidupan Selamat Milad Oom [username] [CAPS] Barakallahu fii umriik",4
"Kenapa sih kalau ada pilihan gak pernah ikutin kata hati, selalu meng iyakan padahal hati gk mauu, cuma karena sungkan sama tawaran orng -.- Astaga kalau udh begini, kepikiraan",0
"Benarkah ini sudah waktu pagi Hanya semilir angin bercampur embun yang kurasakan, Langit langit masih hitam dan tak membiru, cahaya mentari tak jua tiba di ufuk timur.",0
"Ya Allah, di timeline berderet twit dari bmkg. Gempa susulannya berlanjut sampe sekarang dan hanya berselang beberapa menit. #PrayForLombok.. stay safe",0
Tahun ini kayanya pd [CAPS] Na young suk ngasih kado ultah paling special. [REPPUNC] Karena series njtw [CAPS] bakal lanjut di season ke-5 dan kalo gue ga salah ini bakal jadi comeback nya kyuhyun abis wamil. Chukae..,4
"[username] [CAPS] [username] [CAPS] [username] [CAPS] Dan lebihnya speak up itu dikatain lebay, cari sensasi dsb Mereka ga mikir, kalo mau speak up itu butuh keberanian, karna sebenernya pelecehan itu aib tp kalo ga speak up itu orang jg ga bakal jera, ga ngerasa mal",1
Semoga kau pun ikut merasakannya Menghayati dan memandang langit malam ini Agar kau lihat Ada purnama disana Ada bintang-bintang disana Yang selalu menemani dan mengawasi cinta kita Saat kita terlelap.,2
"supir bak hilux tolol, jalanan lebar bisabisanya ngelindes kaki w. Udah gt pas kaki gua kelindes malah bukannya mundur/maju cepet cepet kok malah hah hoh hah hoh. sakit tot. bodoh dipelihara, kucing tuh dipelihara",1
"diatas langit masih ada langit tp bagi saya kepentingan politik luar negri hrs pragmatis mendukung kepentingan domestik bkn sekedar sentimen. Negara donor terbesar Palestina us [CAPS], kmn Turki dan Arab? Kenyataan yg hrs anda pelajari",1
"Oh gini rasanya dipepet dan dikejar orang tengah malem gini. Lumayan bikin senam jantung. Kejar-kejaran ngebut bgt, mendadak aku pelan pas di bangjo dia nungguin dong sambil ngeliatin ke belakang mulu. Akunya nunggu lampu ijo, dia lurus aku mendadak sein kanan, aman [ELONG] [EMOTICON]",3
"Aku pikir partai baru ini isinya orang-orang yang sepertinya tidak berpendidikan, utamanya pendidikan agama. [REPPUNC] Buat Bro [username] [CAPS] sebaiknya tidak usah meladeni orang-orang yang ingin cepat-cepat mendapat pop",1
"Puncak marah paling tinggi bukan lagi memaki. Namun ketika seseorang tidak peduli sama sekali. Bahkan saat kamu mencoba mencari perhatiannya, dia sudah tidak mau tahu sedikit pun ! [REPPUNC]",1
"Cinta itu hebat, bahkan lebih hebat dari dunia perkawinan itu. Doa adalah bagian penuturan cinta pada sebuah cita-cita yang belum kita capai.",2
"Apa bedanya dirimu yg selalu berdiam berlama, pergi jauh, dan mengabaikan saat permasalahan datang. Dengan pernyataan ku yg mengakhiri. #thinkifyouhavebrain",0
di komix saja haha iya nih hahaha [EMOTICON] batuk bu aji aha uhuk [EMOTICON] sepi tanpa kamu [EMOTICON],0
"Kantor pusat ni gimana, pake mendata medsos kantor vertikal di bawahnya dan nyuruh follow akun medsos kanpus. Padahal di jam kerja aja kami gak bisa akses medsos via jaringan kantor. Disuruhnya buat akun medsos (fb, ig, yutub, twitter) kantor kalo blm ada.",1
icip2 :9 sebelahnya sate gang lele yang mahal tapi rasanya biasa saja itu bakmi gang lele,0
"Bismillah Salam plur [CAPS] slankers/i indonesia kita bakal ketemu di Moment yang sangat dinanti - nanti oleh kita semua. [REPPUNC] ""jambore [CAPS] nasional [CAPS] slankers [CAPS] indonesia [CAPS] bersama [CAPS] slank [CAPS] 2018""",4
"Jika masa lalumu masih tertanam diingatanmu dan kamu terus menurus mengingatnya,lalu untuk apa aku disampingmu? Apa aku hanya untuk tempat bersandarmu sementara~",0
[username] [CAPS] He [ELONG] aku kemarin ngeliat hoak tetang pohon plastik pertama kali dr akun anda ygdisebarkan lewat fb. [REPPUNC] ini bukan saja nol besar tp skaligus nonjok muka junjungan sdr. [REPPUNC] terima kasih,1
Apa mereka enggak pernah ingat kalau nanya kabar itu juga penting? ah atau saya saja yang sedang kesepian. Itu semua normal gak ada yang salah dengan kondisi seperti itu.,0
teman kamu yang sudah nusuk kamu dari blkang malah dialem2 seandainya mulut saya bocor sudah bertengkar kali kamu ber2 sayngnya saya gabakat ngadu2an -_-,1
"Input absen mahasiswa ga pernah balance, kesel sendiri. Kepala, mata nyut-nyutan karen harus super teliti dan gw kudu ngulang2 lagi gara2 ga balance itu",1
"ri [CAPS] siap menaikkan harga bbm.Emang rakyat mau apa klo bbm naik.Mau beli sukur,tdk beli ya terserah.Mau demo silahkan jika ingin diciduk.Pmrintah kok dilawan. [url] [CAPS]",1
"Aku gk ngerti lagi kenapa sayang sekali sm mereka. Apalagi daehyun 6thn ngikutin mereka, mau menang atau kalah tetep care ny ke mereka",2
Kalo udah tengah malem gini otak sama hati kok rasanya empty bgt. Saking emptynya sampe ngejurnaling soal kepatah hatian. Eleuh eleuh luka kok dibanggain muluk sik neng,0
"Main artificial neural network emang ngeri2 sedap. 3 hari stressfull karena akurasi pengujian dibawah 50%. Ubah berbagai parameter masih tetep jelek. Sempat ngira bakal fail karna datanya rusak, ternyata hidden layer nya kurang banyak.",3
pusing guweh,0
Cepet sembuh sayang ku biar kita bisa main lagi sama mimi mimo biar kita bisa jalan jalan lagi I love you boo :* @_kngdaniel96,2
"[askmf] guys, gua mau upload twibbon univ di instagram. tapi minder, karna univnya swasta. takut dipandang remeh dan gak layak buat dipajang diinstagram. salty-in aja gpp kok",3
"Waktu kita ngerasa hidup udah enak, jadi agak jauh dr Allah. Allah kasih kita ujian, ngebuat kita ingat Allah lagi, pengen deket [ELONG] lagi. fix [CAPS] keliatan Allah sayang kamu. Dia tegur saat hambaNYA mulai jauh. Walau tau dosa hambaNYA udah penuh.",2
"Mak gregah! Lantas saya bangkit dari tempat duduk. Mematikan saluran wi-fi, dan membayar kopi. Saya tinggalkan Kajen. Beralih ke masjid Si Mbah Ronggo Kusumo, Ngemplak Kidul yang ada di belakang rumah saya. Ikut kawan, nabuh beduk.",4
"Alhamdulillah persib menang, hati happy, tidur pun tenang. mvp [CAPS] malam ini adalah [username] [CAPS] yg ngebolehin nonton persib tanpa nge chat setelah seharian susah komunikasian gara2 kesibukan ade bedur",4
"Dua belas penerjemah dan editor berkumpul dalam workshop penerjemahan buku anak. Saat Alisha dari #roomtoread bertanya ""What is translation?"", sekian detik ruangan hening. Krik. [REPPUNC] Krik",0
"Baru pulang & mama said 'jgn kebanyakan mikir kamu ya mama takut, uwa tiba tiba pembuluh darah otaknya pecah sblmnya tlp ibunya kepalanya sakit' dan pas ditemuin lg kejang dikamar",3
cara jawab curhatan orang depresi gimana yaa aku takut omongan aku salah aku gatau musti gimana tapi kalo aku diem aja dikira ga ngasi solusi apa apaa aku bener2 gmarahti harus jawab apaa ini cuma bisa kasian dia tertekan banget,3
"Eh asli ya gue udh nonton emang serem bgt sih aslinya tuh dia gamau ngebunuh org, dia cuman lagi jatuh cinta aja tapi sampe akhir dia gatau kalo ketidaktahuannya dia itu berubah jadi malapetaka. horor [CAPS] woy [CAPS]",3
"Gak habis pikir, sama orang yg bener2 udah mau nikah hitungan tinggal bbrp bulan lagi tp masih tetep main belakang. Otaknya mati kali ya! Jauhkan dari laki-laki kyk gitu Ya Allah",1
"Gw jadi nyebayangin orang yg bangunin sahur dimasjid keceplosan "" Shower..shower [ELONG],,shower bapak-bapak ibuk-ibuk. [REPPUNC] "" [url] [CAPS]",3
Wkwkw kalo nanya ke aku sih tak jawab santai. Tapi dengan tidak mengeluarkan komentar/pertanyaan begini dunia akan lebih indah,4
[username] [CAPS] saya kecewa dengan akulaku.. udah 4 hari daftar tapi gak di acc.. kata cs [CAPS] suruh pake nomor baru.. masih aja gak di acc.. hari ini saya ganti 3kali nomor masih aja gak di acc.. apakah udah di tutup untuk nasabah baru ! [REPPUNC],1
"Lg sibuk ngedit konten di ruang tunggu tapi kok sekumpulan nenek"" didepan sy seru banget yah. Mereka lg ghibah ternyata. Hal ini menunjukkan bahwa kapanpun dan dimanapun, ghibah itu asik",4
"Honestly, penumpang2 kapal manapun, selalu nakutin buat aku. Bahkan penumpang kapal yg di dp-ku. Paling takut sama penumpang kapal itu sih, makanya aku ogah main ke tag sana, ehe. Horror.",3
"Kalo dia gak perduli, kenapa kita harus memperhatikannya ? Kalo dia tak mau dengar, kenapa kita harus bicara kepadanya ? Kalo dia memutuskan untuk pergi, kenapa kita harus bertahan mengikutinya ? Tak perlu mencari jawabannya karna kamu hanya perlu menghilangkan ""kalo, kenapa, ?""",0
"Selamat sore, aa gervan! Jangan lupa makan sore yah sayang! Jangan sampe kecapean juga kamu. Aku sayang kamu :*",2
"berdesakan..bejubelan, di kRL adalah salah satu godaan dalam berpuasa. [REPPUNC] apalagi d dpn nya ada wanita cantik sambil ngunyah tahu gejrot. [REPPUNC] hehe..",3
"Beginilah Manusia Yg Berwatak ""Setan"".. Dia Anggap dirinya ""Tuhan"" dan Paling Benar dalam Menjalankan Agama.",1
"menyembuhkan sakit tidak mesti pake obat ya kek gini, lagi flu bersin demam order es krim tengah malam. Kalo anak kampus bilang ini sih bm [CAPS] terpenuhi",4
"Kemarenan takut melawan monster - monster di kantor baru. Tapi ternyata ada yang lebih menakutkan dari mereka dan paling susah untuk dilawan, adalah ketakutan diri sendiri untuk mencoba.",3
"Banyak yg bilang "" kmu itu udah jdi guru jiwa keibuan lelaki mana yg gag mau coba ya meskipun materimu gag seberapa tp banyak yg kagum "" tersenyum dan billang allhmdulillah ternyata dekat dengan banyak anak kecil dapat berpengaruh positif dalam diri kita [url] [CAPS]",4
[username] [CAPS] [username] [CAPS] malam ini kok sinyal koneksi internya jelek sekali ya? Notif si mifi berwarna merah terus ! [REPPUNC] Adapakah? #nanyaserius #maukerja,1
"Orang lain kalau pake ponco itu buat jas hujan, nah dia pake buat kasur. Ya tadi gara2 saking gak punya apa2. Mamak bilang, kami tuh di awal pernikan gak ada ngalamin bulan madu kayak skrg2. Org tidur nya aja pake ponco. Gimane mau bulan madu.",0
"Karena mereka juga bahagia,karena kebahagiaan terdapat ditengah' keluarga",4
"[username] [CAPS] huhu gemes [ELONG] banget. [ELONG] sesayang ini gue sama mereka astagah. [ELONG] ga ngerti ini gue, [ELONG] belom ada pengumuman pasti kapan liburnya huhuhu [CAPS]",2
"Aku habis nonton #AQuietPlace dan seru. Heningnya bikin ketegangan meningkat. Bahkan di beberapa momen aku sampe tutup mulut dan gak bersuara. Endingnya Bodoamat yaa udah pada ke #Hereditary gw masih di sini wk. Oya, saran nih mbake, bikin rumah deket aer teejun wae lah",4
"Pembukaan tidak pernah di amandemen [CAPS] cebong [CAPS] busuk [CAPS] atas [CAPS] berkat [CAPS] rahmat [CAPS] allah [CAPS] yang [CAPS] maha [CAPS] kuasa [CAPS]. [REPPUNC] lo [CAPS] baca [CAPS] pembukaan [CAPS] uud1945, [CAPS] disitu [CAPS] semua [CAPS] dasar [CAPS] negara [CAPS] r.i [CAPS] bong20o [CAPS] memang [CAPS] bongak [CAPS]",1
"happy [CAPS] mensive [CAPS] kalian! [ELONG] [CAPS] langgeng [CAPS] terus [CAPS] yaa, [CAPS] jangan [CAPS] suka [CAPS] berantem [CAPS], klop [CAPS] terus [CAPS] wkwk [CAPS], makin [CAPS] saling [CAPS] cinta [CAPS], makin [CAPS] saling [CAPS] sayang [CAPS] I love [CAPS] you [CAPS]",2
"[username] [CAPS] Pagi juga mas nyaa, duhh jadi gaenak dapet ucapan met pagi dari netijen twitter. Wkwk btw dari kejauhan brp km nih? Alias darimana kota tempat tinggalmu? Wkwk",4
Dalane alus..lancar trimaksih bpk [username] [CAPS] semoga sehat selalu utk membangun bangsa #touringertigamania #ermanjatim #halalbihalal2018,4
"sudah ribuan penelitian anak bangsa terkait penanggulangan sampah, tapi sangat jarang diterapkan, bagi-bagi proyek jangan terlalu serakahlah, baiknya masa depan kan untuk anak, cucu dan kemanakan kita juga [url] [CAPS]",1
"Ada ig, minta line. Dikasih line minta wa. Kenapa ga sekalian aja minta playstorenya? Biar udh satu paket ada ig wa line mobile legend juga ada.",1
"Jadi inget wktu kecil. pas awal belajar sepeda, awalnya dipegangin dari belakang eh perlahan akhirnya dilepas dan bisa mengayuh sepeda sendiri. bisa sendiri sampe detik ini hehe",4
"lebay bgt sih masalah kygt doang sholat lo makanya makanya cerita, terbuka ama orang Y njing. kl solusinya kekgitu doang mah gaperlu dikasitau",1
"Sama kak..pas [ELONG] liat ibu bumn auranya agak bedaa jd takut ke depannya gmn, semoga yg jahat segera lenyap dan banyak muncul tokoh2 yg bener2 berjuang buat negara",3
[username] [CAPS] [username] [CAPS] [username] [CAPS] Gue ke lampung ki..whew [ELONG] nadia sudah mau sidang ajee selamaad yaa..apa kabar kaka satria ! [REPPUNC] udahan blom ! [REPPUNC],4
"Menjelang lebaran, ahass honda belum mengadakan diskon sparepart atau service untuk mudik. Ganti rantai malah naik ke 189. Ingin berkata bgsd rasanya",1
"Kalo udah sayang beneran itu mau dihadapkan sama cowok yang lebih tajir +, [ELONG] ganteng +, [ELONG] pinter +, [ELONG] serba +, [ELONG] dll itu pasti bakalan tetep ga mau berpindah",2
"Ya kalo ngerasa ngumpul nya kurang kan bisa ngumpul tempat lain, misalnya dirumah siapa gitu. Biar lebih leluasa. Ya cuma kalo bukber di rumah orang kan gak enak juga, apalagi yg dateng 20 orang lebih huhuhh Jadi yg mau pulang ya bisa pulang.",0
temen : kuliah dimana cik? me : binus. temen : jurusan apa? me : psychology temen : bisa baca sifat gue dong? coba dong baca gue orgnya gmn eh [CAPS] nyet. [CAPS] nih [CAPS] ya [CAPS] kl [CAPS] gue [CAPS] bisa [CAPS] baca [CAPS] sifat [CAPS] orang [CAPS] mah [CAPS] gabakalan [CAPS] gue [CAPS] gagal [CAPS] dalam [CAPS] percintaan [CAPS] mulus [CAPS] pasti [CAPS] hidup [CAPS] gue [CAPS] tanpa [CAPS] adanya [CAPS] fakefrendzz [CAPS],1
"[username] [CAPS] huhu iya [ELONG] ini mikir keras banget dan ku jg ga dapet hasil yg sreg di bab 4 tuh, mana jum'at tuh uprak studi islam dari pagi, bisa bisa [ELONG] :""",3
Masih degdegan gemeter hati ga tenang ngantuk udah ilang selera makan juga ilang gimana besok ya allah [CAPS] Takutt banget kalo aku sampek ga bisa lanjut aku harus ngapain ?,3
"Kemudian bayangkan ada sesuatu yang berdiri di sana, mengamatimu. Jelas ritual itulah yang membawa makhluk itu ke sini, namun aku sama sekali tak mengerti apa yang terjadi saat itu. Pikiranku terlalu dipenuhi oleh rasa bingung dan takut.",3
Greget. [REPPUNC] perasaan lama amat. [REPPUNC] apa emg guenya yg gasabaran. [REPPUNC] tpnya geh yah. [REPPUNC] huhu gabisa sabar. [REPPUNC] apa emg blm di update sm shoppe. [REPPUNC] [username] [CAPS],1
"kaum kampret tetep mikirnya kebalik seperti kampret dipohon, mana ada wtp [CAPS] buat 2018? Yg ada wtp [CAPS] 2017, goblog [CAPS] kok ditunjukin.",1
"Oh ini to, oh cuman segini saja to kamu. Kami mendukung [username] [CAPS] ri. [CAPS] Bukan kpk kw, itu tuh yg di merdeka selatan, yg ada tapi kayak kaga ada. [url] [CAPS]",1
Ganti presiden? Siapa takut. [REPPUNC] hanya siapa calonnya? Apa si doi yg onoh? Ih gak syudih,1
"Lintasan Waktu - Danilla (2017) Nci panutanq keliatan true colornya disini, tp gue suka banget. Kayaknya rada2 keinspirasi sama Mac DeMarco lagu2nya, dan emg enak banget. Ga heran kmrn jadi nominee ica [CAPS] tp sayang saingannya album2 pop [EMOTICON] w suka Entah Ingin Kemana, Laguland, A [ELONG] [url] [CAPS]",4
"[username] [CAPS] sudah pakai perasaan sekali kita ngmng nya. cmn bnrn caesar sm connor yg ok, DiDi sm darren its not bad lah. untung demen sm yang pda nyanyi",4
Baiklah sembari menikmati hidangan yang sudah diberikan selanjutnya ada performance dari oppa2 ganteng nih ayo beri tepuk tangannya yang meriah,4
"Suatu saat akan terjadi. [REPPUNC] jika tdk ada tindakan dari aparat, terpaksa harus dilakukan tendangan bebas [username] [CAPS] [username] [CAPS] [username] [CAPS]",1
"Kagak sih, kan tiap kali ku ada tugas atau ujian yangbeb selalu ada. [REPPUNC] Soalny kalo ga ada siapa yg bisa ditanya2.. dia mah kayak wikipedia berjalan, semua-mua tau.. aku mah apa atuh",4
"Pengajian yg ustadznya provokator dan mulut jamban, wajib dibubarkan.",1
"alasan utamanya karena aku pengen 'mereka' jadi kado sweet 17th aku nanti. itu udh lebih dr cukup buat aku. selain itu, aku jg pengen ketemu mereka sblm mereka pulang ke rumah masing-masing",4
"Lisa, semoga aja kamu ga denger berita ini ya, kalopun mendengar udah cukup kamu tau aja dan jangan sampai kamu ketemu yanglek, bahkan ngeliat sedikit pun jangan. Itu bakalan serem banget.",3
"Sadarkah kamu kalau hati papa merasa cemburu? Saat kamu mulai lebih dipercaya, dan papa melonggarkan sedikit peraturan untuk keluar rumah, kamu akan memaksa untum melanggar jam malamnya.",0
"Jika itu sebuah cinta, ia akan menerima semua kelebihan, bahkan kekurangan pun akan dianggap sebuah keindahan bukan sebuah alasan untuk meninggalkannya",2
[username] [CAPS] mana min jwban dari permasalahan sinyal di area pondok kelapa jaktim sdhkah ada jwban/saya harus gnti kartu.karna device sy 22ny pakai kartu 3,1
"Pada saat itu aku mungkin berpikir bahwa kami semua sudah ikhlas. Namun sekarang aku sadar, bahwa pada saat itu kami sama sekali belum ikhlas.",0
[username] [CAPS] Gak usah di jelasin bang. Biarin aje dia yg cari berita sendiri. Padahal udah di jelasin gimane kronologis nye sama orang bantul nye sendiri. Emang aje otak nye yg pade lola,1
"Halo sayang, siang ya.. [ELONG] Semangat kerjanya, jangan lupa makan makanan yang udah aku bawain, kalo cape istirahat aja dulu sebentar baru lanjut kerja lagi. Me love you so much!",2
"Sama kayak hobi. Kalau orang udah suka sama satu hal, disuruh jalanin hal lain pun gak bakal bisa. Jatuhnya kayak bodoh gabisa ngapa2in. Padahal itu bukan bidangnya, yg berakhir dinyinyirin sama orang.",0
"Karena makan bersama sambil berbincang dengan orang"" tersayang itu terasa nikmat By me taichangoreng",4
"cmiiw, [CAPS] rasanya konotasi ""matematis"" yang dilekatkan dengan benar-salah/tidak mau kompromi itu kurang tepat. Matematikawan itu ya mestinya toleran, non-assuming, dan meragukan banyak (atau semua) [CAPS] hal sampai bukti sahih--lay",1
"Asik gt ya punya kenalan yg tau tentang sejarah sejarah ato ga bahas filsafat filsafat, bahas fallen angel pokoknya conspiracy theory and suka teather punya darah seni pgn deh punya temen kaya gitu ! [REPPUNC] Bakalan aku keep pokoknya lol.",4
"eh [ELONG] lg dengerin lagu playlistnua di shuffle pertama kangen-dewa19 trs kamu-coboyjr, kahitna-mantan terindah jadinya, kangen kamu mantan terindah hiyak.",0
"batrei hp saya juga tinggal 23%. Kalo hp saya mati, nanti pacar saya bingung mencari saya. Eh tapi ternyata saya gak punya pacar ding. Hmm. Makanya..kasian kan kak ! [REPPUNC] Udah jomblo, listriknya mati, digigit nyamuk pula. Plis nyala dong nyala",0
"Aku iya, sejelek apapun muka si taka di foto itu, tetep aja keliatan kawai di nataku tp kalo cowo lain pasti langsung dlm hati, alay bet dah nih cowok",2
"Semoga pa [username] [CAPS] Sadar Bupati Purbalingga dari pdip [CAPS] Kena ott [CAPS] kpk, [CAPS] Warganet: Allah sedang menunjukan Pak Mahfud partai mana yang lahirkan koruptor besar.. [url] [CAPS]",0
Kalo ini ga ada bukti berarti fitnah. Tolong [username] [CAPS] menindaklanjuti pernyataan ybs. Jangan sampai dianggap tidak berani ya Pak. [url] [CAPS],1
"Kesabaran mu menghadapi ku yg membuat ku bertahan, perhatian mu yg membuat ku bertahan sayang mu pada ku pulang yg membuat mu bertahan,Keyakinan mu menjaga ku lah yg membuat ku bertahan. [REPPUNC] trimakasih sayang smoga bs lewati semua #LDRkronis",2
"Tiap kali George ketip2 minta minum, selalu keinget kejadian di Thailand ma [USERNAME]..kami pake motor sana (bentuknya mirip honda new supra) dan gatau ini mo diisi bensin macem mana, dan berapa duit seliternya jgn2 kita ngisinya minyak tanah kan berabe ya..",3
ga bisa dideskripsikan lah pokoknya bagaikan kasih sayang ibu ke anak-anaknya. [REPPUNC] pdhl gue blm punya anak.. blm nikah jg si.. pacar aja jg gada. [REPPUNC] pokoknya sayang anak-anakku semua,2
Turut berdukacita atas korban gempa bumi di Lombok Semoga Tuhan senantiasa berikan yang terbaik #prayforlombok Cc [username] [CAPS] [url] [CAPS],0
"karena cinta, alasanku tersenyum pagi ini",2
"Aslinya pontianak tinggal di semarang kak.. I'm a big fan of small towns and old shop, seneng bgt karna banyak itu di bandung diary heehehe..",4
sakit memang melepas orang yang kita sayang namun jangan salah jauh lebih sakit kalau kita bertahan dengan orang yang salah ouw! </3,0
"intinya cari temen mah jangan pilih2 gitu, yang baik yang buruk semua dideketin biar tau, oh ini gini oh ini gitu, kalo tau baik buruk cuman dari katanya mah gausah sosialisasi aja sekalian, di kamar ae diem garuk2 jembut doang",1
"Insya Allah akan kembali ke relnya smua, kmrn krn eforia demokrasi seolah2 dunia ingin digenggam, sdh lelahh, sdh lwt/usai jg masa nya.. Kembali sbg bangsa Indonesia yg menyatu dn mdukung nkri [CAPS] [url] [CAPS]",0
"[username] [CAPS] WhatsApp aku kan sudah terang-terangan kamu blokir, setelah aku mempergoki kamu secara tidak sengaja bahwasanya kamu kerja di Informa Ace Hardware tp-6. [CAPS] Malamnya aku akan sapa kamu, tapi sudah keburu kamu blokir, padahal seminggu sebelumnya ak",1
"-/-1 Dari dulu hingga sekarang, sebagaimana biasanya berlangsung, setiap kali memasuki bulan Ramadan, kegiatan pariwisata di Indonesia terasa agak lesu. #VIWIHotDealsForMiddleEast",0
Pati juga punya seni tari angguk [username] [CAPS] tapi tak pernah diekspose [username] [CAPS] #asliPati #nguri2 seni pesisir [url] [CAPS],0
"[username] [CAPS] kalo gue sik emang abis kehilangan seseorang yang deket, ya bisa dibilang cuman tahap bangunin sahur-zone lah, ah [ELONG] sial, tayo tayo ! [REPPUNC] bener apa kata u bang emang jadi gila.",0
"Ya emang, selangkangan sm otak situ aja yg ngeress Ada juga yg katanya habib, imam dsb juga ngelakuin chat sex dsb Identitas agama tidak menjamin kamu tidak menyukai sex, catcalling dsb, meski udah menikah yg melakukan penyimpangan sex jg banyak ( selingkuh )",1
"Pokoknya begini saja, tidak ada yang menemani senikmat dan sesetia kopi ini, terimakasih sudah selalu hadir mendamaikan hati ini. Padamu. [REPPUNC] Aku berbangga. Hehehe [username] [CAPS] [url] [CAPS]",4
"Kepingin gudeg mbarek Bu hj. Amad Foto dari google, sengaja, biar teman-teman jg membayangkannya. Berbagi itu indah.",4
"Dibilang biasa-biasa sih tidak apa-apa.. Tapi sekarang banyak orang-orang biasa, dan berbuat luar bisa itu gara-gara kehebatanya.. #mr21 #olahraga #sepakbola #penerusbangsa #indonesia #atlite #olahragawan #adidas #nike #puma #specs #anakbola #timnasindonesia #sukses [url] [CAPS]",4
"[username] [CAPS] Iya lagi banyak film action nih. [REPPUNC] kemarin setelah Pengabdi Setan bnyk tuh film horror! kesel tiap kali liat trailernya sblm film mulai! bikin takut kan! ku klo nonton sering malem, jadi suka parno,wkwkwkwkwk",3
"Yah namanya juga cinta. Ada waktu cinta banget, cinta aja, lumayan cinta, agak cinta tapi nggak mau pisah. Yah namanya juga cinta siapa yang bisa ngeplanning besok mau ngasih cinta berapa persen ke doi.",2
"[username] [CAPS] aku bukanlah para penjilat pantat zohri seperti kalian, [ELONG] kalau pun kalian merasa iri dan takut akuanggap si zhri sebagai saudara, ambilah oleh kalian, jilatilah pantatnya setiap kali dia habis berak, [ELONG] kl aku hiy, [ELONG] ambilhah semuaa, [ELONG]",1
makasih ya buat semangat dan do'anya [EMOTICON] peluk cium {} :,2
Trima kasih yang sudah datang sparing footbal [ELONG] hari ini. #unitedindonesia #unitedtogether #uici #unitedindramayu #unitedindonesiachapterindramayu @ Indramayu Regency [url] [CAPS],4
"ini gimana sih ngerasanya kosong gt, tombol ekspresi ntah dimana. dkit lg kalo ada yg tiba2 nemu trus kepencet kayaknya aku langsung meledak ini mah. bahaya.",3
Ponakan kls 4 sd: [CAPS] lg demen nonton video tutorial masak + craft @ YouTube. gw kls 4 sd: [CAPS] udah baca novel2 Marga T. &amp Mira W. minjem punya sepupu,4
"Hei remaja,Bangkitlah ! [REPPUNC] Dunia ini bukan hanya tentang cinta,Harga diri ataupun Ketenaran.Tapi tentang Bagaimana kita berkarya,berinovasi,dan membangun negara ini.",4
"Hari berganti sore, rasa letih semakin meningkat, ttp semangat ya!",4
"Om, gabung ke Densus88 dong. [REPPUNC] daftar aja sbg penjinak bom. Daripada mabok lem kan mendingan kerja nyata buat keamanan bangsa. [url] [CAPS]",4
"Kalau memang tak ada niatan lebih, tolong jangan terlalu baik padaku. Takut nanti menimbulkan baper untukku. Mungkin bagimu biasa saja, tapi bagiku tidak.",0
Tengah baca thread seram tetiba nmpk benda hitam gerak dekat tepi kepala. Dah la dalam thread tu cerita dah sampai dekat bayang hitam. Cuak weh [ELONG]. Tengok sebelah nasib baik sarung bantal je bergerak.,3
"Begitu diumumkan lulus 100%, mereka semua sujud syukur, dan langsung mengambil bunga. [REPPUNC] saat dia menghampiri, langsung memeluk & menciumku, air mata tak kuasa kubendung. [REPPUNC] ""mom, this is my birthday present for u..""",4
"Gilak! G1 aja begini. Rakan dkk diborong. Mungkin kalo masuk 5 momon, Zeratu pun ngikut kali. Triple S pula ak [ELONG] *droolin [url] [CAPS]",4
"Terima kasih udah bekerja keras kasih kita (army) musik yang berkualitas, musik yang keren, musik yang inspiratif, musik yang menyembuhkan. Sehat selalu & terus berkarya. We love u rm [CAPS]",4
wkwk oke baiklah [EMOTICON],4
"Perkenalkan, murid baru saya. nathan namanya, anaknya baik, pendiam, sopan, cerdas. Murid idaman setiap guru. Senang bisa mengajar nathan.. Kita pasti bisa",4
"[username] [CAPS] [username] [CAPS] Menurutku si karena lingkungan tempat tinggal juga. Yg bully si adek emang anak preman yg bapak dan kakaknya hobi mabok""an dan berantem. Ngeri ya jadi takut nyekolahin anak di sekolah umum",3
"ibuqu demen bgt teriak becanda gt, ngelawaq mulu, demen india, kalo udh ngeliat berantakan dikit udh dah ngomul wkwk tp aku sayang bgt dong kalo nyuruh teh meni ga satu2, kalo udh marah serem tp gampang baeknya lg. semoga sehat sehat slalu",2
"Beliau menimbang2 beberapa hal. Sempat membuka traveloka, cek harga tiket (mahal bet kan paak?). [ELONG] Lalu pada akhirnya beliau tanya, 'Besok ada uas jam berapa?' Beliau memberi harapan [EMOTICON]",4
"Terima kasih kakak cantik oktakenza,hadiah handuk nutriclub'y lucu [ELONG] gambar beruang.. semoga lancar terus rejeki dan kerjaan'y, aamiin.. peluk sayang selalu utk anteu oktakenza",4
[username] [CAPS] [username] [CAPS] [username] [CAPS] [username] [CAPS] [username] [CAPS]. [REPPUNC] Betul. [REPPUNC] Dulu juga jalan tol makassar yg ke bandara kosong hanya dalam tempo 5 tahun sdh padat penuh kendaraan. [REPPUNC] Alangkah bodohnya orang yg satu ini [username] [CAPS]. [REPPUNC] kok bisanya,1
Idealnya memang kpk [CAPS] hrs tingkatkan status Ganjar dr saksi menjadi tersangka agar kecurigaan bhw dia di lindungi oleh kekuasaan bisa cair dan kpk [CAPS] pun bisa di percaya lagi.,1
niruin sistem sekolah lain tidak-kreatif amat jadi sekolah terlalu norak sih ya apa2 selalu pakai ungulan baru ngeliat ungulan ya hahaha,1
"[username] [CAPS] cinta, anugerah Maha Esa. kita corak, kita gubah, kita dirikan seperti impian yang kita kejari semoga bersama hingga ke akhir nanti. terima kasih cinta, kita kan bersama terima kasih cinta, buat selamanya.",2
"Ini pada bege apa ga paham sih, dikasih peluang ko malah di bagi2 ya persentasenya buat lu berkurang lah. Intinya gini aja si lu dapet informasi karna lu rajin dan ini hak lu. Yg ga rajin biarin aja dia ga ada usaha mau cari tau.",1
"Siapa yg melakukan itu ke aku? Ya, teman-teman yg mostly adalah perempuan juga. Udah ga heran ngeliat perempuan dijahatin sesama perempuan. Aku pun mengalami",0
"Aku macam wondering kenapa kalau someone tu dia rebel ke, putus cinta ke, stress ke, etc kan, mostly dia akan berubah 360. Tapi, sadly perubahan dia tu mostly akan ke perubahan dark side",0
Selamat ulang tahun dek zein yg kedua Th semoga panjang umur tambah pinter tambah cerdas menjadi anak Sholih berbakti kepada kedua org tua nusa dan bangsa [url] [CAPS],4
"Semoga pada selamat ya anak-anak itu. Gue pernah ke Gua Pindul, rasanya tercekik padahal gua itu gede banget. Nggak kebayang di gua sesempit itu gimana rasanya.",0
kalo ada yg apal orang orang nye gak mungkin bisa teriak rojali [CAPS] jangan pernah menuduh yg belum pasti apalagi menusuk saudara se persija sendiri. #PersijaSelamanya [url] [CAPS],1
satu [CAPS] lagi [CAPS] kalian [CAPS] dua [CAPS] akun [CAPS] base [CAPS] yang [CAPS] paling [CAPS] aku [CAPS] sayang. [CAPS] yang [CAPS] paling [CAPS] bisa [CAPS] mengingatkan [CAPS] satu [CAPS] sama [CAPS] lain. [CAPS] dan [CAPS] makasih [CAPS] banyak [CAPS] buat [CAPS] admin2nya [ELONG] [CAPS] ily [CAPS] ily [CAPS] ily [CAPS] I purple [CAPS] you! [CAPS] [username] [CAPS] [username] [CAPS] [username] [CAPS],2
"Kamu belum lahir bong, tanya sama mak mu. [REPPUNC] Biar jelas. [REPPUNC] pki [CAPS] itu zaman soekarno [CAPS] bong [CAPS] berlanjut ke orba [CAPS] Lalu di basmi, bisa jadi salahsatunya keluargamu ya ! [REPPUNC]",1
"Jgn hanya tau korupsi lalu uangnya dihamburkan utk negara lain, dprri [CAPS] anda semua adalah pemegang amanah rakyat, oleh karena rakyat anda bisa bersuara lantang, dan oleh karena rakyat anda bisa menjadi terhormat, lalu apakah anda bisa menghormati amanah rakyat? Ingat dan camkan. [REPPUNC] !",1
[username] [CAPS]. [REPPUNC] Itu bukan beda [username] [CAPS]. [REPPUNC] Tapi karna si [username] [CAPS] itu orang gila. [REPPUNC] Semua twitt yg mengomentari twitt anda pasti marah dan emosi. [REPPUNC] Karna dibuat oleh orang tdk waras jadi bukan ente beda tapi tdk waras.,1
Seluas itulah aku mengasihimu.. Teruntuk kamu yang entah ada dimana saat ini.. sehat dan bahagia selalu dalam Tuhan..,2
"Ceritanya semalam mau bubar, eh doi banyak tugas, mau jumpa setelah itu eh motor dibawa sepupu dan akhirnya [ELONG] jumpa jam tengah 2 dengan mata merah, mukacapek, ngantuk, sian [ELONG] w Makasih kamu",4
"[username] [CAPS] [username] [CAPS] [username] [CAPS] [username] [CAPS] Apapun alasan,kl dlm lhp [CAPS] [username] [CAPS] sdh ada kerugian,FP hrs tgg jwb,mo arbitrase biar aja,blm tentu fp [CAPS] jg berani ke arbitrase,knp kita hrs takut? Alasan nunggu 3 thn itu akan longsor versi fp [CAPS] search gogle,msh byk e",1
O2. Good Morning - Kassy gak [CAPS] mau [CAPS] tau [CAPS] pokoknya [CAPS] ini [CAPS] enak [CAPS] parah. [CAPS] aku [CAPS] cinta [CAPS] kassy. [CAPS] semua [CAPS] lagu [CAPS] kassy [CAPS] enak [CAPS] enak [CAPS] guys [CAPS] ayo [CAPS] dengerin [CAPS] [url] [CAPS],2
wehh ga bs gtu jg dong. kalo pergantian gtu kan emg ada transisinya. tp hak nya kan tetep ssuai jobdes dong. kmu puasa2 di dzalim gtu. pukpukk. senior junioritas itu,1
"Menunggu penjelasan dari yg bersangkutan dulu ndul. [REPPUNC] Boleh di cc ndul, daku takut men cc nanti kena semprot orang yg mengaku paling dekil seantero tuiter",3
"Ya allah semoga kue bikinan bunda kali ini dengan resep dari google berhasil. [REPPUNC] Kasianin aku ya allah, kan soleh mau ultah. [REPPUNC] Masa gagal maning gagal maning",3
"Sayang Banget sama mereka, sampai kalau liat mereka kayak d perlakukan gak adil aja w sampe nangis, wkwkw Gak tau sih sebenernya kenapa w bisa Sesayang ini sama mereka, mgkin karna liat n tau perjuangan mereka selama ini, apa lagi mereka sayang banget sama iKONIC [EMOTICON] [url] [CAPS]",2
Cuma ada aja manusia yang nggak ngerti posisi si panitia tersebut. Dengan seenaknya minta ganti tempat hanya gegara maksimal nongkrong adalah 3 jam. 3 jam masih kurang? Ebuset wkakaka,1
"Beb, selamat ulang tahun yaa [username] [CAPS] ayu popo crew. Aku nunggu 00:00 wib [CAPS] banget loh ini. Semogaa cepat mup on dari atta. Btw si clara masih ngeblock kita donk. [url] [CAPS]",4
[EMOTICON] muka cemberut dont be sad baby,0
"Kamu punya baju atau outfit favorit? Yang paling sering di pakai, padahal masih banyak baju yang lain. Sampe kalo kotor dikit langsung cuci, keringin, pake lagi",4
"Empat tahun lalu, ketika orang-orang hepi karena keterima kerja/sekolah lagi, gue hepi karena nama gue nongol di daftar ini [EMOTICON] #WorkshopCerpenKompas2014 #tsygmc [CAPS] Foto: [username] [CAPS] [url] [CAPS]",4
"[username] [CAPS] Sayang bgt gitu padahal vocal dia cocok buat energetic tpi yasudah lah Semoga aja my bby goeun selamat dan bisa nunjukin vocalnya dia di concept eval :"")",0
"Punya utang udah 2thn ditagih ngilang2an, tapi kalo ada hp keluaran terbaru gapernah ketinggalan, punya otak gasih? Dikira sininya gabutuh duit apa, iya kalo utangnya dikit lah ini",1
Jadi tadi ada yang habis intern hari pertama terus kita berjumpa deh. Terus seneng banget karena dia udah siapin topik buat ngobrol seoptimal mungkin dengan waktu minimum. Terus topiknya bikin gue emosinal abis sampe mau nangis tapi harus tahan karena di mcd. Too sweet to be true,4
"Salah satu kekuatan jokowi adalah Dia bersih dari korupsi Anak dan keluarga nya tiduk ikut Bermain politik, proyek apbn [CAPS] Maupun apbd [CAPS] Sehingga lawan politiknya tak menemukan celah Untuk menghantamnya meski banyak yang Mencari carinya Baru Latihan ngetweet _ saya [url] [CAPS]",4
Maapkan masih dengan tempat yang sama,0
"Akhirnya ada foto portrait wajahku, barusan aja pas motret-motret di Tugu ketemu ama bang ekopra.yogo Ahai. [REPPUNC] @ Tugu, Yogyakarta, Indonesia",4
"Jadi waktu dulu ada yang ember ngasitau ke orangnya klo kita suka ama dia dan brusaha ngomporin supaya dia jangan sampe suka ama kita. Duhh pdhl klo kita mau bales mah situ udh masuk penjara kalii, sbagai otak pencurian hp temen sendiri di choir",1
"hua [ELONG] [CAPS] takut [CAPS] bgt [CAPS] woi [CAPS] gw [CAPS] penakut [CAPS] akut. [CAPS] kagetan [CAPS] parah. [CAPS] teriak [CAPS] bisa [CAPS] paling [CAPS] kenceng [CAPS] kali. [CAPS] makasih ojan, ibad, haekal, imam yg bikin w takut malem ini",3
"Via nulis dude Dude kan bukan pemain bola Twitter receh, ig [CAPS] receh, kelen semua emang kembalian mini market, receh. [ELONG]",4
Dr minggu kmrn menyebalkan.. eh hri ini lagi ada tambahan.. janjian jam 10 eh lah kok malah jek antri nang bri [CAPS] iki piye to..? Ku kesel deeh..,1
"Wa udah setua ini, masih ada aja temen sma [CAPS] yang suka nyinyir ""kamu kok kuliah ambil soshum sih, sayang banget ilmu ipa selama sma"", [CAPS] pengen wa jitakin. [REPPUNC]",1
"Coba, sekarang ditambah lagi ya belajar ikhlasnya. Iya emang sulit, tapi kalau belajar lama kelamaan pasti bisa. Belajar kayak waktu kamu kecil dulu. Cuma bedanya sekarang udah tau umur. -papski",4
"dulu tiap hari main game mulu, ngomong2 kasar, mau jadi apa ! [REPPUNC] sekarang tiap hari main game mulu, ngomong2 kasar, mau jadi apa ! [REPPUNC] yutuber gaming [EMOTICON] #recehkantwitter",4
sejak kapan saya ngfolow dia dan semenjak kapan saya di folow back ini aneh,3
"sekarang kalo lihat yg lagi kasmaran ngomong soal cinta, gw cuma bisa nyengir dalam hati ""belum tau rassanya kalo udh punya baby [EMOTICON] "" bisa berjuta kali lipat [ELONG] ngerasain cinta dr yg anda rasakan saat ini [EMOTICON]",2
"Wajah yang terkasih dipuja lagi. Pipi yang sedikit tirus diusap lagi. Mata yang terpejam itu dikecup lagi. Ia membenarkan orang bahwa, ""Cinta itu buta.""",2
"[username] [CAPS] jungkook. firstly, gue di hasut temen gue kalo di bts gada yg ganteng, yg ganteng cuman jungkook. lah gue iyain aja tuh, trus gue fokus ke jk lama2 cinta wkwk",2
"ku udh prepare semaksimal mungkin pake recehan khas anak sekolah macem aku tapi aku orgnya ga bisa boongan klo keluarga lg butuh. yaudah aku kasih semua yg aku punya, toh mereka jg janjiin bakal balikin. tapi ekspektasi kan kadang suk",0
[username] [CAPS] Masa kecil yg pling diingat itu klo Barangkt sekolah itu mnta diantar ibuk trs karena takut kesekolah sendian dan harus dibelikan Permen dlu biar mau berngkat gt dech scra gue orang pendiem dan takut kpd teman #MasaKecilkuAsik [username] [CAPS] [username] [CAPS],3
"[username] [CAPS] Napa ya kebanyakan orang kalo gak dibales atau late rep pasti nanya ""udah punya pacar ya?"" ""udah taken y?"" elah pacar mulu di otaknya sbl w",1
terkenal dengan kegiatan blusukan ke pasar-pasar atau gang-gang sempit. Tujuan Presiden ri [CAPS] ini semata-mata agar dapat berinteraksi langsung dengan masyarakat Indonesia. #JokowiSekaliLagi,2
Happy mansive Daddy wah udah 1 bulan aja. Aku beruntung banget dapetin daddy dan makasih atas selama 1 bulan yang udah kita jalani daddy udah buat aku selalu senyum. Aku sayangg [ELONG] banget sama daddy ga ngerti lagi sayang nya gimana.. Intinya I love [CAPS] you! [CAPS],2
"kl gabisa ngurus anak gausah punya anak sih ya Allah kasian bgt gue gak tega anak disiksa kayak gitu. gue kl udah punya anak nanti bakalan gue sayang banget [EMOTICON] kenapasih harus melakukan kekerasan padahal anak kan titipan Allah, harus dijaga. kl salah ya dikasih tau baik baik.",0
"eung.. aku si termasuk zonkies n receh ppl, aku punya ratusan meme yg neomu unfaedah tp bisa bikin orng lain smiley hehe. aku jg orngnya spammer, bawel, sayang-able /.\..) aku bisa cute bisa engga ko, seriously aku ngga bohong. ht",4
[username] [CAPS] Enggak pernah beli barang mahal Lebih happy cari yang sesuai budget tapi lebih hati hati dalam pemakaian biar bisa awet lama. Dan baru ganti ya kalo ilang/rusak.,4
Sulitnya menetapkan Calon Wapresnya Jokowi di Pilpres 2019 salah satunya disebabkan gemuknya partai koalisi yang mengusung petahana. Sehingga sikap kehati-hatian agar tidak ada yang terluka dari partai pengusung harus tetap dijaga #Pilpres2019 #Pilpres #Jokowi #Parpol,3
Krn tidak memenuhi kuota medan cancel ya sayang.. Mohon maav yg sebesar besarnya Tiket mehong klo cm 4 ekor gk cucok Hari ini nia refund dp [CAPS] buat medan ya 4 bagi yg udah dp [CAPS] mohon konfrmasi buat pengembalian dana Sekali lagi [username] [CAPS] mohon maav yg sebesar besarnya,0
"Setiap mau ngeluh, mau protes sama hidup (and every problem in it) jadi malu sendiri karena ternyata too many blessings yang kelewat buat disyukurin",0
"Omelette Mie ter-pas banget, texturenya pas, gak ancur, masih renyah digigit, tapi lembut pas dikunyah, rasanya pas, gak greasy, matengnya pas. Tapi biasanya yang pas ketemunya diwaktu yang gak pas sih [EMOTICON] [url] [CAPS]",0
"#kknlyfe [CAPS] day [CAPS] 02 Paginya leyeh-leyeh, pas air galonnya abis, jadi panik. Kudu isi ulang galon naik turun gunung dengan jalan yang Subhannallah, dan waktu tempuh sekitar 1jam pulang pergi. Ampir jatoh ke jurang gegara tanjakan ngeri dan jalannya rusak.",3
"Wah kalo gt anda udh menormalisasi bentuk pelecehan terhadap diri anda sendiri dong ya, bisa micu bentuk pelecehan yg lebih besar tu mba. Anda secara ga sadar udh mendukung para pelaku pelecehan di luar sana. Selamat ya",0
"Duh ini teman kantor udah minta tukar shift dadakan,nelpon udah jam 9 baru nelpon.gue jadi bak bik buk gak jelas.!masihh [ELONG] ada aja temen yg tololnya di makan semua",1
". [REPPUNC] serioulsy. Ketika ada yang speak up kalau dilecehkan, jangan jahat, jangan julid. Apalagi sesama cewek. Buset deh komennya ancur-ancur banget",1
Nyampe rumah alhamdulillah teryata bapak suami udah masak capcay dan bihun goreng sebelum berangkat kerja tadi pagi. Kayak gini nih yang bikin selalu cinta,2
"Ndk apa2 miss, semangat bawa mereka untuk konser selanjutnya ya. Dan terima kasih prjuangannya tahun ini, Semangat Miss kita semua menunggu",4
Dear [username] [CAPS] knp statusnya begitu y? Padahal selama ini pesen dr marketplace tsb alamat lengkap bgt selalu sampe. Ini salah dmn ya? [url] [CAPS],3
[AskMF] kenapa ya gua takut banget kalo mau ngmg atau muncul di grup gitu. [ELONG] Bener2 panik gituu kalo harus muncul di grup. Gimana cara ngehilangin nya ya,3
[username] [CAPS] [username] [CAPS] Kalo kita punya tiket Tiket apa yang paling bisa buat orang bahagia. [REPPUNC] Tiket ketemu @8rianna_ [username] [CAPS] #IniSahurTIKETCOMHariKe20 [username] [CAPS],4
"Bahkan sampe sekarangpun, gue takut dan stress kalo ketemu orang. Gatau kenapa. Butuh momen nenangin diri lama untuk ketemu orang yg ga gue kenal, atau bahkan yg gue kenal. Butuh latihan bertahun2 biar bisa pura2 oke. Ke dokterpun gue masih takut.",3
"Hari minggu suka bolos ke gereja hanya karna nobar power rmarahs dirumah teman sampe rumahnya penuh, kadang cuma bisa denger gabisa liat filmnya, miris. [REPPUNC] #OldMoneyGakNgerasain",0
"Pa suhada : cy [CAPS] (cleaning yard) di pt duduk manis digenggamnya Teh pucuk. Dia bilang gini ""Tuhan juga tau kerjaan gua gimana"" Ya allah ngakak bgt",4
teringat lagi masa dan kisah ku dulu saat tubuh masih terselimut putih abu yang baru kusadari pada saat itu bahwa cinta pertama menghampiriku,2
"Anda ingin merasakan cinta terindah..? Ketahuilah tiada cinta lebih indah dari cinta pd kekasih, Sayyidina Muhammad saw.. [CAPS] Saat bibir anda bershalawat pd beliau, lalu hatipun bergetar terpapar cinta tak bertepi sang Nabi pd kita, tulus, suci & tak lekang sampai Kiamat",3
#OldMoneyGaNgerasain itu mengingatkan masa kejayaan tahun 90an dan beruntung bisa ngerasain jadi anak pada jamannya. Semua tweet isi kekonyolan itu udah aku rasain juga.,4
[username] [CAPS] [username] [CAPS] Banyak yg tolol di didik untuk jadi kacung..mengerti ibadah puasa tapi takut lapar [ELONG] ! [REPPUNC]. Cara Rakyat memiliki dan menikmati tanahnya hanya lewat liang lahatnya. [REPPUNC] ! [REPPUNC],1
"soalnya dulu lupa taun brp aku pernah coba main ask fm, ngga ada sebulan aku nyerah dan memutuskan untuk. [REPPUNC] ngga, makasih aku ngga bakal balik ke sosmed ini lagi thanks.",0
"sayang, janganlah kau waton serem",3
"Terlalu naif jika berbicara patah hati, tp terlalu munafik jika tdk merasa terluka. Pilihan utk menikah, msh membuat bulu kuduk saya merinding. Di pikiran saya, laki2 msh bgtu menyeramkan & membuat hati merasa sesak. Entahlah kepercayaan, kesetiaan, dan cinta seolah sudah mati.",3
lagu ini kayaknya lagi hits sangat ! memang enak sih ensenang just give me a reason by p!nk (at kara's rom),4
"Alhamdulillah Pie,,di rsup [CAPS] Kariadi ini bener2 diurus, jd sudah gak panas tinggi lg soalnya langsung dikasih Paracetamol yg botolan",4
[username] [CAPS] Jadilah orang yang yakin karna keyakinan pasti mengguncangkan pola pikir yang ragu dengan banyak pertanyaan dalam pola pikir dan jiwanya. Bacalah ! [REPPUNC] Dengan Nama Tuhan yang menciptakanMu [url] [CAPS],4
"Seringkali kita luput menyadari, betapa banyaknya kita meminta cinta dri orang lain betapa bnyknya kita mminta perhatian dri orang lain, tapi betpa sedikitnya kita memberi cinta dan perhatian pda org lain #fiersabesari",2
ngakak bgt yaallah next time kita adain MnG part 2 ya wkwkwk engga ih ga buluk tetep cantik koo yuhuu luvs [ELONG],4
"Rajin hadirkan diri dgn majlis ilmu, supaya kita blh mantapkan lagi diri kita. Ilmu akan jd perisai diri kita. Ilmu dan akhlak kena seiring.. Jgn lupa selalu berdoa yang baik.. utk diri sendiri dan org lain.. Trus istiqamah menuju ke arah kebaikan",4
"Nah, td kebelulan setorannya ke bpd rumah sakit karna trauma kejadian di bpd cabang. tp ternyata ketemunya itu satpam kurang ajar. udh ngeper duluan takut ingin ku berlari saja rasanya.",3
"Alhamdulillah Kembali ke kota pahlawan dlm rangka mendampingi teman2 peserta diklat, Smg mndapatkan inspirasi yg trbaik sbg bekal fase kediklatan berikutnya. [REPPUNC]",4
"aku memilhmu bukan karna aku sayang kamu. Dan bukan pula karna aku mencintai kamu. Tetapi,aku memilih kamu karna hati dan jiwa serta ""diriku"" sendiri mencintaimu.",2
"Harus beburu cari provider baru, mifi baru. [username] [CAPS] udah kek siput jaringannya. Setiap jam 12 malem pasti gangguan, suruh tunggu 4 jam kedepan. Eh [ELONG] aisia kuota peuting aing [ELONG] gunana naon [ELONG]",1
"Habis diem, cemberut, rewel. [REPPUNC] Lihat tante jalan dari luar mau masuk rumah udah senyum"", mulai ceria, nempel terus di tinggal bentar nyariin nte putput. [REPPUNC] Tante pulang diem lagi, nangis nyari nte putput. [REPPUNC] Kangen bngt ya dek",2
enak dong enak tuh p hapy lunch late,4
"Okay makin kesini makin yakin untuk segera pindah, dari kata2 bisa jadi kenyataan, bahaya nih, harus bener2 perhatiin sama omongan, takutnya kejadian.",3
[username] [CAPS] [username] [CAPS] [username] [CAPS] [username] [CAPS] [username] [CAPS] [username] [CAPS] [username] [CAPS] [username] [CAPS] [username] [CAPS] [username] [CAPS] Keren banget bu menteri disinergikan lintas cinta alam sukses selalu smoga barokah,4
"Dear wanita yg anggap speak upnya Via Vallen itu norak/kampungan, sbnrnya mungkin anda itu yg patut dikasihani, krn mungkin anda dl pernah dilecehkan namun krn anda ga berani speak up, nah nobody cares for you. Its your own fault and dont blame others for your lack of empathy",1
"Walaupun kita jauh secara fisik, kita tahu kita selalu bersama. Walaupun kita tidak mengatakan Aku cinta kamu, kita tahu kita mencintai satu sama lain. Walaupun kita tidak mengatakan kita satu, kita tahu kita adalah satu.",2
"heii..hey km para kaum adam hr gini msih mau aj Trnsfer""/ DP""sedihh kan klw di block stelah Tf. [REPPUNC] mk ny yg Real"" aja klw mw ktmuan sma kaum hawa. [REPPUNC] hihihii [ELONG]",1
"inti dari thread ini sebenernya adalah mau ngucapin selamat tanggal 25 yang ke 7 buat kamu yang udah mau berbagi rasa sayang dan selalu sabar ngadepin saya, dan saya baru nyadar ternyata kamu juga termasuk kado natal yang saya minta dari tuhan dulu. [username] [CAPS] [url] [CAPS]",2
"Jangan lupa bahagia hari ini. Cukup jalani hidup dengan penuh bahagia. Ketika ada hal yg buat kamu sedih, senyum. Harus senyum [EMOTICON]. Angkat kepala, biar mahkotamu tidak jatuh.",4
"kata [username], [CAPS] ku jangan banyak kasieun.. ku jangan cemen,,kudu setrong. [REPPUNC] apakah ku harus mendeklarasikan hastag #SizzyHarusKuat lagih [ELONG] ! [REPPUNC]",0
"Happy Pendadaran [username] [CAPS] kamu hbs ini kerja yg di kantoran aja ya, jangan yg turun ke lapangan panas-panasan. Aku takut kamu tambah item. [url] [CAPS]",4
Semoga semakin paham dan semakin takut kepada allaah [CAPS] swt. [CAPS] Aku berlindung kepada allaah [CAPS] swt. [CAPS] dari godaan setan yang terkutuk. [url] [CAPS],3
[username] [CAPS] [username] [CAPS] [username] [CAPS] Budayakan mencari dan membaca sebelum nanya ya. Udah pernah dijelaskan berkali2 kok [EMOTICON] [url] [CAPS],1
Yang ditanyakan lagi nanti ada di dalam artikel itu Terus kalo gak puas bikin deskripsi sendiri di hujat hujat sendiri.,1
"[username] [CAPS] aku beneran nangis tadi pas pulang flo :"" untung ga sefakultas jadi tempat keluarnya beda, terus aku pake kacamata biar dia gakenal gt :""( beneran takut",3
"Ketemu orang yang duduk sampingan di pesawat waktu balik mks di tempat check in.. Kalau dia beruntung duduk lagi sampingan, berarti diami. [REPPUNC] Yg duduk di kursi pesawat. Apakah?",4
Ini komprenya perkelompok satu jam kah? Asaan yang kelompok minggu kemarin maju katanya cuma sebentar gasampe setengah jam Lah ini uda mau satu jam Bikin degdegan woii [EMOTICON],3
"Sahabat semua, terimakasih atas dukungannya untuk Fariz, putra Winarni. Dalam dua hari sdh terkumpul Rp 90 jt lebih. Fariz sengaja berfoto ganteng sore ini utk menyampaikan terimakasihnya. Ayo terus bersonasi lewat [username] [CAPS] [url] [CAPS] [username] [CAPS] [url] [CAPS]",4
"Total duit diorang hampir mau 600 jt. yang ngutang pada punya otak ga yah [ELONG]. [REPPUNC] ditagih pura2 mati, ada yang mati duluan, anaknya ngemis2 bingung ngembaliin nya udh gitu dia masih kuliah. ditagih nunggu dia kuliah, terus kerja, nyampe gue punya cucu tu utang baru kelar mungkin tong",1
"Setelah seharian tanpa kabar, si Bapak tau2 malem2 telpon cuman buat ngecek udah tidur apa belum. Ngobrol ketawa2 sejam trus pamit tidur. Padahal tadi nomornya udah gue block trus gue unblock gara2 gak tega.",4
Jangan berjalan di belakang ku karna kamu bukan buntut ku. Berjalan lah di sampingku karna kau sahabatku #quotesoftheday,2
Keinginanku utk membeli ini itu seketika terhenti krn 1 kalimat Emang punya duit? Cuma nyokap doang yg bisa ngomong gitu krn gmn ea kan beli pake uang jajan dari siapa,0
"Yeay.. [ELONG] siap2 buat lebaran buat mamak klaten. Alhamdulillah.. (@ Swiss-Belboutique Yogyakarta in Gondokusuman, Daerah Istimewa Yogyakarta)",4
"Sebagai dokter gue punya kelegaan tersendiri kalau pasien, terutama yang menengah ke bawah, punya bpjs. [CAPS] Karena itu artinya seandainya mereka harus dirujuk, misalnya, gue ga perlu stres sama pertimbangan keuangan.",4
gp sudah hitam manis laku pula dari pada cuma ngaku2in pacar orang yeh,4
"Sesedih ini kah jauh dari yang bener bener sayang sama kita. Aku di pindahkan lagi di kelas bawah lantai 1. Dan sendiri tanpa teman susah kalau lagi sedih, lagi happy, cerita pun gak bisa.",0
[username] [CAPS] ku coba untuk terus berlari di jalan panjang yang kutemui ku coba tuk bertahan tapi ku tak bisa ku coba tuk lupakan tapi ku tak sanggup ku tak mau akhiri cerita cinta kita berdua begitu saja begitu saja. [REPPUNC] bayangmu selalu ada di pikiranku ku,0
"guys aku lagi deg degan parah, takut ga bisa ambil 24sks smt ini, udah tinggal 1 matkul lg yg mau keluar tapi aku ga yakin soalnya ngerasa zonk bgt dosen sm uasnya biar ga takut gimana ya kepikiran trs ga enak",3
"Setelah nangis mewek gak karuan gegara galau pulang apa enggak, akhirnya gue mutusin tuk gak pulang lagi. Kasihan emak dan ayah gue. Mudik mahal Cooy",0
"Mahkamah Konstitusi : Dear [username] [CAPS] : *Hapus Ambang Batas Nyapres, Rakyat Mau Banyak Pilihan* - Tandatangani Petisi! [url] [CAPS] lewat [username] [CAPS]",1
[username] [CAPS] sulitlah dipercaya ocehan si rusdi nasution penjaga toko mas [username] [CAPS] kimak tukang bikin hoax ini.. Tarkul aja sana ko lae nasution,1
"Separuh hati ini iri jika melihat seorang anak yg masih bisa duduk atau berjalan bersama ibundanya, dan separuh hati ini turut berempati melihat seorang anak yg begitu gundah saat ibundanya sakit. Yang sabar ya kawan, semoga Allah memberikan yg terbaik untuk kita semua.",0
"Ini adalah kisah blusukan Presiden Jokowi yang saya ikuti di mana beliau mendatangi masyarakat, menyalami mereka, bertanya dan mendengarkan yang mereka rasakan, menindaklanjuti kepada pihak terkait, sehingga satu persatu masalah bisa diselesaikan. #JokowiSekaliLagi",4
"[username] [CAPS] Hendaknya masing-masing umat jangan sok lebih pintar masalah keyakinan,iman kepercayaan,tidak segampang ini bicara rohani karena itu ada di aliran darah hidup kita.Banyak membaca terus belajar sampai kiamat itu benar-benar menjemput kita.",1
"Udah buru2 pulang biar bisa nonton ""The Clash of Titan"" eehh. [REPPUNC] Serena memutuskan retired karena cedera otot lengan. Ya gimana lagi. [REPPUNC] kesehatan adlh yg utama kan. Setelah ini udah jelas, i'm rooting for Maria Sharapova. #RolandGarros18 [url] [CAPS]",0
"setelah saya melawan perasaan, saya baru paham sampai mana titik itu ditentukan. tidak baik rasanya menyalahkan seseorang yang mempersilahkan masuk, saya lebih memilih menyalahkan diri sendiri yang salah datang dan niat untuk bertamu walau sekedar.",0
pastinya donk! semangat ya feminis muda belajar ict nya olvyt,4
"Masak pagi ini sambil denger lagunya [username] [CAPS] yang berkolaborasi sama [username] [CAPS] Lagunya asik banget, masak juga #jadibisa [CAPS] nambah asyik. Btw lagu ini buat #RameinBola piala dunia, loh. Coba deh dengerin juga lagunya di [url] [CAPS]",4
"Dengan apa kuharus meminta syafaatmu Ya sayyidi Ya Rasullullah? Jika dengan cinta,aku akan mencintai layaknya kau mencintai Dengan apa kuharus mencari Ridhamu Ya sayyidi Ya Rasullullah? Jika dengan akhlaq,aku akan menjaga Budi pekerti layaknya kau berbudi pekerti terhadap umatmu",2
"Walaupun tidak terlalu banyak berinteraksi di kampus selain di kelas dan praktikum, tapi pengalaman paling berharga dengan beliau adalah ketika beliau menjadi penguji saat sidang skripsi. Hamba ridha ya Rabb di tanya ini itu oleh beliau",0
[username] [CAPS] [username] [CAPS]. [REPPUNC] Jakarta kembali diacak2. [REPPUNC] Begitulah klo memilih pemimpin yg tdk punya kemampuan samasekali. [REPPUNC] Warga yg menanggung derita. [REPPUNC],1
Apa hukumnya bermain musik stad? jelas harom [ELONG] [CAPS] hukumnya! Berdosa kita memainkannya! Begitulah kira-kira percakapan yg terjadi antara penanya dan seorang ustad disebuah acara tv yg intronya pake musik.,3
thenkyu cepat sembuh buat yang lagi kena db,0
Ini klo kita yang pose dengan atribut demikian bakal di laknat se-Indonesia di kata komunis [CAPS] liberal [CAPS] antek [CAPS] aseng [CAPS] cc [username] [CAPS],1
[username] [CAPS] [username] [CAPS] Alhamdulillah saya coba dengan password yg daftar seminggu lalu.. udah bisa dan tgl 16 dapat antriannya. Terimakasih,4
Sejarah Indonesia mengajarkan bahwa ajaran Islam masuk ke Indonesia dengan cara damai. Nilai mengenai perdamaian inilah yang sampai saat ini terus dipegang oleh umat Islam Indonesia.#Jokowi2Periode,4
wah keren ya ada dimana yang mirip begitu [EMOTICON] pakai baju koko sarung lebih keren [EMOTICON] liaitukalia: pakaianya diganti jadi,4
sumpah td gue ketiduran jam 6.10 dan barusan gue bangun gara-gara mimpi dikejar setan gue mimpi di kejar miss k gue ga ngerti awal nya gmn yg gue inget awalnya,3
Masa mudaku. Ingin belajar dan berkelana. Agar kelak kita menikah nanti. Tidak melulu tentang pekerjaan dan rumah tangga. Aku ingin mengajakmu berkelana juga. Ke tempat yang pernah aku singgahi. Kemudian kamu bilang dan memeluk. Terimakasih sayang.,2
Otak kl mmg dah goblok mo diajak bicara kemanapun selalu dia yg mau menang. [REPPUNC] di ke kiri kita ke kanan kita salah. [REPPUNC] sebaliknya jg kita yg salah selalu. [REPPUNC] kecuali kita ngikut dia baru bener tp kdg itupun kl ada mslh jg kita yg disalahin. [REPPUNC] serah [CAPS] loe [CAPS] deh [CAPS]. [REPPUNC],1
"Enggak perlu banyak berandai-andai, hidup didunia real, enggak seperti di film ""Radit and Jani"". Gunakan pola pikir yang logis2 aja sekarang sih.",1
#HappyJendeukieDay Happy birthday yang katanya mirip aku semoga makin cantik dan sayang eonnie yhaa! I laff yu,4
"Astaghfirullah, sepanjang jalur manggarai - jatinegara ternyata masih aja ada petjun2 berkeliaran di bulan puasa. Sing sabar shayy sing tahan subhanallah dehh aku aja setop dulu cape di gembyor trs huft",3
"[username] [CAPS] Malam saya mau tanya kenapa benefit saya dibatalkan, saya bukan dropshiper dan saya rasa tidak ada aturan yang saya langgar. [sensitive-no] [CAPS]",1
"Kadamg gitu kalo lg kerja kelompok Bukannya egois pengennya sekelompok sama orang2 gue tapi. [REPPUNC] Yg tau sifat gue gimana2, bljr2 gue kek gimana ya [ELONG] temenan gue. [REPPUNC] gaenak borr saya sekelompok sama orang rajin belajar,sedangkan gue yg apatuh mah",0
"Ngapain juga repot2 nyari jawaban. Kalau tidak, sudah cukup gak usah dijelasin macem2. Orang kalau sudah benci tertutup itu mata dan telinga. Urusan gitu aja Kok Repot [url] [CAPS]",1
nah diam lebih bagus yaudah saya diam saja deh -_- kepo deh memang tadi kemna haha,0
character developmentnya sih gua paling suka walaupun emg filmnya pertamanya rada apa sih dan ostnya ! [REPPUNC] bagus ! [REPPUNC] semua ! [REPPUNC] gapaham ! [REPPUNC],4
"Entah gatau kenapa, semakin bertambahnya umur malah semakin takut pacaran, takut dikhianati, ya semacam itu lah.",3
Ya nggak salah sih itu akun rp [CAPS] kasih saran agar doa cepet terkabul. Cuma ya lebih kasian lagi sama yang udah nyoba sarannya tapi ternyata malah ga terkabul2 doanya..,0
"Respon positif dari Persib seperti ini yang diharapkan dari tim sekelas Persib, semoga tetap konsisten #PersibDay #Persibsalawasna #PERSIBlive #PSMSvPRSB #Liga1KitaSatu",4
"i want bb ku yang lama balik [EMOTICON] the bb Kepler putih. aku cuma mau liat chat history ku waktu kelas 9, cuma mau baca ulang sekali lagi aja gapapa. I wanna know what did I miss.",0
"Tapi angin2an sih. Kadang ditindak, kadang enggak. Gak konsisten, jd gak fair. Siapa yg merasa gak fair, ya pmlik mbl yg pas parkir di situ, terus ditindak. Kitu sanes. [REPPUNC] ! [REPPUNC]",1
"liat postingannya simba via ini yg terbaru, kok netijennya jahat2 ih. [REPPUNC] Dibilang lebai lah vianya. [REPPUNC] Cedih Woi cewe baik"" klo di dm yg nga2 mah pasti marah lah",1
"Ketika org minum obat penenang, dipandang sebelah mata. Ketika tidak minum, dibilang gila. Terserah apa kata org lah. Tidak membuahkan solusi.",0
"Gara gara kapan hari ngopi trus dengerin lagu lagu jadul jaman sd [CAPS] kaya tangga, ello, andien, audy. Trus skrg bikin playlist lagu lagi yg seangkatan 2004-2005.",4
"gue sayang sama mereka karena mereka nerima gue apa adanya, jelek baiknya gue. dan mereka tuh no drama. anti banget malah. di saat oramg lain berantem sm temen mereka masing2, kita sama sekali ga ada masalah. dan percaya atau engga we never fight.",2
Masih belum terbiasa dengan twitt mereka pake English But thank you [username] [CAPS] for make it easier to watching them [url] [CAPS],4
"Ga bs download melulu pak. Pdhl stock laporan banyak nih. Mbok ya dibenerin, sdh berapa lama ga kelar2 masalah di ios",1
"Abis take away beberapa menu Tulung Agung Pasar Baru. Sebelumnya, tiap kemari Dapy selalu makan Rawon doang. Tapi ini nyicipin 3 makanan berbeda sekaligus. Nasi Pecel sama Campurnya enak [url] [CAPS]",4
Tak seharusnya seperti ini Tiada lagi damai bersenandung Sejak api melahap ranting Tempat Pipit bertengger Memaksa aku Mengiyakan ingin mu Merubah aku bukan diriku Sedang takdir melambai Memanggil ku kembali,0
"[username] [CAPS] [username] [CAPS] [username] [CAPS] [username] [CAPS] [username] [CAPS] [username] [CAPS] [username] [CAPS] Duwet maut ibarat bintang sepak bola belgia hazard, lukaku.saling melengkapi dan melayani dlm mencapei kemenangan..",4
Nyesel baru nonton film romcom The Wedding Planner. Matthew McConaughey jaman muda membuatku bahagia hanya dengan melihatnya. [REPPUNC] tertawa. [REPPUNC] #halah #baperlevelcupu #ngayalbabu,4
Memang tak ada manusia yg paling benar dalam tindak tanduknya. Tp selalu [CAPS] ada [CAPS] manusia yg mampu jd benar setelah paham pernah salah dan tak selalu menyalahkan sana sini dg hawa nafsunya,4
"Melawan sibuk Selasamu, jangan patah semangat yah!",4
"barusan w mau ke kamar mandi trs sampingnya kan kamar si mbah kan trs dia lagi nyanyi (nadanya doang gapake lirik) lagu jawa dong trs w tanya kan mbah knp belom tidur trs dia ngomong ""ora usah ndok ora usah ndok"" berkali kali sambil kek ngusir gitu w takut dong sampe gajadi pipis",3
"Happy first mensive sayang [username] [CAPS] Maaf belum bisa jadi yg terbaik buat kamu, belum bisa bahagia in kamu sepenuhnya. Tpi gua selalu mencoba berubah jadi lebih baik buat aley Ily bae stay with me ya [url] [CAPS]",2
"gue waktu itu buka kulkas, nah gua liat oren2 gua kira jeruk eh ternyata itu tomat anjir rasanya [EMOTICON] mending kalo gue demen sayur lah ini makan tomat digadoin abis itu gue lepeh",0
Jadi bos tp ga pny problem solving kok jd gmn gt ya. [REPPUNC] ga tau akar masalahnya gmn jd ya instan semua tar rusak lagi rusak lagi gitu aja teroos..,1
"[username] [CAPS] [username] [CAPS] bisa juga dengan sepatah awalan di depan kalimat: ""makanya. [REPPUNC] "" ""Kan udah gue bilang. [REPPUNC] "" ""Ngotot sih dikasih tau. [REPPUNC] "" ""Pala batu sih. [REPPUNC] "" Et cetera~",1
"Semoga Tuhan senantiasa menyertai setiap langkahmu, dan menjadikan hubungan kita ini makin kuat dalam menghadapi segala ujian kehidupan ini. I Love You",2
"[username] [CAPS] lu [CAPS] kira [CAPS] semua [CAPS] orang [CAPS] pas [CAPS] ngentot [CAPS] sadar [CAPS] dikeluarin [CAPS] didalem, [CAPS] pas [CAPS] lagi [CAPS] enak-enaknya [CAPS] sempet [CAPS] gtu [CAPS] mikir [CAPS] keluar [CAPS] didalem [CAPS] apa [CAPS] enggak [CAPS] ya? [CAPS] anjir [CAPS] ini [CAPS] gua [CAPS] jadi [CAPS] darah [CAPS] tinggi [CAPS] masa [CAPS] [EMOTICON]",1
"[username] [CAPS] Centil, rempong abis, gatau malu, cerewet parah, temen usil, koki terbaik sepanjang masa, yg paling sayang sm aku, yang bela belain nganter kesana kemari, dan 1001++ hal lain yg gabisa diungkapkan dengan kata kata wkwk",2
[username] [CAPS] [username] [CAPS]. [REPPUNC] Kamu sensara. [REPPUNC] ! [REPPUNC] Dasar Kampret busuk loe. [REPPUNC] Bisa main medsos masih bicara rakyat sengsara. [REPPUNC] Rakyat moyangmu yg sengsara. [REPPUNC] ! [REPPUNC],1
"Karna orang(presiden kita jkw)ini memang dapat amanah buat mengerjakan ini,andai nyawa dia sendiri yg dimintak oleh ibu [CAPS] pertiwi [CAPS] agar bangsa ini maju,sejahtera dan Adil beliu pasti berikan.salam sy buat sodara yg ada dipapua [username] [CAPS]",4
dulu liat trailernya gw kagum. ide memadukan film laga nusantara dengan tampilan wild west terlihat menjanjikan. belum pernah gw tau sebelumnya. kreatif. makanya gw semacam berharap mendapatkan sajian yang istimewa.,4
"singkat cerita, sikap die yang dulunya cool, cuek, cintad dark, pendiem abis, dan pemarah tb tb berubah jadi caper, humble, berwarna, karismatik, play boy gt, malah kl menrut gua pribadi sikopatnya makin keliatan jelas.",3
"entah kenapa, di tempat ini sy merasa dekat sekali dgn sang pencipta. untuk itu aku selalu ingin mengunjungimu wukir mahendraku. [url] [CAPS]",2
Gue sayang sama orang yang sayang sama gue!,2
"Kadang alasanku jadi penyimak abadi di grup chat ya cuma takut terabaikan, karna diabaikan kamu seorang saja sudah sakit, apalagi diabaikan sama semua orang yang ada di grup itu.",3
"[username] [CAPS] gausah terobsesi untuk punya pacar, gapenting. masih 17 taun juga, santai aja [ELONG] [EMOTICON] kalo kamu gamau ninggalin, malah cowok2 yang lebih baik gada yang bisa deketin kamu mba [EMOTICON]",4
"Terimakasih. Pernah telah membuat warna dalam kertas putih, pernah merangkai bunga dalam vas kosong, pernah bernyanyi merdu diruang sunyi dan pernah menjadi kita dalam dalam satu ikatan.",2
Biarlah mereka memaki. Ada satu hal yang ingin ku tanyakan. Adaka tempat pendosa yang putus asa. Yang telah Menyakiti manusia untuk menyelamatkan keyakinannya.,0
[askmf] klen yg kulitnya normal skincarenya byk ga si? [EMOTICON] aku pgn ngejaga kulit supaya bersih tp takut knp2 klo make macem2 trs masi kecil jg wkwk [EMOTICON],3
"happy birthday sender ! [REPPUNC] Wish you all the best,semoga ditahun ini kamu dikasih kesehatan selalu,sukses,dan orang"" makin sayang sama kamu. Once again,happy birthday !",4
"Dah dua tahun doi jd spv jd dah biasa w tidur sendiri doi pulang subuh, paginy w kerja dia tidur, w plg dia udah brgkt. Pdhl serumah kdg 3 hari baru ketemu Gitu kok ya ada yg ngatain w posesif gabisa ditinggal, pgn w makan jd lauk samyang",1
"Wah iya bgt ini mas, saya di tempat kerja sering bgt dpt hal ga ngenakin. Mereka (cowok2) nganggepnya becandaan, yg cewe2 nganggepnya saya yg salah knp begini knp begitu",0
Akhirnya 2017 lalu memutuskan daftar gabung volunteer [username] [CAPS] yang Maret lalu berkesempatan ikut Local Leaders Day dari [username] [CAPS] di mana seluruh volunteer dari seluruh Indonesia berkumpul. Saling berbagi semangat dan berbagi Ilmu. Seru banget! #tAK8ERbatas,4
"produce 48 versi indonesia pelatih Dance : agnes monica, bisma smash, cinta laura Vocal : bertha, mas anang, bunda maya Rap : younglex, soimah Mc : irfan hakim, gilang, ramzi, ayu dewi excited [CAPS] neh [CAPS] gue [CAPS] wkwkkwkwk [CAPS]",4
"Ada yg begitu gencarnya memotivasi, krn bukti cintanya. Seperti orangtua kpd anak, guru kpd muridnya, seorang kawan kpd sahabatnya. Mereka mensupport krn cinta, tdk ingin melihat kita menyerah. Tapi, motivasi intrinsik adalah yg paling utama. Bentuk niat yg menjadi penggerak.",2
"Esensi tentang make up buat saya, selain happy liat wajah orang makin cantik, bisa dapat banyak teman dan sodara itu pasti. Jadi ngejalanin passion makin happy *ceilah berat amat obrolan eike",4
"Punya anak kecil lg demen ngomong tu gini ya Dikit-dikit ngeyel, dikit-dikit dikomentarin. Kalo belum puas, tanya terus [ELONG] smp mamahnya jawab ""Mamah ga tau dek, mamah baca buku dulu ya""",1
"[username] [CAPS] Kartosoewiryo itu seorang taat beragama dan mau bunuh Soekarno. Yang bunuh Sayyidina Ali ketika solat subuh itu seorang Hafidz Quran dan ahli fiqih, Ibnu Muljam. Sampai disini sudah jelas belum, bro?",1
"Emang Allah Maha Baik. Bahkan ada banyak pelajaran dr hal-hal kecil terjadi. semalem ada yg bilang 'sabar yang pasti ada jalan. Jangan dibawa kalut dulu' Tapi emang dasar imanku masih cetek, bukannya nenangin diri malah sibuk ngeluhin si bapak [EMOTICON]",0
"Mending disuruh makan tali kopling apa dapet duit 100 miliar? Kalo gua mah mendingan dapet duit 100 miliar. Enak, duitnya buat beli tali kopling. Jadi gua bisa makan tali kopling sepuasnya",4
"Lu sebut ""Bumi Pancasila""? Ustadz lu sebut, ""pantatcina"". [CAPS] Demokrasi = thoghut. otak [CAPS]",1
Baru kali ini naik gojek gak pngen cepet sampe. Gara2 dngerin cerita masnya yg amat sangat menarik. Bahkan sampe depan kospun masih di lanjut ceritanya wkwkw,4
Positif thinking aja..susu kental manis ga ada susu nya..besok2 pasti ada koq susunya..sama ky 2019ganti presiden..skrg blom ada presidennya kan?,4
"Mungkin saya pun klo dicandid seperti cew ini ketika nonton uda [username] [CAPS] heboh dan ikutan karaoke massal. Memakai botol air mineral bak penyanyi profesional. Keren dan totalitas, mbak! [url] [CAPS]",4
"Sedih mereka putus, mantanan paling asoy. Mereka ngebuktiin kalo cewe & cowo baik, saling sayang, type masing2 tapi bisa aja udahan hubungannya kalo udah ga cocok, ga harus ada yg salah. [url] [CAPS]",0
"Tak ingatkah kau dulu pernah berjanji bahagiakan diriku selamanya. Tam berartikah cinta kita yang lalu, hingga kau bersama dengan dirinya. #recehkantwitter [url] [CAPS]",0
"[username] [CAPS] [username] [CAPS] Seharusnya pemerintah itu pelayan rakyat yang bertugas membuat rakyatnya sejahtera. [REPPUNC] Ini kok malah. [REPPUNC] Aah [ELONG] sudahlah biar allaah [CAPS] swt. [CAPS] yang akan memberikan azab, sebentar lagi in syaa allaah [CAPS] swt. [CAPS] [url] [CAPS]",1
bagi yang dulunya usaha terus skrg jd karyawan macam gue pasti bawaannye pgn usaha lagi. ga ada yang ngatur.flexible. lbh banyak duit. fak [ELONG],1
"Jam 2 malam nonton video video penampakan di yutup, takut sih, mana lampu rumah gue matiin semua.",3
"Sampai jam segini, di lamanku seliweran ""pengambil2"" kesimpulan kurang baca. Pelajaran berharga: tempatkan jempol di belakang akal-pikiran. Saring sblm sharing. Baca, kaji, simak mendalam baru gerakkan jempol. Jgn jd petinju kelas ringan,tanpa latihan,naik ring di kelas berat",0
tokoh n capres abadi n org yg gagal d masa laluny berarti org itu paling d benci allah itu hny prabocor krn otakny jg bocor bocor bocor pengikutny ap lg otakny moter2 [username] [CAPS] [username] [CAPS] [username] [CAPS],1
"[username] [CAPS] Tp karena pengalamanku yg minim takut orang2 udah ga percaya duluan. Udah semester atas, trus pas oprec kan biasanya yg wawancara udah anak 2016, angkata bawah. Suka minder gt [EMOTICON] Waah ya udah sekalian mutualan yuu aku butuh positive people sep",3
"Itu mbak nya ga pantes ngomong kasar walau harga fondaition nya selangit, toh ga bakal bisa cantik selama nya gara"" itu fondaition. Karena kecantikan itu hanya untuk smentara entar jga tua keriput trus mati, kecantikan di dunia ini hanyalah sementara",1
"Rame bener ya org22, padahal mo twitter kayak apa, instagram kayak apa, ya kita mah begini begini aja yakan kayak rakyat gitu biasa yg pada umumnya, standar aja gitu.",0
"Udah lagi pusing. Di chat abang gojek, yg mana dah lupa karna dah banyak banget yg jadi driverku. Terus di chat sama anak seangkatan yg chat nya alay banget ""lum bubu si?"" Pengen muntah ! [REPPUNC]",1
"Jika cinta hanya tentang sex, berarti cinta itu murah. Cinta itu lebih besar, lebih dalam, dan lebih berharga dari sex. Cinta sejati itu tak ternilai harganya",2
"Uang itu candu. Bikin hepi kalo lagi punya banyak, tapi sebanyak apa pun nggak pernah bikin merasa cukup. Karena semakin banyak uang kita, keinginan kita jadi lebih banyak dan lebih mahal.",3
Bukan tipikal orang yang mesti dimaintain dengan chatting terus terusan sih aku tuh memang Males juga Cuma ya. [REPPUNC] When you got time please reply mine,1
aku coba dengerin album2nya ya. trs jatoh cinta dong sama sealbum identify ! [REPPUNC] abis itu aku mulai lah nonton jaman2 debut-ssi nya. nAH [ELONG] 2 bulan setelah belajar dikit. comeback [CAPS] just [CAPS] right. [CAPS],4
"Oh seperti itu a. Seru dong ya Semoga terus sukses a. Walaupun tak lagi mendengarkan suaramu dibalik radio, tapi mungkin akan membaca karyamu.",4
dari dulu saya pacaran cuma dapat rugi dan sekarang sudah terbayar dengan kebahagian yang luar biasa terima kasih alah engkau memang adil,4
"sahabat el john bentar lagi [username] [CAPS] bakal ngebahas logo wonderful indonesia yang berhasil wara-wiri di moscow rusia, wow [ELONG] keren banget ya sahabat el john, info selengkap nya sebentar lagi stay tune ya ! [REPPUNC]",4
"Tidak sepakat, dan anda [username] [CAPS] sudah menyesatkan orang lain. Memang dilarang sholat di dalam bangunan yang didirikan untuk kekafiran (salah satunya gereja). Makanya jangan kebanyakan nonton mak lampir. Aku berlindung kepada allaah [CAPS]",1
"Kemarin udah jalan mau ngampus, tiba2 sakit perut bulanan. Pulang deh daripada galfok to [CAPS] kan. Ternyata udah penuh aja tapi sakitnya gak parah kayak biasa. Gara2 itu mungkin hari ini masih agak nyeri aja plus serangan nervous untuk agenda besok. Gatenang euy. [REPPUNC]",3
"Belum pernah foto berdua.. cm ada foto ini. [REPPUNC] Happy blessed day Pak Guru Bonar Sihombing.. ! [REPPUNC].. Panjang umur, sehat selalu dan senantiasa diberkati",4
+ saya tdk setuju jokowi disamain umar bin khatab sebab Umar bin khatab : - tidak lempar hadiah ke umat - bacaan al qur'an nya fasih - tau kapan harus keras dan keras dan tau kapan harus berlemah lembut - mempersatukan bukan memecah belah Jokowi jauh,1
"Ada aja ya Yutuber, kesannya review barang, tp kl dia ndak suka sama barang itu ya jadinya jelekin wkwk Tp selalu bilang ""tidak jelekin, pendapat pribadi aja"" Sambil terus ngulang ""silahkan kalo mau beli, saya sih enggak, mending dibelikan (apalah yg kesannya lbh berfaedah)""",0
"Main disemak semak gapakek sendal sampe masuk hutan, ada ular ada setan gapeduli yang penting menang ! [REPPUNC] Btw masih inget ngga nama mereka? #OldMoneyGakNgerasain [url] [CAPS]",4
"Mau tau rayuan cowo kadal? Wkwkw Kamu cantik, kok ngga blm ada pacar sih Kamu suka lagu apa nanti di nyanyiin/nanti lagunya aku mainin di spty Kamu tuh manis deh bibirnya,aku suka bibir kamu bgitu lah. Udah basii abis tau",1
"Cantik [username] [CAPS] Langsung tidur ya kamu, balesin mentabnya besok lagi. Yang minta peje kasih aja coki coki.. Aku sayang kamu baby",2
"pembimbing itu rupa-rupa macamnya. ini pembimbingku!: 1. bikin grup wa [CAPS] bimbingan 2. gapernah ngadain bimbingan 3. h-2 bulan baru menanyakan progress 4. tidak pernah membaca/mencoret, hanya mendengar dan menyimpulkan kita harus gmn 5. tiba-tiba blg dateline skripsi minggu ini.",0
sok tahu sangat deh wkwk haha daripada tidak-ada yang mapin aph coba ini orang wkwkwk,4
"[username] [CAPS] Pak kalo ga punya malu at least ngrasa punya dosa lah. Takut sama Tuhan he [ELONG] Pak. Di jepang, koruptor langsung nebas diri sendiri pake samurai. Di Korea langsung sujud di depan khalayak umum mengundurkan diri saat itu jg gapake lama. Disini? Jd",1
@4y4nkz [CAPS] [username] [CAPS] Itu syetan dan iblis aja sampe terbengong bengong baca tweet ini. [REPPUNC] mrk aja blm kepikiran goda manusia sampe segitu nya. Mmg evolusi manusia- ke syetan dan sebaliknya sangat cepat.,3
malas sekali ya dinas malam orang tidur saya kerja sh sekali cuma pengen libur th huft (at rumah seni triplek),0
"Kenapa ya kalo ngeliat orang lain ngelakuin tu serem, tapi kalo ngelakuin sendiri berani. Kalo udah ngeliat pasien tuh kayak jadi bisa ngelakuin apa aja buat mereka gitu. #Ea [ELONG]",4
"Menurut saya prof, koruptor itu sama saja dng membunuh generasi anak cucu secara perlahan2 prof. [REPPUNC] Saya setuju jika para koruptor kelas kakap di hukum mati dan di miskin kan. [REPPUNC] [url] [CAPS]",1
"Lelaki harus bisa jaga nafsunya, jaga pandangannya.. Burung kalian yang ga bisa diatur, nyalahin pakaian perempuan ! [REPPUNC] Pake ""makanya"" lagi..",1
"Anteng main, bayi ini tadi video call pengen dibeliin pesawat robot. Setelah edisi mobil robot, dia ketagihan. Carinya kapan.. [ELONG] sekarang aja rapat sampai Rabu, Jumat udah pulang. Mana keukeuh pengen Neng yang beliin.",4
"Sayang [ELONG] wkwk aku mau ngakak Kamu jahat banget astaga masa anak kamu sendiri, kamu katain tetep cakep tau dia tuhh Alis kamu juga malah bisa buat jalan kutu waktu itu [EMOTICON] Akhirnya ternyata ada yg berpandapat dia mirip alm jonghyun juga yaa.. ! [REPPUNC]",4
Jika kita mencintai seseorang.. Berusahalah untuk tampil apa adanya.. Karena cinta sejati selalu dapat menerima kelebihan dan kekurangan kita. [REPPUNC],2
"[username] [CAPS] [username] [CAPS] [username] [CAPS] Iyaa. Soalnya efek setelah speak up itu beragam, dan lebih banyak yg jatuhin sih untuk yg aku lihat saat ini dan itu malah makin menggerus mental. Mungkin yg ngatain speak up itu lebay dsb mental mereka mental pe",0
"kalian pernah ngga sih ngerasain gmn rasanya telponan sm orang berjam-jam, videocall setiap malam, share with them padahal bukan siapa-siapa dan dia selalu meluangkan waktu buat nanya how was ur day sesibuk apapun dia.",4
"Belakangan bejibun yg nanya, ""mi, gimana sama si x, kenapa jarang bareng sekarang?"", ""mi, si x kek gini kek gitu ya?"", ""mi si x kok gini si?"", ""mi, si x lagi deket sama si y ya"". Well, si x memang sahabat gue, tapi bukan berarti segala urusan si x gue tau.",1
"Sudah saatnya menjadi singa yang garang dan terhormat,, Bukan lagi menjadi anjing penjaga kepentingan yang memberi makan. [REPPUNC] [url] [CAPS]",1
"Terserahlah org mau ngatain aku apa. Sampai saat ini, dia msh jadi malaikat terbaik yang dikirimkan dalam hidupku. Dan akan tetap selalu jadi yang terbaik",2
"Jadi tadi mas drivernya kayaknya sempat meriksa duitnya. Cuman karena aku udah masuk rumah, jadi dia pergi jg. Duhh. [REPPUNC] maapin mas driver",0
"Duh jd cerita kmana2.. Intinya yaa, klo kita slalu bersyukur.. slalu mrasa cukup, pasrah tp ikhtiar kenceng, slalu ada [ELONG] aja hal yg bkin kita merasa beruntung di tengah2 tantangan hidup yg semakin tinggi.. dan doa ortu adalah yg paling utama..",4
Bulan puasa 2017 Di jepang ku diminta masak untuk bukaan makanan indonesia. hasilnya imam dari pakistan bbrpa jamaah minta nambah untuk sahur. [ELONG] [url] [CAPS],4
"[username] [CAPS] [username] [CAPS] [username] [CAPS] [username] [CAPS] Waduh. [REPPUNC] Nyari panggungmu terlalu jauh bung. Junjunganmu sj tdk ada yg langsung kyk anda. Eh btw, anda punya junjungan siapa ya?",1
"[username] [CAPS] Esbuah 5rb, bolak balik gojek 20rb, beli 4 es buah 20rb, jadi 40rb.. worth it lah asli drpd dikota yg jual ceban 1 aja udah jarang parah.. wkwkwk",4
"Commuting pagi dari Bintara ke Pejambon ada 3 krl, [CAPS] yaitu 06.34, 06.45, atau 07.09. Selama lancar, naik krl [CAPS] di antara opsi tsb ga pernah telat. Tadi gw subuh ke Jatinegara jemput istri. Pulang eh ketiduran baru bangun jam 06.30. Masi ngejar krl [CAPS] 07.09 dan sampe kantor jam 07.54.",4
"Banyak juga yang menyepelakan dengan kalimat, ""Halah lo cuma digituin, gue malah lebih. Gue aja biasa, lo kenapa lebay bgt si. Gausa cari muka deh."" That's why many men are easy to do sexual harrashment because many victim still keep silent and stay to think positive.",1
"aku tuh ceritanya gak pernah pake skincare soalnya masih takut"" gitu mau pakenya juga takutnya jadi rusak, nah ada saran gak buat muka mulus tanpa skincare ! [REPPUNC]",3
"[username] [CAPS] Syarat seperti apa yg sebenarnya diminta Traveloka? Apa ga bisa diberikan info lebih detail? Apakah krn alamat ga sesuai ktp? [CAPS] Gaji kurang besar? Muka krg tampan? Dan dengan kalimat ""kurang beruntung"", kok kesannya jadi kayak undian?",1
Di sini Talha ra [CAPS] mati-matian berusaha ngelindungin Rasullah saw. [CAPS] Diriwayatkan bahwa Talha ra [CAPS] mendapat 75 bekas luka di perang uhud. Masyaallah cinta nya sahabat kepada Rasulullah saw. [CAPS] Ga rela mereka kekasih Allah ini disakiti.,2
"Wozniacki out! Daria Kasatkina ini lhoo..mainnya gendeng, super kencang & nampar2. Hebat. [ELONG] Goodluck! #RolandGarros18 [url] [CAPS]",4
[username] [CAPS] min pengajuan reksa dana saya di setujui tgl 28/05. Kok gk dapat voucher gift card. Cek email pun tdk ad [url] [CAPS],1
"di kawasan Puja Mandala, Bali, kita dapat melihat lima bangunan peribadatan yang berderet, mulai dari Masjid, Gereja Katolik, Wihara, Gereja Kristen Protestan, dan Pura. 5 agama sekaligus, bukti tempat ini layak dinobatkan sebagai ikon toleransi Indonesia [url] [CAPS]",4
weh kamu memang saya penjahat apa harus di hati2in eh hana saya minta nomer kamu boleh kaga,3
"Ingat ingat ! [REPPUNC] Jangan dekati Zina dan jangan melakukan zina. Mudah2an para supir truk dan laki2 yg suka ""jajan"" sadar #Supir Truk Juga Tahu #segera Taubat",3
"Udah lama nih ga ada chat yang isinya""selamat bobo sayang, "".semoga mimpi indah yah..good night"".. Kalo diinget-inget, terakhir kali dapet chat kaya gitu teh, pas zaman sangkuriang najong parahu. [REPPUNC]",0
Nyuruh ignore tp dia sibuk ngurusin juga haha. Sesama perempuan kok saling ngejatuhin. Semoga mbaknya sehat selalu ya,0
"Halo [username] [CAPS] [username] [CAPS].. akhirnya kemarin saya bs tuker di Carls Jr ps, [CAPS] itupun ditolak dulu awalnya karena belum ada token toko. Masukan lain kali utk promo kalo belum siap semua dari [username] [CAPS] atau Carls Jr jangan jual2 dulu ke publik.",1
Masalah apapun yg Anda hadapi ga akan membuat Anda walaupun lemah/kalah. [CAPS] Yang jelas masalah membuat pengalaman bertambah [CAPS] #JanganLupaBersyukur #AlwaysSayAlhamdulillah #Akurapopo,4
"sebenernya awal gua naksir yg coklat, tp wkt itu stock kosong t^t [CAPS] krn w kepo parah ama sound ini headphone dan keinginan untuk memiliki sudah terlalu kuat! jadinya beli yg ada stocknya aja.. akhirnya w berjodoh dengan ""steel"" [CAPS]",4
"Jadi takut, aku sering foto anak. Tapi gak pakai flash / blits kok, karena sadar bisa bahaya kalau kena cahaya langsung matanya. Tapi mamah kurang2i aja fotonya ya nak",3
"Eh barusan temen w satunya cerita katanya do'i minjem duit janji hari ini. Tapi kaga dibayar, pas ditagih via whatsapp nggak bisa dihubungin. Didatengin marah marah. Kan serem huhu",3
Selamat buat produser RaamPunjabi n mvp [CAPS] yg telah kembali memproduksi film Box Office. Semoga berkelanjutan dg film2 berikutnya [url] [CAPS],4
"Seajaib-ajaibnya tulisan adalah mampu melipat jarak, memutar waktu, mendekatkan yang jauh, menghidupkan yang sudah mati. Membuat dua insan yang belum pernah bertatap muka bisa sedemikian dalam jatuh cinta. Kekuatan rp emang luar biasa.",2
"[username] [CAPS] Rambut aku kering, ngembang dan ikal naturally. Terus makin parah karena tiap hari banget pake hair dryer. Jadi kasian aja pengen di treatment. Akhirnya keratin karena dia hasilnya bikin tekstur rambut bagus dan rapih.",4
wah kasihan kucingnya pasti sakit deh [EMOTICON] ha ada semut keinjek kucing memang ada yang kcelakan,0
Sungguh. Cinta sejati itu ada karena dua orang yang sadar betul bahwa yang harus didekati bukan orang yang secara kimiawi engkau sukai. Dekatilah Tuhan yang menjadikan percik-percikan reaksi kimia itu ada.,2
"Ramadhan udan masuk ke hari yg ke 20. tapi saya? masih gini gini aja, ga ada perubahan. padahal gatau taun depan saya masih ada apa ngga buat ketemu sama ramadhan lagi #IslahDiri",0
"Melihat Fotonya Saja Bikin Ngeri, Apalagi Mengalami Sendiri Merinding. [REPPUNC] Seolah kematian ada di depan mata",3
"Terkadang dekat dgn sahabat pacar itu perlu, untuk sekedar curhat kalo lg berantem kan ya. -Sofi, 24 tahun-.. Nah tapi pacar2 temen aku kdg curhatnya suka gatau diri. Sebel sama pacarnya aku yg dimarah2. Ku sleding juga kelen nanti",1
"Gak butuh temen cewe yg pura2 butuh temen cowo yang ketika dichat jawabannya hanya ""oh"", ""iya"", ""haha"", dll. Apalagi cuma diread.",0
"Banyak yg tnya dan nawarin, knpa sih gak kerja di bank? Kenapa sih gak daftar jdi pns? [CAPS] Blablablah [ELONG]. [REPPUNC] jawabannya sederhana, gak tertarik dan jgn dipaksa. Makasih. [REPPUNC]",1
"Gub sebelum [username] [CAPS] jauh lebih kaco dan tdk manusiawi, mknya pantes dpt pengharhaan 3 tahun di Penjara. itu bukti,! [username] [CAPS] [url] [CAPS]",1
Polres Pati Berduka : pada hari Senin (09/070 bertempat di rumah duka Ds. Waturoyo Rt 03/iv [CAPS] Kec. Margoyoso Kab.Pati telah dilaksanakan giat upacara persemayaman Jenazah almarhum aiptu [CAPS] puryono [CAPS] jabatan terakhir Banit 1 Unit Sabhara Polsek Margoyoso [url] [CAPS],0
[username] [CAPS] [username] [CAPS] maksud [CAPS] pks [CAPS] cara [CAPS] orang [CAPS] muslim [CAPS] yg [CAPS] meninggal [CAPS] ga [CAPS] usah [CAPS] di [CAPS] shalattin [CAPS] karena [CAPS] beda [CAPS] politik [CAPS]. [REPPUNC] ! [REPPUNC] apa [CAPS] ini [CAPS] cara [CAPS] islam [CAPS] berpolitik [CAPS]. [REPPUNC] ! [REPPUNC] apa [CAPS] baginda [CAPS] nabi [CAPS] mengajarkan [CAPS] seperti [CAPS] ini [CAPS]. [REPPUNC] ! [REPPUNC] masih [CAPS] pantaskah [CAPS] pks [CAPS] di [CAPS] sebut [CAPS] partai [CAPS] dakwah [CAPS]. [REPPUNC] ! [REPPUNC],1
"Balik lagi. kesetiaan dan cinta itu diuji ketika ada yang sakit hehe. Aku ngeliat sayangnya Papa itu pas ngeliat Papa yang ga ada capenya ngurusin nenek kakek pas sakit. Huhu berlinang. ngomongin Papa itu sekali-sekali, tapi ga bisa ngga nangis. Hoho.",2
setuju [ELONG] [CAPS]. [REPPUNC] sudah [CAPS] banyak [CAPS] setan [CAPS] yg [CAPS] ber-sorban [CAPS] ngaku2 [CAPS] ulama [CAPS].. hadits [CAPS] yg [CAPS] di-ucapkan [CAPS] hadits2 [CAPS] palsu [CAPS],1
Alasan kenapa aing jarang bales chat. Ngobrol sama manusia itu lebih seru dibanding chat yang kadang ga jelas juga yang dibahas apa. [url] [CAPS],0
masih ikut dengan mertua rasanya nano nano bgt. [REPPUNC] nyari rumah buat di kredit juga susah bgt. [REPPUNC] posisi lagi hamil anak pertama.. kadang bikin emosi naik turun. [REPPUNC] pengennya mandiri tapi mungkin belum saatnya..,0
"Ini kaya gw kapan hari itu, seharian mantengin asian food channel, ngliatin makan sodap2. Eh [ELONG] sendirinya makan indomie sama ngemil krupuk gegara malas keluar kos",0
Alhamdulillah goal suport unit penyambutan ri [CAPS] 1 semarang peresmian terminal baru airport a yani semarang. Tambahan 3 unit alpahard facelift 2018 mendarat dengan selamat,4
cihe zayn malik alay selamat ya wkwk iya pi memang jadi kaya anak punk (cont),4
"[username] [CAPS] maaf pak saya rasa kita hrus punya etika dlm mengutarakan pendapat, aplgi bila anda suka berdakwah dan orang yg berpendidikan. [REPPUNC] berbeda itu hal yg biasa. [REPPUNC]",1
"Baik kalau Soal ham, [CAPS] Mau tanya Koruptor waktu maling mikirkan Hak Orang lain ngak ? Koruptor itu sendiri adalah Pelanggar ham [CAPS] ! [REPPUNC] Cuma Koruptor yang bela Koruptor ! [REPPUNC] Politisi Bebal ! [REPPUNC]",1
kan gw udah putusin ga mau dikatain mau nyumpahin dia mati mau minta rebutan warisan lah kaga lah gw jg tetep anak ce tau diri kog hrs ikut suami gw yg akan ajak gw menetap di negara impian gw Kanada..pasti tercapai kog tenang aja sabar jiwaku,1
Keren banget sumpah gua Mau nangis sangkin kerennya gua makin sayang banget sama kalian jangan lupa streaming Aroha,2
Palembang. Be nice please. Jangan dirusak oleh kelakuan orang orang yang isengnya ampun seanjing anjing gini. Katanya Kota Internasional? Hadeehh,1
"#Muktamar18IMM kali ini agaknya merupakan Muktamar yg 'keren'. Muktamar yang 'sadar' jaman. Terlihat dengan pemaksimalan website dan media internet lainnya. Dari countdown acara, regustrasi peserta sampai pendaftaran Formatur. Keren!",4
"[username] [CAPS] pinter ganteng berwibawa sama jago kendaliin suasana membuat pusing 8 keliling. [REPPUNC] adoeh cpt2 ketemu lah, beta sudah ingin bertemu",2
"[username] [CAPS] [username] [CAPS] Kontol kamu terlihat jelek dan mengkerut dr jawaban twittermu, pasti kamu di real life ga pernah ada yg mau diajak ngewe ya. Keliatan. Mas kalo dapet dm gini kesel dan marah gak? Kalo kesel brrt senasib sm mba valen.",1
Jam 3 pagi baru balik dr lokasi dan paginya langsung ngerjain beginian di kantor..bener2 karyawan berdedikasi tinggi,0
"[username] [CAPS] mlm pak td di sekitaran flyover tanjung barat arah ragunan ad segerombolan anak muda sepertinya mau sotr [CAPS] pak, mohon di tindak pak terimakasih",3
"kalo konteks suka itu masih bisa pake alesan kayak ya gue suka dia karena dia ganteng tapi kalo dalam konteks sayang, gaperlu pake alesan lg. apapun yang [username] [CAPS] lakuin itulah yg ngebuat kita jatuh cinta sama mereka tanpa alasan setitik pun",2
"Dari mulai disuruh2, dibentak, dimarah-marah. Untungnya sih ga ada kekerasan fisik ya, tapi dari segi mental itu yang jadi kita takut/ga nyaman buat pergi ke sekolah kita sendiri. Walaupun katanya cuma akting, tapi tetep ajalah ngebekas.",3
"Mngkin wajar kalo ada org Islam agak kesel denger cewek (berbusana minim & agak tengil) ngomong pake bhs Arab. Karena bhs tsb bhs yg cukup sakral buat org Islam. Tp ga bisa dipungkiri kalo org Arab ga smuanya taat, jd wajar dia punya tabiat gitu dgn bhs Arabnya. #bahasaArab",1
"itu kenapa gue lebih sayang internet friends. mereka yang lebih peduli, bahkan mereka yang selalu cheer up pas gue down. ketikan mereka yang bikin mood gue bangkit. mereka yang bisa bikin gue ketawa cuma lewat layar hp. i don't deserve them but i cinta them sm.",2
haha makanya jujur ay jangan bohong haha jangan satu ! : bohong di jual lagi hayo,1
"Kl mudik blk ke sby logistik bahan pangan lengkap, apalagi hbs panen bakal ga beli beras smp bbrp bulan. Alhamdulillah nikmatnya pulang kampung",4
"H-10 __ Kamu saja yang kembali, biar aku tetap disini. Dia memilihmu, untuk apa kupaksa. Berbahagialah, karena aku tak akan mengganggu lagi. Berhappylah, bersama orang yang (katanya) kau cinta. Selasa, 5 Juni 2018 Berjan, Gebang, Purworejo 23:05 wib [CAPS]",0
"Gw sh sbnrnya susah banget nih lepas dr sedotan, krn pake sedotan lebih melindungi lipstick ye kan, lebih rapi juga minumnya. Tapi, gue rasa environment preservation dengan mengurangi plastik lebih penting drpd itu.",0
1thn aku memang jauh dari mereka Tapi aku tahu bahwa Doa mereka slalu bersamakuu Cinta mereka yang membuatku bertahan di tanah yang jauh dan asing..,2
"Menyantuni anak yatim adalah sebuah kewajiban..Mereka juga berhak bahagia seperti kita.layak untuk bahagia..Pramuka peduli untuk mereka,pramuka untuk indonesia",4
"[username] [CAPS] [username] [CAPS] Katanya Bapak Reformasi dan Demokrasi di Negeri kita ini, tapi kenyataannya sebaliknya tidak mau mengakui kelebihan seseorang. Pemimpin macam apa itu, tidak ada yang bisa diambil contoh dari nya. Kami sebagai generasi muda menolak",1
"Alhamdulillah, hari ini Senin tggl 9 Juli 2018 murid smaia [CAPS] 7 sudah mengawali hari pertama masuk sekolah di tahun ajaran 2018/2019. Pada kesempatan kali ini, dilaksanakan apel pagi dengan pembina bapak kepala sekolah.",4
Jadi happy nya gue tuh justru buat hal yg simple2 Sesimple ngeliat panah yang buat nunjukin bensin motor (apaansi namanya) gerak ke arah full,4
"dalam kesendirian tetap memaksaku untuk berjalan, tanpa henti dan takkan kembali, karena esok bukanlah hari ini, dan masa lalu akan berganti menjadi masa depan. [REPPUNC] #dududududu [url] [CAPS]",0
"[username] [CAPS] [username] [CAPS] [username] [CAPS] br keluar goa ya? lu ga tau presiden lu diancam bunuh, dikacung2in? ma bicah pula. viral video nya. ga mgkn kalo ga tau. parah lu",1
"Tapi agak sedih itu, telinga abis di pukul cenat cenut sampai sekarang dan pusing. Alhamdulillah itu batu ga jadi dilempar, masih pengen sehat sampai besok2 Tuhan",0
"[username] [CAPS] Narsumku rutin minum obatnya. Pernah dia skip setahun gak minum obat, karena waktu itu ngerasa dia baik2 aja. Begitu skip minum obat, dia balik lagi dengar bisikan2, bahkan lebih parah. Kalau minum obatnya terkontrol, dia bilang menjalank",0
"Dan barusan, gw bahas ini. Gk ribut sih, gw cuma keluarin uneg2 aja. Dan dia cuma bisa diem krna emg gabisa ngapa2in lg sih. Kasian juga, dia jd ngerasa bersalah. Ya padahal jg gabisa ngapa2in sih. Bukan mau dia jg sesibuk ini.",0
"Selamat Pagi Tweeter Semoga Hari2 selalu bahagia. [REPPUNC] Jauh dari rasa benci, amarah, dendam, iri dan dengki. [REPPUNC] Sambut hari dengan perdamaian, kasih sayang dan cinta. [REPPUNC]",4
"Gimana caranya ngehadepin dosen yang dichat terus ngeread doang? Padahal responnya penting banget buat gue. Gue bingung mau ngapain, takut salah langkah.",3
yang penting tidak-ngejer2 cowok orang yeh padahal sudah jls ditolak mentah2,1
"Setelah semaleman gabisa tidur, trs jam 3 minum obat lagi baru bisa tidur. Trs sekarang bangun tidur udah cenghar lagi aja. Alhamdulillah demamnya cuma sehari",4
[username] [CAPS] Kalo gt skrng di spanduk tersebut (kalo ga salah pojoan alun2 depan kantor. [REPPUNC] ) Di keramatkan ya Bu? Kira2 masuk bid'ah juga ga ya? #seriustanya,3
Serem banget sih yg jualan yg nipu-nipu. Gue bawa duit org dikit aja ga tenang banget ini kalo belum dapet kabar barangnya dapet kaga. Ini sampe orderan customer ga di beliin. [EMOTICON],3
"Sering terjadi ! Puasa bukannya badan makin kurusan malah makin lebar dan klimaksnya pas hari raya banyak yang tanya ""Sekarang gemukan ya""",0
"Dulu, kekosongan bersosialisasi di dunia nyata gw ekspresikan berbeda di dunia maya. Kebetulan dikenalin Mig33 sama adek. Langsung nyetem, orangnya ramah2.",4
"Mau Ngucapin Happy Birthday yg ke 24 buat de' Nursehah. smoga berkah umur & rezekinya, sehat slalu, makin rajin ibadahnya & tetap jadi wanita kuat yg menginspirasi bnyak org. Wish u all the best girl #IniSahurTIKETCOMHariKe20 [username] [CAPS] [username] [CAPS] [url] [CAPS]",4
gw lagi dengerin lagu2 Zayn Malik dulu gw benci banget ma doi gara2 keluar dari 1D dah gitu gayanya tengil tapi semenjak rilis lagu pillow talk blh juga wqwq trus lanjut deh sampai skrg suka dengerin lagu2nya **memang terkadang manusia sering menjilat ludah sendiri,2
"[username] [CAPS] [username] [CAPS] [username] [CAPS] Ganti. Presiden cuma sama kaos itu pilpres diman bro jd sebutin. Presiden. Loe bkn koar2 ganti presiden, sadar diri n partai",1
"lulusan sastra inggris macam apa yg ngomong bahasa inggrisnya ""curiga"" dengan kata ""curious"" ! [REPPUNC] yg bener kan ""suspicious"" [EMOTICON] uda untung gw ga ngomong ""delicious"" yaallah s,s [CAPS] gw",0
"Awak sih jd org slow, mau di omongin a to z asal ale bnyk makan, ngga cranky, berat naik udh bahagia. Mslh apapun jd kyk ngga ada. Ibu2 bgt sih skrg",4
"Siapa sich yg dipercaya fz [CAPS] polisi yg sdh bekerja dg tepat wkt dan cekatan, tetap ga di percayai, mungkin hanya di sekarang lari ke arab itu aja yg dipercaya, bgmn rakyat mau percaya fz [CAPS] dan fh [CAPS] yg selalu nyinyir tanpa bukti",1
"please min [username] [CAPS] jaringan wifi telkom kok lemot sekali. Padahal masih serumah cuma beda lantai aja atas sama bawah, kenapa signalnya ngilang2 mulu",1
"(4) dan bersyukur bgt karena dipertemukan sm partner program yg diselenggarakan oleh laz [CAPS] ymm [CAPS] fi [CAPS] yaitu karantina hafiz quran, suasana iftar dan sahur yang menyenangkan dan pasti cerita seru selama karantina dan program radio. Mari kita bersyukur atas apa yang ada saat ini",4
"Takut kelewat magrib, jam 5 nyiapin buka (masak, beli atau cari tempat buka) pasca buka leyeh leyeh, atau ngopi (sc1 punya vietnam kopi terenak imho) pulang jam 11, udah ngantukk bgt, goler tapi tak tidur, sosmed muter yt twitter 9gag pubg sampai jam 02, smpai bangun set 4.",3
Selain permen jahe yg kenyal2 itu aku juga suka permen sugus. [REPPUNC] selalu nyetock permen sugus di kulkas. Paling suka sugus purple grape. Dari zaman masi tk [CAPS] sampe sekarang rasanya ga berubah. [REPPUNC] ngangenin,4
Semoga mama bapa rusing teman teman di lombok semuanya baik baik aja. Dan tdk ada gempa susulan. Semoga yg ada di rinjani lekas di evakuasi. #PrayForLombok,0
. Innalillahi wa inna ilaihi roji'un. turut berduka cita atas meninggalnya ibunda tercinta sohib gua memendurehmen56 semoga Almarhumah husnul khotimah serta amal ibadahnya diterima disisiNya,0
Memprihatinkan ada kelompok Islam yg menyisihkan kelompok nasional.. #2019TetapJokowi #Jokowi_2_Periode #JokowiBersamaRakyat,0
"tetap [CAPS] semangat [CAPS] sayang-sayangkuh [CAPS] [EMOTICON] meskipun ku lebih banyak gegoleran di rumah ngetawain/nangisin kalian, ku kan slalu mendukungmu daam menyayangimu",2
"Semoga dengan tayangnya film #22menit ini menjadi perantara untuk selalu menebarkan benih-benih cinta, yang akan menumbuhkan persaudaraan diantara umat manusia. #AnsorMajuSatuBarisan [url] [CAPS]",2
"Jadi hampir seminggu nyari jam tanggan yang cocok di gue dan cocok di dia. Gue mau ini dia gamau, dia mau itu guenya gamau. Trus akhirnya dia selalu menyerah dengan pilihan gue huhu macii. trs dia pilih abu2 gue pilih hitam (warna gak couple gapapa) trus dia bilang 'yaudah hitam'",4
"Buat teman teman yang kuliah di bidang kesehatan, pernah ga sih kalian ngerasa insecure sama masa depan? Contohnya gini: gue kadang ngerasa was was gitu, apakah nanti dimasa depan gue akan menjadi dokter yg capable?",3
"Ini antrian bri [CAPS] bisa buat nyuci baju, nyetrika jilbab sampe lancip, bikin kolak buat buka puasa, liat video Tasya Farasya unboxing, bikin adonan tempe goreng, milih store buat liat perbandingan harga sirup marjan nih.",1
Mau nonton tp deg2an takut ga sama kaya imajinasi waktu baca ini,3
"Apakah mereka tidak pernah belajar akan dampak negatif omongan besar dan kata2 kasar? Dulu pernah ada politisi menyebut Jokowi ""sinting"" karena mengemukakan gagasan Hari Santri. Ucapan bodoh ini ternyata menyumbang besar bagi kemenangan Presiden [username] [CAPS] dalam Pilpres 2014",1
Itu serem bgt lho sampe berdarah takutnya extention km banyak bakteri. Tp asli deh aku pake extention tuh emg gatel bgt jadinya mata,3
Rasanya gak pernah bosen denger suara rosa. Setiap denger dia nyanyi berasa makin sayang sama dia. Pengen yang terbaik buat dia yaampun gak pernah sesayang ini sama idola kaya sekarang ke dia. Love her so much,2
"cc [EMOTICON] username] [CAPS] [username] [CAPS] ko [username] [CAPS] mingkem Hanya Dalam 2 Minggu 2 Bupati pdip [CAPS] Kena ott [CAPS] kpk, [CAPS] semakin [CAPS] juara [CAPS] korupsi [CAPS] ! [REPPUNC] [url] [CAPS]",1
"makasih buat 2 bulannya sayang maaf kalo akhir ini sibuk bgt ga bisa selalu ada buat kamu. ga ngehubingin bukan berarti ga kangen, maaf kalo sukanya bikin nunggu sama kesel. i love you",2
"[username] [CAPS] Gitu lah pokoknya. Tapi mamaku sabar banget. Kl lagi liburan smt gini aku suka bobo bareng sama mama. wkwkwk. [CAPS] Selera fashionnya juga bagus, simple tp gak ribet. Feminim abis gak kaya anaknya. Paling bawel masalah sholat sm kesehatan. Hadeh. T",2
"[username] [CAPS] namanya pelecehan, sekecil apapun tetep pelecehan, kalau soal beda takaran/ ukuran itu rasanya di balikin ke person nya. tapi secara general pendapat soal pelecehan pasti sama, bisa sentuhan secara fisik atau perkataan.",1
[username] [CAPS] siang min. Knpa saldo bonus tcash saya tidak ada. Padahal saya udah banyak dapat sms pemberitahuannya. Dan saya langsng aktivkan tcash walet. Mohn bntuanx. Trmaksih min,1
Dan aku jatuh cinta pada pandangan matanya,2
Itu tolong onlen shop yg barangnya udah soldout tp masih dipajang tenggelamkan aja deh. Ngapain dagang kalo barang soldout. Ditanya kapan ready bilang kaga tau. Kzl aja w -_-,1
"Pernyataan paling mengganggu telinga malam ini keluar dr mulut Jubir Pemerintah Ali Mochtar Ngabalin: ""Pemerintah adalah representasi Tuhan di muka bumi."" Makin dekaden nalar demokrasi kita kalo pandangan begitu dibiarkan menguasai istana. Ternyata sama aja dg Pak Tua itu tuh.",1
"Masi ga ngerti kenapa bisa takut ketinggian [EMOTICON] padahal dulu doyan manjat pohon depan rumah. Skrg liat ke asrama lt dasar aja ogah, apalagi ganti lampu begini t-t [CAPS]",3
Iyaa untungnya [ELONG]. [REPPUNC] Jgn mantai dulu deh.. kmrn sepupuku pulang ke bali jg disaranin pake pesawat mobilny tinggal di jogja abis nyebrangnya coy horor,3
kali ini ku merasa cinta memaksaku untuk bicara haruskah ku menerima jika kenyataannya berbeda atau ku biarkan saja semua yang terjadi tetap seperti ini mungkinkah ku yang akan memilikinya,0
Sebenernya udah mulai kecewa sama pakdhe [username] [CAPS] semenjak ada kriminalisasi kpk [CAPS] awal pemerintahan beliau. Ditambah kasus Novel Baswedan yg gak tuntas.,1
"[username] [CAPS] Happy anniv bil wkwkwk, langgeng terus sama raditt, [ELONG] gila radit niat loh foto foto ucapan annivnyaa, sampe dibantuin jg sama cewe2 disini [EMOTICON]",4
"yailah [CAPS] gua [CAPS] kira [CAPS] kerja [CAPS] hari [CAPS] ini [CAPS] ternyata [CAPS] tgl [CAPS] 7, trus [CAPS] udah [CAPS] di [CAPS] tempat [CAPS] kerja [CAPS] bengong [CAPS] dong [CAPS] kok [CAPS] gedungnya [CAPS] dipake [CAPS] graduation, [CAPS] kampret [CAPS] kan [CAPS] W udah [CAPS] dandan [CAPS]",1
"Gak heran sih sama driver gocar yg ngeluh macet. Sama kayak gue ngeluh pas lagi kerja. Terserah deh Pak, saya pura2 gak denger. Capek juga soalnya.",1
"Sampe tadi tuh cerita tentang temen yg ikut kajian ibadah gitu tapi kajiannya itu menyimpang yg katanya didalem kajian itu bawa2 ganti presiden pokonya yg intinya kontra sama pemerintahan ah pokonya gitudeh, soalnya rada sensitif nih kalo bahas ginian",3
"Memberi bunga kepada orang yang nyinyirin hidupmu adalah cara yang paling membahagiakan.. Namun pastikan bunga tersebut bersama pot nya, saat kau lempar.. Astagfirullah",1
".. Entah berapa tahun yg lalu terakhir kesini, terimakasih masih di kasih kesempatan bisa ke tempat ini lagi. #e [EMOTICON] lorebanten #e [EMOTICON] loreindonesia #pandeglang #mountain #pulosari",4
[username] [CAPS] Perempuan macam mana lah yg opininya bisa segoblok itu astaga. Kebanyakan ngasih free ke cowok lain kali ya jdnya B aja gt. Gila sih. Kesel bacanya gw,1
k-netz emang gitu. klo ngebash suka ga pake mikir deh [EMOTICON],0
"tadi tiba2 berdoa ""Ya Allah kalo emang dia bukan buat aku/ga baik buat aku tolong tunjukanlah malam ini juga"" ga sampe 2 jam udah dijawab sama Allah, MashaAllah:"") Alhamdulillah:"")",4
"kuat tidaknya iman seseorang itu (bisa) dilihat saat doi mulai jatuh cinta. cinta tuh ngeri, sampai sampai bisa bikin seseorang mengorbankan imannya demi cinta~ [ELONG]",3
"jam 3 belum nongol jg. eh sampe jam 4, ditelponin bilangnya bersiap ke tkp. Kosan yg 2 lantai kamar super gede udah lengang bgt. Nungguin waswas.. sms, Pak ini saya jadi dijemput kan?",3
"Kebahagiaan itu segalanya ya ga sih? Jd ketika ngajak org2 ngumpul, mungkin org2 yg menolak lebih bahagia ga ikud ngumpul. [REPPUNC] gitu aja sih hehe",4
"Jadi kalau kita pernah salah, atau ngga salah tp di salahin. [REPPUNC] trs punya haters, ya shanthay [ELONG] say. [REPPUNC] thats life. Jgn ampe hiduplo jd kacau cuma gegara haters",4
[username] [CAPS] sender gabisa bantu dia lapor ke komisi perlindungan anak atau polisi gitu ? sumpah menurut w udah diluar batas dan w khawatir banget sama temenmu. udah dibawa ke rumah sakit ?,3
"Sekarang qu mengerti, dulu waktu kuliah dipaksa lembur begadang demi tugas itu semata2 buat nyiapin elu lembur begadang kek quda demi kerjaan kelar on time. Ok, lesson learned honey",4
"bpip [CAPS] tdk ada pentingnya.BPIP cuma mmberi tempat kpd tokoh bangsa.Tempat terhormat.BPIP tdk penting. Hidupkan peljaran Budi Pekerti,PPKn dan PMP.Cukup utk bekal esok. [username] [CAPS] [url] [CAPS]",1
"WesTerima kenyataan mbah, anak lanange lebih kelihatan muda menawan, tegap dan gagah, ketimbang suaminya Cemburu [ELONG] Suami merasa anak lanange lebih sering dibanggakan dari pada suamine dewe",0
"[username] [CAPS] Wkwkwkwk padahal dalam 7 tahun udah berapa kali ke bandung tapi ga pernah ketemu. Tapi akhirnya ketemu [ELONG] wkwkkw b aja loh cil, jgn dilebaikan ya",4
"Tahukah kamu, bahwa saat itu papa memejamkan matanya dan menahan gejolak dan batinnya. Bahwa papa sangat ingin mengikuti keinginanmu tapu lagi-lagi dia harus [CAPS] menjagamu?",2
"Ikhlas itu berat, berat banget. Namun dengan tidak ikhlas kita malah akan disesaki oleh hal-hal yang tidak jelas, kita malah akan mengabaikan hal-hal baik yang seharusnya kita dapatkan. Kita malah tidak melihat hal-hal menarik yg seharusnya kita temukan, kami masih diam.",0
"Ritual kalo mau tidur nyanyi lagu sayang kaka Ani, sayang mamak, sayang bapa, sayang oppung, sayang abang Gio, sayang tua Gio, sayang Tua Winda (Nyebutin semua anggota keluarga besar) Namamu selalu duluan disebut dek",2
"[username] [CAPS] sama ear biscuits kalo mau random2, 99 invisible for architecture and design podcast. Oh jangan lupa dengerin ibu ibu yacult di spotify. Itu lucu.banget.wajib.denger.",4
"Alhamdulillah ya, anak sultan ini sidang. Terharu saya :"") (@ Fakultas Hukum in Depok, Jawa Barat w/ [username]) [CAPS]",4
"3. Bau nya ndak amis dan masih bersih. 4. Klo belanja di tpi dpt ikan ato cumi2 yg masih baru dan besar2, trus harganya bisa ditawar 5. Klo ketemu nelayan bisa beli ikannya (selain di pasr ikan) yg harganya jauuhh lbh murah.",4
Untuk kesekian kalinya getaran itu terasa lagi. walopun di tempat kami tidak terdampak gempa akan tetapi getaran2 iru cukup membuat panik semua masyarakat sehingga harus tidur di luar n tidur di lapangan,3
"hari ini libur, rencananya mau nonton Jurassic World, tapi kayanya gajadi deh mengingat kondisi yg gak fit bgt ini sebel. Rusak rencana sebelanga.. sebel akutu",1
"Iya [ELONG] kann [ELONG], selama pesantren semua kegiatannya tu berkesan sampe skg esq sampe malem banget tp tar pas muhasabah melek lg trus jd sedih kangen org tua",0
"Semalem pake baff, kaos tangan, sepatu lengkap kayak mau riding dan duduk didepan kasir, habis sahur lg nungguin temen bayar dikasir, biar selese bayar bisa langsung cabut, eh dikira ojol yg lg nunggu orderan sama yg punya warung, ntaps mas",0
"Tidak sepakat, dan anda [username] [CAPS] sudah menyesatkan orang lain. Dilarang sholat di dalam bangunan yang didirikan untuk kekafiran (salah satunya gereja). Makanya jangan kebanyakan nonton mak lampir. Aku berlindung kepada allaah [CAPS] swt. [CAPS]",1
"*Ngbrol masalah gaji* Atasan aing : waktu itu gmna sih ndre detail gajimu? Yg di jelasin pak * [ELONG] Aing: gatau pak, saya nanyain gaji aja malah di marahin Atasan aing:. [REPPUNC] Aing:. [REPPUNC] savage [CAPS] *langsung ada backsound mobile legend",0
"Make sure sebelum ngatain orang lain jelek, you lebih kece. Make sure sebelum ngatain orang lain tolol, you lebih cerdas. Make sure sebelum ngatain orang lain drama, you bukan orang yang baperan.",1
"dear pak [username], [CAPS] pak ini beneran ta ndak ada libur setelah hari raya pak [EMOTICON] masa tanggal merah sehari aja pakk, baru pulang sholat-takbiran masa langsung merantau lagi pak [EMOTICON] [url] [CAPS]",0
"Kok aku jatuh cinta banget sama kamu kalau lagi poni samping sayang Apalagi kalau senyum gini, rela deh ngelakuin apapun buat jagain senyuman diwajah kamu By : [username] [CAPS]",2
[username] [CAPS] [username] [CAPS] [username] [CAPS] Cek aja tuh mana yg Surat Keterangan Tidak Mampu n mana yg Surat Keterangan Tidak Malu [username] [CAPS],1
"Wozniacki out! Daria Kasatkina ini lhoo..mainnya gendeng, super kencang & nampar2. Hebat. [ELONG] Goodluck!",4
"Jam 9 malem, sebioskop cuma berdua doank, pas lampu-lampu mulai dimatiin e [ELONG] ujuk-ujuk teaser coming soon-nya film horor Ketika Iblis Menjemput. Lah [ELONG]. [REPPUNC] Ya jadi deg-deg ser [ELONG] ! [REPPUNC]",3
Portugal rasanya akan jadi yang paling lemah diantara 8 tim kandidat lain. Modal mereka juara euro [CAPS] 2018 cuma hoki [CAPS] ! [REPPUNC] + catatan Ronaldo di Piala Dunia buruk. Paling mentok di 16 atau 8 besar.,0
"Saya hanyalah ciptaan tuhan, bukan superhero apalagai malaikat. Saya hanya bisa melalukan apa yang saya lakukan. Itulah saya, anak nomor tiga yang murah hati, dan saya mohon, semoga anda cepat tau",4
"Kamu memang dingin. Tapi kamu perhatian. Kamu keras. Denganmu, aku diajarkan caranya jadi wanita yang tidak manja. Tetap tangguh. Ah sayang [EMOTICON]",2
"Tuhan tidak memberi kita hati dan mulut untuk mengeluh dan mengomel, malainkan Ia mengajari kita untuk Bersyukur melalui hati dan mulut kita. Selamat siang sahabatku.",4
Punya impian? Tulis saja dan pandangi setiap saat sambil didoakan agar segera terwujud. Termasuk mimpi ingin segera ke baitullah. Yakinkan diri bahwa suatu saat akan sampai tanah suci.,2
"Cinta akan selalu membuka pintu maaf ketika anda melakukan hilaf, cinta akan menjadi lentera dikala dunia menjadi gelap, jagalah cinta hingga pada akhirnya matamu akan terlelap.",2
"Percuma bukti numpuk tapi deflasi keberanian. Lihat kasus Munir. Kurang apa buktinya. Lihat kasus Udin, buktinya malah disingkirkan/dihilangkan secara sengaja. Dan kasus2 lainnya [url] [CAPS]",1
[username] [CAPS] sy tdk percaya ktp akan jadi 1-2 hari Krn sy juga tdk percaya anggaran e ktp di korupsi oleh para anggota Dewan yg Terhormat (mungkin bapak lebih tahu atau pura pura tidak tahu. [REPPUNC] ?) [url] [CAPS],1
"[username] [CAPS] Gw dong. Udah dibilang ga mau ke tempat itu tp ngeyel isi ngejebak mau beliin sesuatu lah. Akhirnya ngomel dah dijalan, eh malah die yg ngamuk naik motor kayak ga bawa anak orang. Gw teriak2 sampe nangis ga digubris malah makin kenceng bawa",1
"Daritadi notifikasi twitter saya tidak berhenti berbunyi, padahal saya mau tidur, saya cek dan ternyata semua notifikasi dari bmkg [CAPS] yang mengabarkan gempa-gempa susulan yang terjadi di Lombok. Saya benar-benar sedih dan saya berdoa semoga kita mendapat perlindungan Tuhan. Amin.",0
"[username] [CAPS] kalau untuk barang elektronik gitu gimana? kadang takut mau buang headset dan baterai ke tempat sampah. soalnnya kan bahaya. [REPPUNC] trs sama botol spray, katanya bisa meledak di suhu yg tinggi..",3
"[username] [CAPS] [username] [CAPS] [username] [CAPS] [username] [CAPS] [username] [CAPS] kelakuan kampungan kalian itu mbok ya jangan kelewatan lah,, malu2in.. #Peak212",1
"tgb [CAPS] pilihan [CAPS] ummat [CAPS] Ummat Islam dari pelbagai penjuru negeri: Aceh, Padang, Riau, Lampung, Palembang, Kaltim, Sulsel, Papua, dki, [CAPS] Jabar, Jateng, Jogja, Jatim, Bali, ntb, [CAPS] ntb [CAPS] semua menyatakan dukungannya kpd tgb. [CAPS] Karena mereka merindukan pemimoin yg amanah",4
Diyana sakid Hati. Ia menggerogoti pensil untuk menghilangkan kesedihannha.,0
Suami gak dukung lahiran normal. Dari awal nyuruh sesar ajaa. Takut akunya gak kuat ngelahirin 2 anak. Aku jadi takut juga bawaannya. Tp kalo denger testi orang yg sc gak ada yg bilang lebih enak dari normal,3
"Lebih banyak cara utk membenci, krn sangat mudah menemui setan dimanapun kita berada. Lbh sulit untuk mencintai sesama, krn setan juga ada dimana mana dan dg siapa saja",3
"#ilcbpip [CAPS] Betul Prof suteki. Klo memang perlu Bpip itu didirikan.. Masa orangnya yg gk paham pancasila "" akhirat itu ramalan Masa depan"".. ck ck.. politik balas Budi nihh..",1
Aku mulai takut menghadapi hari. Seperti disiksa mendadak. Aku takut dia tidak kembali.,3
"Banyak orang di klub pb [CAPS] Jaten muda yang menganjurkan saya fokus Badminton, tapi ayah ngotot, sehingga saya memutuskan masuk sma [CAPS] saja dan Temen Dwi Sulistyono masuk smk. [CAPS] Selepas itu, kita jarang dipasangkan lagi, karena dia jarang datang latihan dan sibuk dengan Ngutik motor",0
"Ga biasa bahkan gapernah naik ojol di salah satu st, hampir aja bermasalah disamperin opang. Untung gue dan si mas ojol (ganteng) masih dijaga sama Allah. Ngeri banget sih",3
Lagi ngerasain bahagia yg sederhana bagi gw pribadi. Ngeliat orang2 di sekitar gw ikut ngerasain bahagia sama yang lagi gw jalanin dengan seseorang. Ga pernah sebahagia ini sih dan se good vibes ini ngejalaninnya. Thanks God.,4
[belajarlah [CAPS] demi [CAPS] orangtuamu [CAPS] ! [REPPUNC] ] kalian [CAPS] tau [CAPS] ! [REPPUNC] Orang tua kalian telah banting tulang untuk kita Panas ke panasan Hujan,1
Inget jaman sd [CAPS] sekitar kelas 3-4an. Tiap pulang sekolah pasti mampir ke rumahnya [username] [CAPS] buat main dan nonton meteor garden sama mamahnya. Ikut mandi sama makan juga. Baru pulang kalo udah di telepon mamah. Haha.,4
persibku [CAPS] menang [CAPS] lagi [CAPS].. persibku [CAPS] menang [CAPS] lagi [CAPS].. Oo [ELONG]..Oo [ELONG]..Oo [ELONG].. Oo [ELONG].. [username] [CAPS] #persibday [CAPS] #pucuk #juara [CAPS] #awaydays #bantul #bobotohsaalamdunya #banggamengawalmu,4
"Aku sempet nonton beritanya wkt di thailand. Cuma karena ga ngerti bahasanya jadi aku diem aja nde baru nyampe bali baru ngeh yang aku tonton berita tentang itu --""",0
"Tapi baru di jaman ini hutang tembus 40an [ELONG] T, baru di jaman ini juga mako brimob kebobolan, dan baru di jaman ini juga bocah cina nghina presiden dibilang lucu2an, dan di jaman ini pula geruduk kantor berita sambil m",1
"Saya tanya serius ya, bila [username] [CAPS] ngumbar ngember nama debitur ke media, bukankah melanggar pbi [CAPS] [username] [CAPS] kerahasiaan nasabah? [url] [CAPS]",1
Sepertinya semua orang diwajibkan menjadi bunglon di negara antah berantah ini. Apakah ini konsekuensi dari sistem pemerintahan presidensial tapi penerapannya l sistem pemerintahan [url] [CAPS],0
"Mau nanya dong [username] [CAPS] tadi saya paketin internet berbagi, itu saya pikir utk orang lain. Tapi malah paket saya yg aktif. Ini bagaimana ya? Klo begini saya rugi. Padahal sy mau ngirim ke adik saya.. [url] [CAPS]",1
Karena setiap perjalanan selalu punya cerita. Maka kali ini adalah cerita tentang aku yang tak pernah bisa move on dari rasa kagum akan indahnya alam ini..,2
"Membeli kolak untuk berbuka puasa. Biasanya habis tp td tida. Mau dibuang sayang, mau dibesokin takut basi. Teringat kt nyokap 'siapa tau berkahnya disuapan terakhir'. Akhirnya dg segenap jiwa raga kuhabiskan kolak tsb",3
"Selepas Munas kahmi [CAPS] kemarin kami pkmd [CAPS] [username] [CAPS] sempat menikmati Kopi Kok Tong, mantab rasanya Kanda. Sehat dan sukses terus kanda.. Barakallah [url] [CAPS]",4
Alhamdulillah akhirnya bisa makan sahur bareng mbah gugel walo cerewet #KulinerTradisional #kulinerBanyuwangi #BakulKuliner #WarungLya [url] [CAPS],4
"Ok.. Jam 10:25 tanggal 10 Juli 2018, Fix gue ngerasa yang aneh dan ngerasa lo udah berubah dari biasanya.. Obayk. [REPPUNC] ! [REPPUNC] Saya understand..",0
"Sehat selalu buat kita semua, maju terus pantang mundur. Bersemangat lah kawan mari berjuang untuk Indonesia yang lebih baik, Indonesia yang sehat, Indonesia Kuat, salam Sehat dari Puskesmas sum [CAPS], Halmahera Selatan. [username] [CAPS] terus maju [username] [CAPS]",4
"klikbca seringkali susah dimaksud termasuk skrg. kalau dijawab Internet saya bermasalah, saya akan bilang itu omong kosong krn saya ga ada masalah buka Website lain.",1
Selamat ulang tahun tehskikuu sayang [username] [CAPS] perbedaan yg sangat jauh dulu mah aing kucel hideung enamah yah beginilah hahaha [url] [CAPS],4
"Kenapa sekarang bisa beda banget sama pas sma ya Di tanah rantau bener bener sadar kalo gak semua orang itu bahagia,gak semua orang itu tulus",0
"Lg ngobrol sama Kiya dek, doain mamah ya dek, supaya bisa blablabla. Dek Kiya bantu doa ya. *Manggut-manggut, senyum"". Tulus bgt mukanya. Meski ga ngerti apa yg dimaksud, tp tiap bilang doain ya dek dia pasti senyum"" smbl peluk.",4
"Hehe kak, aku nih diajakin nonton sabrina aja ngeri setengah modyar! Dibioskop cuma merem sambil tutup telinga.",3
"Aku ramal kamu akan datang kerumahku bertemu orangtuaku, entah itu sebagai tamu undangan di pernikahanku atau justru sebagai pendampingku. Aku yakin itu",2
nyeberang lewat pelican crossing yang ada di deket up [CAPS] aja masih ngeri motor mobil susah ngalah,3
Modal haha-haha bareng aja bisa jatuh cinta. Nyaman bisa datang dari hal yang sereceh itu [EMOTICON],2
"Biasanya kalo lg ada masalah ada temen cerita. Ntah kenapa skrg jadi susah. Sedang bener2 lelah disuruh bikin sanlat tp mikir sendiri dari hulu ke hilir, walaupun dibantuin satu bapak2 tp dia sibuk kerja",0
"Hari ke enam dikota ketiga, dan sudah mulah terasa lelahnya kaki dan kangennya ngeliat mamah [EMOTICON] hmm sampe lupa abon yg dibekelin kaga ke makan [EMOTICON]",0
"Kegiatan tadi pagi bikin aku sama ibu kompak beristigfar ""dek elma bangun, solat subuh dulu"" Memang yah kalau sudah kebiasaan tiba2 hilang kerasa bgt kehilangan nya.",0
"My reaction : ""astagfirullah [CAPS] ini [CAPS] anak [CAPS] siapa [CAPS] ganteng [CAPS] banget [CAPS] bgst, [CAPS] suaranya [CAPS] juga [CAPS] bagus, [CAPS] lagu [CAPS] nya [CAPS] juga [CAPS] bagus, [CAPS] nada [CAPS] nya [CAPS] pas [CAPS] bgt [CAPS] ditelinga [CAPS] gue. [CAPS] woee [CAPS] gue [CAPS] luv [CAPS] banget [CAPS] sama [CAPS] bts [CAPS] sumpah!"" [CAPS]",2
"Semoga lancar, selamat Pesantrenku Menuju Usia 1 Abad. Usia dimana dilahirkanya Para Pembaharu-pembaharu dibidangnya. Dan Semoga Pesantrenku menjadi salah satunya",4
"Dibalik kecemburuan,terselip rasa kasih sayang yg dalam. Maka dr itu,cemburu diperlukan dlm setiap hubungan,tetapi tetap dlm kadar yg wajar tentunya [EMOTICON]",2
Drama kmarin sore : seharian puasa trus pas lg mandi kaget bcz kedatangan tamu tak diundang pas bgt woi pas lagi adzan maghrib trus jd galau dong seharian itu dianggap sah puasa apa enggak-_-,3
"Cewek itu walaupun sengaja nyemburuin cowoknya didepannya, tapi tetep aja rasa cintanya sama orang itu masih ada. So,guys, kalo cewe lo cmburu, artinya dia masih cinta sama lo!",2
"Um thanks for [username] [CAPS] yang nayangin teleseries "" jejak suara adzan "", jatuh cinta sama trailer dan eps pertama. Ditambah pemeran dimas, my favorite actor.",2
"Tapi seneng juga karna [username] [CAPS] secara langsung merilis mini album pertama. Rilis 6 april, pada waktu perkuliahan semester 6 dan terdapat 6 lagu di dalam ep [CAPS] tersebut. This how it works.",4
Udah gitu. Aku pake Vaseline gitu kan di bulu mata sama alis. Disimpan deh tuh si Vaseline di atas lemari (posisinya kaca sebelah lemari) udah gitu kan pake yang lain juga. Pas nyimpen yang lain. Aku baru ngeh. Vaseline nya udah ga ada,0
"Sebelnya kalo udah anxiety tuh tbtb sakit perut, mual, panik, takut, ngerasa sendiri, sedih. Padahal yang gue hadepin bukan apa apa, tapi selalu anxiety duluan knp sih. Cape lho.",3
"[username] [CAPS] Nama mirip? Ya mereka cuma punya dikit sih pilihan nama, cuma dibulak balik aja urutannya muka mirip? ku sebagai fanboy kpop juga sering ketuker/bingung kalo liat idol yg ngk diikutin/ngefans bgt",0
"[username] [CAPS] Sebelumnya aku ga tertarik sama cowo yg lebih muda, tapi pacarku skrng lebih muda setahun dibanding aku. Udah tau sih dari awal tapi ya gimana ya namanya udah sayang. Semua yg gasuka bisa jadi suka.",2
iya maunya juga nikah. tapi. [REPPUNC] lalaki na nu mana [ELONG] kamu sih enak punya calon. lah aku? bantal guling mau dipeluk aja hamdalah,0
Hade [ELONG] ngomongin sesat pikir. Keknya mbak ini ga sadar pemikirannya soal verbal harrasment sbnrnya kecermin dari twit2 dia selama ini. emg anaknya suka digodain pake tytyd. gimana dong kalo vv [CAPS] dan mayoritas cewe ga satu selera sama lo? Harus terima digituin? Harus diem? [EMOTICON] [url] [CAPS],1
"Untuk beberapa waktu biarlah kita bekerja sebagai bawahan, kelak kita bangun usaha sendiri, jadi pengelolanya sendiri, jadi bosnya sendiri, jadi petani yang selalu bangga dengan usaha sendiri. #nonelse",4
"pagi ini nonton berita headline nya bikin takut mulai dari 'Suami bunuh istri', 'Kakek perkosa cucu', 'Ayam bakar solo'. ngeri banget nih berita",3
"!rp hai ele. Maaf ya gua ga romantis. Gua cuma mau ungkapin perasaan gua. Kalo gua itu tertarik sama lu, gua sayang sama lu, gua Cinta sama lu. Gua mau serius dengan perasaan gua. Dah gausah panjang. Ele will you be mine [username] [CAPS] [url] [CAPS]",2
"Nah. Nyetatus lah aku di wa ""broken heart is real with thousand of heart broken emojis haha ada pesan terselubung emang. Karna masnya juga ngga ada kabar sejak hari ulanh tahunnya jumat kemaren.",0
[username] [CAPS] selamat ultah kak renoo wkwkw semoga kita bisa dipertemukan lagi di satu kelompok (kalo sama reno gppa deh). semoga bahagia dan sejahtera selalu bersama dek oza hehehe,4
"Serem kang,kl sdh macetnya begitu. Padahal tol semua yaa..,Horor itu mah",3
"Ada seseorang merasa pancasila, tapi anti politik. Wong kita ini hidup di Negara Demokrasi yg menggunakan sistem politik. Makanya para politikus, cepat mengertilah. Bahwa tingkat apatisme masyarakat kita terhadap politik itu kian meninggi. Jgn terus berkorupsi dan ingkar janji.",1
"Alhamdulillah, sudah menjadi fans dari sumber berita antara [CAPS] [username] [CAPS] Ikutan kuy [username] [CAPS] [username] [CAPS] [username] [CAPS] semoga bisa menjadi #TemanANTARATerfavorit",4
"Awal kami tidak saling kenal, tidak ada hubungan saudara. Namun di sini kami dari tidak kenal dan bertemu menjadi saudara dalam satu keluarga baru, inilah kenapa saya makin cinta Nasa.",2
"Gak jadi include kemang karna yg dp gak jelas php doang,tp besok fix include blokm masih ada 2slot kosong [username] [CAPS] [username] [CAPS] [username] [CAPS] [username] [CAPS]",0
"Setelah berbulan-bulan tertunda krn akreditasi rumah sakitnya lalu berminggu2 ngurus perizinannya, akhirnya bisa nyebar kuisioner juga [EMOTICON] [url] [CAPS]",4
"Jadi semacam motivasi gitu pengen mengawasi pemilu bener2 dengan jadi pengawas tps. [CAPS] Mengawal suara, jangan sampe ada kecurangan. Apalagi pilkada di tmarahang ini rawan banget. Secara yah calon tunggal gitu. [REPPUNC]",3
Kita yg tak punya apa apa dan tak seberapa ini disapa sobat misquen asik asik aja malah nyala balek damai segampang itu yah hebat uiy,4
"Kuakui aku jatuh cinta pada aksara, Oleh sebab itu aku bisa berbicara pada semesta walau hanya lewat untaian kata tapi yang kuceritakan ialah tentang kita",2
"Kemaren, pembagian nilai uts. Takut bener gue ga bisa imbangin pas uas. Kampus gue serem.",3
"Ini Baru pemikiran Professor, biar Masih junior dibandingkan Professor cebong anu, yg ini lebih bermutu Dan punya dedikasi [url] [CAPS]",4
"Pjlnn kereta api Jkt Jogja dst jg byk yg lbh indah, spt mlht lukisan.. Sungai yg besar dn bersih, gunung2 dn sawah.. Alam Asia Tenggara mmg memiliki culture yg mirip.. [url] [CAPS]",4
"Wow ngeliat masalah mino di sini, jd awalnya gegara mistranslate? Dan yg bikin translate nya dr fandom ono? Wkwk not surprised sih, got7 juga kena mistranslate juga gegara tuh fandom. Heran, ikut campur bae masalah fandom org",1
[username] [CAPS] Same gue bukan orang yang ekpresif susah buat ngungkapin perasaan padahal sangat bersyukur punya mereka dan gue sayang banget sama mereka entah itu keluarga/sahabat / pasangan,2
"[username] [CAPS] [username] [CAPS] [username] [CAPS] Tidak disemua tempat kita boleh melaksanakan sholat, salah satunya di bangunan yang didirikan untuk kekafiran (salah satunya gereja). Aku berlindung kepada allaah [CAPS] swt. [CAPS] dari godaan setan yang terkutuk. https",3
army [ELONG] [CAPS] aku [CAPS] mau [CAPS] bilang [CAPS] aku [CAPS] sayang [CAPS] kalian [ELONG] [CAPS] huhuhuhu [CAPS] sayang [CAPS] bts [CAPS] juga [ELONG] [CAPS],2
Aku suka caramu menyukaiku [EMOTICON],2
Terlalu bodoh sekali bila mudah terpengaruh tipu daya setan. Bila pun harus membenci cukup sifatnya bukan objeknya. Takut kalau tiba-tiba Allah menyuruh Saya pulang sementara masih ada kebencian dalam hati Saya. Saya lebih takut kehilangan Allah daripada apapun termasuk keluarga.,3
"food test Rendang Bebek lagi, [ELONG] oleh bapak Uyul juragan kuliner pemilik Warung Kopi [username] [CAPS]. [REPPUNC] Alhamdulillah lulus uji, katanya cociks, [ELONG] dan disarankan langsung dimainkan. she [url] [CAPS]",4
ia sudah lama kita tidak-ngumpul lagi hahaha ok tapi jadwal nih kendala kita [EMOTICON],0
"Betul sekali,, harusnya kenaikan tarif dasar listrik, tarif tol, kenaikan harga bbm dikala harga minyak dunia turun, kenapa impor garam dan beras di saat petani negri ini sedang panen,, itu semua harus di jelaskan ya mak [username] [CAPS] ! [REPPUNC] Memang gila rezim ini mbk [url] [CAPS]",1
"Tetap semangat walau punkada rencana kita tidak sepenuhnya berjalan lancar, tapi tetap yakin tuhan selalu bersama kita dalam setia langkah kita menuju keberhasilan #pembisnismuda [url] [CAPS]",4
"Me: gila ya org2 itu, tetiba hujan deras di lapangan semua penonton ambil jaket dan buka payung tapi tetep fokus ntn Teman: lbh gila mana? Rela terbang jkt-paris demi ntn tennis? Me dlm hati: iya jg ya",0
[username] [CAPS] Bu Mentrri Konsep tentang Sistem penangan sampah sudah saya Email ke pak [username] [CAPS] Buang2 duit tempat sampah dari jerman tdk efektif.Panggil [username] [CAPS] dan [username] [CAPS] sy presentasikan konsep saya yg sdh ay rancang slma 10 thn. cc.@jokowi,1
"Beli mobil baru yang harganya ga sampe 130 juta. Doi ganti head unit pake merek china. Berasa bawa lamborghini, dg sound double bass power. Gue : lo kampungan.",1
"Sebuah bukti bahwa di-Indonesia, untuk menjadi seorang Gubernur tidak harus cerdas [CAPS] dan bermoral. [CAPS] Tetapi bodoh [CAPS] dan dongok [CAPS] pun bisa. [CAPS] [url] [CAPS]",1
"Tetapi rasa takut itu kalah melawan rasa penasarannya. Nada perlahan menunduk dengan menyalakan senter hp yang ia pegang, dan mengarahkan ke bawah kolong kasur yang sangat gelap. Bismillah.. semoga gak ada apa-apa disana.",3
"[username] [CAPS] Wah ini sudah keterlaluan, gaes.. Mosok anak2 dibawa bawa ke politik, dan ga jelas lagi, malah cenderung ujaran kebencian dan fitnah. Mohon ceck dong [username] [CAPS] [username] [CAPS] [username] [CAPS] [username] [CAPS] [username] [CAPS] [username] [CAPS]",1
Cerita horor ku malam ini. Huehehe. Jadi aku ingin bobo. Jadi aku mandi (?) Biar dingin selimutan langsung bobo. Dah gitu. Udah mandi nih. Aku semprot muka kan pake Aer mawar,3
pidato [CAPS] retak [CAPS] sementara hanya kurang tujuh detik lampu merah sudah tak sabar ingin ku tebas. rejeki baru sepanjang jogja dan jakarta tapi kesalahan selalu relovan jika bunyi tik tok somay berselisiban dengan truk-truk pertamina.,3
"Kesatuan yg mana bong200 hahaha Habibie mencopot jabatan pak [CAPS] prabowo. [CAPS] itu ulah si wiranto, karena Wiranto dipake habibie kembali jadi pangab.. [CAPS] tragedi [CAPS] 98, itu yg harus bertanggung jawab pangab [CAPS] bong200 [CAPS] bongak [CAPS]. [REPPUNC] yang menembak polisi [CAPS],",1
"Hahaha. [REPPUNC] Lha die gak ngomong2 juga tuh, saat orang minta foto karena ragu dia manusia apa patung aku sempet punya niat pencet hidungnya hahaha. [REPPUNC] Tapi ketinggian.",4
"Luar biasa perjuangan dia buat mewujudkan angan2ku menjadi kenyataan. Terimakasih sayang, karen masih ikut menangis disaat aku menangis. I love u so much.",2
"Aku kasihan sm Mama Hulk Ijo ini bah, membesarkan anak yg bahkan ngga punya nyali shg pake akun anonim. Badan besar otak kosong. [url] [CAPS]",0
"[username] [CAPS] woy kafir, kalo bicara mending dari sby ""soeharto"" juga lebih mending dari sby.. udh kafir dungu lgi,, jaman sby gk ada tuh gerakn gnti presiden klo memang yg ini lebih bagus dari ""sby""",1
[username] [CAPS] Jika terjadi overload pengiriman sebaiknya tutup sementara penerimaan pengiriman paket agar semua paket yg telah masuk dapat terdistribusi sesuai estimasi. Jangan mementingkan keuntungan dari pihak jne [CAPS] saja tapi pentingkan juga hak konsumen.,1
"5/6/15 Tiga tahun yang lalu, pertama kalinya ngenalin cowok ke orang tua dengan modus si cowok ini mau ngajarin matematika buat sbmptn. Whut [ELONG] 3 tahun ! [REPPUNC]",4
Aku gasuka sih tapi gondok dan dongkol dan mangkel aja. Dan kagetnya lagi dia mau meniqa [ELONG]. Semoga insyafmu ga abal abal ya mas ha ha ha semoga udah alim beneran cuma dia inget ga ya ttg habluminallah,1
Bahagia kalau kamu datang tepat waktu Bahagia kalau ac [CAPS] bekerja dengan maksimal Bahagia kalau perka berjalan normal Selamat bekerja ya min [username] [CAPS],4
"gilasih, bbrp hari yg lalu gue liat truk gede yg diisi sm 3 org. Tmn gue blg kalo truk yg diisi sm 3 orang itu tengahnya mayat. Asli merinding bgt mana itu pas maghrib dan gue sendirian coy, serem abis.",3
"Ditinggal my partner mudik, fight sendirian terus jadinya tiap malem. Tp Alhamdulillah ada aja yg bantuin, gooks.. Maksi bet brother, free kopi dulu yak.",4
"Semoga secangkir Toraja bisa menjadi teman penyemangatmu, yuk beraktivitas!",4
"Bisa mencium bau tanah kering yang abis kesiram air ujan itu adalah definisi kebahagiaan tersendiri. Alhamdulillah hujan, yang meski cuma sebentar hari ini.",4
Kalo ga bisa ya udah terima aja. Ini malah ngomel2 ga jelas trs ngumpul di depan pembatas gitu. Bikin macet manusia asli. Yang bikin ribet itu emak2nya Anak muda sama bapak2nya agak selow dan langsung menerima informasi secara baik dan ga treak2 gajelas. Ky pasar asli tadi tu,1
"Mungkin move on juga ingin mengajarkan kita untuk lebih [CAPS] tulus [CAPS] memaafkan, dan merelakan dia yg pergi. Atau mungkin, move on juga ingin menyadarkan kita bahwa cinta yg sesunguhnya bukanlah cinta [CAPS] yang [CAPS] penuh [CAPS] ekspektasi, [CAPS] melainkan cinta [CAPS] tanpa [CAPS] ekspektasi. [CAPS]",2
Gempa di Lombok belum berhenti. Setidaknya sudah dua ratusan lebih terjadi gempa susulan sejak pagi kemarin. Trus aku bayangin gimana rasanya jadi rangorang yg ada di sana sekarang. Pasti gak nyenyak tidurnya karna cemas.,3
"Bunga mawar pun memiliki duri, jikalau memang kita menginginkannya mungkin akan terkena sedikit goresan pada kulit. Begitu juga hidup ini, kadang kita harus merasakan perih ataupun luka untuk menikmati kebahagian didalamnya jar [CAPS]",0
"Mulai sekarang sering seringin latihan fake smile menjelang lebaran ditanya ""Jadi kakak kapan nikah?"" ""Calonnya mana? Udah ada?"" ""Gak kepengen liat ibu/bapak gendong cucu?"" Hahahahaudah puasa hari ke 19 [EMOTICON]",0
"Menyumbangkan Suara Untuk Lagu hellomellopoppunk, klo mas anang sih yes #hellomellopoppunk #hellomello #poppunk #subang #recording @ Masterplan Recording Chamber [url] [CAPS]",4
"Terlalu cinta, anggaplah begitu. Semua wujud yang sempat hidup disini begitu aku cintai. Begitu aku sayangi. Mencoba melindungi jalan kisah mereka, aku belajar banyak. Mengenai keputusan, ketegasan, rasa sungkan, kenyamanan, pertemanan, kasih sayang, serta kebaikan.",2
iya tur iya jangan sombong lagi ya [EMOTICON] lah mav kalau sudah sombong sma kam tur [EMOTICON] dari kemaren2,0
"Udah mau sarjana 2 kali, mbokya mulut nya jangan ketinggalan buat belajar. Sekiranya itu ga perlu diungkapkan, nambah dosa + nyakitin hati orangnya mending diem2 bae lah. Kasian anda nya yg di julidin sm orang.",1
mkasih aji selamat ulang tahun,4
Alamak. Kehebohan tiap malam dengan dua eyang ini. Pengen gadengerin tapi kenceng semua suara + suara sinetron vol up (dan akhirnya apal jadwal sinetron sctv-rcti dr sore ampe malem jam11).pencapaian.,0
"Tiga tv [CAPS] series yang belum kelar ditonton, belasan buku belum terbaca, dan puluhan folder film belum tonton di flash disk. Jangan lupa tumpukan baju bersih yang belum diseterika, Yan. #kosanlyfe",0
"Celakanya kamar hotel dan tiket yang tak terjual tersebut mengandung fixed cost yang relatif sama. Untuk airlines, pesawat akan menghabiskan bahan bakar yang hampir sama baik kursi di pesawat tersebut kosong/ diisi penumpang. #VIWIHotDealsForMiddleEast",3
"yang saya inginkan di acara @86netmedia dari dulu, di kota ku ada tim patroli ginian. Dan sekarang kesampaian, akhirnya Polres Tuban punya Tim Macan Ronggolawe buat Patroli sudut2 [username]. [CAPS] Hehee terimakasih bapak2 polisi",4
"Hahhaha yg bela takut ga masuk sorga, fakta. Logika berpikir waras dia kl ga merasa salah ga harus jg kabur, itu pengecut pdhal yg bela bejuta2 yg goblog [url] [CAPS]",1
"Love of my life, My first son, My spirit, My reason to face the world.. Bsk anak mama mulei sekolah lg di tempat yg baru, pengalamam baru, petualangan baru, teman2 baru, miss yg baru",2
"[username] [CAPS] Hehehee.. Pengepo juga ini. Alhamdulillah da. Kabar baik sekali. Masih mlika seperti waktu kuliah kok, hanya gendutan aja sekarang. Kabarmu gimana da? Dan kabar para mindis mindismu itu baik?",4
Mana yg kuat jaga harga diri dan mana yg woles harga dirinya dilecehkan. Adat ketimuran jangan disamain yg kebablasan woles dilecehin. Situ perempuan jadi-jadian? [url] [CAPS],1
Pakdok [username] [CAPS] ada komentar mengenai efek msg [CAPS] ke otak? Seringkali denger celotehan kalo orang jadi sengklek gara-gara kakehan micin. [url] [CAPS],3
"Ya Allah, bukakanlah bagiku di bulan ini pintu-pintu menuju surga dan tutupkan bagiku pintu-pintu neraka. Berikanlah kemampuan padaku untuk menelaah Al qur'an di bulan ini. Wahai yang menurunkan ketenangan ke dalam hati orang-orang mukmin.",3
[EMOTICON] -1 Dibuat bundling. Dan semuanya ditawarkan saat weekdays. Momentum di mana harga-harga hotel di Singapura bertarif sangat tinggi. #VIWIHotDealsForMiddleEast,0
Niat ingin tidur di awal karna besok pagi anter ibu negara belanja bahan kue terus lagi dan lagi mesti ke capil ektp gue belun kelar udeh mao 2thn maleen,1
"[username] [CAPS] baik sayang, aku pulang. kini aku mengerti, kau lebih butuh hadirku di sampingmu. aku akan memutar otak bagaimana hidup berkecukupan tanpa harus berjauhan.",2
"Ini lirik lagunya Rendy Pandugo - 7 Days dalem banget. Jadi intinya ""setiap ada hubungan itu pasti ada perselisihan, just let it flow and let it be. Cause to me, you'd be the one that i could see."" Epic!",4
kamu tuh suka munafik padahal sering liat aktivitas aku mirip gimana tapi tidak-pernah mau nyapa duluan [EMOTICON],0
ya [CAPS] tuhan.. [CAPS] selalu [CAPS] dan [CAPS] selalu [CAPS] kalau [CAPS] liat [CAPS] dia [CAPS] begini [CAPS] lah [CAPS] gue [CAPS] ikutan [CAPS] senyum2. [CAPS] I love [CAPS] his [CAPS] gummy [CAPS] smile [CAPS] so [CAPS] much [CAPS] ! [REPPUNC],2
"Andai saja senyummu bisa ku campur dengan kopi pahitku, mungkin sudah aku sruput sak ampas-ampase. Rapopo keselek, wong aku cinta.",2
Ngeri yaa lalulintas di sana -_- untung di Bali belum pernah ngerasain yang beginian sih,3
"udah 2 tahun lebih ini lip palette wardah, awet banget. bahkan kehidupan percintaanku aja ngga pernah ada yg seawet ini",4
Revisi menumpuk badan mulai ngantuk. Hajar perut makan Pop Mie Goreng dulu kuy. Siapin stock Pop Mie di kosan biar revisi jalan terus,0
"Ade : mas udah makan? Gw : (wah tumben nanyain) belom, makan aja duluan Ade : maksudnya kucingnya udah makan apa belom Gw : et lu liat aje sono tempat makannya. Memang memang",1
Hanying bikin emosi aja nih pln. Udah 5 jam ga nyala-nyala,1
"[username] [CAPS] It claims to be penggantinya pet soc gitulo mas. [REPPUNC] tapi yg bikin mencurigakan, update medsos ga jelas dan gak sering, q takut ini cuma hoax",3
"Gerakan earth hour tadi kalah kaliya yang ada di seluruh dunia, 5-6 jam mati listrik di jatinangor. Kami warga jatinangor mendukung program earth hour untuk menghemat triliunan energi. Terimakasih.",4
Gw bilang juga apa ! [REPPUNC] Kebaca bener [ELONG] kelakuan lo. [REPPUNC],1
Memang yang namanya yakin itu kadang bahaya kalo terlalu buru-buru. (Zarry Hendrik). [REPPUNC],3
"karena aku merasa tidak ditanggapi dengan akun terkait, maka aku putuskan untuk report feed tersebut ke pihak Instagram. well, hari itu juga feed yang aku report dihapus pihak ig. im happy because Instagram concern about copyright issue",4
Klo kemaren2 sih aku emng gk pernh ngeplay video karena ya itu.. Takut gk bisa tidur.yg terakhir. Btw Semoga kita gk slh pilih jawaban aja buat voting selanjutnya.,3
Tipikal cowo menye menye bgt ni. Paling ngga bisa diajak argumen. Menyalahkan orang dan mengeluh terus ni manusia maha sempurna. Pen ngatain goblok tapi puasa.,1
"[username] [CAPS] Gua juga cuma fokus ngeliatin sambil 'iya sayang, iya iya i love you too, udah jangan ketawa terus, nggak usah malu malu gitu kamu emang cantik' [url] [CAPS]",2
"Siapakah yang mencintaiku dan akan mencintaiku selamanya dengan cinta yang tak mungkin lenyap oleh kesulitan, penderitaan dan kejahatan yang kuperbuat? Orang itu adalah kau, Ibuku. (Anonim)",2
"[username] [CAPS] Oh iya. bay [CAPS] de [CAPS] wey: [CAPS] Jd sekalian nih: 1. Kl blm mapan jangan [CAPS] kawin [CAPS] 2. Kl mau idup enak, belajar manage duit yg bener Pesan ini disampaikan oleh pria 24th beranak 2. Brb, kill myself",0
"[username] [CAPS] kalau ada perbedaan pendapat rasanya soal wajar, tapi kalau sudah menyudutkan dan menyalahkan itu yg ngga bener. sekecil apapun pelecehan tetaplah pelecehan dan harua ada hukuman. efek pelecehan bisa jangka panjang. #forgiveme",1
"Anjrit [ELONG] serem sendiri. Td pas pulng kantor krna jarak kantor ke rumah naik motor kuranglebih 50menitan. Dri pd ngantuk suka nya ngomong sendiri atau sok2an lg ngobrol sama siapa gtu (jng bilang saya gila, obat ngantuk saat nyetir). Nah tema hari ini comeback ftisland.",3
"Cowo yg berpenghasilan kecil tapi usaha sendiri itu jauh [CAPS] lebih patut di sukai, di hargai, dari yg berpenghasilan besar tapi lewat belakang.",1
"Musim terindah adalah Ketika kau nyalakan pagi dengan senyumanmu. Ketika kau payungi siang dengan sapamu, Ketika kau tutup malam dengan belai manjamu. Sesungguhnya aku tulus cinta padamu.",2
Perkenalan pertama kali sama Laruku adalah saat mereka jadi Ending Song Samurai X. Langsung jatuh cinta,2
Apa sih maunya bri [CAPS] ini? Dari tadi mau transfer ke Bank lain via bri [CAPS] Mobile begini terus. Serius gak sih melayani konsumen? [username] [CAPS],1
"Congratulations on your 1st Holly Communion, Xellent. Mommy,Papa, Ompung,Unty, Tulang, Bou, Uda Xaviera are so happy to be able to witness and accompany you on this special day. Semoga Xellent tumbuh mjd anak yang menyenangkan hati Tuhan menjadi Saluran Berkat bagi byk orang. [url] [CAPS]",4
Harini story iolls full muka alepan. Itu ja yg mampu buat pon haha. Happy birthday [username]. [CAPS] Bff yg paling gua sayang,4
"Ya allah tugasku telah selesai dengan baik, putri kecilku yang lucu dan kucintai telah menjadi wanita cantik.. bahagiakanlah ia bersama suaminya. [REPPUNC]",2
Kenangan bersama Mamita [username] [CAPS]. [REPPUNC] #AndreBaraBere #JuliaPerrez #JuliaPerez #Jupenizer #l [ELONG] #lfl #tflers #likeforlike #sick #Jupe #Meninggal #rip [CAPS] #RipJupe #Cecepy #Cirebon,0
"Ketika rasa itu tinggi, maka seseorang pasti ingin tahu apapun terkait hal yang dia minati. Nah, disini peran respect sesungguhnya. Kebiasaan kita (karena mungkin gw jg gitu) suka menertawakan hal yg kita anggap itu lucu namun itu lah hal yg ingin orang lain minati.",0
Anjir. Ini anak macam apa? Eike aja ngidam ayam wow [CAPS] tinggal gofood ga nitip2 kesiapapun.. 19 tahun mah ngerti keles teknologi kek gmn.. ini antara dimanjain ga ketulungan atau ga cari perhatian ortu tapi caranya bocah bgt,1
"Karena cinta gak butuh alasan, gak perlu penjelasan, happy anniversary 8th to my lovely [username] [CAPS] [username] [CAPS] [username] [CAPS] [username] [CAPS] [username] [CAPS] [username] [CAPS] diriku masi setia I love you so much",2
[username] [CAPS] [username] [CAPS] [username] [CAPS] [username] [CAPS] Emang kmu dah bener? Emang kamun pintar? [CAPS] Emang pendidikan kamu S3 dri Amrik dg nilai ok? Emang kamu ornah jadi rektor ot? [CAPS] Emang kontribusi kmu terhadp negara sdh banyak? dan kalau semua jwbnnya tidak! [CAPS],1
"[username] [CAPS] [username] [CAPS] [username] [CAPS] Ganti presiden tp gak punya presiden cm. Preseden, sadar bro klo sebut ganti presiden pks mungkin nti fahri yg ganti",1
hahahaha alay kamu ngancem nya ngereport spam segala,1
"Ada banyak jenisnya, Ada yang rindu tp udah beda dunia. Ada yang rindu tp udah ga di arepin lg. Ada yang rindu tp gengsi berucap. Ada yang rindu tp jauh. Ada yang rindu tp untuk apa, [ELONG] untuk apa cinta tanpa pembuktian, untuk apa kita pertahankan bila sudah tak lagi cintaa",0
"Aku rindu Tadi malam sebenarnya. Tapi sinyal menahanku. Jadi aku lanjutkan saja siang ini. [username] [CAPS], aku rindu.. [EMOTICON]",0
"Salah satu sahabat terbaik! Teman, kakak, inspirasi untuk selalu berbuat baik dan melihat dengan prasangka baik serta selalu berbagi. Love you mabes",2
"Jangan lupa bermain dan jangan terlalu sibuk untuk berfikir, hasil akhir adalah tentang Eksekusi dari sebuah pikiran mau kemana mau gimana dan mau jadi apa?. Selamat hari Selasa, semoga [url] [CAPS]",4
"And then, bentuk thr lainnya adalah jalan2 keluar kota. Yes, bapak aing adalah orang yg hobby travelling dengan kendaraan sendiri. Jdi hampir semua wisata di jawa setidaknya sudah pernah dilajak sama bapak aing.",4
"Pada ribut masalah via vallen ya Kenapa sih? Gamau nyinyir gua mah *Jadi seorang pemain sepak bola bla bla bla. [REPPUNC] Eh gausa d ss kali,coba aja klo yg nge dm orang biasa pst ga bakal bla bla bla. [REPPUNC] Itu nyinyir,apa bau anyir ? nying !",1
"Kalo ga u [username] [CAPS], mba muth yang ngeblur [ELONG]. [REPPUNC] Wkwkwk ada aja sih yg ngeblur foto terakhir semuanya blur na wkwk [url] [CAPS]",4
"Saran sy kpd dprri, [CAPS] terbitkan kembali uu [CAPS] yg mengatur tentang hukuman mati atau seumur hidup bagi yg melakukan koruptor baik yg nilai rupiahnya besar atau kecil disamakan, supaya ada efek jera bagi koruptor dan tdk ada toleransinya",1
"Dari dulu hingga sekarang, sebagaimana biasanya, setiap kali memasuki bulan Ramadan, kegiatan pariwisata di Indonesia terasa agak lesu. Apakah Anda meraskan hal ini? Jumlah perjalanan wisatawan nusantara di tanah air, cenderung mengalami penurunan. #VIWIHotDealsForMiddleEast `",0
"Agak cape jg debat dg orang2 yg melihat sgalanya dlm konteks hitam putih. Kenapa bisa berubah pandangan, mis dr kontra jd pro. Apakah hanya soal kepentingan instan. Bisa sj, tp smua keputusan pasti sdh mlewati pengalaman t. [ELONG] Ya hrs dipahami dlm konteks pengalaman itu #tgb [CAPS]",0
Kalo mau ganti presiden itu harus jelas siapa calonnya. Terus diadu program kerjanya. Ini koalisi belum ditentuin bisanya cuman buat kaos dan tagar,1
"[username] [CAPS] [username] [CAPS] Takut ulat juga ! [REPPUNC] Ternyata ku tyda sendiri :""( Aku padahal di kelas ada ulet di tas aku nangis malah diceramahin guru besok kalo jadi ibu mau gitu juga? Ya kan orang namanya takut ya sebel [ELONG] bgt deh",3
Back to maba lyfe. Jam segini baru pulang ke kos. Motoran. Sendirian. Jalanan gelap. Sepi. Takut tp harus berani. Yallah gini bgt minggu2 terakhir kuliah quat quat quat! [ELONG],0
"Jinhyuk menunduk, menatap sepatunya. Merasa takut untuk membalas permintaan sang puan. ""M-maaf, saya tidak membawa alat lukis saat ini. [REPPUNC] "" [url] [CAPS]",3
"1. Orang-orang yg ditempatkan di Pulau Cendrawasih itu sumbu pendek Salah. Salah banget. Sejauh saya pkl [CAPS] dan ojt [CAPS] serta st [CAPS] beberapa kali, (di instansi saya sih yg paling jelas) orangnya asik-asik. Suabar ngadepin berbagai macam tipe orang dan mereka ahli di bidangnya masing2",4
"Kita tau, semua manusia pasti punya kelemahan, kekhilafan. Lantas apa yg membuat kita merasa jauh lbh suci hanya karena merasa jd korban, smtr kita lupa. [REPPUNC] bisa jd kita jauh lbh bangsat dari orang yg kita sebut biadab",0
[askmf] guys temenku ada yg nyilet tangannya sendiri. Aku takut dia lg depresi atau semacamnya. Aku sebagai temennya hrs gimana ya. Tapi kita beda kota skrg. Apa aku kasih tau ortunya? Tapi gaenak juga huhu,3
"setelah melakukan janji tersebut, Kelvin melepaskan jari kelingkingnya dan kembali mengeratkan pelukannya pada tubuh Daniel. ""Aku sayang kamu, Niel.""",2
"Tranquility Base Hotel + Casino - Arctic Monkeys (2018) Hampir serupa sama album am [CAPS] yg kemaren, lagu2nya intimidating sama seducing tp yg sekarang vibe nya 70s Italian Vampire Gangster wkwk. W suka Four out of Five, Batphone, sm Golden Trunks [url] [CAPS]",4
Momen istimewa juga bukan hnya bersama si diatapi kadang jga perkumpulan sederhana bareng sobat jga bermakna demikian #temankobong #pagingopi,4
"Dan akhirnya. [REPPUNC] Saat papa melihatmu duduk dipanggung pelaminan bersama seorang lelaku yang dianggap pantas menggantikannya, papa lun tersenyum bahagia.",2
"Beliau disana, mendengarkan sembari tersenyum. Sesekali cerita kami terpotong oleh orang-orang yang keluar masuk meminta tanda tangannya. Sampai kemudian berujung pada satu inti, 'Boleh tidak pak, kita berdua ujian duluan?' Dan beliau tertawa, tapi masih berwibawa dan teduh.",4
"Tidak ada kepastian yang kuinginkan dari dirimu Asal tahun depan ku bisa pergi ke laut denganmu yang polos ~kachuusha @ Daplangu Beach, Ujung Kulon Island [url] [CAPS]",2
dia ! emang'a apa kya a tahu ! masalah'a sih sepele tapi bisa bikin saya ngedown,1
"Untukku, saat pasangan bisa diajak bicara tentang banyak hal dan mengerti serta memaklumi satu sama lain tanpa adanya hal hal ""tersembunyi"" adalah definisi romantis versiku",2
"[username] [CAPS] [username] [CAPS] Sama seperti Yazidi bila negara Yahudi tidak memperkuat dirinya pilihan itu, ganti agama, dibunuh, diperbudak atau tersingkir. Maka penting bagi Yahudi memperkuat dirinya. Suka atau tidak ini survival bg mrk. Tp mrk tdk [CAPS]",3
"[username] [CAPS] terlepas mereka lepas tangan. [REPPUNC] mereka punya peran sebagai promoter project creators tertentu yang akhirnya laku didukung backers (featured project). Menurut gue, ini poin krusial dimana mereka ngga bisa seenak dewe lepas tangan, dari per",1
"Buka facebook, homepage penuh ama politik.. Buka ig, [CAPS] liat muka orang gitu2 aja.. Buka twitter, gua bisa ketawa2 baca twit orang..HAHAHAHAA",4
Gua nonton azab yang di Indosiar tetiba gua jadi takut nikah. Ya gila sih. [REPPUNC] asalnya tuh pemeran utama cowoknya shoolih banget tapi terus berubah jadi tukang maksiat [EMOTICON],3
"Kalau boleh jujur, sampe sekarang gue masih belom sepenuhnya menerima perilaku ga sopan orang ini yg berusaha keluar masuk hubungan kita dulu. Karena gue ngerasa ga adil aja. Gue ga pernah ngerusak hubungan orang. Sampe sekarang kalau gue inget caranya masuk, gue ga habis pikir.",1
"Trus apa yg slh, beliau sdh mngatakn isi hatinya sedih kalo impor. Dan yg jadi Presiden negara ini kan pak jkw [CAPS] bukan anda dn sy.Mikir woi ! [REPPUNC]",1
"Bahagia donk. [REPPUNC] diajak jalan ke Mall. [REPPUNC] suruh jajan. [REPPUNC] dan yang pertama di jajanin si Mungil, kemudian galau lihat baju ungu cantik klo bilang pengen itu sih diiyain aja sama Dia, tetapi emak kudu waras dikit",4
"Yunjin pas perkenalkan peserta di ig langsung jatuh Cinta pas liat fotonya, cantik bgd suaranya Bagus adem bisa main ukulele",2
"Happy Birthday Sarii [username] [CAPS] all the best, sehat selalu, sukses cita cinta. Semoga Sari dan keluarga selalu dilindungi Tuhan. Amin",4
"Main ludo lawan komputer aja masih sempet kalah, gilani. - izam. Gpp yang penting pernah menang [EMOTICON] biar ga jadi loser terus. [url] [CAPS]",0
"Sebel aja sih kalau aku punya barang baru entah itu hp, baju, skin care, make up, etc. Terus ada teman yang sentimen tanggapannya. Rasanya pingin jawab ""Emang aku minta sama kamu buat beli ini ! [REPPUNC] """,1
Kenapa sih Rhia kok temenya cowok semua? Biar apa? Biar gak di tikung.. Biar gak di omongin di belakang.. Biar ada yang jagain.. Biar gak di nyinyirin.. Biar ada yang antar jemput kalau lagi mau main hahaha,4
"Di langitmu. Mungkin aku hanya bersinar sebagai bintang, memang terang, tapi aku hanya satu diantara ribuan pilihan. Aku cukup paham jika bagimu. Hilangku bukan masalah besar untukmu..",0
"Sering tuh gua digituin pas kalo baru ketemu Apsara lagi ""kok perawatannya makin banyak? Makin gendut aja sih "" wah senyum aja iya2in aja dalem hati ""bacot lu anjing""",1
"Kepada jamaah Masjid Al Kautsar, Dikarenakan Nasi tumpeng ayam matang sebelum waktunya, maka dengan ini pengajian tafsir masjid Al Kautsar di ajukan hari ini. Aya aya wae. [REPPUNC] #Ramadhan berkah",4
"Cuma ibu yang tahan sujud lama [ELONG] sekali untuk mengudarakan doa. Cuma ibu yg setiap malam ga absen bangun malam untuk menggantungkan harapan padaNya. Cuma ibu yg rajin puasa menahan nafsu agar supaya Allah sayang. Manis ya. Sayang sekali, ibu",2
[username] [CAPS] Hatiku loh rek. Gemeter gimana gitu nontonya [EMOTICON] palagi dicermati liriknya begini Yang gak punya rasa arema sejati mah takkan rasain [url] [CAPS],0
"Akhirnya di tangkepin polisi, ga ada yg nolongin. Kan kasihan, ya memang sih jamaah nya juga yg bloon, mau saja ditipu pake ayat Al-Qur'an. Jual beli ayat untuk syahwat kekuasaan.",1
"Di sd-smp [CAPS] gue dulu kalau ada yg ketahuan bawa artikel terkait Pornografi, dijejerin depan kelas. Ditendangin tulang keringnya satu satu oleh wali kelas. Gue ngga pernah (ketahuan). [REPPUNC] [url] [CAPS]",4
"[username] [CAPS] Kepentok dikit langsung kereboot otomatis bbnya, kalau udah terlalu lelet dan nekan apapun gak bisa ya jalan satu2nya copot batrenya biar restart lagi, produk gagal emang itu merk, tapi di masanya rame pula yg berbondong2 utk beli hp itu, hany",0
"Tidurku makin tak tenang mak! Astagfiirullah, mungkinkah ini salah satu dari arwah kecoa-kecoa yg selama ini gue bunuh tapi lupa gue ucapkan bismillah/inalillah dalam proses pemusnahannya?",0
Habis baca cerita yg menceritakan kehidupan berumah tangga dimana ada satu wanita yg selalu disakiti karena ketidakberdayaan seorang laki2. Si laki Dilema antara harus menuruti kemauan ibu atau kemauan hati nurani sendiri untuk memperjuangkan istrinya.,0
"Ya Gusti, ini apaan coba Lagi Syantik nempel banget di pala. Emang lagi manjaahh~ Lagi pengen dimanjah~ [ELONG] Emang lagi cantik~ [ELONG] Tapi bukan sok cantik~ [ELONG]",0
"[username] [CAPS] Iyaa nci.. kdg suka mikir klo hidup dh pngen yg Macam2, emg esok2 msh dikasih nafas sama Allah? Mudahan kita sllu dilindungi amin [ELONG]",3
Smile and say Alhamdulillah Terima kasihlah pada mereka yg telah membantu transformasi untuk menjadi the best of you dg semangat membara amarahnya,4
"Wkwk yasama halnya kan, kayak menyelipkan pesan dalam tangisan tu lebih ngena drpd dalam bentuk gelak tawa. Jadi kapanpun kamu kepikiran ya kenapa engga dituliskan aja gitu -sampekengtay dalang, dialog terakhir yang tak sempat terukir did",0
[username] [CAPS] Akhirnya malu kan bila dipermalukan. Etika itu penting dalam berbagai aspek kehidupan. Rakyat semua tahu setelah ada sanggahan dan petunjuk yg terlontar. Jangan merasa bersih jika tdk bersih.,1
"Dr dulu kalo pny peliharaan dirumah selalu deg deg an banget [ELONG] kalo dia lg mls makan, takut kenapa napa terus sakit gue nya jd ikutan stress kalo gn kan",3
"Kalau kamu sayang seseorang,mqu gak kamu nunggu dia sampai 4 tahun?kasih alasan Krn susah jatuh hati Klo satu yaudh satu aja [url] [CAPS]",2
Dilemma ku adalah jam segini ngerasa laper dan pgn go food naspad duta minang jaya yg super enak itu tp takut gabisa tidur dan kesiangan bsk pagi huu,3
[username] [CAPS] psi [CAPS] terlalu sering membuat blunder sebenarnya itu tdk bagus sbg sebuah Parpol baru yg butuh dukungan rakyat dr berbagai lapisan masyarakat termasuk pendukung kel. Mantan Presiden Soeharto.,1
"Cringe sekali ya ! [REPPUNC] Hahaha. Cuman mau bilang, happy bisa kenal sama lu bro. Yaa walaupun kekuranganmu lebih banyak ketimbang kelebihanmu (Hahaha) Tapi aku sadar jika persahabatan ini tidak manis rasanya jika hanya menerima kelebihan saja [EMOTICON] [url] [CAPS]",4
"Before sakit pas kerja bb [CAPS] naik turun dari 50,49,48 after sakit jadi 42 huft tulang pundak udh keliatan banget tapi gua heran pipi ngapa gak ikutan tirus",0
"Rindu ini mulai mencair, sebentar lagi menguap. Peluklah kasih, erat. Pasrah seakan jiwa kita ikut terbawa.~Tunaikan. #twittmalam #twittrindu",2
"[username] [CAPS] Via Vallen mendapatkan pelecehan seksual via dm [CAPS] instagram oleh pemain sepakbola asing tapi di klub lokal Dan, netizen malah blame the victim, again, dan sedih itu cewe-cewe juga yang nyalahin.",0
"Beeuugh [ELONG] dari jaman dulu [ELONG] sudah sering parno ngebayangin ini. Tiap liat tukang cukur bersihkan rambut laki2 pake pisau2 ituloh.. pasti langsung kebayang ""itu pisonya dipake rame2? Trus kalo berdarah? Trus kena yg lain? Sterilkah?"" [url] [CAPS]",3
Selama 7 thn didlm duniaku oenuh dgn dirinya dan didlm dunianya oun mungkin penuh dgn diriku. Dunia kami berjalan sngt bahagia bagiku tp mungkin monoton bagi ibumu. Aku tau kdng ada masa aku sngt membosankan baginya dan dia sngt ingin pergi dariku. Aku tau tanpa dia hrs berkata,0
Dapat kabar keluarga madiun gajasdi mudik di bekasi. Tiket yg uda dibeli h- sekian bulan dibatalkan. And me? Gapunyaa tiket mudik madiun [ELONG] hehhehee,0
"Perutku mulai keroncongan dan bahasa tubuhku mulai meraba-raba, mataku mulai gugup dan suaraku tiba-tiba gagap. Ini adalah efek samping yang aku rasakan ketika aku melihat kamu. Karena melihat seorang wanita secantik dirimu membuatku jatuh cinta. -D-",2
"[username] [CAPS] ooalaah, mataku rabun, aku bacanya ayam diusir, makanya bingung [EMOTICON] tetott, mitsubishi terios, ""yaak, kiri, terios terios bang, ayok terios ! [REPPUNC] """,0
"/am/ kita saling sayang dan aku udah coba nyatain kekamu, tp kamu tetap ga peduli, aku disini masih suka nungguin kamu ga tau sampe kapan lagi [EMOTICON]",0
[username] [CAPS]. [REPPUNC] Kalo saya pun akan keluar dari Demokrat kalo hanya dijadikan pemandu sorak. [REPPUNC] Hanya orang yg tdk punya harga diri yg mau manut pada Sby yg dg tdk tau diri mencalonkan anaknya yg tdk tau apa2 menjadi Capres. [REPPUNC] Padahal pasti kalah.,1
"Pengen cerita dari kemaren gak sempet. Beberapa hari yg lalu tarawih di masjid gak konsen banget posisi lagi apes. Gimana gak, posisi solat di shaf depan ada mas2 pake sarung trus sarung nya nyeplak pantatnya pas banget, ketat. Kampret, pen ngakak tp lagi solat. Syit.",4
Iya tau ko paham juga yang namanya perpisahan itu ga enak.. Tapi tergantung bagaimana kita menyikapinya.. Dan ga harus membenci.. apalagi sama mereka yg ga salah apa.. cukuplah dengan sikap kenakan seperti itu. Lagi.,0
"Setiap mendengar Lucas berbahasa Korea, kumerasa tak sendiri. [REPPUNC] tp at least dia mah paham orang ngomong apah, cmn gak bs ngebalikin. [REPPUNC] nah gue ! [REPPUNC] Serius kagak ngartik",0
"Mereka bergurau canda,w tepar,trs plg naik gojek ampe rmh,pantat w tepos,jauhnya bks ujung ke ujung. But, aku bersyukur msh bs ngumpul sm tmn2, bnyk pelajaran u/hari ini: 1. Bersyukur 2. Harus teliti jgn terburu2, 3. Istirahat yg cukup",4
diluar sana nona-nona lagi sibuk menyeleksi calon pendamping hidupnya dan lo masi berharap sama yang ga pasti ! [REPPUNC] goblo ko sampe ke dna [CAPS] si? yagimanayak~,0
[username] [CAPS] Gw deg2an sepanjang baca ini. Tp gw setuju soal jgn keliatan takut tp berani. Besok2 cepet2 ke petugas keamanan di sekitar kalian ya.,3
Tanpa jarak maka kerinduan hanyalah angan Tanpa jarak maka tak akan jelas aku melihat kerupaanmu Tanpa jarak maka tak ada yang benar-benar aku nanti,0
"segede gitu bisa makan anjing segede gitu, mungkin juga bisa makan anak2 kecil, kita bisa bilang ularnya kasian karna kita ada ditempat aman, coba kalo kita disana. Ngeri juga.",3
"Jiye [ELONG] jiye, [ELONG] jeng Domi abis menang lawan Kei langsung di sambut hangat girl friend Kimlad. Halah [ELONG] sandiwara [username] [CAPS] [username] [CAPS] [username] [CAPS] [username] [CAPS]",4
kasihan yg udah ngincer sekolahan pake usaha belajar dan nilai ya. [REPPUNC] sktm kalo nilai bagus gpp. [REPPUNC] harusnya ada evaluasi bagi yg sktm tapi gak sesuai target nilai dimutasi gt. [REPPUNC] kenapa sekolah gak pake sistem mutasi,0
"Akhirnya ingin berkata juga, aku ga mau sakit, knp migrain ini harus dtg saat lagi byk2nya masalah yg membutuhkan tenaga mikir, apalagi bentar lg harus mudik. Ya Allah kenapa coba",0
"Biasanya beras dijual paling sedikit, satu liter. Hanya di jaman Presiden terlangsing ini, beras dijual dua ons satu saset! Makanya, Presiden sekarang langsing! Yang dulu, ngapain aja [ELONG] ! [REPPUNC]",1
10. Im Yoona Cantik banget buset Talented Good personality Kurang apa ! [REPPUNC] Kesayanganqu pokoknya udah cinta mati bgt sama yoona [url] [CAPS],2
"Ada moment dimana saat bawa motor dr tabing limau manis setelah satu jam, ada tempat yang kl kita udah smpe disana hawa yang tadi nya terik ""badangkang"" jadi adem seadem ademnya, karena jalannya kayak hutan ketutup pohon smua, sesimple itu pun aku kangen",4
"4. pas uda dikirim kembali, si kurir telp ngeluh dan mager buat nganter ke alamat yg bener. malah minta ketemuan di titik yg dia tau itupun dia gamau susah (no puter balik, hrs searah sama arah kendaraan dia jalan)",1
"rangorang sibuk mikirin nastar, sy masih mikirin gimana ini needle automatic microneedlingnya belum dateng, apparently im so behind at kultur lebaran. As if eating nastar is religous moment",0
"Pakdheku pulsa telkomselnya tetiba ilang 50K lalu sms dari bpjs, 4 [ELONG] sama provider buat internet disalahin. [REPPUNC] Ke grapari kek tanya. [REPPUNC] Orang tua susah dibilangin",1
"[username] [CAPS] Kalau di Pilkada saja photo panas bisa sebabkan orang mengundurkan diri, maka tentunya di Indonesian Idol juga wajib mundur. Apalagi ini dlm bentuk video",1
Aku akan jadi takut bila hati aku dah mula sayang someone.. Takut ditinggalkan. Takut berharap. Takut berubah. Takut hadapi realita bila something bad happen. Pendek kata takut [CAPS] pada benda yang ke arah aku dan dia tak bersama [EMOTICON],3
"[username] [CAPS] Wkkwkw emang sifat bawaan dari lahir sih iya, selalu mao hasil yang terbaik. [REPPUNC] Bawa santai ajja sih, nilai kuliah nanti juga gak terlalu pengaruh buat kerja. Lebih penting softskill kan, dan kamu softskillnya udah salah satu yang terbaik di",4
"Negara lain mikirin gimana caranya mengembangkan kehidupan di jagat raya yg luas ini, orang ini mikirin yg beginian, hanya menghabiskan energi dan tenaga, terbuang sia2 waktu. pantes negara ini ngk maju2 klo ngeladeni yg kaya gini. [url] [CAPS]",1
"[1] Selamat datang di tanggal 20 yang pertama, gak kerasa udh ketemu lagi tangga 20 oppa masih berasa ""baru aja nembak"" yerim kemarin, banyak yang kita laluin yangvm akhirnya membuat kita semakin dekat dan tertunya bertambah sayang",2
"Terima kasih Saling mengingatkan dengan yang baik, semoga menjadi berkah bagi kita semua",4
"[username] [CAPS] Apa ya? Aku biasanya pake shopee sih kalo apa apa, trauma euy ditipu ratusan ribu. [REPPUNC] Coba aja ktp [CAPS] real dia, atau gak rekening atmnya, kalo kamu ditipu, tinggal laporan ke polisi. [REPPUNC] iya gak sih/?",3
"[username] [CAPS] "" kok ga ada tempat dulu lagi sih "" Yauda kamu duduk di pangkuan aku aja "" ah aku malu. Ini kan tempat rame "" Uda gapapa kok / tarik tangannya / uda gini aja dari pada kamu diri diri kan "" ihh kok kamu ngeselin [EMOTICON] "" Yang penting aku sayang",2
"[username] [CAPS] Iya. Aku gak bisa kayak gt ke orang. Jadi aku gakmau digituin juga. Kalo dia mau makanan yg kyak punyaku, aku mending beliin dia yang sama asal jangan ambil punyaku.",0
[username] [CAPS] Yg quots2 aja wkwkwkk.. mainin lagi mulai skrng wkwkw. Di sini mah bebas wkwkwk ikm ni kd guring kah? Kena talambat bangung ikm wkwk,4
[username] [CAPS] [username] [CAPS] [username] [CAPS] [username] [CAPS] [username] [CAPS] [username] [CAPS] ini pelecehan tanpa bukti.. Pancasilais monggo bekerja [EMOTICON] Buktikan pancasila mu! [username] [CAPS] ada yg percaya kepolisian bisa tangkep ni org?,1
"#OldMoneyGakNgerasain pas istirahat ga jajan, karena cuma pengen main bekel di depan kelas atau main benteng-bentengan di lapangan haha Btw i Miss about it",4
"[username] [CAPS] Udh ngikutin mereka dri mreka debut, sayang banget sama mereka kyak sayang ortu ke anak2 nya n mrpakan kasih syang yg trbesar n gk ada yg nandingin.",2
"[username] [CAPS] Sejak dulu kala ga pernah minat dgn acara2 sejenis ini. Acara cuman cengengesan ga mencerdaskan, buang2 waktu, ga manfaat. Kok ga malu ya, bikin acara kek gituan [url] [CAPS]",1
"Ada yang marah pada kelas editing. Katanya: ""Saya mau belajar fotografi, bukan belajar sulap.."" Sesungguhnya, saat motret itu kita sdh merancang hasil. Dan editing adalah bagian menyempurnakan rancangan yg tak bisa diatasi saat memotret, krn berbagai hal..",1
"Terkadang untuk mendapatkan hal-hal tertentu, tidak membutuhkan persetujuan dari pihak manapun. #bondonekat Bismillahirrahmanirrahim.. #mydiary #humancapitallife",4
"Harusnya kita appreciate akhirnya ada yang bicara ke publik gini. Disaat banyak cewek lain yang mengalami hal sama tapi mereka memilih diam dan takut (girls.. I feel u). Kita harus seberani Via Vallen atau mungkin lebih, supaya 'mereka' gak makin menjadi. [EMOTICON]",4
"Waktu terasa lamban berjalan, di teriknya siang, perut yang menahan walau diizinkan makan. Gini banget ya, nggak puasa serasa lebih dari puasa sahur enggak temen kantor puasa semua.",0
[username] [CAPS] libur tapi ini tugas dikumpulin senin aq takut kalo tida selesai p.s sekali lagi ngirim foto yoongi yang macem gituan aq [CAPS] block [CAPS] p.s.s same [CAPS] energy [CAPS] with [CAPS] this [CAPS] pict [CAPS] djkddjdldl [CAPS] [url] [CAPS],3
Nggak ngerti lagi sama ciwi-ciwi yang nyinyirin Via Vallen ini. Dia itu korban loh. Sesusah itukah untuk saling support satu sama lain gurlzz?,1
"[username] [CAPS] Aku [EMOTICON] Aku takut masa sama jalanan rame, nyalinya cepet ciut. Tapi kalau kepepet [ELONG] banget, aku paksain ya bisa cuma masih kaku gitu :""(",3
salah sekali kalau abis makan siang stel lagu beautiful mes-nya jason mraz mirip dininaboboin,0
[Kartu 1 pria thd wanita] : sikapmu skr baiknya tinggalkan dia karena dia merasa lbh pintar darimu dan lbh dr segala2nya yg km miliki. [url] [CAPS],0
"Gini ya, meskipun pelacur sekalipun gak ada kewenangan untuk laki-laki ngelecehin dia. Seorang pelacur melacur juga gak gratisan dan ada consent dari kedua belah pihak. This is why the worst enemy of feminim is women itself.",1
"Tidak disemua tempat kita boleh melaksanakan sholat, salah satunya di bangunan yang didirikan untuk kekafiran (salah satunya gereja). Aku berlindung kepada allaah [CAPS] swt. [CAPS] dari godaan setan yang terkutuk.",3
Yang~ Kangen kamu Pengen meluk kamu Pengen berduaan sama kamu lagi Aku tunggu kok sampe kamu balik Love u sayang [username] [CAPS] [url] [CAPS],2
"Hari ini adalah hari yang sangat sunyi bagiku, pagi menjelang siang dan sore menjelang malam. Begitu juga sebaliknya, tiada hentinya aku tuk memikirkan mu, dan entah mengapa? Mengapa kita harus bersaudara? Apa alasanmu tuhan ! [REPPUNC] Tapi aku sadar, sadar bahwa cinta itu buta",2
"Ga juga dong mestinya bijak karena beliau itu orang2 hebat, sebagai tokoh yang tustas urusan kebutuhan ekonomi, namun sayangnya belum tentu menjadi orang-orang besar sekelas Gusdur apalagi Bung Karno, beliau2 ini sedang diuji karena sejarah mencatatnya [url] [CAPS]",0
"[username] [CAPS] Lepas pukul lima di tepi pelataran senja kau beri kode lewat tatapan mata. Sempat aku mengira itu cinta, ternyata justru lara, setelah engkau berkata: ""minggu depan aku nikah, datang ya""",0
"Pengin gue bilang, hei, [ELONG] lo tuh lagi nyaplok duit yang seharusnya jadi hak orang yang lebih ga mampu dari lo! Atau, pengin gue ingetin kalau dengan iuran bpjs [CAPS] yang cuma sekian, dia sendiri juga bisa dapat pelayanan karena dibantuin iuran peserta-peserta lain. Mbok tahu diri.",1
"udah hampir maghrib si bapak supir cerita klo feeling ngga enak bgt setelah aku carter, mimpi kecelakaan, gitu2. dan bener2 takut kejadian intinya aku ngga dijemput repotin klg jg malu masa pesen travel aja ga pinter",3
"[username] [CAPS] Karena kamu dilahirkan dari rahim seorang perempuan, yang kamu robek tubuhnya agar kamu bisa hidup dan merasakan kasih sayangnya. Maka berikan kasih sayang pada wanitamu itu setulus kasih ibumu [EMOTICON]",2
"Saya jatuh cinta pada Ryan Gosling sejak di The Notebook. Mungkin itu kenapa saya enggak pernah bosan nonton ulang La La Land (sampai sekarang udah lebih dari 10 kali nonton La La Land). Mata sayu, senyum lembut. [REPPUNC] Gosling banget. [url] [CAPS]",2
"[username] [CAPS] bersyukurlah pacar kamu masih cerita ke kamu, itu artinya dia sayang sama kamu bikin pacar kamu senyaman mungkin sama kamu dengan cara kamu sendiri, jgn cemburu buta",4
"Saat sakit gigi dan sakit hati datang berbarengan rasanya kayak mau bilang.. ""Terima kasih loh Tuhan aku dikasih kesempatan langka begini [EMOTICON]",0
"Toh ya. Gue jelasin ke kalian kalau gue sayang dia karena dia sahabat gue, lu ngga pada percaya juga kan? Lu pada ngira kalau gue tu cinta sama dia. Hei, plis di-highlight kalau sayang tu ga melulu soal cinta-cintaan.",1
Pernah dulu pas pulang ke Banyuwangi bisnya serem kayak gini dan asli nggak bisa merem sama sekali karna takut kalo sewaktu-waktu nabrak [url] [CAPS],3
"Kelaperan di stasiun. Beli paket es teh + Roti'O dan duduk sambil nyruput es teh, padahal di sebelah ada org2 pada sholat. Aku merasa seperti syaitonirojim",0
"Terkadang inget dulu minat diri ini tuh pngn jadi pegawai bpom, [CAPS] sampe udh ngambil umb [CAPS] di unj [CAPS] jurusan kimia murni, tp apa daya masuk nya malah si [CAPS] di gunadarma, boro2 jadi it [CAPS] staff, kerja nya jauh abis, hahahaha dan skrg minat kerja di lab muncul lagi tp udh telat siss [ELONG]",0
"Suka lucu.. sama ""temen"" yg nyindir dengan kata ""udah punya pacar mah lupa sama temen"".. pdhal dia sndri yg ngakunya ""temen"" ngehubungin gua kalo lagi susah doang atau mau minjem duit",1
"hoohh~~ white2 prince yg meneduhkan hatii duh~ dateng bawa bunga aja udh leleh apalagi kalo dateng bawa sekoper uang, sekotak emas kann",2
hati kecil ini selalu berkata jujur. dan selalu membuat penyesalan setelah apa yang dilakukan itu salah. selalau mengingat bagai mana cara keluar dari zona yang kelam menuju kebenaran. hidup ituh pilihan ! berlaku baik atau pudar ketulusan.,0
"Memangnya nilai dan ngejudge orang itu gampang banget dah. [REPPUNC] Apalagi kalo udah pernah hidup bareng. [REPPUNC] Wuh, [ELONG] berasa udah tau semuanya dong.. Hidup ngekos bareng 2 bulan = ngalahin yang hidup bareng 20 tahun. [REPPUNC]",1
"Tapi dari Sartre, banyak hal yang membuat saya harus sadar. Itu si, dan hal tersebut menjadi pr [CAPS] besar dalam hidup saya. Dan tidak dapat dipungkiri, Sartre sedikit banyaknya juga mempengaruhi pikiran saya. Tapi saya masih percaya Tuhan koq.",3
Jika kasmaran adalah narkotik. Maka kau adalah bandarnya. Dan aku bagaikan pecandu yang rela menggadaikan jiwa demi menatap matamu sekali lagi. Garis Waktu [username] [CAPS] Pengen ngetag nama orang. Hanya saja. [REPPUNC] Ah Sudahlah,2
"Muridku dulu di sanggar tahfiz quran, masi kecil [ELONG] sekali, ngomong belum terang (belum jelas dia mau bilang apa), tapi waktu Aku simak surah-surah di juz 29, ehh lancarr kek air keran Malu sama diri sndiri",0
Pecat aja. Ngga mengemis pada pemerintah. Berhenti jd munafik.,1
"Berusaha ikhlas dan pasrah. Hasil? serahin sama yg diatas. Allah udh ngatur segalanya, karna dia tau yang terbaik buat umatnya. Usaha ga akan menghianati hasil kok [EMOTICON] *semangatindirisendiri*",4
"Nah gue ktmu org yg negatif, dia bawaannya pesimis mulu. Kita pny ide bagus, blm aja dijalanin, dia udh matahin ddpn. Tp di socmed dia, seakan2 dy udh ngerjain prestasi sgla2nya",0
"bukan cuma itu kita sering ngobrol, ""nge-Receh"" bareng, buat Riddle, main tatap2an, ngerjain pr [CAPS] di kelas bareng, tuker pikiran, dan gua pun tau sisi gelapnya dia. it's feel's lyk i found the other side of him self. beda dari dia yang gua kenal dulu.",2
"Sebenernya badan ini kurang sehat dibawa makam susah, keringet dingin dari pagi tapi dibawa sehat untuk d'bawel apalagi ada acha. karna janji udh lama. Udh ke toilet 5x ditahan kalo gk ditahan bakal lebih, hm. [ELONG]",0
"Beli makeup sekali, kalo ga cocok malah bikin beruntusan dan jerawatan. Terus pengobatan nya berhari-hari. Yagitu yang bikin pemilih bgt sm makeup [EMOTICON] trauma aja punya muka sensitif begini.",3
"Katanya engga kaya gue jadi tukang nasi goreng. Sedih gue dengernya, banyak orang mau melangkah mau usaha, ragu-ragu, takut, bahkan engga punya ide. Dia malah ngomong gitu",0
Bikin status d sosmed cm ngejelekin pacarna-cewek macam apaan itu. [REPPUNC] giliran d beri hadiah di ajak jalan kga d bikin status. [REPPUNC] *Muntahin ajan,1
"Uda thr an kan? Coba sekali2, kl lg mkn warung biasa (not resto yg biasa tip), ketemu pelayan nya tua n keliatan kasian.. kamu selipin 100rb. Kmu liat reaksinya akan luarbiasa Dan perasaanmu pun bahagia super sekali. [REPPUNC] 100rb ga akan bikij kita miskin, tp berarti bnyk utk mereka",4
Saking sibuknya aku lupa jam 4 mv rilis. Iya sibuk. Sibuk nyari kesibukan sambil baca ebook. Heran! Accounting apaan awal bulan ga ada kerjaan.,0
gw maklumin aja omongan Mommy gw dia emang ga bakal setujuin gw [url] [CAPS] sampe suka demen co umurnya beda jauh yah makanya cari duda mapan berumur aja,0
"Kadang suka kasian sama tukang parkir, kebingungan gitu kalo markirin jet acu saking gedenya. Jadi sekarang prefer naik ufo [CAPS] aja deh. Lebih minimalis tempat parkirnya #KeluhanBorjuis",0
"Selamat sore nona [username] [CAPS] Kenalkan, saya ucok bambang. Saya utusan Kapten Daren, dateng dari planet yg kaga ke daftar dalam tata surya. Kedatangan saya untuk menawarkan Hati satu rasa. [REPPUNC] Cinta. Mau tidak? Wks #Darencintafeyca [url] [CAPS]",2
"Kenapa sih akhir-akhir ini kata radikal lagi booming? Menurut saya radikalitas dalam berjuang itu perlu. Biar ngga roboh diterpa angin dan hanyut terbawa gelombang. Menjadi seperti pohon oak yang tumbuh melawan angin, kokoh dan kuat seperti semen tiga roda #recehkantwitter [url] [CAPS]",4
Alhamdulillah. [REPPUNC] atas kepercayaan klien Psikotes calon karyawan nya berjalan lancar @ Biro Psikologi Talenta Aditama Banjarmasin,4
gatau siapa gakenal wkwk itu jelek sangat mel yang di samping kamu siapa si wkwk new avatar ) wkwk,4
1bln 2x putus berapa lama memang kamu jadian dia labil sangat ki bentar2 marahan begitu deh :,0
"Aku ksh yg ""ringan2"" yah. Walo ringan, masa iya adab bcr yg mengaku partai dakwah itu spt ini ! [REPPUNC]",0
Congratulations. [REPPUNC] alyarizkypematasarii Runner up ii [CAPS] Kategori C Cewek indonesianmodelhunt @ Sasana Kriya Ballroom tmii [CAPS] [url] [CAPS],4
"Fahri aktivis 0 nol isinya, mana reformasi mu nggak merubah apapun kecuali koar koar bebas di negeriku, mustinya Golkar loe bubarin, Harto diturunkan Golkar melenggang jaya, kata amien Raisa bodoh",1
"Kmren cerita2 sama tmen fik [CAPS] [username] [CAPS] yg cerita perjuangan mencari data pasien gagal ginjal untuk skripsinya.. dibalik drama dan tantangan yg dihadapinya, tp mega dpt hal yg sepadan dg perjuangan dan air matanya",4
Intinya. Mimpin keluarga dulu. Baru boleh bermimpi memimpin yg Laen. 1.0 [ELONG] % semua orang setuju. Yg ga setuju? Ya brati bukan orang. Gitu aja kok repOt,1
"Itu pulau buatan mumpung baru jadi pulaunya belom apartemennya ya di cancel lah, nantinya untuk kepentingan rakyat dki. [CAPS] Nah kalau tempat sampah di cancel enaknya buat apa? Masa buat melihara kecebong",1
"Alhamdulillah di izinkan Alloh swt untuk berjamaah Dzuhur disini.. unik Mesjid Seribu Tiang ini, semua penyangganya tiang.. tanpa ada dinding.. Subhanalloh..",4
"Tadi Siang,Aku Mimpi Bang Tomi.Di Mimpi Itu Aku dan Bang Tomi Kelihatan Akrab. [REPPUNC] bngt.Sampe,Bang Tomi Ngerangkul Pundak Aku Erat. [REPPUNC] bngt.Apa,ya. [REPPUNC] Arti Mimpi itu. [REPPUNC] ! [REPPUNC]",2
"Udah abis tuh bpk kuomelin, Ya Allah pak bpk yakin ga jemput saya nih cm krn feeling aja, percaya tuh sm Allah paak.. blablablaa. Tp bapanya bersikukuh. Lalu tinggallah daku sendiri tiada yg menemani di kosan segede itu.",0
"Tapi kemaren hs emang benci banget, sekarang lagi kangen. Gegara masuk kamar ada poto dia Sebell Plesbek. Minggu nonton liat meme",0
Belum nemu (atau mungkin ga bakal nemu) sosok lain yang juga bisa nyambung-ngobrol-ngalor-ngidul sambil duduk-ga-pindah-tempat dari jam 15 - 22 atau bahkan 7 - 21 tanpa terdistraksi hp Miss him a lot.,0
"Meski saya bkn ahli, tapi msh punya otak berpikir. Pikiran saya, Prof [username] [CAPS] punya ""ngelmu"" apologetik yg semua tk sya setujui. Maaf, spirit akademiknya agk ganggu respek saya pd beliau. [url] [CAPS]",1
"Atau bahkan mereka ngga tau keberadaan makanan modern seperti itu. Melihatnya saja sudah terbayang berapa hari kerja untuk membayarnya, apalagi memakannya. Sayang [ELONG]. [REPPUNC] Aku pengen kaya mereka. Tapi nda bisa. Aku udah terkena sindrom kekinian.",0
"Pas nonton dba [CAPS] 1, ada lagu itu. Ya allah mas. Mewek aku dikamar. Ditanya mama, ""mbak kenapa nangis? "" ""Nonton film arema ma"" Mama malah ketawa loo rek",0
"Sesederhana ini aku mencintaimu, serumit itu kau mencintaiku, hehe tak apa, yakin kita punya pikiran alternatif masing2 untuk tujuan yg sama! #justkidding",2
"[username] [CAPS] Ukuran pmrth prov maupun kab/kota sukses,adlh dgn hasil ahir olh bpk: [CAPS] predikat wtp. [CAPS] Utk meraih wtp,perlu kerja keras semua [CAPS] jajaran.Pemprov DKI,sdh berhasil.Cocot bacot busuk dari para AhokerJokower,diminta berhenti dulu fitnahnya:gak ngefek.",1
"Lebih asik kl ngomongin keberhasilan pemerataan pembangunan, pencapaian ekonomi, dibandingkan ngomongin keburukan calon sebelah ataupun keburukan si gubernur A atau B..",4
"Habit mengacak2 kedaulatan nkri, [CAPS] Lalu kabur ini [CAPS] to yg dibilang Rendah Hati. ! [REPPUNC] Dari sudut mana Kecoak2 ini [CAPS] meli",1
"Sebenernya gak pengen ikut-ikutan jadi panitia pemilu, tapi gimana yah ada duitnya sih. Lol Gak juga deng! Hmm lebih ke pengen ngerasain gimana jadi panitia pemilu gitu. Dan baru tau kabar soal kecurangan kotak suara itu benar adanya. Sungguhlah manusia2 ini",0
Ketika di group keluarga udah pada ngomongin mudik. Duuh pengen mudik. Tapi apa daya suami libur cuma 4 hari dr hari H lebaran. Itu juga kalo g di telpon disuruh masuk. 2 tahun lalu malah habis sholat eid lgsg kerja,0
Parpol apasaja yg Sukung hrs [CAPS] menjadi Capres Otak kadernya miring karena pasti kalah. politik [CAPS] memang terkadang tdk bs dihitung dg matematis [CAPS] tp dg Modal apa si hrs [CAPS] bs mengalahkan Joko Widodo,1
Lost 3kg in a month gara2 kerjaan yang cukup bikin stres. Padahal dari zaman kuda susah banget nurunin sekilo doang. Daku tersenyum perih [url] [CAPS],0
Yg bagian mana yang menyatyakan paling benar ? Siapa yg bilang ? Itu statement nya tuduhan mas bro,1
"Terlalu naif jika berbicara patah hati, tp terlalu munafik jika tdk merasa terluka. Pilihan utk menikah, msh membuat bulu kuduk saya merinding. Di pikiran saya, laki2 msh bgtu menyeramkan & membuat hati merasa sesak. Entahlah kepercayaan, kesetiaan, dan cinta seolah sudah mati.",0
"Katanya ak dsuruh berdoa mudah2n besok pagi ada cewek cantik, gk tau tiba2 ada didpan rumah yg gak masuk akal jatuh cinta sama gue. / aku pikir2 kalo dia gila gimana? [EMOTICON]",3
"Jika rindu adalah penjara, Mengapa aku masih betah mendekam di dalamnya? Coba katakan, Bagaimana caranya agar terbebas dari kata yang serupa kutukan itu, Memburu dan terus melaju di setiap degub jantungku.",2
"Punya beberapa kaos gildan, cenderung lebih cepat buluk dan jahitan rantainya ada yg copot gitu, karena produksinya massal jadi QCnya sedikit kurang sepertinya. Sayang kan kalau design bagusnya nggak dibarengin kualitas kaosnya juga.",0
"[username] [CAPS] RT""Jadi, gimana? Kamu tetap memilih bertahan meskipun sudah tahu kalau dia sedang menjalin hubungan dg yg lain? Mau ngatain bodoh tapi takut dosa [EMOTICON] "" (2)",1
Kita semua mengaturkan kesuwun yg se-tinggi2nya kpd pakjokowi n kabinet dgn kinerja yg super bnget utk kemakmuran rakyat,4
"Alhamdulillah semoga, ini momen yg sangat tepat bagi pak [username] [CAPS] [username] [CAPS] [username] [CAPS] [username] [CAPS] [username] [CAPS] [username] [CAPS] untuk dapat memberikan contoh kepada bangsa ini dan ummat Islam, bahwa menyambung menjalin menguatkan tali silaturahmi itu akan membawa keberkahan",4
"Si Dera aja, akun alter yang suka flashing her boobs once in a while, bilang dia merinding ngeliat siksaan demi siksaan yg gua alami ahahaha [url] [CAPS]",3
"Ceritanya gw lagi denger lagu trus gw sambungin ke speaker, trus ke shufle lagunya suga yang ini. Nah gw kaget soalnya awalnya suga cem desah gitu, takut orang rumah mikir macam2 gw ampe gugup lari ngecilin volume kok masih keras suaranya, cus w matiin deh",3
"Saat kamu sakit pilek, papa selalu khawatir sampai kadang sedikit membentak dengan berkata ""sudah dibilang! Jangan minum air dingin"" berbeda dengan mama yang memperhatikan dan menasihatimu dengan lembut, ""ketahuilah pala benar benar mengkhawatirkan keadaanmu""",2
". [REPPUNC] degdegan karna bulan September penetapan calon dan Oktober dimulai kampanye :"") oke, akan banyak senggol bacok, teman jadi musuh, kawan jadi lawan, makin banyak orang2 bermuka dua. Dan akan berlangsung sampai April 2019.. Oh Indonesia-ku, 7 bulan semoga aman aman saja [EMOTICON]",3
Akhirnya bisa berfoto mesra dengan Jokowi. Dia memang sederhana dan baik hati. Pak Jokowi mendukung gempaliterasi GenerasiJaguar tur Sumatra. Dia menyambut kami di Bakahuni.,2
"So yeah, setelah empat tahun, akhirnya kami bareng-bareng menerbitkan buku kumpulan cerpen sendiri. Judulnya #tsygmc. [CAPS] Buku ini diterbitkan oleh [username] [CAPS] dalam format fisik dan e-book. #WorkshopCerpenKompas2014 [url] [CAPS]",4
"Parah si kalian, mikir kalau cewe sama cowo sahabatan selalu terjebak dalam percintaan. So. [REPPUNC] Please. Gue menghargai kalian yg bertanya karena kalian peduli sama kita. Tapi jangan berpikiran sesuka kalian tanpa alasan dan fakta yg engga engga dong.",1
"Ketiduran jam 8 berharap bangun jam 3. Tp sekarang udah kebangun. Mw makan nanggung, mw lanjut tdr susah. Mw pke jurus ampuh, buka laptop biar ngantuk tapi laptopnya di kantor. Sekian dan terima thr [CAPS]",0
"Hari ke enam dikota ketiga, dan sudah mulai terasa lelahnya kaki dan kangennya ngeliat mamah [EMOTICON] hmm sampe lupa abon yg dibekelin kaga ke makan [EMOTICON]",0
"sayang bgt dong gue gaada siap siap nya. pas gue dikenalin sebagai keluarga besar (dari pihak cewe) gue gugup abis! padahal [CAPS] gue [CAPS] tadinya [CAPS] kek [CAPS] ""yaelah gaada yg kenal gue ini"" tapi [CAPS] pas [CAPS] dia [CAPS] dateng [CAPS] mendadak [CAPS] gugup [CAPS]",3
[username] [CAPS] #puisimalam apapun alasannya hanya tuhan [CAPS] yang tau. [REPPUNC] semoga kelak akan menerima balasan atas perbuatan nya masing2. [REPPUNC] kita hanya bisa mendoakan supaya tidak terjadi lagi. [REPPUNC] Amin ttd Admin Sore,4
"Udah gak sabar nunggu perhelatan #InternationalGamelanFestival2018. Solo sedang bersiap menerima kedatangan lbh dr 50 kelompok gamelan dari dalam & luar negeri, dlm pergelaran igf [CAPS] 2018 yg diadakan 9-16 Agustus 2018",4
Istimewanya Sedekah di Hari Jumat,4
Gimana orang ga nilai dr jilbab/syari/nggak nya. Kadang gemez sm orang yg dikelas diem2 bae eh di grup wa [CAPS] bisanya dia nyeletuk mengarah ke social harassment.,1
"sayang banget, bangga banget. besok giliran saya yang pamerin ijazah kelulusan ya dan banggain kalian walau gak secara langsung [EMOTICON] sukses terus ya mas-mas ayo berjuang bareng! [url] [CAPS]",2
Hayolo sekarang siapa yang ngemis2 minta dicariin sponsor. Kemarin kemana aja pas aku lagi baik hati mau bantuin kamuu. Udah mepet acara gini bingung pada nyari2 sponsor. Perusahaanlu sendiri apa yg mau lu mintain tolong.,1
"[username] [CAPS] Semakin dewasa seseorang semakin menyadari kalo cinta bukan hanya sekedar jalan jalan ke smb tiap malam minggu, ada banyak yang harus dipersiapkan kedepannya, itu jika ingin menjadi ""teman hidup"".",2
"h [ELONG] sampe sekarang masih kepikiran sm mahasiswa yg suicide karena skripsi & pressure dari orang sekitar. takut kalo gue nantinya kayak gt, karena mikirin skripsi udh stress bgt ditambah pressure orang orang terdekat dengan nanyain 'kapan lulus?' dll, takut ntar pas gue skripsi-",3
Orang yg pernah kalah dalam pertarungan politik [CAPS] sulit untuk bisa disembuhkan Karena mereka tdk bs meraih impian dan sdh kehilangan banyak Harta.,0
"2. K driver gojek, itu seorang stres d tahan pas mau lempar batu ke kepala gue. Dan akhirnya orang2 sekitar pada rame liat, ujung2nya dibawa lah ke rt [CAPS] buat laporan dan nyamperin keluarga beliau d Salemba juga.",3
Makanya tutup aurat mu kalo gak mau di lecehkan Anda Memakai wangi wangian saja bila tercium laki laki sekitar saja anda sudah menanggung dosa,1
"Mengistirhatkan badan itu penting, tapi saat hendak istirahat teringat akan tugas yang tak kunjung kelar, akhirnya bangun duduk depan laptop dengerin radio, tinggal nulis nya aja mikir kemana-mana, ya begitulah",3
"Congraduation Angela Merici akuu. Agak sedih sih yaa padahal kamu udah sengaja ngalah buat aku, tp tetep duluan kamu. [ELONG] Udah sarjana lho njel, dikurangi yaa lemot2nya",4
Dari matamu matamu kumulai jatuh cinta~,2
[username] [CAPS] sianjiir [ELONG]. [REPPUNC] demen bgt bkin kontroversi!,1
gregetan kalau nonton tv beritanya korupsi mele _,1
[username] [CAPS] Waduh mas mas omonganmu kok koyo gt seh. Gak semua kaya gt. Orang kalo ga dikeplak duluan yo ga bakalan ngamuk kok. Wis talah gak usah bikin twit kaya gt. Ga da untungnya juga. Bisa menghasilkan uang po? Gk kan.,1
"[username] [CAPS] orderan gk-83526723, [CAPS] driver gojek mgomel ke saya keterangan alamat yg saya tulis ga bs di liat di aplikasi yg dia pegang, pdhl saya udah tulis lengkap no rumah saya no. 10, kesel saya diomel2in krn aplikasi gojek sndr yg krg kompetible utk",1
"itu pesan masuknya udah sexual harrasement sih, dan itu sesuatu yang gak bisa dibilang biasa aja. di budaya yang paham Patriarki nya tinggi memang hal itu keliatan gak penting, tapi coba yang diperlakukan begitu saudari kalian, temen, atau pacar? - ttp semangat Gita &amp",1
"Karena mendengar adzan maghrib, pihak panpel Persija vs Persebaya kemarin segera membatalkan pertandingan #recehkantwiter #recehkanpssi #recehkansepakbola",4
Harusnya manusia kaya gini bikin negara sendiri aja kali ya terus dia kloning dirinya sendiri jd banyak. Biar dia ngerasain enak atau ngga ngadepin dirinya sendiri yg selalu gamau terima masukan dan alasan orang lain,1
kan kupeluk engkau erat2 hingga tak ada seorang pun yang bisa merebut mu dari pelukan ku happy anniversary syg #6nov #31months,2
"jadi inget dulu pernah lg naik mobil mama yg nyetir, gue duduk di sampingnya. terus lewat jalan kecil gitu kan, sempit ya terus gue buka kaca gitu soalnya di kiri ada mas2 lagi berdiri. namanya jalan kecil ya gua takut dia keserempet dong",3
"[username] [CAPS] Tambahin ya? -cantik kaya lihat malaikat -gapunya kelemahan, sempurna bgt hidupnya -baik hati dan tidak sombong -rajin menabung -paling bahagia",4
Aku selalu ada untukmu Kamu selalu ada untuknya.,2
"Tidak disemua tempat kita boleh melaksanakan sholat, salah satunya di bangunan yang didirikan untuk kekafiran (salah satunya gereja). Aku berlindung kepada allaah [CAPS] swt. [CAPS] dari godaan setan yang terkutuk",3
"Dan untuk para tamu sekalian terimakasih sudah ikut acara ini, mohon maaf mention kalian tidak dapat gua jawab satu persatu dikarenakan menjauhi dari limit. Terimakasih dan selamat malam Salam sayang",4
Enggak pernah sama sekali membatasi dia buat chatan or main sama siapa aja terserah dia. Karna. [REPPUNC] Semakin kita larang semakin kesempatan orang buat bohongin kita tuh gede. Jadi terserah lah yah ensenang aja menjalani hubungan iniw,2
"[Idm] My, masa gua tadi ketemu tmn sd [CAPS] yg pas sd [CAPS] ngejar gua dan ngasih surat tiap minggunya, asdfghjkl bgt, gk tau knp ngerasa takut gua [EMOTICON] hadeuh jaman sd [CAPS] ngerti apa coba [EMOTICON]",3
Buka di chrome lgsg muncul logonya wkwk #E [EMOTICON] #E [EMOTICON] lanet [CAPS] #TheElyXiOn_Dot #E [EMOTICON] _ComingSoon #WeAreOneE [EMOTICON] [username] [CAPS] [url] [CAPS],4
"Nah lho.. Yg digadang2 bakal benerin dan majuin daerahnya,malah pesen barang aja ke luar negeri Pdhl hasil kerajinan penduduk lokal aja byk yg bagus Ga habis pikir deh gw Giliran gini aja kalian g koar2,,klo toko sebelah polah dikit aja ""pedes"" tuh mulut klo diem aja",1
"[username] [CAPS] aku takut masalah ke otak *sumpah aku ngeri sendiri dulu denger2 kalo sampe rapet,, oksigen nya bisa gak sampe ke otak atau gmn (?) Itu aku jd bimbang sendiri [EMOTICON]",3
[username] [CAPS] Ridiella cantik banget! Gemes [ELONG] makasih sayang,2
[username] [CAPS] [username] [CAPS] [username] [CAPS] Ada di bbrp tempat sudah disediakan tmp. Contohnya pasar gembrong. Tetap saja yang dipakai trotoar. Kami menghargai pedagang tapi negeri ini juga punya aturan agar semua happy.,1
Cara batalin tempat sampah made in jerman yg sudah terlanjur diadakan oleh gub sebelumnnya gimana pak ! [REPPUNC] Apa kita belah jadi dua biar ahoker pada happy ! [REPPUNC] Kalian ini kok kerjanya nyinyirin gubernur anies bae..,1
"Katanya sebelum lambat 6 bln bisa perpanjang sim dimana aja, sy ke mobil sim ga bisa. Mana harus keluar kota lg. Kemarin sebelum lebaran selalu ga kebagian kuota. ! [REPPUNC] [username] [CAPS]",1
Lebih menyeramkan kalo punya grup wa [CAPS] keluarga yg isinya sharing2 hadist & ayat Al-Qur'an dan [CAPS] grup wa [CAPS] lingkungan paroki gereja. [REPPUNC] Serem kalo salah reply,3
"Kalo pulang ke jember, sekarang mcD sudah ada, perdonat-donatan sudah ada, perkopi-kopian juga ada, bahkan nelongso, jank jank, mi setan juga. How fast my lil town grow dan ngga ada sense nya lagi pas pulang kampung kecuali to meet some old friends and family.",4
"Akhir-akhir ini banyak orang pergi tanpa mengucap salam. Pergi, ditinggalkan, dan meninggalkan itu hal wajar, karena hidup ini bukan seperti simpul yang sekali terikat maka akan terikat selamanya. Keabadian tidak ada di dunia yang sekarang, mungkin di dunia selanjutnya.",0
Gue nggak suka nggak seneng sama yang namanya maling. Cuma gue juga gak seneng kalau maling digebukin sampai bonyok banget apalagi sampai dibakar dan dibunuh.,0
"Sudah keterlaluan perilaku para pecundang itu,jelas"" buronan,pny tutur kata kasar,intoleran,anti Pancasila kok ya disambangi..emang mereka sdh anggap gak ada lagi ulama yg baik dinegara ini?",1
"Namun meski berat, masih lebih baik dari pada tidak mengikhlaskan yang akhirnya meninggalkan rasa sesak. Kejadian yg masih membekas sampai sekarang adalah sewaktu tim kami kalah dalam putaran final lcc [CAPS] 4 Pilar mpr [CAPS] tahun 2012 di Jakarta.",0
"Ekspektasi Emak : makanya kamu jangan capek-capek jadi sakit kan main mulu sih Realita : sokorr,salah mu dewe dolan ae,domongi kon nek omah ae ange eram #recehkantwiter",0
[username] [CAPS] Seperti itulah. Awalnya ngobrol baik. Seolah olah dia emang rp yang baik. Lebih serem yang terselubung dari pada yang terang terangan. [REPPUNC],3
"Lalu kehadiranmu membuatku persiapkan banyak hal untuk kemungkinan terburuk, taat disetiap hari dengan hati yg siap kapanpun ditinggal pergi. Karna aku pernah berkata pada Tuhan, bahwa aku sungguh membenci sebuah kata pergi.",0
Untuk Cinta yang telah hadir Inginku berikan yang terbaik Cinta yang bukan hanya karena Allah tapi juga Cinta yang selalu bersama Allah Cinta yang terakhir Cinta yang tanpa akhir Cinta yang sampai surga,2
"Kalo dipikir pikir gua punya temen homo banyak [EMOTICON] tapi gapunya temen lesbi, entah kenapa bkn nya ga respect sama yg lesbi tapi gua waswas aja, jangankan sama yg blak2an lesbi sama cewek yg jomblo seumur hidupnya aja gua takut dia sukanya sama cewek",3
"Alhamdulillah kakakku sama tetehku baik [ELONG] banget, mereka sayang banget sama aku ya allah jadi kangen, teteh aku suka banget manjain aku, kalo kakak aku suka banget belanjain aku padahal aku ga minta pokonya aku sayang banget sama mereka",2
"Semoga kita semakin terdorong untuk berniat menyemai cinta di rumah rumah kita. [REPPUNC] agar Allah hantar diri kita kepada kebahagiaan hakiki yang hanya ada jika dekat dengan Allah Subhanahu wa Ta'ala. [REPPUNC] "". [REPPUNC] [url] [CAPS]",2
"Ini bener2 bikin tereak balik kanan nangis jejeritan. Waktu di rumah mbak di Trihanggo, malem2 nyuci lanjut jemur di samping rumah. Dan. [REPPUNC] Kayak ada yg siul. Padahal gelap. Pas diamatin, buset. Sugus kain mori nya udah kusem mukaknya hita",3
"[username] [CAPS] min gimana nih yg sesi pertam waktunya hampir habis tapi belum bisa login sama sekali dari tadi? Apakah ada penjadwalan ulang untuk tesnya, kan kesalahan dari server bukan pelamar",1
"apa tdk ada kata lain, yg dipelajari anak2 disekolah ttg Cebong berbeda bagi mrk, anak2 tanya : Jadi Cebong itu orang ya, bukan anak Katak ? [url] [CAPS]",1
dear [username] [CAPS] [username] [CAPS] sy kirim dokumen penting dari jkt - sby makanya sy pake yes. [CAPS] kirim senin 4juni seharusnya sampe selasa 5juni. skr sudah hari rabu kenapa belum sampe2 juga? kan bikin esmosi ! [REPPUNC] sy udah byr lbh pake yes [CAPS] kenapa gak nyampe sehari ! [REPPUNC] no resi sy : 011060039617518,1
"Liburan ke Jakarta udah abis. Harus balik ke Jepang lagi. Lalu manyun. 'Aku masih bisa re-schedule tiket nih. Masih gamau balik.' 'Reschedule tuh bayar lagi.' 'Ya gpp. Masih kangen rumah kangen mama papa abang, kamu..' 'Sayang uangnya. Bisa ditabung' Dia ngambek",0
Baru sekali2nya komen pendapat di di akun kpop2 gitu yg ada btsnya terus langsung diserang netizen2 yg tiba2 menyeramkan. Wagelaseh wkwkw netizen emang menyeramkan ternyata wkwkw,3
"[username] [CAPS] [username] [CAPS] [username] [CAPS] Kok sedih ya baca ini? Apa kabar ibu2 yg cmn fokus urus anak dan ibadah, duit ngepas jd gaada budget bahkan buat beli bedak doang, badan melar krn ngabisin makan anak2 krn sayang uangnya kl smp dibuang. Ga pantes dicintai suami",0
"[username] [CAPS] [username] [CAPS] [username] [CAPS] [username] [CAPS] [username] [CAPS] [username] [CAPS] -_- [ELONG] ""Semoga Lebaran tahun ini banyak memberikan kegembiraan, ungkap Menpar antusias dan dengan harapan tinggi akan program ini. #BazarPesonaMudikLebaran",4
[username] [CAPS] [username] [CAPS] [username] [CAPS] [username] [CAPS] trus emangnya klub lo gak numpang gitu sama pemprov hahaha udah punya stadion pribadi dari manajemen persebaya kah ? persija mampu sewa gbk knapa lo ribet hahaha jancok [ELONG] jancook,1
cuma film ini yg bikin wa bolak balik bioskop 3x [EMOTICON] liat hugh jackman nyanyi dan nari dong. abis nonton film ini feels good aja rasanya. [url] [CAPS],4
"ujung2nya bukan soal kopi ato duit yg keluar tapi bagaimana cara kamu memperlakukan dan melayani konsumen ketika ada complain terhadap barang/jasa yg dijual. ingat2 itu yak, hai [ELONG] Mba Barista [username] [CAPS] Gancit.",1
"Baru tahu kalau setiap edisi [username] [CAPS] itu gak cuman di-upload full ke YouTube, tapi juga ada versi pecahannya yang udah di-cut per film. Lumayan nih buat menghemat waktu dan kuota juga karena durasinya paling lama hanya 10 menit [EMOTICON]",4
"Dri pgi ngerasain sakit perut kirain mau haid, udh beli kiranti pas di cek malah kaga ada, plis atulah haid skrg aja, biar bisa ikut solat ied",3
"Saat itu situasi Indonesia genting, disayangkn dlm mlakukn amandemen tdk didasarkn ol kesadaran tinggi dr tokoh/elit yg mengamandemen.. Stlh 20 Thn drasakn amandemen tsb, blm mberi dampak significan, walau Pemerintah bjuang keras mjlnkn Pemerintahannya [url] [CAPS]",0
Kalo lagi sayang ya sayang pisan Kalo lagi manja ya manja pisan Kalo lagi aleman ya aleman pisan Kalo lagi ngambek ya ngambek pisan Kalo lagi koplak ya jangan ditanyaa ya gaes dia koplak melebihi aku,2
enak sekali apalagi belin w baksonya [EMOTICON] makan bakso yang pedas sangat enak kali ya,4
"[username] [CAPS] Kepada Yang Terhormat [username] [CAPS] [username] [CAPS] mohon untuk di kroscek pemesanan saya, nomor pemesanan. [sensitive-no], [CAPS] karna sudah 3 hari status masih di merchant. #MohonDiTindakLanjut ! [REPPUNC]",1
"Ahahaha. Gemes duo dumberku ini. Asuma ngucapin ulang tahun ke Oikawa hSHAHSHAHAH. Huhuhu. Selamat Ulang Tahun, Sampahkawa-ku. Kangen kamu tp kamu ga muncul muncul lagi",4
"Yang menyedihkan lagi ada yang menganggap Via Vallen itu nggak merasa di lecehkan amat, malah mau naik pamor demi mencapai Keviralan dan itu diungkapkan oleh seorang w.a.n.i.t.a [CAPS] Addeh, udah jadi korban, sesama Wanita pula. Padahal normalnya harus saling dukung, saling empati [url] [CAPS]",0
"Kurang lebih 1 tahun kenal dengan mereka dan mengakrabkan diri. Aku beruntung,mereka baik, solehah dan tidak pelit aku suka kalian",4
"[username] [CAPS] [username] [CAPS] Terima kasih sudah memberikan musik yang bagus untuk kami, konten konten yang bagus untuk kami, dan terima kasih sudah memberiku semangat untuk menjalani hari terlebih setelah aku down karena banyak hal",4
Hari ini jadwal presentasi proker di lppm [CAPS] karna ada praktikum jadinya pak ketua di temani sekretaris 1. Tapi selaku penanggung jawab ada di sekretaris 2 jadi deg deg an ini. Bismillah pak ketua (Btw pen Upload foto pak ketua tapi jangan dulu yaa),3
"Sedap juga berwisata ketinggian di Jakarta.. Bisa lihat dg jelas betapa berpolusinya kota ini. [REPPUNC] @ Jakarta, Indonesia [url] [CAPS]",0
"intinya, aku sayang kamu nih aku kasih tontonan biar makin sayang sama aku. wkwkwk aku nemu nih di yutup tadi. wkwkwkwkwk Sekali lagi happy mensive ya",2
Ini sih jadinya 422 -_- Ga berani keluar buat manasin air gegara diceritain siska bahwa ada 'something'. Memang dasar apel kamu siska ! [REPPUNC] Bikin takut,3
"dan yang terjadi adalah seseorang membalas wa status ku begini ""bang, kenapa diklaim sampe kekgitu, kan cuma foto"" Cuma foto dek? balasku begitu ! walaupun cuma ""foto"" itu juga hakcipta aku kembali bertanya seandainya karyamu digunakan orang lain tanpa izin perasaanmu bagaimana?",1
"Acara nya seru bange! apalagi pas ka abdul nyanyi, suara nya bikin hati adem [EMOTICON] The best deh [username] [CAPS] [username] [CAPS]",4
Dear [username] [CAPS] mengenai kejadian ini saya mohon kai [CAPS] untuk mengambil tindakan tegas.. saya selalu menggunakan jasa ka [CAPS] hampir tiap bulan Gambir Semarang - semarang Gambir memohin dengan sangat sebaiknya bapak2 ini menunggu dibawah dan ijin kan penumpang yg turun dulu.. 1 [url] [CAPS],1
suka [ELONG] bangeet dan suka telat emang wkkw. yang tau lagu ini notabenenya pas di konser. maap ku karbitan otw bucin huhuhu nangis dompet saya. [url] [CAPS],4
"/rlt/ im not ready for tomorrow, aku cm takut bakal ada hal buruk besok hari, aku jg gk punya sahabat yg brng seneng sedih, aku jd ngejalanin hari makin takut",3
Aku adalah seseorang yg dtng dalam hidup ibumu krn keterpurukan. Aku dtng dgn banyak pertanyaan hidup yg tak tak bs kujawab sendiri. Dan semua jawaban aku dptkan dr ibumu. Dia hadir disaan semuanya menjauh dan meninggalkan kusendri. Dia jawaban dr semua pertanyaan di hidupku,4
"Francey agak terkejut saat mendengarmu meneriakinya. Seolah jiwanya melompat seperti seseorang yang sedang menonton bagian jumpscare dalam sebuah film horror. Wajah Francey berubah, ia agak ngeri dengan wanita disebelahnya ini.",3
"Awalnya ge ga percaya ama istilah indigo, tapi punya temen deket indigo dan selalu tau kalo gw udah ada planning apa ja itu bikin gw heran kaget dan agak takut",3
"Kamu yang akan ku ceritakan, kelak anak anak kita bertanya cinta itu apa ? Inspirasi sehabis meeting #tibatibacinta #tibatibakangensuami #tibatiba #cerita #orangyangkucintai @ Jakarta [url] [CAPS]",2
"Dulu kakiku hanya beralaskan setapak tanah Kepalaku pun hanya beratapkan langit kelam Kekasih sejati pun hanyalah kesunyian, Di dalam kegelapan yg kuinginkan.",0
"biar pulpen itu menjadi kenangan dan ingatan bahwa saya pernah datang untuk bertamu dan bercerita hingga menulis. senyum yang tidak akan pernah hilang dan tawa yang selalu akan saya ingat, terima kasih. mari kita menutup hal itu dengan lagu ini : [url] [CAPS]",4
"Puasa tahun ini berasa banget kurang khusunya, shalat tarawih sm ngaji bisa diitung jari berapa kalinya, padahal blm tentu tahun depan bisa ngerasain lagi",0
"Menamai, tapi lupa memaknai. Memenangkan, tapi enggan menenangkan. Mendewakan, tapi tidak saling mendewasakan Mencintai, tapi gemar mengintai Akhirnya memutuskan putus",0
"model kecil tapi asal halal, bakal aja ada yang beli, bakal aja ada yang order, pas keliru bakal ada aja yang jujur. ""lu kata siapa ndri sotoy banget."" gue udah ngalamin sendiri, dari jualan pulsa dan kuoat internet 100 ribu doang. sekarang ketutup ongkos gue buat pp kerja.",4
Dulu kalo di-bully sukanya marah terus dikejar si tukang bully. Saat kagak tertangkap dan badan lelah seketika itu pula muncul bulir bulir air bercucuran dari mata.,0
"Ternyata aku msh terjebak di ujian yg sama, ujian merindukanmu yg bukan siapa2. Kerinduan yg menguji karena tak bisa bertindak apa2. Perlu kau tau, dlm hal ini (yg ku maksud kamu) cukup menguras hati",0
"[username] [CAPS] Paling parah sih gabisa sama skali liat yg bolong2, totol2(?), bintik2, polkadot2 semacam itu lah. Bisa nangis sampe pusing karena terngiang2 terus di kepala dan geli aja takut pokoknya gamau liat",3
"Masuk dibulan pertama mensive gua sama dia ttp msh baik2 aja, gaada masalah sedikit pun, selain baik, ramah, perhatian, dia juga orang yg pengertian bat gak banyak nuntut ini itu ke gua. Itu yg bikin gua sayang bat sama dia",2
"Terlalu banyak moment pencitraan di postingan ig nih. Pengen ngapus tapi udah ke posting. Yaudah deh biarin aja ya, sekarang berusaha agar tidak terjadi hal seperti itu lagi saja",0
"Banyak tl yang membahas kuota away kemarin dan tiba"" aku ke ingget waktu away ini sebenarnya nga ada kuota buat Solo tapi nekat aja berangkat dan sesampai disini banyak juga yang berangkat. Mungkin lebih asik tanpa kuota dari pada di kasih kuota cuma sedikit muga cepat ricuh ! [url] [CAPS]",4
"11:45pm, harus banging sebelum jam 2 [EMOTICON] 0am, tapi malah ngga bisa tidur & kebayang waktu lagi qualify time bertiga. Selalu jadi salah satu alasan rindu pulang",0
"Ciptaanmu indah, seindah apa yg kuinginkan dalam hati. Berdoa dan berdzikir kepadaNYA agar keindahan itu terwujud menjadi milikku",2
"Apa sebutan yg pas untuk pasangan muda anak 1, tinggal di rmh ortu cewek, anaknya dijagain ibunya selagi mereka kerja, eh pas lebaran malah ditinggal ke rumah mertua sebelum solat Ied dan sungkeman. Smg besar pahala yg dikasih ke ibunya. Woi anaknya, sadar kek!",1
"[username] [CAPS] apakah hari ini nasib cash back saya Rp 50.0,- [ELONG] akan pending seperti yang sudah sudah? Mohon informasi nya. [url] [CAPS]",3
"Turut sepenanggungan atas meninggalnya dr. Ramona Sari - sejawat, aktivis, dan salah satu pejuang paling tangguh dari [username] [CAPS] untuk hak & kesehatan seksual reproduksi perempuan Indonesia. Semoga Yang Maha berkenan memeluk pulang. Tuhan yang memberi, Tuhan pula yang mengambil.",0
"Akan ku nantikan di sebuah malam saat saat kau melelapkan tidurmu di sebelahku, akan ku bacakan sebuah puisi cinta sampai kau terlelap bersama cintaku.",2
"Mencintaimu setulus hati, mengarungi lautan untuk mendapatkan cinta suci. Tak akan pernah menduakanmu walaupun terpisah jarak dan perbedaan.",2
"Itu tersesat bgt. Yang seharusnya kamu belajar berbagai macam teori tentang sosial, di sini kamu dikasih berbagai macam angka dan rumus yg bikin gak nyaman, dan jatuhnya malah jadi orang paling tertinggal di kelas.",0
"seneng deh baca tweet nya mantan pa [CAPS] konglomerat dan si pramugari yg lg viral itu.. jd kepengen ngetweet mengenai pengalaman kerja gue jd Kacung Kampret bertahun2, yg walaupun naik pangkat cuma ubah level doanng.. dr cungpret lv 5 jd lv 4",4
"Ya Allah, hanya Engkau yang mengetahui rasa sakit di hati ini. Sembuhkanlah Ya Allah..",0
Happy Birth Day Muhammad Yazid husain Ar Rozi #happybirthday #mybaby,4
[username] [CAPS] Laut juga. Taukan gimana konconya hiu megalodon ternyata masih banyak yang idup dengan visualisasi yang lebih creepy daripada setan jenis apapun. Merinding w liat gambarnya doang [EMOTICON],3
hibur [CAPS] gue [CAPS] plis [CAPS] hibur [CAPS] gue [CAPS] justin [CAPS] astaga [CAPS] gue [CAPS] berharap [CAPS] kemaren [CAPS] cuma [CAPS] rumor [CAPS] gue [CAPS] bahkan [CAPS] berharap [CAPS] bukan [CAPS] hailey [CAPS] perempuannya [CAPS] walaupun gue tau faktanya mereka udah tunangan,0
"Cukup sehari. Kalau kelamaan kemudian betah, nanti malah repot. Terima kasih, Cakleg [username], [CAPS] rumahnya selalu jadi tempat singgah yang menyenangkan.",4
"Kita mencocokkan jadwal setelahnya. 'Besok ujian jam 2, minta soalnya ke mba yuyun ya' kata beliau. Alhamdulillah ya Allah leganya. Ndak perlu reschedule [EMOTICON] Saat sudah fix, kita keluar lalu salim tangan si bapak. Berterimakasih bangetlah ini.",4
"/rlt yang kuliah jurusan sastra inggris, kasih tau dong di jurusan itu belajar apa aja. Pengen masuk sastra inggris cuman takut ga sesuai sama kemampuan [EMOTICON]",3
"Menyakiti diri sendiri misalnya ngetik, mas kangen, dijawabnya emot ngakak doank. [REPPUNC] 20menit kemudian di check msih online tp ya gak ada kelanjutan. [REPPUNC] Ky di hantam pentir, ya mending diem2 bae",1
ah eyang pelit tidak-saya carin istri ke tujuh nih,1
"Jangan pernah membohongi mereka yang mempercayai kamu, sebaliknya jangan percaya kepada mereka yang berbohong ke kamu. #terjemahanbebas. (Pertanyaannya, kalau aku lugu gimana dong, kak? Aku nggak tahu dia bohong apa enggak. #jadigalau)",0
"Bung [username] [CAPS] ini saya akui jago sebagai komentator dan analis bal-balan, salah satu yang terbaik di sini. Tapi nalar dan logikanya soal harrasment ke Via Vallen dangkal, picik, dan memalukan betul.",1
"Wanita itu makhluk yang lembut sekali, jika kau mau mengajarinya sesuatu maka sudah sewajarnya dengan kelembutan pula. Sebelum tidur, sambil memeluknya, mulailah kau mengajarinya. Kau beritahu dengan tutur yang baik. Dan dengan belaian kasih sayang tentunya.",2
"[username] [CAPS] Trend. Permintaan pasar begitu. Diriku mau sih jadi influencer yang baik, karen suka main game, pengen influence orang orang untuk beli game original Tapi saya takut ngomong depan kamera [EMOTICON]",3
"rangorang pada sok suci tapi sok tau gitu tentang kehidupan mereka, intinya gini, kalo belom pernah nyebur got kalian ga bakal tau di dalem got itu kek gimana, sama aja kalian kalo ga mau kenal sama orang yang berbeda, ya kalian bakal jadi sok tau",1
"Bangsa yang besar adalah bangsa yang cinta sesama. Seorang muslim yang paling dicintai adalah mereka yang peduli terhadap saudara-saudaranya, dimana pun mereka berada. Bukan hanya di Indonesia, mereka juga ada di Paletina, Suriah, Rohingya, dan lainnya. #LestACTIndonesia [url] [CAPS]",2
halo laskar matahari kami datang!. kami akan ikut meramaikan event team circus team k3 terakhir di kota solo!. see you nanti siang [username] [CAPS],4
"/rlt/ kenapa ya gue kalo ga sengaja kontak mata sama orang (cowo) asing yang ngeliatin gue mulu, langsung gue sinisin, muka jutek, sebenarnya takut diliatin gitu. gue di cap cewe sombong ga sih? [EMOTICON]",3
[username] [CAPS] [username] [CAPS] ditangani yg malak trus dia bilang ke bonek yg lain dipukuli the jak tanpa cerita kenapa dia dipukuli bonek yg lain membelanya beramai ramai jadi ribut lalu teman temannya berkabar ke yg lain lagi bilang kalo bonek diserang theja,1
"Ikhlaskan saja mereka yg terus menghujat dan menyakitimu. Karena walau mereka memakai ayat untuk pembenaran tindakannya, kau pakai saja ayat ayat Tuhan untuk focus memperbaiki diri ke depan",0
"Sudah survey ke beberapa cewek yang bilang ""cowok itu omonganya ga bsa di pegang"" ternyata mitos gaes ! [REPPUNC] dan sekarang si cewek itulah yang begitu. Jadi, yang tidak bisa di pegang omongannya siapa? Coba kita survey untuk yang ini. Apakah sama atau berbeda? Ku rasa pasti sama",1
"Di usia 45 th, walau rasanya muda, ternyata kaku belajar sesuatu yg baru. Sadar sdh terlambat jd atlet, tp hobby ngurus organisasi pembinaan Olahraga. Olahraga bisa jadi medium komunikasi yg baik, seperti bbrp Bulan lalu di Bandung, bicara Kebhinekaan. #SukseskanAsianGames2018 [url] [CAPS]",0
"Wahai Yang Maha Cinta, sandingkanlah aku dengan jiwa pilihan-Mu, yang karena kebaikanku - baikkanlah ia, tapi jika ia lebih baik - baikkanlah aku.",2
Vedevah Kartu Multi Trip malah jadi gajelas penggunaannya Ngapain gua isi saldo buat kmt [CAPS] kalo akhirnya Tap suruh beli kartu thb [CAPS] etann [ELONG],1
"Pada saat kamu menangis merengek meminta boneka atau mainan baru, mama menatapmu iba. Tetapi papa akan mengatakan dengan tegas : ""boleh, kita beli nanti, tapi tidak sekarang""",2
Kangen ngajar privat. Kangen ngajar tpq. [CAPS] Kangen rapat jam 6 pagi. Kangen agenda nginep Sabtu-Minggu. Yea. My life so flat now. Maybe I need Cheetos?,0
"gw mau pencitraan ah, kalo ada orang yg nanya di grup angkatan bakalan gw jawab meskipun gw gtau wkwkkw, jadi tenang saja temund2 yg males nanya sesuatu digrup angkatan krn takut dicuekin klo misal g ada yg jawab pasti gw jawab kok.",4
pin nanti kamu blan juni ikut tidak-pertandingan bulutangkis khusus buat rw saja saya mau ikut tapi nanti saya pasti cewek sendiri [EMOTICON] ky dulu,3
"Berada di lingkungan yang berisi orang-orang hebat itu akan menyadarkan kita betapa pentingnya upgrade diri dan jadi out [CAPS] standing! [CAPS] Salah satunya duta bahasa, kemampuan mereka itu wow bgt!",4
"[username] [CAPS] Iya bener kak. Waktu setahun skip minum obat itu, dia ikut saran keluarganya ke pengobatan alternatif (dukun). Makanya malah tambah parah. Dan pas balik ke rs [CAPS] Jiwa untuk berobat lagi, baru ketahuan kalau dia kena skizo",0
"Wah ngeri juga kali yah pemilik [username] [CAPS] mobil diam aja, akinya bisa jatuh dan mobil langsung terbakar. [REPPUNC] waduh terios mertua musti dicheck juga nih kalau gini. [REPPUNC] takut terrbakar pas diparkir diam. [REPPUNC]",3
"[username] [CAPS] maaf ni min, paket saya knp lama bnget ya, pdhl sy butuh banget ini, krn sy ngejar keberangkatan, dr kmrn sdh smpe gempol knp ko lama, pdhl sy di Pasuruan kota",1
Semangat sayang. [REPPUNC] aku jg menunggu anak kita yg akan lahir.. ahahahhaha [username] [CAPS] #E [EMOTICON] _comingsoon [CAPS] #e [EMOTICON] #E [EMOTICON] lanet [CAPS] #weareoneE [EMOTICON],2
"Jujur gue takut banget mau ngejalanin ini lagi, semakin dekat, smkin takut mau nangis aja rasanya, gak tau knpa setakut ini, kek bertanya2 mulu gue bisa gak ya jalaninnya, gue mampu gak yaa, apa gue mundur aja, apa ini jalan yg terbaik buat gue",3
"Perasaan bank lain, sblm surat kuasa dicabut oleh pemberi kuasa,fine2 aja deh. [REPPUNC] *makanya kesyel saat si user minta kita pake bri. [REPPUNC] hhrrggh* [ELONG] [url] [CAPS]",1
Pertanyaan yang dulu pada masa itu bikin kesel. [REPPUNC] Apalagi kalo sodara jauh yang nanya. [REPPUNC] Untung ga gue tanya balik : kapan opname?,1
"Semuanya ku lakukan atas dasar Cinta kepada mu, Wahai kekasih ku. [REPPUNC]",2
"National Monument. Monas, hanya bejarak sekian ratus meter dan terlihat setiap hari dari kantor tapi menyentuh dinding pagarnya pun belum pernah. [REPPUNC]",0
Jika hati gw udah kecewa apa lagi sampai sakit hati begini loe blok gw ehm [ELONG] jangan harap gw mau knl loe lagi loe dm ribuan kali gak gw ladenin pengen taunya gw knl loe dan rasain gmna chat gk di buka buka atau gak di bls,1
"Kamu ga tau kan, ada ketakuan tersendiri ketika aku liat recent update line. Takut tbtb ada oramg baru yg gantiin posisi aku, di ava atau status kamu",3
[username] [CAPS] Hal biasa. Ignore. Block Sebuah bentuk pembiaran terhadap kasus pelecehan seksual. Merasa langkah terbaik hanya diam seakan dengan diam pelaku ga akan berbuat kaya gt ke org lain. Such logic.,0
"Kok tiba2 mlm ini mrasa kangen ya..aq ingin berjalan sambil memegang tangannya,.. aq ingin memeluknya dan mengatakan bahwa ""aq kangen"",.. aq ingin menangis di pundaknya dan mengatakan ""jgn tinggalkan aq""..God please tell him",0
[username] [CAPS] [username] [CAPS] [username] [CAPS] [username] [CAPS] [username] [CAPS]. [REPPUNC] ahy [CAPS] pasangan siapapun Pasti Kalah. [REPPUNC] Nilai Jual ahy [CAPS] bukan Rendah tapi tidak [CAPS] ada [CAPS]. [REPPUNC] ! [REPPUNC],1
"Wah pagi ini sangat faedah. Udah gaboleh sering ngeluh sendiri kalau ada perihal apapun mengenai perjalanan kereta:""3 sebegitunya mereka kerja keras, sedih akutuh",0
"Baru ngerasain nih gue bener2 duit di dompet tinggal 4rb doang, di atm [CAPS] tinggal dikit dan gabisa diambil krna saldo ga cukup. Ternyata gue bener2 miskin yawla [ELONG]",0
"[username] [CAPS] [username] [CAPS] [username] [CAPS] [username] [CAPS] Allahu a'lam. Ana juga tidak tahu kapan, dimana, dan apakah ana masih hidup saat masa khalifah ala manhaj nubuwah itu kembali, dengan seperangkat aturan syariat Allah yang kaffah",0
"apa sih susahnya mengapresiasi sedikit aja sama apa yang udh dilakuin oranglain dgn ngasih hak nya tepat waktu, dikira gapnya kebutuhan kali ya?giliran masalah kerjaan no 1 mau lg ijin/libur ttp ae dihajar trs! Ketjewalah saya [EMOTICON] [EMOTICON]",1
"padahal w udh chat dia, save nomor w. dan w ganti nomor wa pas di hari ultah w. bener bener sedih, dll. dan tadi bisa 1 ruangan ujian it 1 jam kurang, karna udh campur aduk salting w keluar duluan",0
"Pernah nonton ga di satu video tentang Bullying? Coba cari dehh, ada tuh examplenya. Kayak misal kita di bilang, kamu jelek deh. Ga ush naik pitam. Bales aja Yes I am a worthless human being. Thanks for reminding me that Dijamin mingkem",1
"[Habis buka Facebook] [Thinking..] Sebanyak itu ya teman-teman yang saya kenal, mulai dari teman sd, [CAPS] sampe pas jaman kuliah, dengan segala kesibukan mereka sekarang. Seneng aja lihatnya, feeling very grateful have a live in this life. Alhamdulillah.",4
[username] [CAPS] [username] [CAPS]. [REPPUNC] Anda ini ngomong apa. [REPPUNC] ! [REPPUNC] Hanya orang2 brengsek yg ngomong kayak gini. [REPPUNC] Lembaga terhormat jadi terhina karena disusupi orang yg kayak anda. [REPPUNC] [username] [CAPS],1
"Saya bisa jadi berbeda kepercayaan dengan Athaya tapi saya masih mencintainya, saya dan Kartika bisa saja sama-sama bertajuk hawa, tapi yang saya cinta bukan kelaminnya. Saya cinta dirinya. Hatinya",2
Pengen berjuang buat dia tapi masih banyak hal selain cinta yg mesti dilakukan lagian dianya juga b aja ke saya Ke aku enggaa,0
"Patut x aq buka hati aq utk terima org lain? Tp aq takut at the end dia berubah hati. Angin x de,tup2. [REPPUNC] jeng2. We're not meant to be together",3
"Alhamdulillah akhirnya bisa kumpul, tapi sayang belum semua semoga ad wkt yg bisa mempertemukan kita semua, Aamiin Indramayu Punya",4
Selamat hari menetas tahu bulat versi korea kuh. [ELONG] E [EMOTICON] ls sayang kamu [ELONG] lebih dari yang kamu tau hu tahu bulat,2
"Dek, kirimin foto Adek yang berdua sama Abang. Mau Umi post ke story wa [CAPS] *ngirim* Beberapa saat kemudian, *klik story wa [CAPS] Umi* Lhah [ELONG] muka-ku dicrop",0
"Kita hanya sedang mengalami masa masa sulit, masa masa gelap, masa masa rentan akan perpisahan. Namun, jika kita mampu bertahan, maka tidak akan yg mampu memisahkan. (Except Allah)",0
"dilema, mau testing prod version (di prod environment) mesti downtime karena kalo kagak takut ganggu operasional aplikasi eksisting yg masih jalan, selain itu juga bikin data kotor.",3
Baru liat dan bener-bener dengerin secara seksama nissa dengan sabyan nya yang lg naik daun itu. Asli ga ada rusak-rusaknya itu suara flawless bening bener [ELONG] kaya gelas beling abis dicuci pake s*unlight jadi bersih bersinar gitu deh. Heran.,2
"[bb] [CAPS] maap oot, kmrn malem di chat aku berantem sm pacar trs aku bilang udahan aja sambil maki2 gitu trs dia balesnya doang sampe skrg dia ga ngechat aku jg engga, menurut kalian udh putus belom sih? makasi",3
"Self Titled - Bin Idris (2016) Q tau mz haikal cs jago bgt bikin ambience jd nada di Sigmun, di album ini w kaget soalnya lagu2nya sm ambience di mv [CAPS] nya bener2 persis sm apa yg gue bayangin pas denger lagunya. Keren. W suka lagu Dalam Wangi, Calm Water, Rebahan [url] [CAPS]",4
Loe mau ngatain gw bencong apa lah terserah loe yg pasti gw gak merasa gw bencong loe lupa yg udah ngewe sama gw Giliran gw gak ngeladenin loe lagi loe bilang bencong Ehm [ELONG] kasian bgt hidup loe,1
"pelajaran juga buat para pemain bola yang lain, biar lo ga sembarangan sama perempuan. ga usah berasa kalian punya kontol paling bagus di dunya ini, sehingga kalyan sebebas itu merasa tak ada perempuan yg bisa nolak, apalagi speak up ketika merasa dilecehkan kalyan.",1
"Ya Allah ngeri bgt Td yg brusan sawa ukuran pipa pralon gt, makanya w tutupin sela2 pintu tkt badannya elastis bs masuk sela2 [url] [CAPS]",3
"abis sahur, sembahyang subuh balek tidur lagi, bangun jam 6.30 dan sampe ruangan jam 7 kurang 5 menit, sptinya saya harus mengapresiasi diri sendiri krn dpet mandi, seragaman, pake bedak sm gincu dan berjalan dlm waktu 25 menit",4
"Gabisa sayang [EMOTICON] Kecuali anak s1 mau ke s2 psikologi masih bisa, tapi cmn bisa bbrpa penjurusan psikologinya. Paling banter ambil psikologi sdm. Klo kamu ambil psikologi klinis harus bljr dari s1 lagi [EMOTICON] psikologi klinis harus basic nya psikologi",0
"[username] [CAPS] [username] [CAPS] Kamu jg termasuk, kak. Jgn menyebut orang2 selain kamu itu nitijen2, jika kamu masih masuk dr bagian di dalamnya. Bukber ! [REPPUNC] In this economy ! [REPPUNC]",1
[username] [CAPS] [username] [CAPS] gimane?gk berani komen kan?ngomong kek paling pancasila.. Mau tanya waktu ngomong saya pancasila kalian g lagi mabuk kan?ato ngomong sambil liat teks?anak muda optimis?hek.. anak muda yg kehilangan urat malu iye kali.. [EMOTICON] https [EMOTICON],1
"Jalan-jalan cari suasana baru dan pengetahuan baru, menikmati alam.",4
"Lewat tengah hari, semoga harimu menyenangkan ya, yuk semangat!",4
"Lalu bagaimana dengan papa? Mungkin karena mama lebih sering menelpon untuk menanyakan keadaanmu setiap hari. Tapi tahukah kamu, ternyata papa lah yang mengingatkan mama untuk menelpon.",2
"Sedari tadi idung meler trs wkt terawih, tenggorokan rasanya sakit. Yaps setelah memakan ini jd mencair semuanya hehehe [url] [CAPS]",0
Jangan di Viralkan ntar oposisi [CAPS] yang biasa nyinyir kejang2 sakit jantung. Kalau sakit Hatinya memang sdh Kronis sulit untuk disembuhkan,3
"Jadi ceritanya tadi malem tuh gua dirumah lagi ber 2 doang kan ya sama ade gua. Lingkungan rumah gua tuh sepi bngt parah,serem deh pokoknya. Nah tadi malem sekitar jam 12an tbtb sikring lampu gua tuh kayak ada yg nurunin,langsung mati semua kan tuh ya",3
kapok [ELONG] ga bakal gw mau ketemu kumpul sm.sepupu bangsat [ELONG] anjrit penipu korup aja belagu sirik dengki anjing [ELONG] lo ga lama lg mampus lo liat aja rmh cicil hasil nipu sampe kapan liatin aja hahaha..God never sleep,1
"Turut sepenanggungan atas meninggalnya dr. Ramona Sari - sejawat, aktivis, dan salah satu pejuang paling tangguh dari [username] [CAPS] untuk hak & kesehatan seksual reproduksi perempuan Indonesia. Semoga Yang Maha berkenan memeluk pulang. Tuhan yang memberi, Tuhan pula yang mengambil.",0
"lo belum lahir atau belom sekolah bong saya rasa. [REPPUNC] Atau bapak lo pki bong Bandit, rampok atau sejenis yg menganggu orang banyak? Pak Soeharto dibilang kejam hanya oleh orang2 Pki Bandit Rampok Bong bong bongak [ELONG] [url] [CAPS]",1
kamu kalau jadi cewek jan kepo kenapa ah ! dweilah apansi ha apan o cukup,1
"Pacaran sama yg kerjanya sama2 sift itu jujur aja lumayan nga ena - Gue libur dia berangkat - Gue berangkat dia libur - Sama sama libur tapi abis sift malem capek Tapi, jadi buat tantangan sih kalo ngeliat orang pacaran dengan mudahnya jalan tiap hari alias bacot saya! Huhuhu",0
"H-9. Mau ke bank rame bgt ampe antrian tempat duduknya ada diluar. Toko emas meluber ampe ga keliatan mbak2nya yg jualan. Ke swalayan antrian kasir naudzubilah panjang bener. Pada bahagia semua kayaknya. Semoga oh semoga rs [CAPS] sepi, pasien pada sembuh dan pulang utk berbahagia",4
"94. Dear member livable Mince sayang sama kalian, [ELONG] mince akan berjuang buat kita semua.. Tapi kalau gk ada dukungan dari kalian mince bisa apa.. Makasih udah nemenin mince di livable ka, mince [ELONG] sayang kk livable",2
Kalo abis saur suka langsung kulsub (kuliah subuh) abis adzan subuh udh nya main sampe matahari terbit patariktatik lodong sama anak rw sebelah #OldMoneyGakNgerasain,4
"Setuju pak [username], [CAPS] sama antisipasi kegiatan sotr [CAPS] jg pak yg blm lama terjadi justru berujung tawuran & disertai aksi vandalisme, demi terciptanya keamanan dan kenyamanan warga, kasihan yg pulang kerja larut malam. Terlebih mendekati hari raya",3
gue pengen banget curhat ke sahabat gue. Tapi gue selalu takut kalau suatu saat bakal di bocorin. [EMOTICON] gue gak pernah percaya kalau mau curhat rahasia ke sahabat atau orang terdekat,3
Masih ada ya hari gini yg takut tempat pelayanan nya di ambil sama orang lain. Hei [ELONG] pelayanan itu punya Tuhan sapa saja yg Tuhan percaya diberikan. Aneh pake main fitnah dan jatuhkan orang ya.,1
"Sedang santap sahur sambil menyimak ceramah di tv. Tiba-tiba muncul bunyi: ""Hati-hati, Yon. * [ELONG] itu syiah."" Seketika itt sahur jadi hilang selera",3
"[username] [CAPS] dia nih manusia yang tibatiba nyita perhatian gara2 kukira dia orangnya kalem ternyata allahu bobrok banget, tapi tambah bobrok tambah cinta huhu bucin bgt sori [EMOTICON] [url] [CAPS]",2
"Sudah survey ke beberapa cewek yang bilang ""cowok itu kata katanya ga bsa di pegang"" ternyata mitos gaes ! [REPPUNC] dan sekarang si cewek itulah yang begitu. Jadi, yang tidak bisa di pegang omongannya siapa? Coba kita survey untuk yang ini. Apakah sama atau berbeda? Ku rasa pasti sama",1
"Sayang aku, [ELONG] udah gede banget sih kamu [ELONG] gak berasa ya perasaan baru kemarin lahir skrg udah gede aja, bawel banget lagi",2
"Otak kalo sudah bego mau apapun posisinya,apapun gelarnya tetap saja bego. Hrsnya otak diisi ilmu pengetahuan bukan diisi maaf..tai. [url] [CAPS]",1
klo milih pemimpin bukan petahana nanti jadinya gub tidak tahu & males kerja spt ini [url] [CAPS],1
"Pembayaran upah pkt [CAPS] Ds Madurejo Pasirian Lumajang, masy tersenyum bahagia #PadatKaryaTunai # tppijatim #tppilumajang [username] [CAPS] [username] [CAPS] [url] [CAPS]",4
"Meluk adek. ""Sayang yang sabar ya. Adek lagi hamil kan. Jangan emosi mulu, bahaya loh buat kandungan adek. Kan Vian udah bilang juga, ya?"" Mengecup kening adek.",2
"Aku tanya, ""ada apa sih emangnya di bawah?"" ""Udah ikut aja."" Ajakmu, aku mengekormu dari belakang. Dan ternyata McFlurry! ""Harusnya kalo hujan gini beli yang anget, eh tapi malah ini."" katamu. ""Udah ngga apa, kan kamu tadi belinya sebelum hujan."" Kita saling menoleh dan tertawa.",4
rada' ksel juga ya stiap mau e [EMOTICON] pasti h-1 yg dpnya klo gt mah boro' mau brangkat psen tiket aja mals. atau nggak yg gni * udahh d malang beb aku isi ya dp skrg * rasanya pngen gw jotosin palanya.,1
astagah! sifat humoris scorpio adalah sebuah topeng untuk menutupi semua luka hidupnya #kiscorp,0
"Begitu diumumkan lulus 100%, mereka semua sujud syukur, dan langsung mengambil bunga. [REPPUNC] saat dia menghampiri, langsung memeluk & menciumku, air mata tak kuasa kubendung. [REPPUNC] ""mom, this is my birthday present for u.."" [url] [CAPS]",4
"Menurut gue cukup. Gue gaji di bwh 5jt segitu udh bisa nabung (target gue min nabung 1jt/bln). Kantor gue di slipi. Kosan gue di toamang ya kalo naik ojol pp 14rb. Kosan 750/bln tempat nya layak bgt, di cuciin pula",4
Thread ini dipersembahkan oleh wanita yg permisif terhadap pelecehan yg dialami wanita lainnya dengan alasan kejadian seperti itu banyak terjadi dan ga ada yg mengadukan. khanmaen.. [CAPS] [url] [CAPS],1
My baby [username] [CAPS] Baik baik baik baik baik Anak mamih yang cantik.. Jangan 1440jam engkau tinggalkan mamih ya sayang.. Mamih bisa kering tanpamu.. Love you rien ku sayang,2
"[username] [CAPS] Sy sudah menghubungi halo bca 15008 [ELONG] dan tekan 1, 1, dan 0. Saya sdh melakukan itu sampai 10X sampai pulsa sy habis. Dan jawaban nya selalu maaf operator kami sedang sibuk. Gimana mau cek status sy",1
"Smp era 80an dikenal Bangsa Pemalu, 90an muncul virus ""tak [CAPS] tau [CAPS] malu"" [CAPS] dan berkembang hingga kini menuju jd Bangsa yg Memalukan, Tertangkap krn Kriminal malah bergaya Selebritis didepan Kamera. bpip [CAPS] Harusnya mampu basmi Virus ini, apakah anda sudah merasakan hasil kerja bpip [CAPS] ! [REPPUNC]",1
"Meneriakkan namamu di deras hujan, memandangmu dari kejauhan, dan berdoa di hening malam. Cinta dalam diam ini lah yang mampu kupertahankan.",2
benar sekali terutama menyebrang di Jalan Margonda. Dari kelapa dua - pertigaan Juanda mungkin hanya ada 3-5 zebra cross. Motor-mobil semuanya ngebut sehingga jadi takut kalau nyebrang. Sekalinya nyebrang malah jadi khawatir kendaraan ngerem mendadak,3
Tos [ELONG] Banget [ELONG] huhu aku kenal suara dia pertama kali pas ostnya man from the star dan itu sumpah aku lgsg jatuh cinta,2
[username] [CAPS] Alhamdulillah pak panglima n pak kapolri dgn selamat ditujuan kian sinergi tni n polri utk seantero nkri met tugas n sukses selalu,4
Aku gasuka sih tapi gondok dan dongkol dan mangkel aja. Dan kagetnya lagi dia mau meniqa [ELONG]. Semoga insyafmu ga abal abal ya mas ha ha ha semoga udah alim beneran cuma dia inget ga ya ttg habluminallah & habluminannas. Ga ada niat minta maaf wanita2 yg disakitinya gt ?,1
"Tolong ditelusuri juga penangkapan ratusan terduga teroris, puluhan diantaranya ditembak mati ketika hendak ditangkap. [url] [CAPS]",3
"Jadi, ini hari ketiga gue kenak gondongan. Auk darimana asalnya. Udah gerah ini rasanya tiap malam gak bisa tidur karna nyerinya sampe ke kepala",0
[username] [CAPS] Kasihan tuh pks [CAPS] uda ngemis-ngemis sodorin nama-nama cawapres kalau ga di pilih. [REPPUNC] Apalagi kalau menit-menit terakhir pilih cawapresnya. [REPPUNC] tamat [CAPS] cawapres [CAPS] pks [CAPS] pilihannye [CAPS]. [REPPUNC],1
#workshop di bulan Ramadhan. Semoga otak gue nyantol sm Permendikbud2 dkk. Kurtilas ih kurtilas. Ternyata seperti ini. [url] [CAPS],0
"Pemantauan dan sosialisasi di wilayah krb [CAPS] I [ELONG] dengan melaksanakan patroli rutin, tetap semangat dan tetap waspada #waspadamerapi [url] [CAPS]",3
"[username] [CAPS] well, prince charles bilang waktu george pertama kali lahir dia seneng banget dan berusaha menjadi kakek yg baik soalnya dulu ngerasa kurang ngejaga william. beliau juga sering ngajak george buat menanam bareng gitu, pokoknya sayang banget d",2
"Malah ketawa lagi, padahal sini yg buat sambil mewek. Tau sendiri kan, aing kalo udah sayang sama orang itu gimana. Walaupun cuma bisa sama bayang-bayangnya saja [EMOTICON] Lol",2
"Sabar yah sayang, ada waktunya orang orang itu dapat balasan. Ill make sure theyll get it. Dont hide ur smile, dont give me fake smile, everything gonna be okay [username] [CAPS] [url] [CAPS]",1
"Biasa di negeri orang, taat aturan. Pulang ke indonesia sudah 3minggu masih kebingungan. Kalau ga jahat bakal di jahatin orang disini mah. Bener bener",3
Ekhem tes tes satu dua. Halo sayang aku Phirel couple kamu yg paling tampan. Kalau kamu couple nya Phi ayo liat ini.,2
Karena seluruhku mencintai apa yang ada di dirimu. Melekat menjadi indah. Cinta lekukan tubuh dan semua sisimu. Segala ketidaksempurnaanmu yang sempurna menjadi milikku. [url] [CAPS],2
"Yaallah beri ia pacar baru, yang nerimo yang gemati yang gak pelit yang mau bayarin makan yang suka ngajak duluan yang gak rewel. Biar sakit hatinya ilang. amin",0
baru kmrn ngerasain namanya takut keluar malem pas mau jemput ira sampe ngomong sama diri sendiri mendingan ketemu hantu dah dan dijalan udah mau nangis aja. knp bisa setakut itu krn tau daerah yg dilewatin lagi rawan.,3
[username] [CAPS] Takut dikira fitnah tp emang bener adanya huhu yaudah lah ga mau macem macem di internet nanti aq diblacklist sama holcim asli [EMOTICON],3
"Dunia itu mirip bayangan badan, jika kau kejar pasti ia menjauh, namun jika kau menjauh maka ia tidak ada pilihan lain selain mengikutimu. - Ibnu Qayyim",0
"Apapun yang terjadi, kita hadapi, demi terwujud impian hati ~ Yakinlah Tuhan merestui, cinta kita kan abadi ~ Selama dunia masih berputar, cinta ini takkan pudar ~ Tiada pernah berubah, abadi sepanjang masa [ELONG] ~ Aahhsek [ELONG]",2
#CalonPenghuniNeraka ini [CAPS] serius [CAPS] Buat elu semua para player troll player toxic player noob terutama di game vainglory Elu gak gue maafin. Jancok Neraka bangsat [ELONG],1
"Kecil aku dulu jaman orba, sering kalo lebaran gini diajak ibu kepasar beli baju yg aku suka pasti ga kebeli, ibu nawarnya mentok bgt biasalah ank banyak dan ekonomi tak menentu waktu itu.",0
[username] [CAPS] [username] [CAPS] [username] [CAPS] Sy ga butuh jawaban yg template kak.. ini org [username] [CAPS] mana ya kok ga ada jwab. [REPPUNC] sy udh order dr tgl 28 Mei lho.. dan sampe skrg blom sampe brgny..,1
[username] [CAPS] [username] [CAPS] [username] [CAPS] Iya.. berbagai macam cara aja dilakuin. Udah nekat masuk tol. Padahal membahayakan diri sendiri dan orang lain yah. Gak kebayang kalo ntar ada yg nekat masuk tol yg mayoritas kendaraan besar. Ngeri sendiri bayanginnya,3
"Yang saya lakukan ketika mikir keras : 1. Mantengin leptop berharap dapat ide. Buntu. 2. Nyetel musik berharap merilekskan otak, biar ada inspirasi. Buntu. 3. Glibag-glibug di kasur, merenung sambil meluk bantal. Kemudian ketiduran.",0
"[username] [CAPS] Gimana ya jelasinnya wkwkwk. Ya orang yg pertama kalinya bisa bikin kita merasa degdegan, pengen mengenal lebih, terus pengen deket terus gitu. Biasanya pas kls 6 atau smp gitu (kalau aku), relatif sih wkwkw",2
Ok fix selesai 100 persen Bye bye bye harapan indah Thks all team Semoga cepat dapat proyek baru Aminn,4
"Bu [username] [CAPS] Pak [username] [CAPS] Ini tdk ada no seri kelihatan photo copyan dipotongi,Nilainya sih kcl tp potensi pendapatan daerah hilang [url] [CAPS]",3
"Bila mungkin sekarang aku merasakan betapa aku semakin mencintaimu itu bukan berarti gombal ataupun berlebihan, karena tak bisa ku pungkiri itulah yang sebenar-benarnya terjadi saat ini. I love you sayang.",2
"[username] [CAPS] [username] [CAPS] orderan gk-83526723, [CAPS] driver gojek mgomel ke saya keterangan alamat yg saya tulis ga bs di liat di aplikasi yg dia pegang, pdhl saya udah tulis lengkap no rumah saya no. 10, kesel saya diomel2in krn aplikasi gojek ygvkrg kom",1
Tadi gue lewat jalan yang aga rame orang jualan. Gua liat ada yg dagang baju. Dan baju itu tulisannya #gantipresiden2019 Gila mesti ga sih sampe kaya gitunya? Kadang gua bingung ya ama orang indonesia. Ga pernah ada rasa bersyukurnya,1
"Rakyat indonesia sdh cukup menderita oleh ulah para koruptor yg kebal hukum, jgn bahagia di atas penderitaan rakyat, indonesia punya penjajah yg terparah yaitu koruptor, rakyat bekerja keras membanting tulang, koruptor yg menikmatinya",1
yg mau turun gunung.. jawab dulu nih.. diem diem bae,1
Hal yg aku suka dari ayah itu salah satunya adalah kesetiaannya dimana mampu buktiin kalo cinta cukup 1 untuk seumur hidup. Berani ngelakuin apapun yg pntg bisa hidup bersama sang pujaan hati sampai mati.,2
"Ada pasien yg curhat 17th cuci darah dan ttp positif krn keluarganya yg supportif, ada jg yg ditinggal oleh anak dan suaminya, ada jg yg untum ke rumah sakit gaada ongkos pdhal cucidarahnya udah gratis.. bayangin 17th cuci darah! Mashaallah dah nikmat sehat itu",0
. [REPPUNC] Kasian si Anas ini. [REPPUNC] Sudahlah semua orang percaya ente korupsi. [REPPUNC] Fakta anda kasasi setelah Artidjo pensiun. [REPPUNC] Maksudnya apa. [REPPUNC] ! [REPPUNC] Ente mengharap putusan Artidjo yg nambah hukuman jadi 14 thn bisa ditelikung oleh Hakim lainnya. [REPPUNC] ! [REPPUNC] Tidak akan.. ! [REPPUNC] [url] [CAPS],1
"Ada manusia yg berusaha melihat nasib dan masa depannya, mereka mencari orang pinter utk meramal masa depannya, padahal sang peramalpun tidak pernah tahu masa depannya, ibarat orang buta dituntun orang buta demikianlah orang yg mengandalkan nasib dan masa depannya kepada peramal.",0
"Btw kemaren senin aing tolol banget lagi ngantri di starbucks, mbak2nya manggil ""atas nama kak roy"" aing ketawa seketika depan orangnya [EMOTICON] lain nanaon ieumah keinget Roy Kiyoshi",0
Keinginanku utk membeli ini itu seketika terhenti krn 1 kalimat,0
"[username] [CAPS] [username] [CAPS] [username] [CAPS] Pmarahan Muhammad bin Salman, Tak Sudi Temui Amien Rais Cs. Sungguh memalukan, bahkan para politisi ini mdpt cibiran dari kalangan istana di Riyadh, Saudi Arabia. [url] [CAPS] [url] [CAPS]",0
"#OldMoneyGakNgerasain mau browsing aja harus pake paketan internet yang kuotanya 10 mb per hari dengan sinyal maksimum Edge, itu pun di hantui rasa khawatir kelewatan batas kuota nanti pulsa reguler takut kesedot.",3
"Gatau anjyr muak gue belajar bisnis internasional, pemasaran internasional, perekonomian internasional. Dear bapak dosen, kmrn bapak bilang mau bahas pariwisata di ekopembangunan biar santai. Sampai uas bapak nggak bahas bahas. Enek gue denger pdb, gini ratio, dan kawan-kawannya",1
"Ada saat kita akan kembali pulang lalu meninggalkan semuanya kemudian melupakan segalanya. Dan.. (?) Hawa-hawanya sepertinya sudah mulai terasa.. freet-freet-kamfreett, nada pesan berbunyi, ada sms masuk",0
"Suka ndak habis pikir sm orang yg ngatain musibah ketika menimpa org lain dianggap azab tp ktk menimpa golongannya disebut cobaan. Ingin ku misuh, matane [CAPS] ! [REPPUNC]",1
"Ini pertemuan diundur lagi, kemungkinan besar bebas visa diundur lagi. Emang sih ini negara php [CAPS] tingkat tinggi. [username] [CAPS] [username] [CAPS] [username] [CAPS] [username] [CAPS]",1
[username] [CAPS] [username] [CAPS]. [REPPUNC] Ini aja membuktikan anda sudah tidak [CAPS] benar [CAPS]. [REPPUNC] ! [REPPUNC] masa [CAPS] napi [CAPS] koruptor [CAPS] bisa [CAPS] punya [CAPS] hp [CAPS] di [CAPS] penjara [CAPS] itu [CAPS] sdh [CAPS] melanggar [CAPS] aturan [CAPS]. [REPPUNC] dan [CAPS] anda [CAPS] dg [CAPS] enaknya [CAPS] melanggar [CAPS] aturan [CAPS]. [REPPUNC] ! [REPPUNC] ini [CAPS] menandakan [CAPS] bahwa [CAPS] itulah [CAPS] karakter [CAPS] anda. [CAPS],1
"Elu nanti punya anak perempuan, ngalamin pelecehan. Terus anak elu suruh woles atau ignore aja? Ciri-ciri bakat ibu yg gagal sih ini. Tolol ! [REPPUNC] [url] [CAPS]",1
"Saat kita membenci sesuatu dg berlebihan dan menghasut orang lain ikut membenci apa yg kita benci, maka kelar sudah hidup kita. Terputus tali rezeki dan bersiap kematian dg penyakit hati & fisik menggerogoti diri",0
"15 tahun yg lalu kau hadir di tengah kami menjadi penerus generasi zulkifli [CAPS] cucu pertama Laki bagi kakek nya Selamat ulang tahun Anak papa bayujuli1007 15 tahun umur mu,jadi lah laki [url] [CAPS]",4
samanye udeh maling semua gak si jancok gak si anjing gak si siluman monyet hahahahaha satu [CAPS] hati [CAPS] sama [CAPS] sama [CAPS] maling [CAPS] ! [REPPUNC],1
"[username] [CAPS] sistem ppdb saat pilihan sekolah 3pilihan sdh benar seperti d dki, dijabar knp 2pilihan tlg seragamkan diseluruh propinsi, jalur prestasi buktikan dgn terdaftar dinas kependidikan, hrs ada barkot di setiap piagam, bila bohong lgs terblok",1
Ada politisi oposan Jokowi mengatakan bahwa pembangunan jalan2 tol merupakan hasil dari otak kosong. Dia lupa bahwa jutaan pemudik lebaran yang menikmati mudik lebih cepat berterima kasih kepada Jokowi dan merupakan calon potensial pemilih Jokowi 2019. Apakah dia tidak berfikir?,1
"Cinta itu saat seseorang selalu ada untuk membantumu kapanpun dan dimanapun meskipun ia tak memintanya, seperti aku ke kamu",2
[username] [CAPS] Selamat Siang Sahabat Pos. Kiriman tsb sudah diterima ya sahabat. Terima kasih telah mempercayakan dan menggunakan layanan kami [EMOTICON] ^fd [CAPS] [url] [CAPS],4
"Sharing pengalaman aja, kemarin jam 18.00 batalin tiket di stasiun pasar senen, lancar, antrian tidak terlalu rame,15 menitan dan beress semua! Mungkin bisa dicoba twips, di jam-jam segitu cc [username] [CAPS]",4
Terima kasih temen2 hmj [CAPS] D3 Keperawatan Stikes Al Irsyad Cilacap sudah berbagi kebahagiaan bersama mbah kakung dan mbah putri [username] [CAPS] [url] [CAPS],4
Apa tanggapan kalian tentang wanita yang bercadar? Kagum aja gt di era jaman now gue aja mau pake gamis susah bgt lah dia bisa bercadar gitu dilingkungan yg (ga jarang) ga mendukung dan nganggepnya teroris,4
"ada pernah yg bahas tentang tinder dan sewaktu itu ga paham, krn penasaran download lah. eh pas udah download dalem hati bilang ini aplikasi apaan? nyesel langsung download tanpa baca deskripsi [EMOTICON] mungkin itu asik buat sebagian orang lain, tapi engga buat aku.",0
"Sambil duduk di dekat jendela, dg pemandangan pasar yang ramai di depan dan suasana sejuk dg suhu 23c menambah kenikmatan pagi ini di kampung halaman. Alhamdulillah. [REPPUNC] [url] [CAPS]",4
"Jangan ngomong, ""kamu harus gini biar kamu sukses."" Itu kayak mau masuk sma, [CAPS] kamu pengen ambil jurusan ips, [CAPS] tapi dipaksa masuk ipa. [CAPS] Jadilah kamu anak yang salah jurusan. Rasanya gimana? Gak enak.",1
"Duh. Sakit sekali. Karena saya org yg jujur, saya bakal blg kalau saya ada perasaan sama dia namun saya tidak memaksanya membalas perasaan saya dan membiarkan dia mengejar orang yang dia suka saja",0
[username] [CAPS] [username] [CAPS] [username] [CAPS] hidup 10th ! [REPPUNC] hidup hambalang ! [REPPUNC] hidup Ektp ! [REPPUNC] hidup pln [CAPS] mangkrak ! [REPPUNC] katakan tidak pada(hal) korupsi ! [REPPUNC] [url] [CAPS],1
Aku tidak membenci hujan sore itu. Aku hanya kecewa dia pergi saat mentari bersinar. Lenyap. Seperti kisahku dan kamu~ #masihtentangJuni #ceritaKaa,0
"Dia sendiri pekerjaan ob [CAPS] di sekolah yg dipunyai Yayasan kecil2an, Man, [ELONG] dia ini kalo dilihat golongan yg wajib dapet zakat aja masih tipis2 masuk apa ga gitu",0
"Jadi. [REPPUNC] beberapa hari ini si Dia kasihan lihat saya dirumah main sama si mungil terus, akhirnya bilang "" kamu nggak belanja ? "". [REPPUNC] kemudian mikir keras belanja apa "" beli baju lebaran "" kata Dia #SimplyLife",4
"Goblok amat si [EMOTICON] Nemu wrp jaman dulu, dah di seduh trs di tambahi susu coklat. Dah di minun smpe abis. Iseng liat sachetannya eh pas di liat wrpnya dah E [EMOTICON] ired. [CAPS] Wth, are u fucking kidding me ! [REPPUNC]",0
"Semuanya seperti hancur seketika hanya dengan sebuah foto. [REPPUNC] Dan pada akhirnya, aku yang tidak bisa memahami arti foto tersebut",0
"Jumat lalu nonton inih! Selain tertarik settingnya yg di Jogja, aku penasaran stlh baca bahaya laten acak2 rambut di review Kak [username] [CAPS] Dan emang bagus banget! Mata sembab gak karuan. Nonton yuk mumpung masih tayang.",4
"/rlt/ gua sangat amat takut untuk jd diri gua sendiri. [REPPUNC] Bukan berati skrg gua jd org lain, tapi lebih menahan diri. gua pinginnya lakuin A tp gua takut jd gua lakuin B. Gua takut org org menjauh 'lagi' hanya karna gua jd diri gua sendiri. [REPPUNC] Gua hrs gimana?",3
Ini hari lahir. Terima Kasih Ka [username] [CAPS] untuk tulisan2 di [url] [CAPS] Selalu jadi kata2 terbaik disaat hari lahir datang. This word never old.,4
"Kesalahan malam ini, tadi masak indomi sebungkus lalu merasa itu terlalu dikit dan masak satu bungkus lagi. Terus sekarang.. enek sendiri liatnya. Susah amat menahan napsu duniawi",0
"Ada aku, yang ingin membuka lagi hatimu. Menghapus traumamu. Bahagia bersamamu. Mungkin masih ada drama, tangis dan air mata, mungkin juga duka. Namun percayalah, semua itu hanya sementara. Kotak ini siap terbuka. Kotak berisi tawa juga canda dari beragam cerita. [url] [CAPS]",2
"[username] [CAPS] semoga jasa beliau yang sangat besar bagi Indonesia, masih tetap dikenang dan mengalir untuk generasi penerus bangsa. [REPPUNC] aamiin",4
Tidak memaksa bwt knl sama gw tidak memaksa bwt ml sama gw yg gw paling gak suka chat gak pernh di bls giliran gw gak bls loe sakit juga gak hahaha makan tuh ucapan loe sendri,1
Gimana rakyat bisa sejahtera #JatengDaruratKorupsi #JatengDaruratKorupsi #JatengDaruratKorupsi #JatengDaruratKorupsi #JatengDaruratKorupsi #JatengDaruratKorupsi #JatengDaruratKorupsi #JatengDaruratKorupsi #JatengDaruratKorupsi #JatengDaruratKorupsi [url] [CAPS],1
"Kalo pasangan lagi sakit, rewel, atau bad mood. [REPPUNC] kasi dia perhatian & kasih sayang yang lebih. Meskipun memang kalo di kondisi seperti itu dia cenderung nyebelin & bikin mumet. [REPPUNC] dimaklumin aja. Karena justru di kondisi kaya gitu dia butuh banget cinta, perhatian & kesabaran lo.",2
"Saya mengadakan pertemuan sangat baik dengan presiden [username] [CAPS] dan dengan happy hati menemaninya dalam kunjungan blukusan (dadakan) di masyarakat, tulis Lagarde dalam status Twitter-nya #Jokowi2Periode",4
"Ketika tau bahwa cintanya yang luar biasa dibalas oleh yang dicintainya, pesona wanita lain hanya terlihat abu di matanya. Ketika tau bahwa sayangnya yang luar biasa dibalas oleh yang disayanginya, hanya dengan senyuman tulus dia bisa jatuh cinta lagi kepada yang empunya senyum.",2
". [REPPUNC] ""Allah tidak akan membebani seseorang melainkan sesuai dengan kesanggupannya. Ia mendapat pahala (dari kebajikan) yang diusahakannya dan ia mendapat siksa (dari kejahatan) yang dikerjakannya."" Qs. Al-Baqarah: 286. Kuncinya sih usaha cari jalan keluar solusinya.",4
"Inget tebak tebakan dulu: Budi: ikan, ikan apa yang bentuknya segitiga? Aisyah: Ikan Sepat Budi: kurang tepat ayy Aisyah: trus apa dong! *Mendesak penasaran Budi: Iiikancut lu.. [ELONG] Nb: Seketika hening, 5 detik kemudian tertawa malu. Wkwkwkwk #recehkantwitter",4
"pengin yo ngechat duluan, tapi nyapanya begimana ! [REPPUNC] eh abis nyapa itu yg bingung meh ngobrolin apa, paling2 ntr berhenti chatingnya di aku [EMOTICON] kan sedih",0
aku takut acc ke suspend atuh lah jangan sampe kek. ini acc pernah ke suspend kl ke suspend lagi masuk ke kategori suspend permanen,3
"Tbh, saya sebenarnya ngga ada niatan buat bikin 'short thread about child marriage' tapi berhubung hal ini sudah menjadi hal yang 'lumrah' bagi sebagian masyarakat tertentu, hal ini tidak akan pernah ada habisnya untuk dibahas. Sekian.",0
"[username] [CAPS] [username] [CAPS] salah satunya krna terutama pejabat negeri ini suka mencari cari kesalahan / kelemahan pejabat lainnya, bukan sama sama cari solusi bgmn bangsa ini bisa maju dan berkarya..",0
"Deg-degan sebenernya, pertama lagi harus terjun ke kelas yang jenjangnya lebih tinggi dari sebelumnya. Apalgi utk sekolah yg dulu smpt di takutin krn siswa2nya [ELONG]. [REPPUNC] takut? Iya. Tapi ga ada jalan kembali.",3
"Rasa takut akan kematian adalah yang paling dibenarkan dari semua ketakutan, karena tidak ada risiko kecelakaan bagi seseorang yang sudah mati.",3
"Aku hanyalah ciptaan tuhan, bukan superhero apalagi malaikat. Aku hanya bisa melakukan apa yang aku lakukan dek. Itulah aku, anak nomor tiga yang murah hati, dan aku mohon semoga kamu cepat tau dek #menjauhdarijanji?",2
[username] [CAPS] Ohh begitu. Takut ada masalah soalnya.. takut didenda yg dikarenakan rasa ketidak tauan..hahahaha. [REPPUNC] satu lagi.. untuk pph cabang tetap dilapor dgn npwp [CAPS] cabang ya.. kan hanya ppn [CAPS] yg dipusatkan.. benar kan ya pph nya tetap lapor dgn npwp [CAPS] cab,3
"Kalo aku sih siapapun presidennya kalo kualitas dirinya cuma bergantung sama kelompok atau orang tertentu, ya pasti setiap saat akan buat event aksi aksi gitu deh. Hehe [url] [CAPS]",0
Adek kosan pinjem tupperware w (yg sebenernya akan w bawa pulang kamis ini). Sama dese diisi rendang trus dimasukin freezer. She just sent me to hell,1
thae pkn susah banget!,1
Ternyata anak tsb minta di doakan agar kelak bisa jadi dokter. [REPPUNC] dan pa Bupati mencium tangan anak tsb serta di doakan. [REPPUNC] Luar biasa [username] [CAPS] [username] [CAPS],4
"Oma: Dokter Dika tolong pasangin gocar buat saya pulang ya *Downloadin aplikasi gojek, sampe oma dapet gocar dan pulang selamat sampai tujuan happily ever after*",4
"[username] [CAPS] Belajar melt and pour yuk ar.. Hahahaha hasilnya tetep cakep, tp kelemahan nya kita nggak tau komposisi soap nya.. Aku ada link yt [CAPS] sabun lucu nih",4
"[username] [CAPS] Tolong dong, tingkatkan lagi pelayanannya. Gara2 kurir ga masuk, paket jadi telat di antar.. Lagi lagi yg bermasalah itu JnT cabang Paskal Bandung. ini sih gara2 olshopnya cuma ada JnT, klo ada pengiriman lain, ogah pake JnT. pelayanan selal",1
[username] [CAPS] Aku cinta kamu. Aku cinta kamu. Aku cinta kamu. Aku cinta kamu. Aku cinta kamu. Aku cinta kamu. Aku cinta kamu. Aku cinta kamu. Aku cinta kamu. Aku cinta kamu. Aku cinta kamu. Aku cinta kamu. Aku cinta kamu. Aku cinta kamu. Aku cinta kamu. Aku,2
Tadi pas diajakin makan akunya emang lg eneg bgt. Pdhal buka puasa jg minum air putih doang tp perut eneg bgt [EMOTICON] giliran skrg aja laper bgt manusya~ [ELONG],0
"partner bobo wktu di bali, dpt tmpt spesial dong bentuknya rumah gazebo trs di atas kolam renang tp di pojokan haha spesial bgt kan ya. btw see u ! [REPPUNC]",4
"Materi Mr Roger Tol (Belanda) terkait dunia pernaskahan di Indonesia. Wow. [REPPUNC] Keren banget ya, negara kita ternyata punya 700 bahasa.. Ckckckck. #seminarpanji #sastra [username] [CAPS] [url] [CAPS]",4
"5. Cuacanya selalu terik Utk hal ini saya harus banyak bersyukur ya, di Sorong selama puasa ini rajin hujan bahkan Bali tempat mamake aja ga sesering di sini. Hari2 biasanya juga ga terik2 banget. Btw, Biak kalo pun panas, udaranya bikin seger",0
Alhamdulillah happy Mkin aktif nak #8monthdedek #nazhiaputriadhitya #sehatTerusSayang #cintaUdek,4
"bangun tidur dapet kabar temen diterima kerja aja aku sujud syukur seneng banget. gatau lebay atau apa yak [EMOTICON] bep, nyari kerja itu, iya, sesusah itu [EMOTICON] imma proud friend",4
"Belaian seorang anak perempuan kepada ayahnya ketika jatuh sakit ternyata dapat membuat si ayah tertidur pulas *sunbathuk* ""cepat sembuh bapak""",2
[username] [CAPS] Jadi pemimpin gubernur harus pikir mateng2 menciptakan pekerjaan Kembangkan tong sampah buatan indonesia anti bocor dan lain2 untuk di beli kebutuhan dalem negeri bukan beli impor tong sampah,1
"Hallo [username] [CAPS] Mohon dibantu ya saya sudah menyerah dengan pengaduan saya di kantor cabang Sabang Jakarta pusat..saya lapor tanggal 2 Mei 2018,dimana masalahnya adalah ketika tarik tunai rekening terdebet tapi uang tidak keluar.katanya 14 hari kerja tapi sampe sekarang nihil",0
#Allhamdulilah Bertambah usia lagi jagoan kecil. [REPPUNC] Semoga sehat selalu dalam lindungan Allah swt [CAPS]. [REPPUNC] amiin. [REPPUNC] Sehat terus nak. [REPPUNC] uchi_ciyko zidanelhadadi @ Palu [url] [CAPS],4
"[idm] Army, aku baru keterima di jurusan Ilmu dan Teknologi Pangan. Adakah yang kuliah di jurusan itu? Bantu aku tenangin diri soalnya takut dengan masa-masa perkuliahan.",3
Muda2han puasa kali ini membawa perubahan bagi kita semua #JatengSaruratKorupsi #JatengSaruratKorupsi #JatengSaruratKorupsi #JatengSaruratKorupsi #JatengSaruratKorupsi #JatengSaruratKorupsi #JatengSaruratKorupsi #JatengSaruratKorupsi #JatengSaruratKorupsi #JatengSaruratKorupsi,4
[username] [CAPS] Hahah asal ada wifi juga dy. Lah enak yg uda punya kerjaan mah bisa ngisi waktu sama kerja. Apa kabar dengan aku yang nganggur pas liburan [EMOTICON],0
"Kesabaran adalah kebahagiaan dari dalam hati, sadar bahwa Tuhan lebih tahu segalanya.",4
"[username] [CAPS] Aku ingat, ketika kita masih saling bercanda tertawa. Kisah kita tertulis dalam secarik kenangan paling berharga. Kau dan aku, bersama dalam satu kata -cinta. Tapi sayang, lagi-lagi semua hanyalah kenangan yang tak mungkin terulang. Terimakas",0
"Walopun sakit hati, tp gw tahan utk ga nyerang balik dg makian. Pantang gw ngomong frontal. Sebisa mungkin gw tahan. Dan ngeblokir adalah solusi yg sangat2 tepat! [CAPS]",1
"mau cerita kesiapa kalau udah kayak begini? hancur hidup ini pikirin dong gimana hati ku aku sedih, aku nangis sampai menetes air mata ini kayaknya lirik lagu sayang pia palen deh wkwkw",0
"Banyak sekali mualaf yang baru belajar Islam 1-3 tahun, tapi ilmu agamanya sudah luar biasa. Tapi saya yang dari kecil muslim, ilmu agamanya jauuh banget. Ya ini namanya malu.. banget!",0
"Makasih suam udah ngeluangin waktu nya buat kita jalan"".. Kita jarang ketemu tetep Jaga kesehatan ya sayang",4
"Kelakuanmu itu mencerminkan kelakuan pasanganmu nanti, kalo nyebelin ya siap2 aja punya pasangan yg nyebelin juga.. teman2 [CAPS] Q ini [CAPS] kenapa [CAPS] sih? [CAPS] ada [CAPS] apa? [CAPS]",1
Sering jd bahan diskusi kita mlht kondisi Indonesia bbrapa thn terakhir ini utamanya..sbg warga negara yg peduli thdp situasi yg dirasakn.. Klo mlht latar blkg pdidikn sy bpk akan tahu sdri.. [url] [CAPS],1
Akutu pengen ngeluh tapi takut gitu karena ya takut dikatain ga bersyukur ampe sempet dinyinyirin kerjaanku cuma curhat sama marah2 tp gmn ya,3
dalam hati aku menanti kuserahkan hati sebagai tanda ketulusan cinta,2
[username] [CAPS] [username] [CAPS] Yaelah.. sabar ya Vid. sampai lebaran monyet juga engga bakalan ditanggapin cepat ini kalo engga sering diserang dengan follow up tajam. Langsung ke plasa telkom atau telepon 147. Pengalaman sudah sering banget soalnya ini #telkom,1
"Sejak awal mengenal dan mencintaimu,hati utuh yg penuh cinta ini telah memilih untuk tetap menerimamu bagainmanapun keadaan ini. Terluka itu pilihan. [REPPUNC] dan tetap mencintai adalah anugerah dan kesempatan yg diberikan Tuhan.",2
"kalau kita harus berpisah lama dan bertemu kembali, aku harus jatuh cinta denganmu lagi.",2
makan salah tidak-makan juga lebih salah maunya apa sih nih tengorokan -_-,0
Masih ingat banget dulu pas Final #WorldCup 1998 kita pulang ngajinya dipercepat biar bisa nonton pertandingan final di tv [CAPS] abis sholat Isya (dulu kan ga banyak re-run &amp,4
"Subhanallah, tulisan perjalanan pak [username] [CAPS] ini luar biasa. My respect for you abah. Mosque of Laredo",4
"[username] [CAPS] [username] [CAPS] [username] [CAPS] Denger-denger dari Pusat Hoax Nasional-nya [username] [CAPS], ternyata fh [CAPS] gak muat dimasukin ke karung beras, biarpun karung jumbo. [REPPUNC] Karena [username] [CAPS] jauh lebih besar dari partainya, [username] [CAPS]. [REPPUNC]",0
"LoveLaws - tt [CAPS] (2018) Gak paham gue sama mbak gitaris Warpaint satu ini, keren banget. Gue denger album ini kayak e [EMOTICON] sing her romantic side nya gitu tp jir berhasil banget, vibe nya fierce tp vurnerable + seducing at the same time. W paling suka lagu Love Leaks sm I've Been Fine [url] [CAPS]",4
"Bun, aku bantuin nempatin es buah ya. [REPPUNC] ""Tumben banget, ah pasti kamu mo ngisi paling banyak di gelas kamu kan."" ""Ehee. [REPPUNC] Bunda tau aja"" [url] [CAPS]",4
"[username] [CAPS] ""Yaudah kita ke apartemen sekarang ya sayang"" ucapnya sambil tersenyum. Amber pun berjalan sambil menggenggam tangan kekasihnya ke lobby. ""Kamu tunggu disini ya sayang, aku ambil mobil dulu"" ucapnya sambil melepas genggaman tangan kekasihnya.",2
pagi-siang dibuat jengkel antri lama di rsu. siang-sore dibuat jengkel salah paham dan buru buru ke solo sore-malem dibuat jengkel mau kesebuah lokasi ancer2nya gajelas selepas taraweh bareng fisika 2014 jengkel dr pagi ilang lgsg mood balik. bikin seneng,1
"Sudah berapa kali ku katakan padamu, aku jangan paksa suruh melupakanmu. Aku sudah nyerah, aku sudah pasrah, aku takkan mampu untuk melupakan sayang~",0
[username] [CAPS] Iya [ELONG]. [REPPUNC] masih sekecil ini badan dia tp agak gendut sih emang. Tapi khawatir aja. Minggu2 lalu dia emang birahi sih. Bawa cowonya dikenalin ke aku [url] [CAPS],3
"sebenarnya faedah Ondel2 itu apa ya ? Dateng cuman nyari sumbangan. [REPPUNC] ngibur orang juga kagak Ya. [REPPUNC] bener juga, sering w liatin pake tatapan kosong. Sebenarnya faedah ondel2 keliling buat apa ? Cuman sekedar bang. [REPPUNC] misi numpang lewat Udah, gitu aja?",1
"Kok gak tertarik? Pdhal enak loh gajinya besar, dpt tunjangan, uang pensiun dll. Kok munafik sih? Ahh bego lu jdi orang. Terus mau jadi apa dong ! [REPPUNC]",1
"Waah ga kerasa udh tahun ke 5 ya guys, tetap jadi BTSnya army [CAPS] ya makasih udh mengisi hari hari ku selama 5 tahun ini dari yg jk [CAPS] masih dedek sampai lulus sma sampai jadi hot jk [CAPS] haha Terima kasih buat lagu lagunya yg menginspirasi [username] [CAPS] #ARMYSelcaDay [url] [CAPS]",4
"Masih bingung sama orang2 yang bilang 2019 ganti presiden. Gue sih its fine selama memang ada calon yang lebih mumpuni dari Jokowi. Tapi kenyataannya emang blom ada. Dan lucunya lagi, mereka yang bermain politik golongan justru malah ngusung Prabowo yang jelas2 sekuler [EMOTICON]",1
"Kak [username] [CAPS] lagi belajar buat ujian apa udh istirahat? Ga niat muncul bilang makasih sketsa hari ini lucu gitu ! [REPPUNC] Atau apalah.. jgn pelit2 muncul ka.. haha.. kalau lagi belajar semangat ya, siapin cemilan jgn begadang dek [EMOTICON]",4
"gue [CAPS] udah [CAPS] pernah [CAPS] makan [CAPS] semua [CAPS] wkwkwk. [CAPS] Fave itu cinlok (gue suka ke kontrakan abangnya buat dapetin cinlok pagi2 tanpa antri), sabana (saat khilap makan ayam), dan surabi solo (kalau sore harus mampir dan ini rebutan banget)",4
Ini kakek ini tau dr mana klo dia d beri hidayah? Tau dr mana klo dia ngk sesat? Tau dr mana klo dia lebih benar? Jangan merasa sok benar dah kakek nnti msuk neraka lo akibat terlalu sombong. [url] [CAPS],1
"Sudahlah tak usah pajang hadist atau ayat Allah untuk pembenaran. Karena jika kita niat baik sama sama, takkan ada jual ayat dan hadist demi pembenaran sepihak.",1
Dari tadi sore ngiler coto tapi gak sempat. Terus sampai rumah keburu capek. Lapar tengah malam buka kulkas nemu Indomie Coto Makassar. Alhamdullilah.. [url] [CAPS],4
"Dulu wa [CAPS] isinya kalimat manis peredam penat, penyembul semangat, mood booster Sekarang gombalannya hilang diganti omelan versi digital bos yang suka pedes dan bikin trauma buka wa [CAPS]",0
Dari wajah pak Jokowi apanya sih yg kliatan Cina nya ? Itu polower nya si Botakndut mustopa masih ada yg nuduh p Jokowi turunan cina? *lg stress urusan kantor jd stalking sana sini hihi*,1
"Jatuh cinta dengan hati bisa bikin sakit hati, jatuh cinta dengan jiwa bisa bikin sakit jiwa. Uda, apa2 yang biasa aja jangan berlebihan. Nggak baik",0
":: meski aku golput.. tp salut [username] [CAPS].. ia satu2nya presiden #RakyatIndonesia yg bisa menangis di depan publik. [REPPUNC] :: memang tak sedikit lawan2 politiknya.. mngcap dia sombong.. :: tapi, nyatanya, ia menangis.. :: :: #SaveNKRI [url] [CAPS]",2
"My favorite song in albums Terimakasih Nambawan, terimakasih Dynamic Duo, terimakasih gray [CAPS] oppa, terimakasih semuanya Lagunya membuatku mood booster untuk kerjain skripsishit #WannaOne #nowplaying [url] [CAPS]",4
"Salah sangka yang menghasilkan sebuah kekecawaan. Kekecewaan yang pada dasarnya tak mempunyai alasan yang kuat. Namun, saat semua situasi sudah kembali clear. Itu menjadi sesuatu yang lucu untuk diingat.",0
"#OldMoneyGakNgerasain paniknya jika benda ini dibagikan guru pas dikelas. Rela gak kekantin atau ke wc demi jaga benda ini. Bukan karna malu nilainya, tapi karna takut ketahuan nama orang tua.",3
"klo org nanya deket gasih km sama abgmu ?. boro-boro deket, kelai mulu iya. sangking gak deketnya (akur) wkt awal kuliah disuruh serumah brg pernah berantem yg main fisik",0
"segitu hepi nyaa yah bs ketemu pacarnyanyi2 an gajelas di mobil trs gandengan tangan, duh gt aja udh hepi mah aku ngga kerasa udh 4.5 taun aja",4
"jangan kaya gitu lg, oke? sesusah apapun pokoknya harus bisa tahan diri buat ga nyakitin diri sendiri gimanapun caranya, coba lampiasin ke gambar atau nulis pokoknya usahain jangan nyakitin diri sendiri. banyak yg sayang sama lo & gamau lo kena",2
"Kalian semua boleh berasumsi, tapi tolong bijaksana. Jangan ngomong sana-sini cari pembuktian tapi berujung fitnah. Thanks for you guys, yg udah ngertiin banget dan ga ngomong yg engga engga.",1
"Yuk, akhirnya msk minggu awal bln Juni 2018. Ga terasa udh setengah thn aj. Ternyata bnyak target yg blm terealisasi sampai skr. Hrs belajar displin &amp",0
"5 jam lebih aku edit video ni demi kau. Ini ke effort yang aku boleh buat sempena birthday kau tin [username] [CAPS].. start perkenalan kita smpai skrg, terima kasih sbb setia di smping aku wlupun kau tau aku ada bnyk kekurangan. Aku sayang kau tin and Happy birthday fatin",2
"Gimana bunda gak sayang kamu nak kalo kamu semanis ini :"") nanti muncul di mimpi bunda ya bunda seneng dipanggil sama kamu dan cerita cerita sama kamu nak [url] [CAPS]",2
Tadi sempet swafoto bareng pesinetron komedi top [CAPS] (Tukang Ojek Pengkolan) : Mang Odih alias Om Kusye. [REPPUNC] Yg membanggakan adalah si om menjadi saksi mewakili dari pihak perempuan (keluarga [url] [CAPS],4
"Alhamdulillah, 3 & 30 Juli is our happy day. [username] [CAPS] congratss my sissyy. Meskipun gadapet snm tp ada jalan lain buat meraih mimpi kita. Padahal snm kita merah dan nangis sesenggukan pelukan berdua eh ternyata balik lagi ketrima di satu2 nya pilihan snm kita.",4
"Ombak pantai parangtritis jogja..ngeri, ombak pantai pangandaran. [REPPUNC] ngeri, ombak pantai rancabuaya..ngeri juga. ada apa akhir akhir ini semua pantai ? Apa kabar nanti agustus",3
pks [CAPS] jangan [CAPS] mimpi [CAPS].. ! [REPPUNC] Saat Pilkada dki [CAPS]. Rakyat dki [CAPS] bisa kau Bego2in. Tapi Pilpres 2019 bukan Pilkada dki [CAPS].. Ini Rakyat Indonesia yg sudah Cerdas dalam memilih Pemimpin.,1
"[url] [CAPS] Bupati Purbalingga, Jawa Tengah, Tasdi dipecat seketika dari pdi [CAPS] Perjuangan. Setelah dipecat masa bisa Nyaleg lagi setelah bebas. [REPPUNC] Aneh bin Ajaib.",1
"Kata yang paling indah di bibir umat manusia adalah kata Ibu, dan panggilan yang paling indah adalah ibuku. Ini adalah kata yang penuh harapan dan cinta, kata manis dan baik yang keluar dari kedalaman hati. (Kahlil Gibran)",2
"ketika sentuhan pertama langsung berbuah jadi gol, kurang beruntung apa coba. udah sejajar lah ya sama Andy Cole, Shearer, Berbatov [username] [CAPS]",4
lebih baik saya diam daripada saya berbicara namun tak pernah didengar,1
"Berasa baca novel, sejenis novel Dee Lestari, karena informasi sangat riil. Tapi ternyata ini kisah nyata sebuah kasus cacat hukum.",4
"Saat eike bilang ""Mah kok pusingku gak ilang-ilang ya?"" Jawaban mama singkat padat mengiris-iris hati: ""Ya itu karena kamu kegendutan, makanya pusing"". Semua penyakit yg ada dlm diri ini selalu mama hubungin karena efek ""kelemon/montok kepunjulen"" Termasuk kecetit, gatel""",0
"Jika hari ini hatimu tercabik2 dg perbuatan oranglain, maka bisa jadi. [REPPUNC] itu cara Allah meninggikanmu setelah dirimu melepas semua sombong dan akui khilafmu. Tak perlu memaafkan mrk, tp maafkan dulu diri sendiri",0
"Harus berapa ribu kosa kata yang saya hafal, agar lancar membaca jurnal ini. Semoga terbiasa karena biasa. Setidaknya pernah berusaha untuk ada disni",0
Salah satu contoh tidak tau berterima kasih. [REPPUNC] pdhl datang pas sdh terkenal pi wannaone. [REPPUNC] ckckckc yg dl berjuang siapa? Jawab sendiri ma ko deh Wanna One's Swing Entertainment warns legal action against fansite masters [url] [CAPS] via [username] [CAPS],1
Hahahaha belio kamera sing topcer trs ak nek ke lombok fotoin yak trs edit yg maximal ga langsing gpp asal bs jd kaya chelsi islan lah dikit dr samping jg gpp *siap2 dipiusi,4
"Alhamdulillah, hari ini masih diberikan kesehatan dan kesempatan untuk mengukir sebuah kenangan, agar kisah hidup kita semakin hari #JadiLebihBaik. Bijak bersedia sosial dengan dukungan koneksi internet yang lancar. [url] [CAPS]",4
Evaluasi dikit boleh x ya buat yg terlalu sering nyinyirin ttg masalalu negara. Bangun coi kita hidup di era kemunduran kemerosotan moral coi ! [REPPUNC] gimana caranya kita bangkit dari masalalu bukan sibuk ataupun asik mengkritisi masalalu tanpa memikirkan kewajiban didepan mata.,1
"Apa baru nyadar warga Aceh ! [REPPUNC] Biasanya klu sdh kena pd dirisendiri & salah satu pejabat yg membuat aturan, biasanya kabur duluan, korbannya rakyat jelata dipakai sbg kelinci percobaan dulu cui. [REPPUNC] ! Kacian deh loe. [REPPUNC]",1
"Polri minta tambahan anggaran 44,4 T..Gila ! [REPPUNC] Lhaa nangkep pelaku yg nyakitin fisik Novel Baswedan aja sampee skg lhoo gak ada kabarnya,udeh dipenjara apa belom,.Nangkep para Koruptor juga gak tuntas, Koruptor itu Teroris Ekonomi,lebih parah akibatnya,rakyat sengsara bertahun thn",1
"[username] [CAPS] [username] [CAPS] serem sendiri, dulu mama ku yg semangat nyuruh behelan. pas dikasih tau dokter gt mama langsung ga mau lagi-.- takutnya ada efek gituu",3
"Waktu itu kami bertiga puluh, dipilih dari sekitar 300 orang yang mendaftar. Ya gimana ga berasa bangga Workshop kami diajar oleh Fajar Arcana, Agus Noor, dan Semo Gumira Ajidarma. #WorkshopCerpenKompas2015 #tsygmc [CAPS] Foto: (masih) [username] [CAPS] [url] [CAPS]",4
"Seketika ku langsung jatuh cinta ama mereka udh sering denger lagunya di playlist tp yaudahh b aja giliran denger live tuh seenak itu Dan crowd nya parah bgt mereka sampe terharu ngeliatnya karna ini pertama kali mereka ke ina dan hype bgt, freddy ampe I love u guys mulu :""",2
"hallo [username] [CAPS] sampai hari ini indohome msh belum bisa dipakai, apakah masih serius bisnis telekomunikasi, atau memang asal2an yang penting uang masuk. ini sdh 2 minggu gak nyala sama sekali. maunya gimana ! [REPPUNC]",1
"Kasih sayang yang ibu berikan bukanlah harta yang melimpah, bukan pula rumah yang mewah, namun hanya doa tulus dari hati agar senyummu tetap merona sepanjang hidup yang kau jalani, Nak. [REPPUNC] [url] [CAPS]",2
"aku yang sesungguhnya ada di situ, yang dibunderin ijo2, close friends aja alias curhat aja isinya sebagian lagi di twitter karena aku invisible di sini",0
"Empat negara tersisa di perhelatan turnamen akbar memiliki taktik kunci masing-masing. Jamak yang berharap ada juara baru di fifa [CAPS] World Cup 2018, terutama Belgia yang dianggap sebagai tim percontohan bonus demografi. Dan, saya hanya ingin ucapkan selamat pada Pep, itu saja.",4
"Sebenernya teknik lumayan, tapi aneh bgt pas di inter.. passing sering salah, dribbling ga bagus, crossing gak bagus, keypass awal2 aja, selanjutnya ketebak.. what a waste of skill",0
"done [CAPS] ! [REPPUNC] Kata Pak Suami biar tambah rajin belajar masaknya sa ae ah Btw tengkyu [ELONG] bos [ELONG] adhe_khadoet besok lagi yaa, hahahaa",4
"[username] [CAPS] [username] [CAPS] [username] [CAPS] Gini aja terooss. [REPPUNC] jawaban kalian template, gw ga butuh jawaban template dan pesanan gw dr tgl 28 Mei, apakah gw cm di suruh tunggu tp ga jelas spt ini?Cm jkt Tng lho..mo bilang apa lagi ini jwabnya? Sabar ya kak ini ujia",1
"sukadeh sama temen yg ngetweet konten2 yang ""berwawasan"", apalagi di dunia nyata bisa share ilmu. [REPPUNC] jadi nyinyiran & kritikan bisa lebih bermanfaat & apalagi kalo nyambung ngomongnya. [REPPUNC] ga cm bahas lamtur & lipen aja",4
"Terkaget dirinya saat tiba - tiba disapa seseorang. Takut, jika kau menyadari 'penyamaran'nya saat ini.",3
"gue yg pagi2 mau naroh baju ke cucian dan liat kepala bayi nongol dr pintu gudang (ini keknya gue ngelantur, abisnya gue takut bgt waktu itu)",3
"Pak [username] [CAPS] sudah di pastikan akan terpilih kembali di pilpres 2019,.. Pesaing nya saat ini hanya proses Demokrasi saja agar dapat berjalan dg baik.pede bures",4
mereka sudah punya teman2 lama saya dilupakan argh,0
"Ya gue tau sih, bukan grup kita yg digituin. Tapi sesama cewek, terus dibilang bahan gituan. [REPPUNC] masih bisa terima? Dia jelas2 public figure, dan ngomong dengan enaknya di video bahan c**i? Gue ngetik aja ga nyaman. Wah gue lisa digituin aja gue semarah ini, gimana bangtan? -.-",1
"Padahal udh cuma diam aja. Masih di omongin. Apalagi ndak diam ya. Hahah bagusan sih ndak diam diam. Ngoceh aja sih, jatohnya sama aja, di [CAPS] omongin [CAPS]",1
"Sumpah ya gue komplen masalah duit yg kedebet di bca [CAPS] cepet dikembaliin daripada di b*pn. [CAPS] Di bca [CAPS] cuma sehari, di b*pn [CAPS] uda berminggu-minggu belum dibalikin. Padahal nominal yang kedebet gedean bca [CAPS] kemana-mana. That's why I cinta bca. [CAPS] Your service satisfies me. Always.",1
"Percaya kata lelaki itu, terutama ketika aku ingin mati karena disiksa zaman. Tapi karena kematian tak kunjung tiba, aku melupakanNya. Tuhan menjauh, dan aku pun menjauhiNya. Aku tidak tahu, apa iya masih penting sejak kulupa.",0
"Kukira kita bisa berteman, lebih jauh bersahabat, tapi ternyata tidak Sepertinya dari pihakku saja yang berusaha Ah sudahlah, pencemburu sepertiku berhak apa",0
ngotak ! tidak-usah pakai emosi [EMOTICON] egois bngst !,1
"Kalo sekarang kamu bangunin aku sahur, aku biasa aja Kalo bulan depan kamu bangunin aku sahur tiap senin dan kamis, tahun depan aku nikahin kamu",2
"Setiap masuk lingkungan baru, selalu serba salah.. Takut ga punya temen, tapi takut juga kalau punya temen. Takut mengecewakan.",3
Maklum pak. [REPPUNC] Jakarta itu sarang [CAPS] Gerombolan radikal [CAPS] ! Tapi. [REPPUNC] ditinggal kabur [CAPS] Pentolannya ke Mekkah !,1
Cinta memberikan alasan untuk tersenyum dan memberikan waktu yang indah untuk tertawa. Tapi terkadang cinta juga memberikan kenangan yang tak akan pernah dilupakan,2
"Termenung seekor rusa karna sejuta keraguan menghampirinya, ada rasa bimbang dan gundah dalam diri yang di iringi rasa takut akan kecewa, satu sisi ia merasa ingin kembali padanya dengan segumpal kepercayaan satu sisi lagi ia takut untuk kembali dan hanya merasa kecewa ya tuhan.",3
"Maling nya ternyata itu2 juga,harusnya kpk [CAPS] berani konfrontasikan Megawati dengan Kwik, tapi komisi pilih kasus tdk akan mau perpanjang kasus ini, mau diratakan apa kpk oleh si banteng merah [url] [CAPS]",1
"Pesan gambar masuk, isinya gini: Batas menyelesaikan kbt sampe tgl 10 juli, lebih dari itu dicabut dari sk yudisium dan daftar wisuda, dan auto bayar ukt Mules dong, ternyata bukan fakultasku~ bye",0
"Gue sama sekali gak tau awalnya kayak gimana. Yang jelas saat itu,makin lama gue makin sayang sama lu. Gue bilang,gue sayang lu itu sebagai temen deket. But,setelah dipikir pikir lagi,gue tuh sayang sama lu more than a friend.",2
"Cinta terbaik adalah saat kau mencintai seseorang yang membuat akhlakmu semakin indah, dia menjadi sosok penegur saat taatmu luntur, menjadi pelipur saat semangatmu lebur. Dia-lah cinta terbaik, yang tidak hanya menemanimu di dunia namun juga berupaya bersamamu hingga ke surga.",2
"Intinya, ketika kamu yakin dgn semua seleksi yg bisa kamu lalui, igtt masih masih ada seleksi alam yg ga terduga ujiannya dan kita ga tau itu sulit atau mudah.",0
"Entah sampai kapan gue bisa pergi jalan tanpa ada perbebatan dulu. Ya gini emg anak sulung, mau pergi aja ga dibolehin gegara adek nangis kejer dan pengen ikut. Nempel mulu udh kek perangko hm:""",0
Yg suka makan sirip hiu tenggelamkan tdk bu [username] [CAPS] ? Masa ikan segede metromini cuma dimamam siripnya doang. Makan bodynya juga dong,1
"Percayalah dik, tidak ada yang lebih sakit selain lupa bawa kacamata saat di perpustakaan. Nempel-nempel dah muka gue ke monitor.. [url] [CAPS]",0
"Selain pocong, aku seram juga dgn hantu merangkak/mengesot ni. Selalu bayang tgh naik tangga tetiba natang ni kejar. Setan betul [url] [CAPS]",3
"{mu} [CAPS] guys aku mau ngecat rambut, tp sebelumnya aku blm pernah ngecat rambut, mau minta saran warnanya apa ya? Tp jangan yg heboh2 aku takut kaget",3
Salah banget udah sepagian play hourglass. Yaampun bakalan mellow seharian. Wanna One! Aku capek missqueen tp kalo mikirin pisah sama kalian tuh ewhh.,0
congratulation [CAPS] ! [REPPUNC] selamat [CAPS] ya [CAPS] adik [CAPS] cewek [CAPS] ke2 [CAPS] atas [CAPS] kelahiran [CAPS] putrinya [CAPS] yang [CAPS] ke3 [CAPS] gue [CAPS] sebagai [CAPS] kakak [CAPS] turut [CAPS] suka [CAPS] cita [CAPS] bersyukur [CAPS] senang [CAPS] sudah [CAPS] diberikan [CAPS] keselamatan [CAPS] allah [CAPS] swt [CAPS] dalam [CAPS] prosesing [CAPS] persalinan [CAPS] putri [CAPS] ke3 [CAPS] nya [CAPS] semalam [CAPS] kakak [CAPS] berdoa [CAPS] semoga [CAPS] putri [CAPS] ke3 [CAPS] nya [CAPS] menjadi [CAPS] putri [CAPS] yang [CAPS] shalihah [CAPS] [url] [CAPS],4
"Baru 'ngerusuh' di balai desa Terus pas mau pulang tadi, bu lurah nanya, ""Mba Ulfah. [REPPUNC] itu temannya yang satu ke mana sih, kok ndak kelihatan?"" ""Hah? Teman saya buk? O.o"" Bu Lurah: ""Iya, yang biasa bareng, dari senin ndak berangkat lho."" wait, [CAPS] dari [CAPS] senin [CAPS] ! [REPPUNC]",3
"selalu bahagia dikelilingi orang2 baik orangtua yang baik, keluarga yang baik, pasangan yang baik, teman yang baik. Ternyata ada nikmat lain yg lebih indah dibandingkan materi. yaitu dikelilingi oleh orang baik. terimakasih banyak yg maha baik",4
"Terima kasih Tuhan, tepat hari ini aku 23 tahun (1 jam lagi). Aku cuma berharap semakin banyak orang yang tulus sayang dan perduli sama aku tanpa memandang sebelah mata, lancarkan semua usaha ku dan dewasakanlah pemikiranku.",4
"All We Know of Heaven, All We Need of Hell - pvris [CAPS] (2017) Gue ngikutin pvris [CAPS] dari awal, gue rasa album yg skrg lagu2nya lebih mature, sangar, dark, tp fragile. Konsep keseluruhan album + mv + dll nya keren parah. W suka lagu Mercy, Anyone Else, sama Winter [url] [CAPS]",4
"Tapi ya gik, percaya sama aku pasti kalo suami dan keluarga suami kita pemikiran nya beda sama kita pasti kita dianggep pemberontak. Karna apa apa kan harus nurut suami",3
"Gue adalah cewe yg galak sama sesama cewe. Yg goblik, pake feeling gak pake otak, egois, baper lebay, semena2, gak punya empati, manja, gak pernah mau salah, gak responsible bahkan lempar tanggung jawab. Wait, sama cowo yg gt jg sih. Berarti gue emang dasarnya galak aja wqwqwq",1
"Aa, maapin neng suka ngomong kasar ma aa",0
"Haha, tiap hari juga kamu selalu terpesona dan semakin terpesona sama aku k~ [ELONG]",2
"Saya menyayanginya dengan amat hati-hati, karena saya mau dia itu utuh dan gak mau melihatnya terluka. Semoga kau merasakan apa yg saya rasa. Kau orang yg paling aku sayang setelah ibu.",2
"Benar2 hancur negara ini dikelola amatiran, tp kenpak [username] [CAPS] tidak mengindahkan statementnya sendiri? Negara miskin koordinasi, jangan asal gagah2an.. setalah salah dianulir mana marwahmu wahai mr. [username] [CAPS] presiden? [url] [CAPS]",1
"Gue dibanding pencitraan merasa bahwa menjadi orangtua itu asik dan menyenangkan sehingga me-skip hal yg gak enak dan menjerumuskan orang lain mendingan brace it aja! Gapapa dibilang gak bersyukur, parenthing gak semudah lo suka anak kecil doangan sih",0
Tapi tentunya secara ini Bekasi ada hal-hal yg sayangnya tidak terelakkan. 1. Bekasi itu panas. Banget. 2. Bekasi kalau weekend sore/malam itu macet. Banget. Tapi hal tsb bisa diatasin sih. Kalau panas ya pake ac. [CAPS] Ngindarin macet dg rencanakan jadwal keluar rumah.,1
"[username] [CAPS] Kami muak atas ketidak pastian hukum di rezim ini, hukum itu memberikan keadilaan serta kepastian bukan ketidakpastian!",1
"pidato-pidato presiden retak, tertusuk-tusuk dusta, teriak-teriak tertambat sunyi letih mengarungmurat, sengsara rakyat berdayung lapar di deras, arus air mata. x2",0
"Nemuin bacaan yg bikin ngakak di setiap paragrafnya, duh suka banget gua sama penulisnya ! [REPPUNC]",4
"usaisenja : SrikandiIndung Seseorang pernah bertanya padaku, seperti apa cinta itu? Cinta itu seperti, Sekepal jantungku yang tak bisa melupakan degup Sebentuk paru-paruku yang tak bisa meninggalkan udara Dan seperti aku yang tak bisa kehilanganmu. #us",2
"Sayang banget sama orang tuaku yg satu ini.. selalu ada tempat untukku di hatinya.. Tempat curhat, tempat ngadu, tempat ketawa.. Selamat beribadah Haji menjadi Tamu Allah ya Bunda Sani dan ayah",2
Wah klo ini aku nih yang suka nangis & berantem sm cowokku. Kadang w malu sama tetangga depan wkakaka tp yaudah lah ya cuek2an aja hahaha tapi gue gak smp pindah sih,0
"Sepertinya tatanan transparansi masalah [CAPS] anggaran [CAPS] di pemProf dki [CAPS] tertutup [CAPS] sejak Anis menjabat sebagai Gubernur. Setiap detik selalu ramai dng masalah ""pembelian [CAPS] barang [CAPS] siluman"" [CAPS] # ahok [CAPS] sangat [CAPS] fair [CAPS] terhadap [CAPS] masalah [CAPS] apapun [CAPS] meskipun [CAPS] harus [CAPS] di [CAPS] penjara [CAPS]",1
"[username] [CAPS] Min kalau tidak ada perawatan Transjakarta ini bisa seperti metro mini, saya tiap hari naik Basway ini 60% mobil nya bermasalah",1
"Ketika ada sesuatu hal yang membuat kita jatuh, Percayalah bahwa kita sedang diajarkan bagaimana cara untuk bangkit",0
"Hari senin qerja lembur bagai quda. Hati hati gaes, bagi para pengendara motor cek dulu helm nya siapa tau ada serangga laba - laba atau pun kecoa",3
"Ikut belajar dan berlatih dengan keseharian militer ternyata banyak hikmahnya, terutama masalah kedisiplinan, yaitu : - Disiplin ibadah shalatnya tbm [CAPS]",4
"Baru tau dan baru baca berita tentang penyalamatan anak-anak di goa di Thailand, mendadak berkaca-kaca karena tau medannya sesulit itu Semoga semua anak, pelatih, beserta orang-orang yang membantu penyelamatan ini selalu dilindungi yme. [CAPS]",0
"Wahai Rosulullah, Kau telah ajarkan hidup ini untuk saling mengasihi ku tanamkan dalam hati ku amalkan sejak dini Engkaulah nabi pembawa cinta Kau bimbing menuju cinta.",2
"Collab [username] [CAPS] x [username] [CAPS] ini selalu bikin kagum, mengambil sampah lautan untuk direcycle itu benar2 satu langkah kecil namun besar dalam menyelamatkan kehidupan laut. Apalagi recucle itu diterapkan di pakaian ataupun sepatu.",4
"Agak aneh banget Semalem rokok burhan ketinggalan di dasbor motor trus ga aku apa apain aku taruh lagi, trus kan sahur keluar ma iffa ke motekar eh balik2 gada rokoknya. Aneh banget, padahal las parkir dimotekar juga gada yg deketin motor",3
"[username] [CAPS] Semuanya. Entah knp ya semua bias gua bikin gua kadang lupa kalo gua itu butiran debu. Mereka tuh bener2 bisa bikin gua jd spesial, makanya gua sayang bgt sm mereka. [REPPUNC]",2
Seharian tadi Surabaya Macet ! [REPPUNC] Lampu merah dibikin yg baru ( Samping Bank Mega Darmo dan di depan kfc [CAPS] Darmo ) malah makin macet bukanya tambah lancar. [REPPUNC] #Curcol #Surabaya #SurabayaMacet,1
"dulu aku begitu menginginkanmu menjadi nadi pada pergelangan tanganku, waktu berjalan, berlalu bersama iringan sunyi kini kau hanyalah sebuah jantung, yang bahkan degupnya tak ingin ku dengar.",0
Puncak spiritual seseorang adalah ketika Orang tersebut diberi perasaan malu dihadapan Allah swt. [CAPS] Orang yang beruntung adalah Orang yang tahu ukurannya sendiri. @ Balikpapan [url] [CAPS],4
sumpah demi alah saya saja jadi cowoknya malu alay bet mau diajak ke chesecake factory a lalalayeyeyeye,1
Banyak orang yg berjuang tuk menggapai cita2 itu bener2 netesin darah+keringat. Tpi ada juga org yg sudah di sediain karpet merah masih menyia nyiakan kesempatan.. Kadang gw suka kesel dan pengen gw toyor org yg bgitu..,1
Disaatku tak berdaya kuasamu yang sempurna ketika ku percaya mukjizat itu nyata bukan krn kekuatan namun rohmu yaTuhan ketika ku berdoa mukjizat itu nyata,2
"Di Palembang sudah uji coba venue utk Asian games, Jakarta kapan? Ini to gubernur yg elo elo banggain duh, sing penting Islam gawean Ra kelar pikir keri. [url] [CAPS]",1
dan pda akhrnya suaminya mmng bertobat kembali sama dia dan berani bersaksi tntng masa kelamnya. luar biasa mmng kesabaran istrnya bisa sj dia lngsng main cerai atw mmbalas prbuatan suaminya..,4
Udah dinasehatin suruh buka hati ke cowo. Pelan pelan aja kata mereka. Jangan cuek bgt. Belom nemu yg cocok gimana dong? Lagian aku lg seneng gini. Liat yg pacaran emg pengen. Tapi pas liat mereka berantem jd males.,3
"Terima kasih Dinporapar Kabupaten Purbalingga, juga rekan2 pramuwisata Purbalingga, yang telah datang dan berpartisipasi dalam acara buka puasa bersama. [username] [CAPS] untuk hadirnya pula. Sinergi saling mengisi dan memajukan Pariwisata. [url] [CAPS]",4
"Acha lucunya kamu dipegang gak mau digendong gak mau. Dipaksain di gendong 2x nangis diem nangis diem terus. Giliran di ajak selfie berkali kali ujung ujungnya nyium pipi, kaget loh ante ini cha kamu maen sosor aja [url] [CAPS]",4
"Kenapa pasangan seringkali diibaratkan sebagai ""rumah""? Karena rasa nyaman bersamanya senyaman berada di rumah, kamu bisa jadi apa saja, kamu selalu pulang menujunya",2
gasabar [EMOTICON] oke thankyou mimin [EMOTICON] iya sekitar jam waktu indonesia ya,0
[username] [CAPS] [username] [CAPS] [username] [CAPS] [username] [CAPS] [username] [CAPS] Salah satu pemimpin di Kalbar yg sering membuat fitnah-memprovokasi masyarakat dan sering menyampaikan pernyataan yg menyesatkan tapi belum pernah mendapatkan penindakan dari yg berwenang. [REPPUNC],1
Dear [username] [CAPS] sang penerima penghargaan Travel and Tourism Awards dan Predilat lcc [CAPS] Bintang 4 Skytrax! Saya sdh berkali2 telpon call center dan email pengaduan ke customer care dgn nomor pengaduan 239835 dan rsv229808 [CAPS] kenapa complain sy tdk ditindak lanjuti ! [REPPUNC],1
"guys sorry kalo jorok/gmn kalian yg cewe prnah ga kalo haid tuh ada lend*r nya darahnya jd gumpal gt? Itu knp y? Aku tiap haid gitu masa trs biar ga gt gimana,takut serius",3
Sesungguhnya org yg gugur di jalan-KU tidak lah mati. [REPPUNC] mereka hidup (bahkan selalu hidup) dan mendapatkan rejeki. [REPPUNC] Kau selalu hidup dlm peradaban &amp,4
"Sesuatu yang benar akan tetap benar meski sedikit yang mengamalkannya. Sesuatu yang salah akan tetap salah meski berbondong-bondong orang mengamalkannya. Yaa Muqollibal Qulub, Tsabbit Qolbi 'alaa Diinik",4
Pagi ini dapet lagi mba supir tj yang selalu semangat kalo nyetir sambil dengerin lagu yang macem2. Tadi dia muter lagu sayang.. tapi versi bahasa jepang. Ikut semangat liatnya [EMOTICON] Jadi mikir ye sayang banget orang yang gak mau menikmati sesuatu cuma karena perbedaan bahasa.,4
Tidak ada yang lebih patut disyukuri selain kita bisa menikmati alam semesta beserta isinya dengan tubuh yang berdiri tegak dan nafas yang bahagia #vitaminsea [url] [CAPS],4
Ada mama murid yang rikues anaknya masuk di kelas saya. Di saat yang sama banyak murid yang hopeless ketika tau bakal masuk di kelas saya karena rumor yang beredar saya guru galak,0
"Untung ga ada yg nanggepin. Mayan malu kan kalo ngomong di grup ga ada yg nanggepin? Kadang kalo g ada yg nanggepin berati orang2 udah ngerti apa yg kamu maksud. Ga tujuan kamu ngomong seperti itu. Not funny to discuss, sis. perlu dipertanyakan lagi maksud &amp",1
"Niat awal mau belanja online, tapi begitu tau ekspedisi lagi overload dan itu pasti bakalan lama bgt nyampenya mending batal dari pd tiap hari gegana nungguin paketan",3
[username] [CAPS] tolong akun saya ini kenapa tidak bisa masuk ke aplikasi my indihome.setiap kali mau masuk selalu minta kode verifikasi ke nomer yang dulu sedangkan no yang dulu sudah di blokir oleh pihak telkomsel.tolong dan mohon di bantu,1
"Ku sadari satu pilihan ku bersamamu di tempat ini, jalani hari dengan semangat yang baru, walau tak seindah yg ku harapkan, tak seburuk yg ku bayangkan, ku tetap berdiri jalani hari penuh warna (yg ngerti pst pada nyanyi )",4
"beda kasus lagi pas sudah balik ke kampung halaman, saya sangat prihatin. Jelas jelas sudah ada tulisan #mohonantri tapi masih aja menyerobot antrian.",0
[Idm] gimana sih cara halusnya utk bilang ke teman bahwa dia itu toxic? Aku takut dia sakit hati kalau aku kasarin. #TeenChoice #ChoiceFandom #btsarmy [CAPS] [username] [CAPS],3
"Gue pelajari dr akun2 ig [CAPS] yg kerap memposting foto seronok, dari yg wajar mpe yg vulgar. Dan gue perhatiin seringkali si pemilik akun cuek dgn bnyk nya kata2 dan kalimat jorok, akhirnya muncul justifikasi bahwasanya nglakuin hal semacam itu (cat calling di dunia nyata) adlh wajar! [CAPS]",1
"Kalian kerja qeras bagay quda banget yaa buat kambek kali ini t.t [CAPS] Baiklah, besok2 streaming melon ama mv nya lebih semangatzs [ELONG] ya [ELONG] [username] [CAPS] :""""""""""""""""))))))",4
"berbunga pada seorang gadis yang sama dalam beberapa bulan terakhir ini. jarang ku rasakan ini. lucunya, aku tak bisa berhenti. jatuh hati padanya.",2
"Pembual yang main klaim itu biasanya cuma dibagian gunting pitanya sahaja, tapi dianggap pemujanya membangunnya sejak awal #Nomation #CakilRakyat",1
"[username] [CAPS] Tapi suka ku [EMOTICON] inya tu dingin orgnya, tapi sayang bnr sebujurnya lwn ina [EMOTICON] nah hiih kena ina tuh lawan buhan gembel tampan tu aja na wkwk",0
"Desa Tesbatan Beberapa kali ke kampung halaman bokap, gw gk nyangka kalau ternyata ada area persawahan sebagus ini. Maklum aja, selama mampir ke Desa Tesbatan, Amarasi, gw cuma mentok",4
[username] [CAPS] [username] [CAPS] Kemarin listrik kami disegel karena keterlambatan pembayaran. Saat itu juga kami melakukan pelunasan dan telah melaporkan mll call center 123. Namun progress reportnya sangat lamban,1
"Waktu sd [CAPS] pernah dpt kesempatan seleksi untuk masuk tim kecamatan ke popda tingkat Kabupaten. Waktu ujicoba lawan kecamatan tetangga, saya cetak 2 gol, pertandingan berakhir 2-0. Saya ga lolos seleksi, yg lolos utk posisi striker anaknya guru",0
hai selamat pagi menjelang siang Semangat jalani hari Jangan lupa awali hari dengan dss [CAPS] ya God Bless U Ingin memelukmu Kali aja lagi dingin Kangen juleha [CAPS] [EMOTICON],2
"Disaat kamu butuh uang untuk membiayai uang semester dan kehidupanmu, orang yang pertama mengerutka kening adalah papa. Papa pasti berusaha keras mencari jalan agar anaknya bisa merasa sama dengan teman temannya yang lain",2
"99. Gatau kenapa deh nyaman aja sama dia, ga kaya yang lain dari segi pembahasan dll pokoknya ga buat bosen padahal akutu bosenan orangnya, dan akutu orangnya susah marah kalo sayang hmm ah",2
"Jhope: Tetapi jika aku melihatnya dalam pandangan yang berbeda, aku tidak bisa mengatakan bahwa aku tidak kelelahan. Ini bisa menjadi salah satu alasan bagi ku untuk mendapatkan kekuatan. Aku pikir ini adalah kesulitan yang baik. Istirahat ya sayang",2
"Ampun Tuhan, kami terlampau sibuk membangun mesjid sampai kami lupa bersujud kepada-Mu, sebegitu fasih kami membaca Kitab Suci-Mu tp belum mampu menemukan-Mu..",0
Min [username] [CAPS] info perka pagi kereta langsir di thb [CAPS] donk. [REPPUNC] jadi pnp [username] [CAPS] bisa antisipasi di stasiun sebelumnya.jangan pas di tengah sinmas ditahan 15 menit buat nunggu langsiran kajj [CAPS],1
"Cuaca boleh berganti masa, udara boleh menyusut atmosfer, tetapi kepadamu ""cinta"" tidak akan berganti maupun menyusut. Detik ini di kepalaku ingatan berdesakan mengeja namamu.",2
"[username] [CAPS] arti kata fans itu sama dengan mengagumi. sekedar kagum boleh, kagum demi kepentingan pribadi sampe menganggu kenyamanan orang, tidak.",1
"Gua suka sama Sodara gua sendiri, dia itu cucu dari kakak ibu gua. Kita dikenalin pas sma [CAPS] sama kakak kelas gua. Sekarang kita udah sama2 kuliah di bidang medis. Gua sayang parah sm dia.",2
tft nur indah wkwkwk menyenangkan (y) [EMOTICON],4
"Konyol bgt mbak komentar anda, main ignore aja dikira hal gitu sepele banget. Dia ga nyaman makanya di publish biar ngasi pelajaran buat orang yg mau punya niat goda biar gak nerusin niatnya klo ga pingin di permaluin. Reminder juga bua",1
"Pekerjaan tdk boleh mengganggu hobi, hobi tdk blh merugikan pekerjaan..mari berolahraga tweeps [username] [CAPS] [username] [CAPS] [url] [CAPS]",4
msh jg bego ! [REPPUNC] Dia dihukum atau ditembak ga masalah dan ga ada yg bela ! [REPPUNC] Nah sibangsat Cabul kabur padahal yg bela 7jt org tolol. Masih ga berani jg balik ! [REPPUNC] Kenapa ! [REPPUNC] Kalau waras berpikir pasti kau tau jawabannya [url] [CAPS],1
"Aku hanyalah ciptaan tuhan, bukan superhero apalagi malaikat. Aku hanya bisa melakukan apa yang aku lakukan dek. Itulah aku, anak nomor tiga yang murah hati, dan aku mohon semoga kamu cepat tau dek",2
"Kayaknya sudah lama sekali tidak mengisi materi dalam acara Fortasi. Tiba-tiba ada yg menghubungi dari Muallimin untuk menjadi pemateri. Wah, padahal sudah ""uzur"" di dunia ipm [CAPS]",4
"Bagaimana burung yang ""jago"" itu dapat dengan mudah tertipu, dan kembali dari perjalanan panjang mereka hanya dengan mulut yang penuh dengan plastik?",0
"[username] [CAPS] Disaat gue sedih, lo ada buat gua. Disaat gue susah, lo ada buat gua. Disaat gue terluka, lo juga ada buat gua. Emang bener lo itu pembawa sial anjg!",1
"Gw harap lu ga berubah bro, lu tetap seperti yang gw kenal. Bodoamat lu mau malas atau gimana, intinya gw tau siapa lu. Gw belajar banyak sekali sama lu bro, banyak [CAPS] sekali. [CAPS] Intinya semoga kita menjadi sahabat dunia & akbirat. Nice to see you it [CAPS] gagal [CAPS] [username] [CAPS]",2
"*seluruh kelas menertawakan yandi* ada yang nyeletuk bilang, ""pertanyaan anak sd lu mah, hahahaha"", semua orang menganggap pertanyaan yandi hanya guyonan.",4
"trending topic yang trendy banget, pro dan kontra wajar, tapi yg komen yg dilakuin doski itu cuma caper dan lebay malah nyalahin nganggep salahnya joget dangdut, ente mungkin harus cek posisi otak sama pantat barangkali ketuker, otak kok isinya full of shit. #viaVallen",1
7 Juli 2018 Selamat datang di Palembang antho.morgante (afs [CAPS] Belgia ) dan lucia.montini (afs [CAPS] Italia) Senang akhirnya bertemu kalian! * [ELONG] Welcome to Palembang,4
"Tp sih ttp salah jg si cowoknya sih,la itu blg mau dijanjiin nikah kan jd mgkn y mbaknya g mikir panjang,sama2 suka yaudah gitu udh gt bawa2 mslh virgin pula g berdarah gt,pdhl untuk bbrp cewek g semua sekali gitu lgsg berdarah lho,aku dl",1
"Bukan tidak mendukung atau mendoakan, cuma menyikapi apa yang sudah2, itu pilihanmu dan berupayalah mempertahankannya. [REPPUNC] disini aku dari jauh seharusnya bahagia tapi melihatmu sedih kebahagianku pudar. [REPPUNC] seperti saat kala itu menerima undangan pernikahanmu.",0
Namanya juga sengkuni [CAPS] pak ! janji [CAPS] mau jalan [CAPS] kaki [CAPS] Jogja - Jakarta juga tidak [CAPS] dipenuhi [CAPS]. [REPPUNC] sengkuni [CAPS]. [REPPUNC] sengkuni [CAPS] ! [REPPUNC],1
"Di Minahasa, Tugu ajaran 5 agama di Bukit Kasih Kanonang menjadi simbol indahnya perbedaan keyakinan, namun ttp rukun &amp",4
"Coba cari terus siapa tahu ada yang kecebur jatuh, atau terperangkap didalam gua, karena guanya gelap & banjir jd licin bs ajach kepleset",3
"cinta-mencinta-dicinta hal rumit yang memaksakan hal irasional menjadi rasional. Jadi ketika ada yang jatuh cinta kepadamu, jgn heran dan bertanya ""kok bisa yah?""",2
"Di malam itu Kau dan aku Kita berbaring di atas rumput merenung langit yang sama Menikmati dalam keadaan tenang ditemani bunyian alam Indah Aneh, begitu saja tanpa percakapn kita sedar kita tenggelam dalam cinta Menikmati",2
[username] [CAPS] Pemerintah pusat berusaha mensejajarkan bangsa Indonesia dg bangsa [url] [CAPS] org malah berusaha menurunkan derajat bangsa jd [CAPS] bangsa pengemis dan pemalak.,0
[username] [CAPS] Anak2 tetangga main mercon dari sore sampe malem. Jedar jedor suaranya mau dimarahin tapi masih anak2. Yaudah istighfar aja. Mercon yang mendekatkanku pada-Nya.,0
"Souma udah abis, yowamushi udah abis. Sekarang nontonin anime yang udah lama didonlot tapi belom ditonton sama sekali. Dek mega bosen sama drama korea",0
[username] [CAPS] Kasian fh [CAPS] bangun pagi. Tdk ada kerjaan ( mau ke kantor pks. [CAPS] Tdk di Terimah( tdk ada info2 dari kawan2 di pks [CAPS] ( mau ke kawan lain Bedah partai. ( mau ke pemerintah. Sudah tdk di akui dari partai mana kasih juga Yah. Balik kampung saja,0
"Setelah 20hari puasa dan saur gak pernah kesiangan, akhirnya di hari ke21 ngerasain makan saur supeer [ELONG] dupeerr ekspress, 1menit sebelum imsak baru bangun yassalam [ELONG]",0
"[username] [CAPS] Cuek tapi diem2 perhatian banget sama anak nya, galak tapi cengeng, disiplin banget, humoris juga, ramah, jago masak, pinter ngaji, rajin banget sholat, orang nya kuat heheh. Sayang banget sama mama [EMOTICON]",2
"keinget dulu ngejar2 pak aje sampe ke annex, bela2in toefl di jkt (tanpa persiapan samsek), ngirim hasil toefl ke bandung lagi, ngumpulin berkas ini itu dll dll",0
"Kaya orang jaman sekarang ya dok, yg keliatannya tegar nothing happens gt yg paling butuh di taking care first karna sejatinya broken inside",0
"Alhamdulillah [ELONG] ya Alloh Engkau telah memberikan aku kesempatan untuk memberikan sedikit kebanggan kpd kedua orang tua yang senantiasa memberikan doa dan kasih sayang nya untuk saya. Semoga kedepannya dea mampu memberikan banyak kebahagiaan kepda kalian mah, pa",4
Dan bukan yg bilang Koalisi tanpa syarat lalu koar2 gak akan bagi2 jatah menteri. ~ kenyataan bahkan parpol2 yg semula non koalisipun dibedol dg dikasih jbtn menteri.,1
"kalo gua sih karna trauma. gua sering digodain banci dijalan, tangan gua pernah dipegang dia, tytyd gua hampir dipegang, pas distasiun lg anter mantan gua pulang dulu ada banci godain ngajak nganu dikosan wanjay",3
"Sebenernya ga ada yang salah, yang salah cuma ""moodku"" lagi ga bagus, jadi semuanya terlihat ga bener. Dari dulu, selalu aja moodku yg suka berubah-ubah ini yang jadi masalah [EMOTICON]",0
"Masalah ga akan pernah menjauh, hadapi Selasamu dengan penuh semangat!",4
"jadi certnya kmren pas ibdah ada kesaksian sii ibu sudah berkali2 di selingkuhi sama suaminya, dan si ibu ttp sabar.. awlnya sy pkir bodo amat ya dislngkuhin berkali2 ttp diam..",0
Diam diam dia suka day6 masa.. Sumpah aku gak racunin kok wkwk. Kuy lah nonton Youth bareng! *halu tingkat provinsi,4
"Jujur saja saya sedang mengalami kejenuhan di zona yang sekarang. Mulai jenuh dengan keseharian, orang2 yg cuman itu2 aja, obrolan yg itu2 aja, dan semua yang itu-itu aja.",0
"Orang #OldMoney dateng ke kandang, pakaiannya sederhana, cuma kaos oblong dan celana training, mau juga keliling kandang buat milih sapi. Tapi sekali transaksi mencapai 3 M. Yang epic lagi, beliau orangnya taat ibadah dan royal. Punya anak masih gadis nga pak?",4
netijen yang merasa bahwa dirinya maha benar ditambah dengan lingkungan sosial di negara ini membuat melawan sexual harassment menjadi sangat sulit. they normalize that. time to speak up! jangan mau diam saja jadi korban,1
Lu pikir nikah itu cuma sebatas hidup bareng sama orang yg lu sayang? Cuma sebatas identitas status di ktp? Atau cuma sebatas ena ena? Dem [ELONG] Helaw [ELONG],1
"Penutup thread ini adalah, saya mohon kamu selalu inget. Saya sayang kamu. Ilysm to the moon and never back, thanks for everything.. Saranghae [username] [CAPS]",2
"Ya berkali kali Farah suka ingetin untuk engga diterusin. Katanya makin gue perhatian ke dia, makin sulit buat gue untuk lupain soal dia. Tapi nihya far, udh gue coba dr jaman kapan ahelah. Ujung2nya penuh risiko (re: suka kgn). Hmm pahit [EMOTICON]",0
[username] [CAPS] [username] [CAPS] Apa menangkap teroris musti pake pisang Ambon? Kau kok selalu bela mereka. Ada apa ini? Bahkan usus terurai akibat ledakan pun kau bilang kampanye penguasa. Sinting ! [REPPUNC],1
"Trus mbatin, ""Baik-baik ya sama pemilik barumu. Tuh. Masnya ganteng. Punya cafe lagi. Tar kamu dipake main di cafe kayak yang ku janjiin 4 tahun lalu.""",0
"sebagai supporter [username] [CAPS] gue ga suka barca, tapi sebagai pecinta sepakbola gue suka ini film, keren lah [ELONG] #HeartOfALio [url] [CAPS]",4
Ya masa-masa itu sudahlah terlewati. Walaupun memang nggak sampai fanatik banget. Tapi sekarang sudah risih lihatnya. Sudah ndak tertarik lagi. Okesip.,3
"[username] [CAPS] [username] [CAPS] Sama kasusnya, jawaban copy paste tanggapan 1 terus tanggapan ke 2..boleh gk kita pelanggan "" maaf estimasi pembayaran kapan, kalau jaringan bolt sudah bener "" hahahaha yuk ah",1
"Selalu menyimpan pemikiran/kekhawatiran hanya pada diri sendiri karena takut semua orang nampak baik2 saja, hingga lupa rasanya berkawan itu melegakan",3
Bayangin ya klo kita ga suka ama seseorang masa harus di paksa suka sih duh saya mah ga bisa kaya gtu ga bisa drama ga demen ya gak biarpun bnyak duit mah klo ga suka mah ga suka aja.. iya gak sih ?,1
"Mereka mereka kerjaannya nongkrong tiap hari buka diluar tiap hari, sekalinya d kasih acar buat semuanya termasuk mereka - mereka di kasih yg worth it dengan budget segitu malah gamau dengan beribu alesan mereka dan akhirnya gajadi. Puki",1
"Selalu takut kalo private chat ke dosen. Takut kesalahan beberapa tahun lalu keulang. Salah kirim selfi ke dosen, niatnya buat gendakan q malah kekirim ke dosen:& posenya gabanget pun mecucu mecucu minta dikasih nilai C bgt pokoknya.",3
"[username] [CAPS] [username] [CAPS] Memangnya siapa stakeholdernya dpr? [CAPS] Ya, rakyat juga. Jaman udah canggih, ngga mungkin dikirim pake selebaran ke puluhan juta org cuma buat kasih tau org dpr [CAPS] ngapain aja. Pakai twitter bisa. Anda bisa baca tweetnya dan bisa balas",1
"Special thanks for you,. [REPPUNC] Masih tetap menganggap ku sebagai adek, tak pernah sekalipun menyakiti ku, masih menghargai ku dengan apa yang ku lakukan. [REPPUNC]",4
[username] [CAPS] Semen indonesia belum nambang loh di Rembang. [REPPUNC] malah ada perusahaan yg lokasi hanya 200 meter dr areal tambang semen tidak pernah diprotes dan ini sudah bertahun2 lamanya. [REPPUNC] knp kok pas semen diprotes?,1
hapy weding sri & rori menjadi keluarga kecil di dalam tuhan god bles us!,4
Congratulation [username] [CAPS] semoga dilancarkan dan dapat kesempatan memandang orang orang di panggung [username] [CAPS] Break a leg ! [REPPUNC] [url] [CAPS],4
"Gegara td malem treak treak gemash ngliat indo kalah 2-1 sm thailand di kandang sendiri, kini tenggorokan minta digaruk -_- [ELONG] yg nonton td mlm ngacung coba? Kalean tim mana nih?",0
"aya udah rapi belom rambutnya ! [REPPUNC] abis bangun tidur nih cantik ya mantul dah Febby Nathania Elvarette, teman terkebo [url] [CAPS]",4
"Masih galau jg sih tp solusi utama ku sih bikin target & rencana, mau ngapain aja di umur sekian. Trus fokus pada usaha utk mencapai itu, biar ga terus kepikiran problem quarter life crisis",0
"Salah seorang teman bertanya, sakit mana dengan sakit hati? Jika sy dapatkan rasa sakit yg sama saat patah hati dengan rasa sakit saat mendapat tindakan dokter, yakinlah sy tak hanya mengatakan ""iya"" saat dia minta maaf. Mungkin akan ada pelajaran buat ia pahami ""sakit"" itu apa",0
Dengan melihat langsung blusukan Presiden Jokowi saya bisa simpulkan bahwa ini bukan pencitraan tetapi merupakan kerja seorang pemimpin dalam mengayomi rakyatnya #JokowiSekaliLagi,4
"Yuk [ELONG] kita siap2 untuk berihtikaf di malam sepertiga terakhir,mudah2an kita mndpt malam 10 [ELONG] bulan,karena thn depan blm tentu ketemu lagi dg bulan yg penuh maghfiroh [CAPS] [url] [CAPS]",4
terkadang perduli dan memberi motivasi yang berlebihan itu bikin sakit hati. sekira nya ga nerimain mah oke. terserah. kalau udah kecewa bakalan bodo amat. serius. atur sendiri,0
"Apapun yg terjadi aku tdk boleh menjadi seorang yg selalu bersedih. Kalo memang mungkin bukan dia yg menginginkan mu, mungkin ada dia luar sna yg msih menginginkan mu.",0
. [REPPUNC] Allah suruh aku tinggal di sebuah kamar Sepetak ruang remang-remang Yang harus kurahasiakan Untuk mengawasiku Tuhan taruh utusan Berdiri di pojokan Sepanjang zaman. [REPPUNC],0
"Abis makan di bumen, makan sosis padahal aliando blg udah kenyang dan dia mesen sosis mau yang size xl [CAPS] untungnya kosong dan akhirnya yang L. Gilaseh [ELONG] lo [username] [CAPS]",4
[username] [CAPS] kenapa ya. [REPPUNC] slalu z obat yg urgent di hapus bpjs?ada penggantinyakah ! [REPPUNC] klo ada sihh gpp. [REPPUNC] jgn kr alasan rugi terus abat2yg diperlukan diHAPUS.,1
aku kan cuman perempuan biasa. kecewa sakit hati patah hati ya akhirnya nangis juga.,0
"semua [CAPS] warga [CAPS] ntt, [CAPS] suka [CAPS] atau [CAPS] tidak [CAPS] tentu [CAPS] banyak [CAPS] diantara [CAPS] kita [CAPS] tak [CAPS] setuju [CAPS] klaim [CAPS] sepihak [CAPS] & tak [CAPS] pantas [CAPS] dari [CAPS] [username] [CAPS] di [CAPS] [username] [CAPS] sebagai [CAPS] ""tuhannya [CAPS] nusa [CAPS] tenggara [CAPS] timur""([url] [CAPS] malah [CAPS] [username] [CAPS] dicaci [CAPS] maki [CAPS] karena [CAPS] berani [CAPS] kritisi [CAPS] timses [CAPS] vbl,[username] [CAPS] &amp",1
"Kemudian mulai nyalahin diri sendiri, mulai overthinking, mulai ketakutan sendiri, mulai cemas, stress, deg-degan parno kena penyakit. [REPPUNC] Gitu-gitu aja siklus gue",3
"[username] [CAPS] Nyata, black campaign itu ada, dan terjadi di negeri ini. Miris sekaligus ngeri, bila memperoleh jabatan hasil dari fitnah dan bohong.",3
"[username] [CAPS] [username] [CAPS] [username] [CAPS] kalo gw sebagai cewek,tuk ngasih tau jg ke rang orang..nih cowok yg suka gampangin cewek,jd biar ciwi2 diluar sn yg baik2 waspada,kl yg emang suka digituin ya terserah ya,org biasa gak populer juga ada kok yg bikin sep",1
"Terus, tolong dong hargai privasi. Kalaupun gue jelasin semuanya ke kalian, kalian tu ga bakalan ngerti juga. Kalian berpikiran dr sudut pandang kalian sendiri, bukan dari sudut pandang gue ataupun si x, sahabat gue Jadi udahlah.",1
"Makin dewasa kamu, semakin malas kamu dengan hal-hal yang terlalu banyak drama. Pertemanan penuh drama, hubungan asmara penuh drama. Sebab kamu tahu, pekerjaanmu lebih penting dari pada semua drama-drama melelahkan itu. *Boycandra",0
"Setelah pertandingan, Pak Seno yang biasanya keras dan cuek memyambut kami dengan hangat. ""Kalian bertanding dengan hebat, ini pertama kalinya tim provinsi kita berada di babak ini. Pak bangga dengan kalian"".",4
"[username] [CAPS] Aku gak salah bila mohon pd [username], [CAPS] segera Perintahkan menkes [CAPS] utk menambah Ruangan Khusus ""Sakit Jiwa"" pd stiap Rmh Sakit. Sbab, tdk menutup kemungkinan, usai [CAPS] pilpres, [CAPS] stiap Rmh Sakit akan dibanjiri Pasien ""Sakit Jiwa"". Tanda2 kearah sana",3
"Males packing tiap mau pergi tuh plg males kalo suruh packing,pgnnya bs punya tongkat sihir trus lgsg masukin barang2ny k koper dgn rapi",0
"Perkembangan teknologi nggak akan ada habisnya deh. Semakin lama, manusia akan terus-menerus berinovasi bagi teknologi termasuk koneksi internet. Positifnya, hal tersebut pasti bisa membantu dan mempermudah pekerjaan manusia.",4
"Lu gatau anjir rasanya takut sampe gemeteran, paralyzed, gabisa mikir. Gila sih. Gua jg ga ngee [EMOTICON] ect gua bakal kaya gitu. Trs gua sm temen temen gua cm bisa panik barengan",3
"kejadian malam ini, pulang jam 00.25 langsung ganti baju terus mau cuci muka pas baru selesai cuci muka di kmd pas lagi handukin muka tbtb ada suara ""tolong"" dibelakang aku persis. ini udah terjadi beberapa kali sesring itu kirakira ada apa ya serem bgt lamalama keganggu juga",3
"[username] [CAPS] [username] [CAPS] [username] [CAPS] Tidak disemua tempat kita boleh melaksanakan sholat, salah satunya di bangunan yang didirikan untuk kekafiran (salah satunya gereja). Aku berlindung kepada allaah [CAPS] swt. [CAPS] dari godaan setan yang terkutuk. [url] [CAPS]",3
"Ustad [username] [CAPS] saya ingin bertanya, Apakah mereka ini ustad yang mengajari? Saya jadi curiga, karena saya ulang2 video ini tapi tetep ngakak",4
"[C48] sayang banget sama na goeun :"") hatinya baik banget, tetep ikhlas ajarin yuri padahal dia juga pengen banget jadi main vocal. You win my heart goeun",2
"waktu yg kamu tentukan itu membuat ak ingin mundur, maafkan aku, maafkan smua kt2 bohong ku, smua kt2 yg ku ucp hnyalah kebohongan. Smga hti ini ikhlas ntuk melepaskan dirimu, ak yakin allah sllu ada ntuk dirimu dan diriku.",0
"Andai saja waktu dalam sehari itu 48 jam bukan 24 jam, Aku akan sangat bahagia, karena lebih banyak waktu untuk memikirkanmu. Aku cinta padamu. -D-",2
Smg bsk ud ada pengumuman baik ya Allah amin lancarkanlah segalanya bener2 deh judulnya skrg tuh w dipenuhi ketidak pastian dan penantian huhuhu bener2 dr berbagai aspek bs tenang aja ga si ni idup,3
ga pernah bikin status galau di ig.. sekalinya bikin banyak yg kepo [ELONG]. [REPPUNC] pd sotoy.. [ELONG] lgsg jadiin bahan gosip.. sok pangnyaho na weh.. sebel efeklgdatengtamu,1
"kalo masalah masuk akpolnya sih aku gak tau ya soalnya papaku gak pernah cerita. tapi pacar kakak sepupu aku udah 3tahun nyoba masuk baru tahun ini keterima, walaupun papanya polisi tetep susah masuknya.",0
"Keahlian cewek kalo udah sayang banget. Mempertahankan,. Memperjuangkan,. Menahan rasa sakit hati,. Sabar dan. Setia.",2
Anak jaman now gatau kalo dulu mau testimonial dibalesnya seminggu mana harus bikin url [CAPS] [EMOTICON] skrg pdkt tinggal match no match di kinder senang #RecehkanTwitter,0
"Aku tau didepan mungkin akan ada badai besar, bhkan bisa melenyapkan apa saja tp seperti yg ku yakini salama ini yaitu ketidakmungkinan yg selalu aku semogakan",0
"[username] [CAPS] Cibiru entah kenapa gtu, daya tariknya kenceng banget skrg. Lagi sayang-sayangnya gtu. Tapi apa daya, bentar lagi mau gak mau harus siap ninggalin -_-",0
"Seandainya 2019 jokowi kalah sdh dipastikan : hti [CAPS] bangsat bangkit, teroris bangsat bangkit, Radikal bangsat bangkit. Semua politik balas dendam bangkit. Yg minoritas ditekan.. mending memisahkan diri dari nkri.. [CAPS] untuk itu harus 2019tetapJokowi..",1
"Mencoba bikin pudding Percobaan 1, salah bikin ternyata yg kubikin jadinya jelly nutrijell Percobaan 2, kubikin berlapis sama jelly ternyata rasanya plain Percobaan 3, bikin berlapis lagi ternyata nyampur karna belum keras. Apa salah dan dosaku sayang [EMOTICON]",0
"Ekspektasi Emak : jangan capek-capek jadi sakit kan,ya udah istirahat sana Realita Emak : sokorr,salah mu kakean dolan,domongi kon nek omah ae angel eram #recehkantwitter",0
"kalau bagimu kata ""sayang"" tak ada artinya dan boleh diterima siapa saja, sepertinya bukan dengan manusia kau berinteraksi.",0
Ada anak sma habis perpisahan atau semacam wisuda sekolah. Foto bareng sama temen-temennya sejawat dgn pakai kebaya lalu di post di ig [CAPS] dengan caption 'Nanti siapa ya yang bakal nikah duluan'. Ku langsung tertunduk lesu dan seraya ingin minum extra joss. Cuk.,0
"Kalian tidak sadar bahwa ada banyak sekali orang dalam bus sewaktu kita kemarin menuju ke istana, kalian bahkan tidak mengajak mereka berkenalan. Berbeda dgn hari-hari sebelumnya. Coba pikirkan, mereka juga gugur, namun mereka menikmati perjalanan kemarin.",0
"lo ngehujat dia sama aja lo membiarkan sexual harassment merajalela. goblok. dilecehin malah suruh marah, nolak, maki-maki, ya ga mempan buat pelaku sexual harassment. yang dilakukan via vallen mempengaruhi karir si simic? ya udah resiko simic lah, goblok.",1
bigrt suatu sat saya akan jadikan kamu tempat sampah sama seperti kamu jadin saya tempat sampah!,1
"makanya aku paham kenapa mbak via vallen marah banget ketika dapet dm gitu, dan kenapa malah dibully ! [REPPUNC] cewe2 lagi yg bully, apa mereka kalo dapet dm kayak gitu dianggep sebuah pujian kali ya soalnya kalo dia digoda berarti dia menarique ? ew.",1
"Satu lagi, pilihan 'menikah' tidak ada didaftar pilihan. Haha Jadi, intinya saya ingin membebaskan pikiran saya, pilihan2 hidup saya tanpa intervensi dari pihak manapun.",4
Makasih doanya genks yg udh dukung ak disini ak gak nyangka bisa maju ke tahan ini maygad makasi juga buat bapak bambang lurah pondok cabe2an yg udh dukung n nonton ak saat ini. Love u genks,4
"untungnya suda menemukan cowok yg sayang bgt sm aku dgn apa adanya aku segala baik bobrokku, yg lbh banyak kurangnya gini.. gabisa ngungkapin apa2 lg selain bersyukur bersyukur dan bersyukur",4
"Berat badanku 77kg, aku minder, aku takut di bully, aku takut mereka yg bilang cantik itu langsing bukan C A N T I K Aku juga takut dibilang ""Gapura Kecamatan"" #janganbullyaku [url] [CAPS]",3
"Satu hal yg terburuk dalam hidupku adalah, ketika aku tak langsung mengerjakan masalah yang seharusnya aku kerjakan, sering aku lakukan, padahal jam dinding sudah terus berpindah tunda [CAPS] tunda [CAPS] tunda [CAPS] tunda, [CAPS] sampai [CAPS] kau [CAPS] menua [CAPS] tunda [CAPS] laporan [CAPS]",0
"Dia taruh jari telunjuknya di jidatku ""mangkanya! Beli susu tuh diminum, vitaminnya jangan kelewat! Kan ribet kalo mau jalan ke tempat umum tapi kamunya baru jalan 5menit udah kliyengan"" Aku senyum senyum sayang heheu",2
"Saat tadi 2 sejoli menyepakati berucap ikrar untuk sehidup semati, di hadapan keluarga dan orang tersayang tanpa merubah apa yang mereka yakini masing-masing kepada Sang Maha Cinta. Dan di tempat lain akhirnya sepasang manusia kembali bersatu di dalam pelukan-Nya.",2
"Congratulations on your 1st Holly Communion, Xellent. Mommy,Papa, Ompung,Unty, Tulang, Bou, Uda &amp",4
"eallah [ELONG] pak, [ELONG] bikin ngiri aja duduk berdua ama yayang. [REPPUNC] #mesra #presidenterhebat #Iriana #firstladyIndonesia",0
jakarta mulai gelap ditutup awan mendung #siap2 naro ember digerojogan#,0
cium dulu sayang,2
[username] [CAPS] Udah dipaksa tapi aku bukan anak gem. Satu satunya yang ku bisa hanyalah candy crush Daripada mabar cuma dibentakin karena bego,0
"Sedih bny penulisan resep yg tidak baku sdm, sdt, ruas, sejumput, secukupnya, even biji/buah termasuk tidak baku [EMOTICON]",0
"Nah,seringnya nih msh ada oknum pejabat yg cm mau tunjangan sm duitnya aja, tp gak mau tgjwb atas isi dokumen atau kebijakannya. Bisanya nyalahin pelaksana. Untungnya di kantorku ndak ada yg spt itu.",0
"[username] [CAPS] Hahaha samaa, aku bgitu ngliat oppa2 kore lgsg pgen bljr korea, nntn drama barat lgsg pgen bsa lncr english,ngliat bny ama mewart lgsg pgen bljr bhsa thai wkwkwlw",4
"Waktu yang kita gunakan lebih banyak di tempat makan atau sekedar duduk sambil menikmati es moci favorit dengan harga merakyat. Banyaknya teman yang sudah berkeluarga, mereka lah yang masih menemani hari2 libur ku untuk mengabiskan sisa waktu di rumah #HonorIndonesia #Honor7S",4
Aku gatau tp knp akhir2 ini bnyk akun aneh yg ngefollow.. Serem2 lagi.. Aku harus apa ! [REPPUNC] Haruskah ganti uname? Delete acc trus buat baru?,3
"Tolong ya [username] [CAPS] ditinjau ulang sama team nya kalo beneran mau ngundang dia. Ini udah termasuk sexual harassment. Mohon kebijakan ulangnya, terima ksih [url] [CAPS]",1
Dimohon jangan paksa saya buat include dmn. Harap sopan dan jelas kalo mau bo jangan labil! Gajelas will be block ! [REPPUNC] Tentu saja yg sudah taatin rule saya utamakan,1
"Seyakin apapun diri ini, diri kita semua, seyakin apapun itu jika ketetapan Allah yang demikian ya bisa berbuat apa?, tak ada daya, selain 'the power of doa'. [url] [CAPS]",2
Berbaringlah dengan yang punya rasa..seperti rasa nyaman di foto ini.. Atau rasa sayang aku ke kamu..Eea [ELONG] #MaafEfekStress #EfekLDR #EfekLaparJuga [url] [CAPS],2
"[username] [CAPS] [username] [CAPS] [username] [CAPS] Begitulah mereka. [REPPUNC] Benar kata pepatah ""kemarau setahun dihapus hujan sehari"" Miris sekali negeri ini. [REPPUNC] Sebegitunya demi kepentingan tertentu. [REPPUNC]",0
"Ada yg teriak2 Indonesia di serang tka [CAPS] asal china, padahal ada wan abud yg order plastik sampah sampe Jerman. [REPPUNC] 9M bisa bikin pabriknya kali ya. [REPPUNC] #goindonesia",1
"gue bingung dong ini sebenernya gue ga cocok atau cara make gue salah, mau lanjut make takut muka gue nambah ga karuan nanti, mau berhenti sayang bok msh banyak bet",3
warga [CAPS] masyarakat [CAPS] singgahan [CAPS] tolak [CAPS] segala [CAPS] bentuk [CAPS] hoax [CAPS] dan [CAPS] mendukung [CAPS] pilkada [CAPS] damai [CAPS]. [REPPUNC] #tolakhoax #lawanhoax #pilkadadamai2018 [url] [CAPS],1
dunia ini memang keras kalau menghadapinya dengan lembek ya tidak-usah hidup !,1
Wahai kalian para sok pejuang Di mana kalian saat ini Via Vallen adalah aset Bangsa yang tersisa yang akan direbut oleh Bangsa Lain. Apakah kalian hanya diam ! [REPPUNC] #OldMoneyGakNgerasain,1
"Apa cuma gue disini yg berpikir kalo perempuan tidak pernah menjadi pemilik seseorang secara utuh & hanya milik suami beserta keluarganya dari perspektif agama? Agak disturbing sih buat resolusi konflik rumah tangga sedangkan karakter ortu suami & suami jelek, istri kudu piye ! [REPPUNC]",0
"Kmrn lusa waktu break di kantin tiba2 bapak ceo [CAPS] duduk di samping dan cerita life after marriage nya. Ada satu hal unik yang beliau pesan ke saya jangan pernah hidup dengan mantan pecandu narkoba, dalam hati Thanks God, You saved me from the wrong people",4
Terimakasih telah menuangkanya dalam cerita dn kemudian di posting dlm sebuah blog. Setidaknya semakin tau pasti bagaimana perjalanan kalian.,4
"Woah. [REPPUNC] buat urusan difitnah, dimusuhin, dibikin gamau sekolah gara2 gaada yg mau temenan, trauma setiap minggu malam karena besok paginya sekolah, dibikin malu didepan banyak orang. Aku sudah melewati itu semua.",0
"Aku cuma bisa ngucapin terima kasih kepada mantan yang telah memberi pelajaran bahwa cinta tak semanis yang dibayangkan, membuatku bahagia, dan mengajarkan aku banyak hal.",0
"[username] [CAPS] pake arkana? gue gabisa main tapi selalu diajarin. terus jadi inget, sampe set-nya, ti [CAPS] 2018, dendi, miracle and etc [EMOTICON] td sore abis streaming. eh ga nanya ya. [REPPUNC]",0
"btw ya beneran ngeri sih olx sekarang ladang penipu. barusan pajang barang dan lgsng ada 2 orang tanya. yang 1 minta cod tp maksa banget, yang 1 minta mandiri e-cash",3
"Dibales dengan sangat ramah ""Bonjour Bintang, boleh banget, besok di gedung 7 ya. A demain [EMOTICON] "" dengan senyuman khasnya. Besoknya, sembari degdegan udah kayak mau bimbingan skripsi padahal masih semester ii [CAPS] ketemu dan langsung aku tunjukan PPT-ku.",4
"Ya begini deh nganggur di tempat kerja karena udah selesai. Berakhir dengan *cuat - cuit* di twitter Mau ghibah sama mbak - mbak, sungkan lagi puasa. Ehe *tiga jam kemudian dia pasti ngajakin ngomongin orang kok* *kebiasaan* *banyak istighfar*",0
"Trs pas udh ampe staisun nya lg nih, beliau marah2 dong krn gue pake gopay. Yha gmn yak, suka2 w atuhlah ya maw payment via apa. Krn w takut, w lgsg kabur aja Msk ke stasiun nya.",3
"Selama gue jd Head of dept sampe jd gm [CAPS] Hotel, gue paling benci and langsung kepala gue bertanduk kl ada anak buah gue ditanya jawabnya ga tau, sekali gue maafin, kedua kali ketiga dst masih jawab ga [CAPS] tau? [CAPS] plaak [ELONG] #%\?+=*%",1
"Saat kecil,mobil blm bisa smp rmh, hanya di ujung gang. Saat pulang malam dr luar kota dan aku ketiduran, ayah sering tak membangunkanku tp menggendongku sampai rmh..bahkan smp aku sd [CAPS] [EMOTICON]",2
"Sumpah ih mau jadi warga negara Thailand aja pas bencana nasional kek gini semuanya saling bantu bukannya saling tuding dan bacot berasa paling bener sendiri, di sosial media lagi. Bawa2 kepentingan politik lagi. Lagi musibah malah ditunggangin kepentingan sampah. Berag.",1
Cinta yang Sebenarnya cinta [CAPS] Adalah.. Ketika Sayyidina Ali karromallahu wajhah tidur menggantikan Rasulullah,2
"Bayar pajak 5 tahunan. nomor antrian tidak dipakai, dipanggil by name. trus apa fungsi di beri nomor antrian [username] [CAPS] [url] [CAPS]",1
njir dada sebelah kiri sakit :&,0
Wah saya gak ikuti. 3 hari belakangan ini sy sibuk melayani umat (Hindu). Bagus jg Hindu sebagai agama gak usah dibawa2 ke politik. Umatnya secara pribadi boleh aja main politik. [url] [CAPS],3
"[username] [CAPS] [username] [CAPS] musuh dlm selimut.Hati2.Penghianat.Sampai dunia kiamat,tetap penghianat.Jahat. [username] [CAPS] [username] [CAPS] [username] [CAPS] [url] [CAPS]",1
"[username] [CAPS] Moon cintars ! [REPPUNC] Sedi bgt dong, Udh kek cinta segienam, banyak yg matek, Ngarep si ini nikah sama si ini malah nikah sama si itu.. Sad ending pula",0
Semoga kalian semakin paham dan semakin takut kepada allaah [CAPS] swt. [CAPS] Aku berlindung kepada allaah [CAPS] swt. [CAPS] dari godaan setan yang terkutuk. [url] [CAPS],3
"seru wlpun tiap menit selalu brubah aturan amin amin nuhun bu, jangan gtt juga ihh ga enak ga ada yang nyapa ciranjang dan sekitarnya lagi kan",4
Kamu bilang sayang bila pembangunan [username] [CAPS] tdk dilanjutkan apa kamu berfikir presiden berikutnya tdk akan membangun? Mengapa tdk bilang sayang jk hutang yg menggunung jokowi tdk dilanjutkan hingga negara ini bangkrut ! [REPPUNC] Selamat jd cebi syaratnya emang otak tdk dipake,1
Ingat saat kalian bergabung dengan Twitter? Saya ingat! dari smp entahlah sampai sekarang. dari yg pertama rame sekali twitter sampai hampa gt. tl sepe bgt hufth..kek hati saya gt. *ea [ELONG] hahahaha #HariJadiTwitterSaya [url] [CAPS],0
"Indahnya jatuh cinta itu saat orang yg kita suka, Waktu kita tengok dia sambil tersenyum, Dia juga tersenyum balik kat kita",2
"Setelah semua persiapan mendaki ready, gak lupa kita makan siabg dulu, makan siang kali ini kita di temenin nasi ayam kampung bho'ie Hm [ELONG] nasi komplit deh, ada ayam kampung nya ada",4
"Karena kalimat ""masasih uang yg kmrn dksh gacukup"" - ""boros bangetsih, masa uangnya tinggal segini"" lantas si pengatur keuanganpun ingin murka rasanya [EMOTICON]",1
"Kalo cewe, ada opsi kak: Kalo gak pinter manage uang, yha punya banyak uang Karena kadang perkaranya itu soal gak mampu sih, bukan gak mau",0
Malam malam masih makan juga ! [REPPUNC] Efek perut kunyel kunyel kepengen diisi ya kayak gini Dinikmati wae Yo #anakperantauan #anakkost #maklumlahyo,4
"8 juli [CAPS] 2018 Terimakasih buat semua yg gabisa disbutkan satu persatu untuk yg terjadi di tgl 8 juli 2018 Mua : [username] [CAPS] Photo : looping_cr Ent : picasso @ Cibiru, Jawa Barat, Indonesia [url] [CAPS]",4
"'lah Ken dimana?' -- pertanyaan paling gokil, apalagi pas ketemu itu diulang2, mbok ya kalau kangen doi chat, ya aku mana selalu tau Ken ngapa2in [EMOTICON] ya kalau aku cemburu kami chat, itu hakku, tapi kalau kamu mau chat juga hakmu.",0
yaelah cuma beb2an saja lagi kalau cowok saya beb2an tapi saya tahu itu cuma temenan saya coba ngerti kenapa sih kamu dendam sangat sama saya,1
"Emang ngerasa masih kurang banget pengalaman (kopi), sempet ngeshift di cafe tapi ternyata tidak sesuai ekspektasi, masih butuh dan pengen banget punya banyak pengalaman di bidang kopi, apa part time di ""coffee shop"" solusinya?",0
Yang harus kita takutkan adalah ketika kita istri dan anak kita nampak auratnya. Dan bagaimana hukumnya memasang foto di Media Sosial ?. #nu #majelisnuruddin8642 #satrionkri #ngaji,3
"Aku ini orang yang ga bisa nyindir-nyindir. Bisanya adalah, ngomong langsung tanpa ampun, disertai dg sedikit bumbu kekesalan, dan setelah itu minta maaf dan teuteup, ngoreksi lagi dia hrs kayak gimana.",1
"Buka puasa makan mujigae porsi berat alias segambreng, balik dari mujigae makan ayam geprek+nasi, & barusan aja makan mie rebus. Woi [ELONG] semenjak puasa porsi makanqu tidaq terkontrol dengan baiq",0
pusing qlo gini pilih yang mana qlo gini (at pt airmas asri),3
doi liat tadinya mau di bersihin ama doi tapi tidak-enak kali ama yang lain,0
[username] [CAPS] [username] [CAPS] Makan kerupuk jangan berisik Pake celana jangan pas tidur Mata ngantuk tapi tetep asik Soale ada @8rianna_ di ini sahur [username] [CAPS] [username] [CAPS] #IniSahurTIKETCOMHariKe20,4
Jangan cuma nulis di sini. Ngomong sama si mulut jamban [username] [CAPS],1
"Giliran ke lantai produksi mastiin dan nanyain langsung apa yang mereka tulis malah digangguin,dimintain foto Yaampun [ELONG] mas mas pusing akutu Pengen cepet kelar terus balik jogja malah gini mmbbz [ELONG]",1
I am so fall in cinta with this song. Secara jatuh cinta mendengarkanya. Ternyata dirilis 2016 dan aku baru tau sekarang. [url] [CAPS] [url] [CAPS],2
[username] [CAPS] [username] [CAPS] Tetangganya lebih responsif ms. Walaupun tetap aja masalahnya ga diperbaiki. Yang penting pelanggan merasa dipedulikan dulu.,1
"[username] [CAPS] Min, akhir2 ini kualitas sinyal internet telkomsel di tempat saya, desa mlaran, kec. Gebang, kab. Purworejo kok menurun ya? Yg tadinya 4G jadi H+. Jadi mau browsing buka sosmed lelet sekali. Kasus ini juga dialami sama tetangga saya. Mohon info",0
"Cinta masih bergerimis di atap hati, menanti datangnya deras rindu membasuh jiwa. Bila kelak temali hati terjalin kasih, jangan biarkan terputus di ujung prasangka.",2
Kegiatan Ibadah Sholat Dzuhur uils [CAPS] Koja. Penerima Manfaat bersama Petugas Pendamping melakukan ibadah sholat Dzuhur berjamaah. Indahnya kebersamaan [url] [CAPS],4
"Jadi dulu pernah bilang gini ""Mas lu cuma maen2 doang ya sama gua? : ya kaga lah bege, kalo buat maen doang ngapain gua sampe nungguin lu bertahun2? rajin banget gua"" and finally putus2 juga wkwkw makan tuh",1
Hampir 7 taun di jogja. Skrng lagi packing perasaan kemarin udah di cicil di bawa pulang. Tapi tetep masih aja berasa banyak. Padahal bajunya itu2 aja.,0
"Kopi siang ini rasanya sangat pas, sperti saat kamu memilih pergi dengan dia yang kau rasa pantas, Namun meninggalkan luka yang masih sangat membekas.. Sperti sisa kopi ampas kopi",0
"Saya tidak perlu jadi siapa-siapa Tidak usah jadi siapa-siapa Tidak usah jadi apa-apa Saya cukup happy, saya cukup lega dan bangga Meskipun saya hanya jadi butir debu Yang menempel di tiang bendera nu [CAPS] Yang tidak sempat terusap sampai kiamat. (kh. [CAPS] Munif Zuhri) #nahdlatululama",0
"/rlt/ apa perlu pacaran settingan biar ga digangguin mantan terus? Asli ngeri aku dia masih upload foto berdua, dp ga ganti, tolong dong aku kudu gimana",3
"#RIPKate Spade (55th) Baru aja ditemuin meninggal gantung diri di aptnya sm pembantunya. Pdhl suaminy (andy spade) jg ada di dlm apt saat itu Y Allah Bhkn se sukses kate aja bisa gini, ngingetin kita buat lbh bnyk bersyukur n menikmati hidup Fix nanti pake katespade to honor her",0
"Udah ah makin ngelantur wkwk.. Pokoknya niatkan utk ga pake bulu mata palsu. Jgn khawatir bakal ada rintangan ini itu, yakin aja klo niat baik pasti Allah bantu. Smg segala niat dan langkah baik kita (termasuk ninggalin bulu mata palsu ini) Allah kasih ganjaran surga ya",4
"{mu} gaes aku td hbs pergi cuma pake bedak lipstik doang sih nah bersihin muka nya pake mc viva, mw pixy doang trus hbs tu pake toner viva. Gapapa kan ya klo gak cuci muka pake fw? Takut ke kmr mandi jam segini [EMOTICON]",3
"Sebel bet sama pak Sekdes, ribut [ELONG] minta dikirimi foto batik. [REPPUNC] Pas udah dikirim malah ga dibuka -_- [ELONG] 3, 2, 1 Males banget mau buka 47 chat yang lain ! [REPPUNC] terlalu banyak ! [REPPUNC] [url] [CAPS]",1
min [username] [CAPS] aku ngajuin npwp online 5x berturut2 kok ditolak dg alasan sama yaa.. upload ktp gagal. padahal waktu upload ktp sebelum kirim formuli sudah berhasil.,1
"Hati saya dipenuhi cinta kepada kau. Dan biar Tuhan mendengarkan bahwa engkaulah yang akan menjadi pendamping ku kelak, bila tidak di dunia, kau lah pendamping ku di akhirat",2
"Tunjukin barbuk dong kalau asn [CAPS] itu bermasalah sehingga harus diganti. ""Sodorin klipingan koran"" Udah pantes disebut Gubernur Magang ?",1
"Yg kemaren ngomongin sexual harassment siapa ya? Ternyata semalem bintang dangdut pujaan tanah air kena juga, sama pemain bola luar negeri terkenal yg main di Indonesia, Nah kalo ini yakin semua bakal belain mbaknya",1
"Ketika beliau menjadi Gubernur dki [CAPS] Jakarta, kegiatan blusukannya diikuti oleh para wartawan karena pada waktu itu dianggap sebagai sebuah hal yang baru dan unik sehingga kemudian dikenal masyarakat luas. #Jokowi2Periode",4
[username] [CAPS] Sukses dandim1621 tts tugas mulia brsama rakyat berhasil nambah kemajuan desa sukses pak babinsa met tugas mulia kian kuat tni brsama rakyat jayalah nkri,4
"Ikan lele, gabus, selar, teri basah adalah sumber protein yang baik utk anak. Digoreng, masak kecap, bumbu mangut, dst. [REPPUNC] enak! #cegahstunting #beriGIZIcukup #sayanganak",4
"Di malam 21 ini, aku berdoa, semoga apa apa yg overdosis di negeri ini segera kembali pada dosisnya apapun itu, yang sedang sedang aja, yang tengah tengah aja. Berlebihan itu ga baeek",0
"Wa [ELONG] pengen tapi tapi tapi ""ga guna"" (ga di pakai gitu sekarang mah) (@ Starbucks in Jakarta Barat, dki [CAPS] Jakarta)",0
"yaudah tuh mulai dari situ aku hopeless. pdhl niat aku tuh ngebahagiain diri aku sendiri dgn usaha aku sendiri. karena aku mikir, siapa lg yg bakal ngewujudin wish aku thn ini kecuali diri aku sendiri ?",0
Gatau tiba tiba gw takut aja kan ya pas nengok tau tau thomasnya ngajak gw ngobrol gimana ya Allah pengsan lah aq. Jadi gw balik aja deh bantalnya begini.,3
"Nasip w dan adek w hampir sama : kita sama2 ga niat daftar poltekkes, hampir mau cabut pas mau tes, ngasal isi jawaban, gada harapan mau masuk situ. Ujung2nya : keterima [EMOTICON] Cmn gue jurusan kesehatan lingkungan, dia kebidanan.",4
"Sekarang begitu liat temen-temen pada lulus malah nangis terharu. Seneng aja liat orang-orang bisa lewatin fase tersulit hidup lengkap pake rintangan dengan cara yang uniQ bgt. Maaf yah buat temen2 yg dulu pas sidang ditangisin trus bilangnya gue sedih Karena ditinggal klean :"""")",4
"[username] [CAPS] Kamu mending seperti [username] [CAPS] saja. [REPPUNC] kampanye nya 4 masalah saja intoleran, [CAPS] anti [CAPS] kebhinekaan, [CAPS] ormas [CAPS] radikal [CAPS] dan saya [CAPS] pancasila [CAPS]. [REPPUNC] wes ojok kakean macem-macem sebab tambah keliatan goblok [CAPS] mu bro.. [url] [CAPS]",1
Ini udah hampir akhir semester satu kalo gasalah. Disini temen temen deket gua gaada satu pun yang gua kasih tau. Gua bener bener mendem itu semua sendiri karena takut bakal kesebar.,3
gagal aniv yaks sabar yaw jangan galau,0
Pak [username] [CAPS] ini asli loh pak bukan editan [username] [CAPS] [username] [CAPS] [username] [CAPS] [username] [CAPS] om sesekali dong kupas persoalan di wilayah kami kok bisa bisa nya hukum dan keselamatan warga parungpanjang di nomor sekiankan.. Siapa sih om yg bermain di sini..? [url] [CAPS],1
iya barusan aku cek ternyata kakinya ada yg ngiket pake karet Tapi kira2 biaya ke dokter berapa ya? takut mahal. Misqueen aku nothing money,3
"Alhamdulillah wa syukurillah, puji syukur ke hadirat Allah swt [CAPS] atas limpahan rahmat dan hidayah-Nya kita masih diberikan waktu dan kesempatan untuk berbagi bersama teman2 yatim piatu di bulan Ramadhan dalam acara #MisezbogorOnRamadhan yang berlangsung pada hari minggu kemarin. [url] [CAPS]",4
"Ustad radikal ya radikal tambah lagi disuap itu maunya dia terbukti 1T Rizik cabul dapat setelah kerahkan 212 yg tolol, sekarang pendukungnya cm bisa gigit jari dibodohi imam cabul kabur ke Arab.., makan tuh janji sorga. [url] [CAPS]",1
"Trus pasti langsung diomongin ""selak tua"" ""cari uang ya bareng bareng sama suami"" ""itu bapak mama mu udah pengen gendong cucu"" ""belajar itu nanti pas udah berkeluarga, pasti tau"" ""itu si anu una unu udah pada nikah"" ""itu si bla bli blu anaknya udah 2"" Hmm yha. Mlipir.",0
"[Late Post] Mumpung cerah kita upload yg seger2 aja dulu, masih di sela2 penugasan, maen2 sedikit ke puncak Kelimutu. [REPPUNC]",4
punya tiket gratis nonton di blitz tapi tidak-ada yang ngajakin nonton ginidah angus,0
"Dia 30 tahun, dengan status kerjaan padat. Aku padahal udah mau 27(selo banget) cara ku biar di wa itu konyol abis sih haha. [CAPS] Tp it works, so",4
"[username] [CAPS] [username] [CAPS] [username] [CAPS] [username] [CAPS] Ayo viralkan adu ngaji Jokowi yg katanya tukang kriminal kan ulama vs [CAPS] Prabowo, calon dr Rizieq dkk, calon yg didukung partai Allah (ngakunya). Buat Prabowo jgn pura2 tuli yah. Dengar tuh tantangan jk. [CAPS]",1
"itu tim kru [username] [CAPS] juga kena hal hal yg serem ih ngeri yah, rajin rajin istighfar mba, saran aja sih #Trans7RumahUya2507 #RumahUya2507",3
"Begini kalo negara yg ngelola amatiran. Usulan siapa, yang nanggung siapa. Gw rasa surabaya bukan daerah miskin, hanya saja walikota nya berpikir rasional. [url] [CAPS]",0
"Membeli kolak untuk berbuka puasa. Biasanya habis tp td tida. Mau dibuang sayang, mau dibesokin takut basi. Teringat kt nyokap 'siapa tau berkahnya disuapan terkahir'. Akhirnya dg segenap jiwa raga kuhabiskan kolak tsb",3
"kalo sifat buruk mungkin bisa dirubah dengan bertambahnya umur atau berubahnya keadaan. kalo kebiasaan buruk mungkin sulit ya? karena semacam udah jadi hobi, gitu ga sih?",3
"waktu itu awal kelas 11, cuma karna duduk sebangku, gua bisa langsung deg degan dan jatuh hati selama 10menit, sama orang yang dulunya guaa kira freaky abis.",2
ni wasit kemarin kepemimpinan nya bagus sekarang apan!,1
[username] [CAPS] [username] [CAPS] Hai Rakyat ! Geruduglah kantor media dan pukullah wartawannya. Silakan. Itu tidak melanggar hukum kok [username] [CAPS],1
"Saya tidak mudah di jatuhkan hanya dengan omongan Manusia lemah yg terus mengeluh [EMOTICON] Jika anda ingin menjatuhkan Saya, Bersaing lah Di saat kau sedang malas malasan ada ratusan bahkan ribuan orang di luar sana yang sedang mencoba menyingkirkan mu",1
"[username] [CAPS] laporan saya sampai mana min? Uang sy yg sy transfer dan udah kepotong 5 juta, tolong balikan ke atm sy aja, karena uangnya buat tambahan biaya pengobatan, no laporan sy 11641708513",1
(2) awalnya kaget karena gak pny basic broadcast tp krn rasa ingin tau yg tinggi jadi deal nih apalagi salarynya Alhamdulillah utk sekelas penyiar. Hari kedua di studio sdh memasuki bulan #Ramadan dan totally lingkungannya syariah dan muslim banget. Awalnya maksain diri utk,4
"AkuMencintaimu Karena disisimu, sepiku hilang. Di sampingmu, aku terjaga. Dan bersamamu aku bahagia!",2
"[username] [CAPS] [username] [CAPS] Alhamdulillah, indonesia milik Allah.. kita juga sama.. semoga dengan rahmat Allah kita sama-sama dirindu surga. Hanya Allah, dzat yang tahu isi hati dan hidayah bagi yang senantiasa yakin pada Nya.",4
"Puasa tahun ini berasa banget kurang khusu, shalat tarawih sm ngaji bisa diitung jari berapa kalinya, padahal blm tentu tahun depan bisa ngerasain lagi ( *lagi curhat* *tapi tetep bukannya ngaji malah twitteran* :",0
"Alhamdullilah 3 point tandang, terima kasih [username] [CAPS] sehat terus [username] [CAPS] nuhun badag buat semua pendukung maung bandung resfect buat [username] [CAPS] #PersibDay",4
Ternyata aku bisa aja marah atau sebel ke orang-orang yg nggak tepat waktu. Sebel nggak bisa merubah mindset orang-orang tsb buat datang tepat waktu kalo bukan aku sendiri yg ngerubah waktu disiplinku.,1
keira knightleyy. [ELONG] biasanya gue ga demen cowo yg diem2 sok cool gitu tapi entah kenapa gerak geriknya mr. darcy ini kok bikin geli geli gitu ya hahaha,2
"Pulanglah. [REPPUNC] Pulang untuk mengisi peluk yang telah sekian lama sepi tanpa penghuni,Pulang untuk hati dan lekuk perasaan yang hilang tak kembali,pulang demi seteguk penghapus dahaga atas rindu Yang teramat sangat tak tercicipi.",0
"acuhkan aja orang yg berkomentar seperti itu, team T adalah team penuh dgn member yg bakal memberikan sinar kedepan buat jeikeitei, mereka itu kuat tangguh dan penuh warna. Percaya kelak team T akan berkembang jika bersama sama support antar anggota team. Kompak! [username] [CAPS]",4
"Iya yg diskrinsut itu mba boo. Para neto berhasil menemukan siapa org tersebut hanya bermodalkan gambar lengan wkwk. Iya sih mba, hal kaya gitu ga pantes dibuat becandaan",0
org yg gagal d masa laluny berarti org itu paling d benci allah itu hny prabocor krn otakny jg bocor bocor bocor pengikutny ap lg otakny moter2 [username] [CAPS] [username] [CAPS] [username] [CAPS],1
"Ya ngga lah ahahahaha Iya kalo wiraswasta agak susah. Kadang bagus, kadang tiba-tiba mati. Makanya harus hati-hati banget. Tp untungnya orang sekitar dan terutama istri gw keren sih. Toko gw jual duren, karena mau lebaran jadi jual kue. Yang pent",4
"Ini karena deket2 masa pengenalan kampus kan rame grup gue, terus gue jadi takut sendiri denger notif grup atau geter masuk pesan. Ga tau kenapa huhu",3
"Eh tapi numbuhin brewok juga buat nyenengin diri sendiri sih, compliment dari sesama cowok bonus lah. Tapi ga dirawat dikit langsung tumbuh liar atau gatel banget",3
"Woy. [REPPUNC] Lu ikuti imbauan agar jgn panggil kami, Jokower dgn sebutan ""cebong"", nurut dong Ok. Tapi kalo panggil cebong di kolam dgn sebutan #AnakKodok dilarang gak? Gak lah, cebong asli gak bakal kesinggung Baiklah klo gitu, Dok Nah gitu dong! Eh, Dok apa? Kampret lu!",1
"Allah tau apa yg terbaik buat aku, Allah tau siapa aku, Allah pun tau nanti aku akan seperti apa. [REPPUNC] Dan tinggal usahaku seperti apa untuk merealisasikan hal itu semua. [REPPUNC] selalu berlindung dalam naungan-Mu Ya Allah",2
"Untuk cegah radikalisme? Mohon deskripsikan dulu batasan radikalisme. Kalau batasannya berupa kriminalisasi ajaran Islam, itu namanya radikalisme Sekuler. [url] [CAPS]",1
"Ensenang Indramayu Pakdhe [username], [CAPS] Semoga ada pintu tol yg dekat dgn pusat kota Indramayu untuk mempermudah mengakses Tol Cipali. Indramayu dilalui tol Cipali tapi warganya sulit untuk bisa menikmati. Last but not least, aja klalen mangan Pindang Gombyang Ndas Manyung, Pakdhe. [url] [CAPS]",4
"Mak Lampir dibully karena memberantas nyamuk yang tidak pernah tuntas dan selalu gagal menyelamatkan sang penguasa akan tetapi selalu tampil seolah-olah apa gicu, [ELONG] padahal kita semua sudah tahu dari dulu bahwa. [REPPUNC] ah [ELONG] sudahlah. [REPPUNC]",1
"cinta itu aneh, semakin kamu berusaha menghapus dia dari hatimu, semakin sering dia muncul di pikiranmu.",2
"Bisa gak si ego u di kurangi dikit, w gabisa kalo gini terus :"""""" minimal sampe kerjaan ini kelar aja, abis itu u slamanya gamau ktmu w jg gapapa",1
ini udah masuk ke proses penjualan. [REPPUNC] Tapi pas dibuka detail ko malah gini? Apakah produk sedang diproses atau diproses tgl 11?,1
"[username] [CAPS]. [REPPUNC] Harga sepatu saja 13,6 jt. [REPPUNC] Gimana mau bicara rakyat miskin. [REPPUNC] ! [REPPUNC] Harga sepatu 13, 6 jt. Itu = 6 x rata2 umr [CAPS] /bln Rakyat. [REPPUNC] Masih mau ngomong kemiskinan Rakyat. [REPPUNC] ! [REPPUNC]",1
"00.15 Kalo lagi laper jam segini di jakarta gampang nyari makan, sedangkan disini? Ada makanan sisa buka aja udah bersyukur Dan iya, gue laper sekarang",0
Yang paling ngenes ketika sampai parkir stasiun lalu krl [CAPS] arah yang saya tuju datang tapi karena jarak parkir stasiun Ke krl [CAPS] perlu waktu 3 menit alhasil ketinggalan kereta,0
"Nyari capung bareng temen pakai sapu. Dapat capung, capungnya ditusukkan ke lidi. Lalu dibakar rame rame dan dimakan. Katanya bikin sehat #OldMoneyGakNgerasain",4
"Harusnya kamu bahagia Kayun, karna khia sudah merelakan ngetag Kayun, meluangkan sedikit waktu untuk mengingat Kayun, tp kayunya bukanya seneng malah begitu, kaya ada sedih sedihnya gitu wkwkw",0
"Kurang lebih begitulah isi surat Adipati Karna untuk istri tercintanya, Dewi Surtikanti. Memang tidak seterkenal yang lainnya tapi baik Adipati Karna maupun Dewi Surtikanti cinta mereka sangat besar dan hanya Dewi Surtikanti yang Adipati Karna cintai sampai maut menjemputnya.",2
"[username] [CAPS] [username] [CAPS] Setuju, ajarkan kedamaian dan sampaikan pemahaman isalam sebagai agama sempurna dalam mengatur hidup di dunia hingga akhirat. baik dalam adab individu, masyarakat dan bernegara. Allahu a'lam",4
"Pola tidur w berantakan yawla~ [ELONG] sejak hari minggu yg lalu ampe tadii~ baru bisa bener2 merem kalau abis sahur, dah itu j set8 musti bangun buat kerja~",0
"Langkah kaki datang dan pergi Kini tak ada lagi Sisa air mineral dalam botol Tak tersentuh lagi Bangku antrian yang kosong Tak berpenghuni Melihatmu datang dari ujung koridor Berjalan tegap dan cepat Mata mu bersinar senyummu berpendar Aku tahu kamu rindu, begitu pun aku!",0
"Waktu kecil tiap diingatkan tentang ikhlas, selalu jawab ""iya pak/buk"", dan (merasa) sudah ikhlas. Makin kesini makin sadar, bahwa keikhlasan itu berat, dan tidak selesai hanya dengan mengucapkan kata ""iyaa"".",0
"ketika idung nyium bau bau gaenak lalu temen yg rumahnya lumayan jauh ngechat di wa ""kalian nyium bau gas ga ?"" njir [ELONG] [CAPS] iya [CAPS] ini [CAPS] bau [CAPS] gas [CAPS] ini [CAPS] bukan [CAPS] gas [CAPS] beracun [CAPS] kan [CAPS] huh [CAPS] ? ko [CAPS] jadi [CAPS] parno [CAPS] sih [CAPS]",3
Ngeri banget! Gelombang dengan ketinggian hingga mencapai 7 meter menghantam wilayah pesisir pantai selatan Pulau Jawa.,3
Yoongi [ELONG] Kangen banget ampe atit nih akunya [ELONG] akirnya update uga.. makin putih ya [ELONG] ga pernah keluar kamar keknyaa selama summer ya.. [ELONG] sayang anet ama yoongi [ELONG]. [REPPUNC],2
"Yang pengen S2 tapi terasa sulit sekali menggapainya. Yang sudah dapat anugrah jalan mudah untuk S2 malah nggak mau. Ya Allah, kok begini dunia ini Engkau ciptakan?",0
"[username] [CAPS] kyk gk mkin harga segitu om..gw yakin di range 15jt an, cuma gk lebih dr 20. habis liat reviewnya gadgetin..dan peminatnya mkin hanya sedikit..lagian game2 mobile gk bnyak jg yg bagus masih bs dihitung jari..org normal mending beli ps4 [CAPS] atau build",3
"Sama seperti seorang putri mencium katak untuk merubahnya menjadi pmarahan tampan, aku mencium bantal seriap malam sebelum tidur, dan berharap itu akan benar-benar berubah jadi kamu. Aku cinta kamu Nda.-D-",2
Tuhan terima kasih sdah mengirimkan org yg bsa sya bantu Ajar trus sya buat jadi org yg brnilai dan memiliki generosity mindset,4
"[username] [CAPS] Udah gitu dari sananya hyung hahaha suka saling bully, yugyeom kan emang usil ke semua tapi sayang sama hyung nya, kalo gue suka di ganggu karna paling serius kayaknya yang lain kan masih ikutan lawak, mungkin begitu hyung gatau detailnya",4
[username] [CAPS] Sukses Tim Ombudsman ri [CAPS] dalam segala hal dan mohon kebenaran fakta ditindak lanjuti dengan serius dalam Tempo sesingkat2nya serta tidak menjadikan banyaknya permasalahan membuat menunggu lama sehingga seolah2 mirip dengan penundaan berlaru,3
"Logika nya, ketika rumahmu diminta untuk menampung orang yang belum kamu kenal selama 40 hari apa gak takut dan tidak nyaman? Kalo saya sih takut dan tidak nyaman walaupun ada surat rekomendasi. [REPPUNC]",3
"Jika sayang orang tua, taati Allah, maka orang tua kita akan dihappyi Allah, disayang Allah, itulah sebenar-benar balasan kita pada orang tua #JumatBerkah",2
"Dulu pernah depresi karena sering dihina oleh orang terdekat, suka dibully, broken home, dan minder serta punya hasrat sexual yang kelewatan tapi gak bisa nyalurin karena takut dosa. Kayaknya aja biasa aja tapi serius! Gak ada arah hidup. [url] [CAPS]",3
Saling menyalahkan dan mencari pembenaran sendiri apakah itu bijak Hal ini biasa karena basis suporter jg besar di tmbah provokator yg anjing #pantangmunsur #jakmania,1
Keresahan yang terus mencari pelabuhan dan pemuas. Keresahan yang terdalam akan Seniman Agung. Semoga segera mendapat pencerahan yang sejati. [REPPUNC],0
"Akhirnya, si laki2 menawarkan poligami. Awalnya baik-baik aja karena adil, tapi lama2 hati istri pertama selalu diperlakukan tidak adil, terutama oleh ibu dari suaminya. Istri pertama minta pisah tapi suami gamau memisahkan. Si istri pertama selalu ditindas.",0
"Selagi aku masih baik,silahkan datang dan pergi seenakmu saja,tapi ingat suatu saat aku akan berubah drastis,jadi jangan tanya kenapa aku berubah,tanyakan saja kepada dirimu sendiri [EMOTICON]",0
"Kayak tudey. [REPPUNC] abis dikabarin Ibu bakal telat transfernya krn ada satu dan lain hal.. tp di satu sisi saya lgi byk keperluan.. tp yaudah, sy cm bls ""gapapa bu santai aja"" Eh, mashaallah dah malem ini tbtb rezeki masuk ditransfer dosen :"")",4
[username] [CAPS] Mengajari doi matematika dan fisika. Kimia juga. Lalu menyemangati doi ketika uh. Bahkan ketika bersama pacar rl nya. Bertemu dengan doi yang cuman satu setengah jam. hm. [ELONG] [CAPS] Masa lalu.,0
Kemudian browsing dan ada nemu modus penipuan oleh orang yg mengaku bernama Indra Gunawan dari call center Gojek. Namanya sama. Suaranya sama. Wo [ELONG]. [REPPUNC] nipu kok namanya gak ganti,1
Mati lampu dirumah uda ky kuat2an ga keluar kamar buat nyalain saklar wq. Sumuk. Tapi aseli demi liga la familia-yg-ga-betah-panas-kudu-turun-nyalain-saklar-gelap2an.,0
"liat abang gua digituin jd gamau punya temen nanti pas kuliah :"" pdahal niatnya mau banyakin temen tp sekarang jadi takut banget bener2 takut [EMOTICON]",3
"Setuju bgt sama ko ernest. Karena setelah beberapa bulan baca story di ignya @/catwomanizer ternyata banyak bgt perempuan sama laki2 yg gaberani ngomong kalo mereka dilecehkan, dan jatohnya jadi trauma seumur hidup lho. Ternyata ini nyata, bukan rekayasa. Serem bayanginnya",3
"[username] [CAPS] [username] [CAPS] Cerita satinah satu ini kayaknya emang 'beda' yaa.. Hampir semua reply bilangnya sama, degdegan, sampe ga berani biarpun cuma liat. Sampe sekarang aja aku gaberani liat pic nya.-.",3
"Beuh krl [CAPS] jkt [CAPS] -cikarang [CAPS] mah jangan ditanya lagi penuhnya. Sesak bro Petugas kemana? Penuh sesak gitumah ga bisa jalan kesana-kemari atuh petugasnya lapor gimana? Klo da pelecehan hajar ja ditempat ja pelakunya, biikin rame dulu.",1
"Dilema baru : Pengen ikutan reuni sma, [CAPS] tapi gak pengen bikin janji juga, tapi klo diem2 aja dikira gak kangen ma temen2 lama, tapi klo beneran gak bisa dateng yg mana bukan kemauan gw, gw bakal dikucilkan di kelex dan dicap tukang php [CAPS]",0
Dari zaman sd [CAPS] juga temenku cowok nih salah satunya yang dulu suka main sampe desa sebalah yang nyebarang kali wkk dan entah suka bikin prakarya padahal berantakin rumah dan sampe jualan lotre yak dulu wkk pen ngaqaq kalau inget ini [username] [CAPS],4
"Aku telah jatuh sakit dengan penyakit yang membuatku jatuh cinta pada dirimu. Aku berharap ini menular, sehingga kamu juga akan jatuh cinta padaku. Aku cinta kamu. -D-",2
"Pas Sma kalo pelajaran berikutnya bindo, ngibrit ke kelas bindo, cepet2an ngambil kursi paling belakang gurunya serem wkwk [url] [CAPS]",3
iya rebutan colokan pada penuh semua [EMOTICON] dibis karokean tuker2an cemilan wkwk,4
"Sejujurnya gue suka rujak cingur tapi gue gasuka cingurnya. Jadi kalau pesan rujak cingur agak aneh ""Bu saya pesan rujak cingur cabe 7 tapi nggak pake cingur"" dan selalu diikuti dengan keheningan antara gue dan ibu rujak cingur. [REPPUNC]",0
Kan yg goblok lu dan sejenis lu kenape the jak di bawa2.. payah deh ah isi sepiteng [username] [CAPS] [username] [CAPS] @_AwayDay [username] [CAPS] [username] [CAPS] [username] [CAPS] [username] [CAPS],1
"#Bali, tunggu koko lagi ya. Koko bakal balik lg dan tinggal lbh lama d sana. Balik Jkt bgt nih ceritanya? Hmm.. baiklah. #InstaBali #KangenBali",0
Akhirnya selang beberapa lama gw kalah juga. Lebih tepatnya mengalah. Karena setelah mundur beberapa langkah kebelakang. p.o.v [CAPS] nya lebih clear dan gw bisa analisa lebih fokus. And well shit. Evidence nya selama ini terpapar di muka. Cuma gw ny aja yg bego ga sadar,0
"Kalo nanggung kea skrg itu lebih betein ketimbang pas pendek. dulu yes, sekarang no. mungkin ngambek selalu dipotong. udah 3 tahun gapernah lewat sebahu and u ka [username]? [CAPS]",0
"[username] [CAPS] Sebenernya jika seorang kepala daerah jadi presiden atau wapres, itu artinya dapat amanah lebih besar. Tapi beda dgn Jokowi. Sebelum Jokowi maju di 2014, pdip [CAPS] dan Gerindra sepakat dukung Jokowi lewat perjanjian Batu Tulis. Jadi majunya jkw [CAPS]",1
"bpip [CAPS] itu : Badan Pembeking Instruksi Presiden Gak perlu ada bpip [CAPS] sebagai Pembina..apakah orang2 di bpip [CAPS] itu sdh super Pancasilais? kita tau semua apa yg di ucapkan dari mereka, dari ketuanya dan anggota2nya,sdh Pancasila kah ? mendingan uangnya utk mengefektifkan guru2 di sekolah",1
"Alloh itu maha baik dan maha romantis. Kalo Dia bilang ""tunggu"" jangan lah memaksa, bersabarlah, tawakkal sama Alloh. Ketika Alloh berkehendak semua terasa bikin merinding saking romantisnya..",2
"Terimakasih buat semuanya, saya sayang kamu sungguh. Saya gak pernah nyesel 1 detikpun bisa ketemu kamu. Yg ada saya bersyukur, kamu bener2 kaya cahaya dihidup saya, makasih baby",2
"Apa aku tak merepotkanmu, sensei? tanyanya khawatir. Hifumi pun mengambil sandal lalu memakainya, masih sedikit kebesaran tapi tak apa. Toh hanya sandal rumah.",3
"Bersama peserta dari agats, indahnya budaya indonesia",4
"[username] [CAPS] Karena mereka memegang peraturan, yang kebanyakan nasabah tidak mengetahuinya. Kesel sih. Dulu pernah gagal klaim asuransi axa [CAPS] Mandiri 2x juga gara-gara ada klausul yang menurut saya sedikit aneh.",1
"Selamat tanggal 26 mas. makasih juga [ELONG] sabar terus sabar teruss [ELONG] sama akunya, jangan capek capek sama aku, selalu ingetin aku hal hal baik ya, aku juga sayang kamu [ELONG]",2
Dikasi presiden jujur nolak. Dikasi presiden ga jujur ga humble juga nolak. Mau lu apa? Apa perlu jama orde baru di buat lagi? Biar pada ngerti lu semua yg bisannya ngelu minta presiden di ganti.,1
"Tapi. [ELONG] Entah kenapa akhir akhir ini ada rasa takut banget, takut karna abis lulus ini bisa ga sih berjuang sendiri, nyari kerja sendiri, mulai benahin diri sendiri dengan ngurangin minta ini itu ke ortu",3
"Tau aja urang paling lemah kalo berhadapan sama si nadia sayang banget akutu ga bisa nolak maunya bocah satu itu, nad im gonna miss you so badly",0
"#SalamSaum Kita harus bangga [username] [CAPS] kembali meraih opini Wajar Tanpa Pengecualian (wtp) [CAPS] dr bpk [CAPS] thn 2017. Keberhasilan ini merupakan kerja keras kita smua utk mewujudkan Kementan yg bersih, berintegritas serta berpihak kpd petani &amp",4
Gue masih bisa sayang sama lo dengan layak tanpa lo harus tau apapun tentang gue. Kenapa gue harus merepotkan diri kayak gini? Padahal ikut campur itu gak ada dalam skill yang diperlukan,2
"Abg yg doyan ngerumpi, kalau gak nyinyir ya bikin gosip tanpa fakta. Korban gosipan terakhir pertemuan Prabowo-Amien-HRS, ikut hadir di Mekkah juga nggak eh para abg ini yg sibuk bikin kesimpulan 'gatot'.",1
[username] [CAPS] Wah bagus deh itu yg mau duet juga yg udah legend. Btw mereka ada ngomong mau dueg itu dimana dan kapan? Iya sih. [REPPUNC] cuma takut suara dia jadi rusak/berubah gitu karena salah teknik,3
amin amin mba dew [EMOTICON] sudah lama sekali tidak-merasakan sensasi lahiran jadi tidak-tahu ini sudah sampai mana progresnya hehe,4
"q takut nanti d banding2ngin antara satu dengan yg lain,cz q tau gmn sifat masing2 org d sna. [REPPUNC] klau sampai itu terjadi jgn slhkan q klau tak bawa pergi. [REPPUNC]",3
"Saat kita lagi euphoria gitu, si bapak bilang. 'Kalian ini, tukang bikin masalah..' pake nada bapak2 yg habis marahin anaknya krn minta jajan, tp tetep dibeliin. Kebapakan banget pokoknya. Kita cuma ketawa gugup. Lalu temen sempet keceplosan 'maaf bapak, kita sebenernya takut'",3
"Mbak bulan oh mbak bulan, datangnya skrng aja ya, jangan tgl 9 seperti biasanya, kalo kamu datang sperti biasanya, nanti kemungkinan ikut sholat iednya 50:50 mbak bul,",3
Dia hargai aku sbg bakal masa depan dia. Aku sayang dia. Dunia akhirat.,2
inshallah kalo gua ada rejeki bisa foto bareng tom gua ga bakal kasih aturan ini itu ina inu ribet! gua post kesini bukan buat pamer tapi berbagi kebahagian jadi croplah komuk gua sesuka hati anda [url] [CAPS],4
"[username] [CAPS] [username] [CAPS] [username] [CAPS] [username] [CAPS] [username] [CAPS] [username] [CAPS] [username] [CAPS] [username] [CAPS] [username] [CAPS] [username] [CAPS] jangan goblok2 amat bos diketawain kirik. [REPPUNC] nu [CAPS] itu nahdlotul ulama kyai staquf pengurus NU,cebong benci islam?hello [ELONG]. [REPPUNC] cebong",1
"Eheheheh ini apasih dari minggu kemaren tema semesta saya soal nikah. Ga kepemgen sih,tp ya kalo diliatin mulu soal yg begitu, kan saya jadi kepo. [REPPUNC] ternyata. [REPPUNC] seru juga kalo diliat",4
"cewek suka bola itu dimata cowok cantiknya nambah, biarpun matanya panda",2
"[username] [CAPS] Untuk kesekian kalinya,ga sepaham sama akun anonim ini Sudah mulai kebablasan dalam kebebasan berargumen Banyak hal yg dikritisi namun ga pake nalar dan hati nurani Awalnya saya tertarik dengan tweetnya,makin kesini makin ga punya kontrol..ah",1
"Sungguh [username] [CAPS] adalah rahmat bagi seluruh umat. Jangan dikotori dengan tindakan fanatik berlebih. Tunjukan bahwa kita adalah pembawa kedamaian di muka bumi. Mie sedapmu adalah untukmu, dan Indomie ku adalah untukku. [url] [CAPS]",4
Asek [ELONG].. dpt oleh2 dari best paper euy.. nuhun mb Jatu,4
Mardani & [username] [CAPS] mingkem [CAPS] tidak [CAPS] bisa jawab [CAPS] ! Makanya Masyarakat cerdas [CAPS] #JanganPilihPartaiOposan menyesatkan [CAPS] ! [REPPUNC],1
"Perjalanan kali menuju ibu kota kali ini ditemani oleh 2 teman saya, sayang sekali mereka sudah nyaman dengan kursi alhasil perjalanan terkesan membosankan",0
"Kasih sayang Mu tiada bertepi, Walau aku sering melupakan Mu Walau aku selalu melakukan kesalahan Tapi tangan Mu selalu menerima diri yg hina dan bodoh ini",2
"jangan lupa jaga kesehatan, jangan keseringan begadang, makan sayur, kalo udah selesai kuliah/sekolah, langsunh pulang, jangan suka keluyuran, ibu khawatir.",3
"keren ya jalan kemana mana sendiri, mandiri bgt.. keren ndasmu, emang lg ngga ada temennya aja. kalo ada yg mau mah, sekelurahan juga ayo aja",1
[username] [CAPS] [username] [CAPS] Sukarno yg bubarkan Masyumi lai jaleh dek ang jiang. [REPPUNC] Masyumi vs pki Sukarno bela pki Zaman si jok atau bosnya mega anak sukarno Bubarkan hti [CAPS] alasan [CAPS] sama [CAPS] waktu [CAPS] bubarkan [CAPS] masyumi [CAPS].,1
Baru dengerin dengan seksama lagu nge hits di Tik tok. 'Aisyah jatuh cinta pada Jamila'? (Bener gitu?) Ets jan lupa *dua jari dua jari = empat jari,4
[username] [CAPS] Selamat Siang Sahabat Pos. Mohon maaf baru dibalas. Kiriman tsb sudah diterima ya sahabat. Terima kasih telah mempercayakan dan menggunakan layanan kami [EMOTICON] ^fd [CAPS],4
"gila takut banget gue kaget gitu gue sampe loncat larinya kaget bat. hufh tapi abis diluar gue minta temenin satpam. satpam nanya kenapa emang, gue bilang pintunya ga bisa dikunci. alesan doang gue takut kalo ngomogin langsung soalnya gais. hufh. -end- [CAPS]",3
"wanna one, kami tetap disini. di tempat ini. cinta dan dukungan kami tidak akan pernah terhenti dipenghujung tahun. kami akan terus, tetap, selalu mencintai dan mendukung kalian.",2
"Lu pasti kaget kan knp gua bisa sayang sama lu? gua jg gatau wkwk padahal gua baru juga putus yekan? tapi lu tau sendiri kita deket udh lama, udh sering tuker pikiran, pendapat dan gua mau sekarang kita tuker perasaan",2
"Mbir, udah dibilangin kan, gada orang lain yang akan memperjuangkan hidupmu, selain dirimu sendiri. Jadi gausa berharap ya, biar ga kecewa [EMOTICON]",0
"huwawawa [ELONG] tanoshimidesu [ELONG] ! [REPPUNC] tapi memang aku pribadi sayang bgt dgn circle ini, jadi a [ELONG] *creyong* kita gambar karena suka, dan udh seneng bgt kl mez jg suka dgn yg kita gambar, jd jgn khawatir dgn kurang kontribusi dan sbagainya",4
Klw blm knl hayu trus ngajakin tmuan giliran udah kenal puas ninggalin lagi aja Ntr klw lagi butuh nongol lagi hadeh loe kira gw boneka sesuka hati loe,1
"dulu liat video ini di tipi biasa aja. Skrang abis mantengin ni video di yutub, ku merasa ini video klip kocak banget. Lucu energik, gokil, bagus lah. Apa gara2 skrang tdk ada penyanyi solo wanita yg bikin video selucu pinkan? Btw, where is pinkan mambo? [url] [CAPS]",4
indonesia [CAPS] milih [CAPS] artis [CAPS] ga [CAPS] difilter [CAPS] dl [CAPS] apaya [CAPS] kok [CAPS] bs [CAPS] ada [CAPS] org [CAPS] kek [CAPS] yonglek [CAPS] gini [CAPS] banyak [CAPS] followersnya [CAPS] apa [CAPS] bagusnya [CAPS] sih [CAPS] gmn [CAPS] mau [CAPS] maju [CAPS] coba [CAPS] indonesia [CAPS] ya [CAPS] allah [CAPS],1
"Perempuan2 yg bilang ga mau pacaran krna dosa, mau lsg dinikahin aja, dihalalin mana sinii, biar gw suruh ngobrol sama yg makan ati [ELONG] krna nikah gak cintaa, kasian nangis sndirian, temenin giihh..",1
"Yallah. [REPPUNC] yaallah. [REPPUNC] w mau scrolling ig aja ngelag, kea buka pake internet e [EMOTICON] lorer aja dah ah. Kok gue akhir2 ini banyak merasakan ketidakstabilan sistem ig yah. [REPPUNC] ntut amat ngomong apaan gue",1
"Sekitar jam 20.00 hari ini saya naik trans jogja dari jalan kaliurang (depan dd) [CAPS] ke bandara, di dalam trans cuma ada ada saya sama seorang bapak, sumpah suka banget sama pelayanan mas-masnya. Udah ramah, senyum dan ga sungkan ngajak ngobrol para penumpang. Salut [username] [CAPS]",4
"Jika Engkau menolak sebuah ketulusan, Janganlah kau menolak, [ELONG] karena jika engkau menolak mungkin dia hanya senyum saja atau diam menganggukkan kepala, namun seseungguhnya dia tak marah melainkan sedih. Jika engkau buatnya sedih Niscaya akan sulit lagi datang ketulusan, [ELONG]",0
"Ketika lu menganggap ""sexual harrassment"" itu wajar. Berarti lu l*nte. Alias lu seneng kalo ada yang ngelecehin lu. [REPPUNC] Via vallen speak up itu udah tindakan yang paling bener menurut w. Sebagai warning ke laki2 lain, nggak semua cewe bisa diperlakukan begitu. #speakup #timesup",1
"aku tak' ingin menggenggammu seerat itu, jika kau adalah sebuah harapan, akan kusederhanakan dengan caraku meminta kepada tuhan [CAPS]. [REPPUNC] [url] [CAPS]",2
"Karena kita kerap meletakkan seluruh angan dan harapan akan kasih sayang, bukan pada Sang Maha Pengasih, dan Penyayang. Itu sebabnya, tak habis-habisnya kita (merasa) dikecewakan.",0
percuma balik jakarta bilang juga tidak-ada yang mengajak main! pas di jogja saja banyak yang ajak main pas saya disini mana bacot kamu doang!,1
Setuju. [REPPUNC] Apalagi bisa di buang ke tempat sampah sesuai dengan jenis nya. [REPPUNC] Kayak sampah daur ulang dan sampah yg tidak bisa di daur ulang. #lifeatAPRIL [url] [CAPS],4
"[username] [CAPS] [username] [CAPS] [username] [CAPS] [username] [CAPS] Gak usah heran Bu,yg buat kebijakan dan jdi presiden skrg satu partaimu bersama pemimpin partai sang nyonya besar..",1
"[username] [CAPS] Pas cerita ke pak puh (bapak sepuh/masnya bapak) yg emg bisa liat, beliau langsung ikut ke kosan, pas diliat ternyata emang 'ada'. Nongkrongnya di depan gudang [EMOTICON] tp ga bilang wujudnya gmn hmm",0
Baiknya Gubernur Anies Baswedan dimosi tdk percaya biar lengser [username] [CAPS] ! [username] [CAPS] [username] [CAPS] [username] [CAPS] [username] [CAPS] [username] [CAPS] [username] [CAPS] [username] [CAPS] [username] [CAPS] [username] [CAPS] [url] [CAPS],1
Akhir akhir ini sering nntn 86 kok makin seru ya. [REPPUNC] finally gw mikir trnyata serunya ya krna waktu proses pnangkapan berbagai kilah yg dikeluarka sama tersangk itu ya konyol2 semua kwkwkwk,4
"Terimakasih ibu,sudah mengajarkanku membagi cinta kasih untuk orang lain. Tanpa memandang dan membanding. Dan itu semua berjalan dengan baik seiring dengan doamu. Kubalas semua dengan tangis haru dipipimu nanti.",2
"Bersandarlah di pundaku sampai kau merasakan kenyamanan, karena sudah keharusan bagiku untuk memberikanmu rasa nyaman",2
"[username] [CAPS] Gue liat mb2 spj yg bajunya ngetat dan diatas lutut aja kaya bersyukur ""yg pakeannya terbuka gitu aja masih ngejalanin kewajiban masa gue lewat sih"" semacam ter-courage gitu",3
"Tadi aku happy sekali ke one fifteenth cofee, inet cepat, ada colokan, ngerjain inter dengan damai. Pantes pada betah di coffee shop lama lama.",4
tolong bantu saya [username] [CAPS] Kenapa ya lptop saya sudah 2 kali kok gabisa buka dokumen pasti not responding.pdhal sudah pernah dibawa ke hp center smg. Apakah lptop saya termasuk produk gagal atau gimana.beli 11 maret 2018. Dan kalo gini trs kan jd jgkel sndri.,1
"Hijab adalah tanda bukti kasih sayang Allah swt [CAPS] kepada wanita. Allah swt [CAPS] menciptakan wanita dengan keindahan yang sangat sempurna. Semua tergantung kepada kita sebagai wanita, mahu menjaga keindahan yang Allah beri atau menghancurkan keindahannya. [url] [CAPS]",2
Kalau ada yang paling saya inginkan dari seseorang yang saya sayang adalah waktu dan juga kesabaran. Saya tidak begitu peduli soal sebanyak apa dia bisa memberikan materi juga janjibila dia tidak bisa menyediakan waktu dan tidak mampu menghadapi kelemahan saya. -falafu-,2
"Udah hampir seminggu. Tiap sahur harus dibanguninnya sama mamah. Alarm cuma matiin doang, kalo telpon mamah dimatiin sekali ditelpon terus sampe bangun. Untung dia sabar.",0
"Ternyata ""kau"" adalah alasan mengapa aku rela begadang, hingga rehat larut malam. Meski mata mulai berproses membentuk lingkaran hitam, ia sama sekali tak kupedulikan. Mungkin rinduku terlalu dalam atau kau yang memang hobby ketiduran. Menjengkelkan, tapi aku sayang.",2
Rasulullah.SAW Dan para Sahabat kenapa ga Kaya? Padahal Allah.SWT bisa memberikan harta yg byk utk mereka.karena pas saat mereka berkuasa.. Karena harta itu sebuah Cobaan bukan sesuatu kebaikan Allahualam,3
"Kita masih mampu beli ini itu liburan dg uang halal kami mbak.. Buat apasih korupsi uang haram mah, anda bertindak sedemikian dan anda memandang org lain sprti anda? Anda salah besar mbk.. And the last, Everything will come to you in the right moments",1
haha iya deh sudah tidur saja [EMOTICON] bagen sehat wkwk,4
Kalaupun fansite ngejual hasil jepretan mereka toh uang nya lari ke idol juga. Beliin mereka hadiah dsb kan. Kpopers baru ya? Fansite udh ada dr jaman kamera belom sebening skrg!,1
"Pembangunan Infrastruktur membuat rakyat merasakan hadirnya negara dalam kehidupan. Tak lain karena kerja nyata pak [username] [CAPS] selama 3,5 tahun memerintah. Kedepan.. #2019TetapJokowi #2019TetapJokowi #2019TetapJokowi #2019TetapJokowi #2019TetapJokowi #2019tetapjokowi [CAPS] [url] [CAPS]",4
"Enak ya metal bong. [REPPUNC] Bobok di hotel prodeo Di pecat Mak Mega Hahahahaha Makanya jangan sok metal lo Kelar hidup lo. [REPPUNC] Terjerat ott, [CAPS] pdip [CAPS] Pecat Bupati Purbalingga [url] [CAPS] lewat [username] [CAPS]",1
"Otomatis lahh gue marah, gue jelasin juga ke temen gue kalau gue gak ada sedikitpun niat buat ngerebut pacar temen gue sendiri. Keak gak ada cowo lain aja, hih.",1
"Lega banget bisa ngelepas rindu yang sudah sangat mendalam, yaa walaupun cuma jemput kamu di stasiun dan mainnya cuma dirumahmu aja. But, for me it's been very happy",4
ampe kalah awas kamu ya,1
"Kita berteman beda genarasi. Asiknya kita yang tua berasa jadi muda, dan mereka yg muda belajar membahas hal-hal serius dalam masa depan. Kita berteman se asik #HonorIndonesia meskipun kadang harus mrnghadapi sifat kekanak-kanakan mereka. [url] [CAPS]",4
"masih ditemukan harimau jawa di kampung halaman saya (saksi terpercaya) dengan semakin menurunnya jumlah makanan (kijang yg banyak diburu, juga kepemilikan senapan, saya kuatir lambat laun akan bergesekan dengan manusia [username] [CAPS] [username] [CAPS]",3
"ayahku mau ke bali dan td aku kabarin ttg ini. trus ayah bilang ""kalo ayah wafat doain ya, blabla"" sumpah aku jd takut bgt sm yg namanya meninggal.",3
"Aku tidak meminta kau hadir dlm hdpku, tapi tuhan mempertemukan aku dan kamu. Aku tdk berharap lebih darimu, kau memberi harapan dlm hdpku hingga aku bs menerimamu. Tapi saat ini kau meninggalkan aku seorang diri tanpamu.",0
"[username] [CAPS] Aih, serem n sayang amat. [REPPUNC] Klau tetangga sy, kecelakaan tunggal di daerah pulogebang, katanya krn lelah gitu, pas belokan jatuh, situasi ad pasir n ad truk, lukanya smp kelihatan dagingnya. [REPPUNC] Trus dy ditolongin sm tmnnya yg jg bw motor. [REPPUNC] Hti2 d",3
Bagi rapot itu batin haha misalnya nih indikator kepercayaan diri teman kecil perlu dibimbing lebih baik lagi. Di satu sisi ini jadi pengingat dan cambukan kalo aku pun krisis kepercayaan diri hehe,0
"Aku sama kayak kamu btw trauma sama laki-laki karna ayah. Semenjak lulus sekolah aku puber suka cowo lah, cowo deketin aku lah segala macem. Aku kira trauma ku sembuh tapi berkali-kali aku dikecewain laki-laki",3
"All We Know of Heaven, All We Need of Hell - pvris [CAPS] (2017) Gue ngikutin pvris [CAPS] dari awal, gue rasa album yg skrg lagu2nya lebih mature, sangar, dark, tp fragile. Konsep keseluruhan album + mv + dll nya keren parah. W suka lagu Mercy, Anyone Else, sama Winter [url] [CAPS]",4
Seperti ini sudah hampir 2minggu [username] [CAPS] [username] [CAPS] Apakah ini pelayanan yg anda berikan kepada pelanggan setia? Jangan minta dm [CAPS] lagi dm [CAPS] juga percuma kalo gak ada kelanjutan nya Sama sama lah kita bahas di timeline Yg ngurusin dm [CAPS] udah kagak bener Lama bales nya [url] [CAPS],1
Temenku namanya Helen. Pas shi [CAPS] kemarin dia sengaja ke bandara demi aku karena aku ga bisa dateng shi [CAPS] dan [CAPS] dia [CAPS] rela [CAPS] jadi [CAPS] masternim [CAPS] nya [CAPS] day6 [CAPS] sayang huhuhu [url] [CAPS],2
"Revisi Penelitian Lapangan ada di beberapa bab, [CAPS] Ada data di salah satu hotel di jogja yg kurang dan dipermasalahin dosen penguji. Mana mungkin balik ke jogja buat nanyain data kek gitu doang. Plus informanya gabisa di hubungin. Jadi ini rasanya pengen lari dari tanggung jawab.",1
"Gak jamin deh. Tapi gemana pak Police [username] [CAPS], siap gak kerja tanpa pungli dan sejenisnya. Korup, pungli itu bagai addicted. Sekali nyoba, keenakan. Nambah lagi deh. #generasiantikorupsi",3
"[username] [CAPS] Wkwkwk laah aku yg masi menata hati dan menata diri stlh menjombs, & uda nyaman jombs, malah dikenalin ama masnya, ku merasa blm pantas & takut pelarian lg, entah pelarianku yg masi blm moveon dari mantan (cowo idamanku), entah pelaria",3
"Be thankful for everything that happens in my life so far, its all an e [EMOTICON] erience.. Iya captionnya gak nyambung sama fotonya, cuma sekedar berekspresi aja kok haha. [REPPUNC] #waterfalls",4
Loe mau blok twiter gw apa lah gw udah gak perduli lagi hilang satu bagi gw tumbuh seribuh inget y gw kost sendri kpn yg gw mau gw bisa jadi loe jangan merasa bangga udah blok gw oke byee,1
[username] [CAPS] [username] [CAPS] [username] [CAPS] Sengaja dibuat polemik.hanya tuk kepentingan politik semata.dijadikan bahan lelucon.Padahal ini masalah agama. stop [CAPS] polemik [CAPS] islam [CAPS] nusantara! [CAPS],1
"Sy bikin charity Free Iftar in the Hospital bareng temen2 alumni Al-Azhar Menganti (Gresik). Gerakan kasih menu buka puasa bt keluarga pasien di rumah sakit. Kita tambahin dgn senyum dan saling doain sesuai kewajiban kita sbg muslim [EMOTICON] Masih terima donasi ya, Rek! [username] [CAPS] [url] [CAPS]",4
Dua kaos saya yg bergambar mirip palu arit diamankan oleh orang tua Saya. Maklum kedua org tua sya emg pengabdi setia rezim orde baru. Tapi ya itu ga masalah sih [EMOTICON],4
"Trs emak gue naksir semua sm baju yg gue beli dong Trs nih, beliau pen gamis yg dr hasil w blusukan satu setengah jam cm dpt 1 itu. Lalu bsk, beliau minta beliin.",0
"Lha, situ sih enak di sana di datengin politisi, sambil sembunyi masih bisa ketawa-ketiwi. Disini umatmu, bergesek-gesekkan adu gas dengan lawanmu sambil membuat atau men-share berita Hoax yg berkualitas setiap hari",1
Tema photo Ini adalah putri popok Sedang tidur siang Hahahaha Halo semua nya~~ Akhirnya photo kimora [username] [CAPS] baru bisa posting setelah 1 bulan kimora lahir. [REPPUNC] Mohon doanya ya~ [ELONG] Makasi,4
"Bahagiain orang terus? Kamu kapan bahagianya, Yu? Ya. Saya bahagia dengan cara itu. Asal orang lain bahagia, apalagi karena saya, bahagia saya malah jadi dua kali lipat [EMOTICON]",4
"Tidak usah menyalahkan siapa-siapa, segala keburukan yang menimpa anda adalah karena kebodohan dan kesalahan anda sendiri. Dan ini bukan penghinaan, tapi peringatan keras agar kedepan bisa lebih cerdas, jadilah",1
"[username] [CAPS] [username] [CAPS] Hadeuh ribut aja soal Islam Nusantara ( = indonesia [CAPS] ) ! [REPPUNC] kan menurut mereka dikenal ramah oleh dunia luar gitu lho, istilah zmn now masa kagak ngerti cui. [REPPUNC] Wlupun kenyataannya suka berlku tak adil pd yg mnritas di neg. ini, sadar nggak",1
Dear [username] [CAPS] [username] [CAPS] [username] [CAPS] coba bisa d jelaskan kenapa tb2 sy dpt sms kaya yg paling bawah. Sampe minus 180k lagi. Kan sy kaget bangun2 nyalain hp langsung d palakin gitu. Makasih ya. [url] [CAPS],1
"fukudako.bali, masih menjadi ramen terbaik di lidah dan selera saya. [REPPUNC] enak ramennya, puas porsinya, kenyang akhirnya. [REPPUNC] _/",4
Ibu.. Pemilik cinta yang tak habis dibagi. Kasih sayang yang tak lelah diberi. Canda tawa yang terus menghiasi. Serta cerita yang akan terus terpatri,2
Sobatkenthel di Duren Sawit bilang bikin aja indomie sante bae tapi lalu saya dengan bodohnya scroll timeline dan menemukan foto pocong dan suzanna yang membuat saya takut ke dapur [EMOTICON],3
"Nb: jika anak didikmu tidak menyukai cara/sikapmu. Ubah! Kasihan, mereka tidak akan pernah bisa menerima apa yang engkau berikan. *Jangan mengajar dengan cara egois. Kami mencontohmu pakbuk 'siapapun' # curhatvan?",0
"[username] [CAPS] [username] [CAPS] Tidak disemua tempat kita boleh melaksanakan sholat, salah satunya di bangunan yang didirikan untuk kekafiran (salah satunya gereja). Aku berlindung kepada allaah [CAPS] swt. [CAPS] dari godaan setan yang terkutuk. [url] [CAPS]",3
"Aku malu, aku hanya duduk diam berpangku angan Kini sabdanya sering terngiang Aku mati dalam angan angan Tak mampu berdiri dalam balutan kegelisahan Aku tak berdaya dalam keada Dan kini terseok seok dalam lautan Lautan kerinduan Kepada Mu Aku rindu.",0
hehe iya masih sakit fir -_-,0
"Untuk kesekian kalinya complain via socmed selalu dibalas dengan ""template"" yang selalu sama dan tidak memberikan solusi. Apakah sudah sop [CAPS] nya seperti itu?",1
"Iyaa udh pgn ikut, tp dr kmrn malemnya kyk kurg enak badan, pilek batuk.. ehh ktrusan samp sore, jd gak enak mau prgi2 pgn halal bi halal ath ntr.. yuuk [ELONG]",0
"tiap minta perawatan sama mama suka dibilangin macem2 gt yang nanti ketergantungan lah yg banyak bahan kimia nya lah jdnya doi suka bikinin masker yg bener2 alami dari bengkoang,plain yoghurt kadang strawberry tapi ya gt efeknya lama ceu",0
"Rokok itu candu, bukan berarti tidak bisa berhenti, karna nyatanya saya juga bisa berhenti dengan kesadaran penuh. Tapi sulit. Akan lebih mudah mencegah si calon perokok daripada menasehati si keras kepala yang terlanjur memuja dan menghamba pada asap rokok.",3
amin mokasih yo enak [EMOTICON] selamat ulang tahun da ade sukses selalu [EMOTICON],4
"gue juga gak ada masalah dengan Gitasav ngomong tentang sexual harassment-nya dia, yang jadi masalah ketika dia bales DM-nya Helmi. She's rude.",1
"Minggu, 8 Juli 2018 ""Anak Gunung Krakatau"". Berjalan lah sejauh mungkin, berlarilah secepat mungkin dan bermimpi lah setinggi-tingginya nya. Karena hidup adalah sebuah perjalanan, jadikan perjalanan semenarik mungkin untuk cerita di masa tua",4
Dlu sering ngumpulin uang untuk main diwartel buat telpon boneka poci yg bisa bahasa inggris sama indonesiamitosnya bisa disamperin #OldMoneyGakNgerasain,4
"Soal jln Jatibaru,polisi tdk bs gertak [CAPS] gubernur.Emangny polisi tdk ikut pmbhasan? Jgn berpolitik. Pengaturan wilayah,hak gubernur. Persoalan Tn Abang soal turun temurun.Pelik.Perlu kesabaran. [username] [CAPS] [username] [CAPS] [url] [CAPS]",1
"Selama mreka di dlem kmr ak suruh pacarku bwa tmennya yg bisa berurusan dgn hal ghaib jg tuh. Selama di dlem kamar, yg ak dgr itu cinta teriak2, ketawa2 kunti, dan mengerang keras gt. Itu berlangsung hampir sejaman. #memetwit",3
"Oh iya, ibu nya ngelahirin anak ke 3 yaitu cewek tpi gak tahu tahun berapa2 nya. Lanjut yg tadi, baru aja setahun di kasih kenikmatan datang lgi ujian buat si makmak kali ini mungkin berat. Dia di tinggal suaminya meninggal. Seketika ibu itu jadi singel parent",0
"Gw ngga melihat ada yang salah dengan apa yang dilakukan Via Valen. Kalo dia tersinggung dan diumbar ya suka-suka dia. Kalo dia selo dan bodo amat, ya suka-suka dia juga. U juga kalo dapat chat driver ojol ga sopan juga merasa entitled kan buat ngamuk disini wkwk.",1
"trus udah tuh jalan kan soalnya diklaksonin mulu ama yg belakang. wkwkwkwk pas udh ditempat yg sepi bapak yg kesenggol nungguin masa ya allah sumpah serem banget mukanya. kan pertigaan tuh, bapak yg kesenggol belok kiri yg nyenggol belok kanan. trus teriak2 lgi dong orangnya",3
"Aku cinta banget [ELONG] sama dd terus chuchu Aku tungguin setiap hari videonya :"") Ditambah si dundun agak mirip kucing aku, jadi makin cinta [ELONG] ! [REPPUNC]",2
[username] [CAPS] [username] [CAPS] 1suara untuk 5 tahun. Jangan Harap suara Kami jika Para Dewan mendukung pembubaran kpk. [CAPS] ! [REPPUNC] Lebih Baik bubarkan [CAPS] dpr.! [CAPS],1
"Saya lebih fokus ke dia daripada kehidupan saya sendiri. In the end, dia memiliki kekasih lain. Saya tidak menyalahan dia, mungkin saya lagi di titik bawah hidup ini.Terus buat kalian para cewek, never ever say apa aku minta? Enggak kan",0
"sayang lo selalu karna gga dda yg bsa gantiin lo walaupun lo bkan milik gw lgi gw kan tetep sayang sama lo,, gw lebih sayang sma lo dibandingin rsa sayang gw ke cowo gw",2
"Iseng iseng ngetes semua perangkat elektromagnetik dirumah, dan ternyata radiasi komputer, laptop, tv, hp itu tinggi ya Mendadak jadi parno karena tau bahaya radiasi itu besar tapi gimana lagi kita",3
"Ketika saya digombali murid saya, ""ibu cantik og bu,"" lalu saya salting dan eumph jawab kamu juga cantik kok.. Lalu emph.. Dibilang masih muda dan saya makin speechless..",4
atuh kristen jahat lo mah mampus mah ke neraka lo am laki lo penipuan aja korup bangga najisin [ELONG] bgt lo sialan.gw nikah sm duda tajir mapan ga [url] [CAPS] undang lo catat liat aja.gw dendem sm kata2 lo sepupu iblis cln penghuni neraka,1
"Baca dm [CAPS] saya, scroll message di tgl 4juli, saya sudah kirim bukti resi untuk pengembalian ongkir. Tolonh dong sistemnya di perbaiki jgn tanya terus2an pdhl sya sudah kasih data lengkap",1
"Saya lagi di perpus uin, [CAPS] ngantuk sendirian. Sini dong! Barangkali ada yang mau jadi tim sorak-sorak atau mau ngajarin bikin kerangka teori yang sejak 2 bulan lalu ditinggalin begitu saja. Hehe",0
10-07-2018 Tersenyum & Tertawa itulah sebuah tantangan bagi saya untuk bisa membuat kamu senyum &ketawa lepas. Memang sulit bagi saya untuk melakukan semua itu. Tetapi saya akan berusaha,2
Pengennya nangis Tapi ga bisa ngeluarin air mata Entah dari pagi pengennya senyum Jadi sampai kebawa ke hati Siang siang di gituin Tetep rasanya enteng,4
Dimanapun kalian berada. Selalu selipkan do'a untuk para punggawa Super Elja. Happy #PSSday ! [username] [CAPS] ale [CAPS] ! [REPPUNC],4
Z suka twitter soalny perempuan ji semua temanku dsni Biar mengomel sampe tablengker ndada bahayanya. [REPPUNC] bahas 'monsteration' jg bebas.. bahas nda puasa jg bebas~ [ELONG] Di wa mo update status streskan 'monsteration' kt harus pi dl blok semua cowo baru mengupdate,4
"[username] [CAPS] Mak Lampir dibully karena memberantas nyamuk yang tidak pernah tuntas dan selalu gagal menyelamatkan sang penguasa akan tetapi selalu tampil seolah-olah apa gicu, [ELONG] padahal kita semua sudah tahu dari dulu bahwa. [REPPUNC] ah [ELONG] sudahlah. [REPPUNC]",1
Barusan telponan sama temen sd. [CAPS] Dan happy banget dia mau ngasih gue kesempatan untuk melakukan hal yang pengen gue lakuin banget-nget-nget.,4
"Masih ada yg order dress ke gw, walau ngga di posting di manapun. Bahkan akun shopee aja lg diliburin. Tapi doi tetep mau order, via dm [CAPS] ig [CAPS] pribadi. Boleh terharu ngga?",4
#OldMoneyGakNgerasain pasang rautan pensil yg ada cerminnya di sepatu buat ngintipin 'celana dalam' temen sekolah cewek,4
"[username] [CAPS] Ga ada yang salah kalo dia cuma joget sambil minum minum cantik, kecuali dia clubbing sambil gendong anaknya. Jadi ibu itu ga harus dirumah doang ngurus anak suami, me time sesekali is fine.",4
"Ada kawan mengeluh disuruh lanjut S2 sama bapaknya, biaya udah disiapkan, tapi dia nggak mau. Kutanya: bapakmu nggak mau ngangkat anak lagi untuk di-S2-kan? Si kawan tadi cuma nyengir.",0
"Sebenarnya admin twitter [username] [CAPS] brp ribu orang si, no resi ditny berulangkali ! [REPPUNC] Tu alamat paket dan struk beda ama yg di input pas tracking, alias paket nyasar ! [REPPUNC]",1
"Kesel sekesel keselnya soal kasis Via Vallen. Kenapa dia yg berani speak up malah dihujat? Yg ikut menghujat sesama perempuan pula! Sedih rasanya kok ya cewek2 ini nyuruh si via vallen diem aja. Ini pelecehan loh, harus dilaporin ke polisi kalo perlu!",1
Apalagi buat aku yg suka analisis sikap perilaku orang dan mudah ilfeel bila tak sesuai penilaianku. [REPPUNC] Suka lupa kalo diriku ini juga gak lebih baik sikapnya dari orang yg aku ilfeel-in..,0
Akhirnya baru ngerasain disaat banyak orang yang sedang jalan di instagram story dan disini gue hanya diam merenungi semester pendek aja wkwk,0
"Iqra' = bacalah.. Bacalah walau hnya satu kalimat.. siapa tau asik.. eh malah jadi separagraf. [REPPUNC] Tau"" keasikan udah satu bab.. dan akhirnya satu buku. [REPPUNC] [url] [CAPS]",4
"Antri di bank situasyen: mbak dapet nomor antrian berapa ? 227 buk, ini ambil aja nomor antrian biar cepet -200 [ELONG] *dalamhati* rejeki anak baik",4
"Pertama kami meminta izin untuk berbincang, beliau menjawabnya dengan senyum cerah namun berwibawa. 'Iya mbak, gimana? Coba cerita dulu..' Begitu kira-kira ucapnya drngan ramah. Lalu aku dan temanku bercerita panjang lebar. Tentang tiket, jadwal uas, reschedule. Semua.",4
"tadi ke raacha karna bm tomyam nya, tbtb mas2nya yg nyiapin meja bilang ""kok mukanya kaya ga asing ! [REPPUNC] sering kesini ya"" wkwkwk mas nya tau aja [EMOTICON]",0
Tolong pak gub n wagub [username] [CAPS] [username] [CAPS] jangan malu2in umatnya ! [REPPUNC],1
"/rlt/ minta saran dong, akukan pesen sepatu po [CAPS] gitu nah biasanya datengnya seminggu 2minggu tapi ini udah lebih dari sebulan sepatunya ga dateng22. yaa belom bayar sih cumakan sepatunya mau aku pake. enaknya tanya gimana sama penjual? mau pesen ke yg lain takut sepatunya dateng.",3
"Mrk mo ceritain apapun ttglo. [REPPUNC] toh mrk sbnrnya buka aib dirinya sendiri yaitu : iri [CAPS] dan ngga mampu pengen jd kyk lo So, focusing on your path. [REPPUNC] biarin anjing mengonggong, haters mengonggong",1
Bila ada yang mencintaimu karena perubahan itu bukan cinta tapi itu perjanjian. Tapi jika ada yg mencintai dirimu karena dirimu yang apa adanya itu baru namanya cinta.,2
"Style kuliah Doyoung kek gini. Simple, gak banyak gaya, tapi itu yang bikin jatuh cinta. Pokoknya Doyoung cocok dengan gaya apa aja. Anak Ekonomi yang tiap hari datang ke prody Sastra Inggris cuma untuk ngejemput gue selesai kuliah. [url] [CAPS]",2
"[username] [CAPS] Dia pun mengendarai mobilnya ke arah lobby dan berhenti tepat di depan kekasihnya yang sedang menantinya. Dia keluar dari mobil, lalu merangkul pundak kekasihnya. ""Ayo masuk, sayang"" ucapnya sambil membuka pintu mobil untuk kekasihnya itu.",2
"Please help Gmn caranya leave wa grup yg isinya cuma 6 orang, tmn deket kampus ? Ga deket juga, Im faking it. They're so toxic dan niru segala yg kulakukan.",1
Terbege lagi adalah tadi. Sudah alarm jam setengah 3 sudah keluar kamar buat bangunin tmn eh temennya ga bangun trs ke kamar lagi eh tidur bangun2 pas adzan subuh. Belom sahur. Oke syap,0
"Sadarlah kita bahwa kita bukan siapa-siapa dari sekian banyak manusia yang telah, sedang dan akan diciptakan oleh allaah [CAPS] swt. [CAPS] Aku berlindung kepada allaah [CAPS] swt. [CAPS] dari godaan setan yang terkutuk. [url] [CAPS]",3
"Kata salah satu temen, dan merasa ada benarnya juga. Zaman sekarang baik dan dekat itu kalo ada butuh, kecuali kenal lama. Kadang yg kenalnya udah lama gt juga sih, hahaha",0
"Byk mnm air putih mlm ini y ma, klo bs tambahkn garam sedikit spy tensi mama naik, abs tuh lgsg istrahat aj lh y, bsk pagi mama check up k dokter spy lbh pst diagnosa n pengobatanny gws [CAPS] y sayang",2
"Gapaham tiap ditempat umum terus sendirian kaya takut aja tiap ada cowo-cowo yg deketin padahal cuma nanya basa-basi atau menyapa atau bilang assalamualaikum, Aing degdegan setengah mati ya Allah",3
Saat itulah gue menyadari kekuatan emak dalam mendoakan anaknya. Dia emang pengen salah satu anaknya diranah kesehatan. Mungkin doa gue lebih manjur drpd beliau jadi gue keterima di Ekonomi dan meninggalkan poltekkes bekos gabetah for some reasons,4
"Ada berita pendeta yg ngebunuh anak angkatnya kalo ga salah, itu pun korban dalam kondisi hamil, sebelum dibunuh juga diperkosa dulu, miris kali",0
"Dicintai adalah rezeki. Dicintai orang yang kita cintai adalah rezeki terindah. Sedikit merasa cinta dari insan, itupun sudah cukup membahagiakan. Pastinya amat besar kan cinta pencipta insan.",2
Aku sudah merelakan. Terlepas itu adalah sebuah keikhlasan atau bukan. Aku sudah bisa tersenyum melihatmu bersama orang lain. Bukan suatu yang menyakitkan lagi seperti kala itu ku melihatmu bersama orang lain,0
seluruh hidup saya. saya dedikasikan dan saya peruntukkan sebagai contoh untuk dia. bahkan saya rela mengubur mimpi saya dalam dalam demi bisa memperjuangkan cita cita nya. saya tidak mau dia merasakan sulitnya hidup seperti apa yang saya sudah lalui. hanya itu,2
"Ya gini nih klo ada siluman bukber, fotonya kaga ada yang bener. Uda di sono paling lama, ditungguin sampe diliatin orang yang pada antre tetep aja anteng ngobrol ketawa ngakak. Ini nih pertemanan jastip terbhaiqq!",4
Bener bener ketawa ga habis habis gue Inget aja lomba balap karung balap kelereng balap makan kerupuk balap tusuk balon Hrus di puter puter [url] [CAPS],4
[C48] setelah eps 6 ini gue makin sayang ke semua trainee kek gue ngeharep mereka semua bisa debut aja gitu gak cuma lolos 12 bcs now I feel like they all deserve that,2
"meruntuhkan egoku bukan suatu hal yang mudah, dengan kasih lembut kau pecahkan kerasnya hatiku, beruntungnya aku dimiliki kamu.",2
"[username] [CAPS] jago masak, tmn2 gue suka bgt sm masakan mama wkwk, pengertian bgt, paling enak curhat tuh sama mama, pekaa bgtt selalu tau kl anaknya lg kenapa2, gapernah ngekang, jarang [ELONG] bgt marahin gua tp kl adek yg cowo malah dimarahin trs wkwk. Sayang b",2
"Ya tutup matalah krn. Pejabat bkn cuma pinter tp tau etika masa dlm satu kabinet main nyerang, berani y berani tp etika dmna emg kabinet gundul",1
Kan aku sayang kamu,2
[askmf] hai ada yang keterima um undip trs pas regist online gbs login gini gak? tmn2 ku udh pd bisa login semua. [REPPUNC] jd takut,3
"Iya kalo kita belum lulus terus ada begituan ngeri anjir Apalagi ditanya soal kimia, fisika matematika.",3
Beautiful summer in Bandung #bandung #cikutra #ensenangbandung #payingrespect,4
"Baru kali ini nemu temen mau buka bisnis yg sama, trs mau nyontek tapi dia ijin dulu kalo mau plagiat. [REPPUNC] cuy masio aku gaisok gambar blas tapi ngerti susahnya cari ide buat desain, bayar mahal ke orang. Laah diaa seenak jidatnya nyontek",1
"ganteng juga enggak, ih kesel banget liatnya. Katanya ekspresi dingin nya karena bawaan dari karakter di drama but helloo we're in real [CAPS] life, [CAPS] di presscon harusnya profesional dong ya. Mau nunjukin karakter di drama, salah lapak bro. kasian Seohyun, poor my baby",1
"Terlepas dr agama ttp aja gamau oplas, banyak zonknya. Hasilnya kdang ga bagus dan kelihatan ga natural gitu soalnya ga cocok sm bagian wajah yg ga dioplas. Jadinya takut nyesel. Nanti jatohnya kecanduan dan ngerombak semua. Jd plastic monster dong",3
"Tadi lagi asik ngobrol sama temen-temen sma [CAPS] terus terbersit di pikiran sendiri ""gimana ya aku nanti di alam kubur teman-temanku ini kan hanya fana"" serem banget pikiranku ini",3
Ada orang yang niat banget bikin akun gaib cuma buat memaki dan memarahi orang lain. Marah kok melalui akun gaib ! [REPPUNC],1
Bukan tipe orang semacam apa yang ada di kepala langsung dikeluarin nd koar-koar di social media nd bukan juga seperti tere Liye atau pun mario teguh yang bisa mengeluarkan kata-kata bijak nd menginspirasi ketika terpuruk atau pun bahagia. but actually pen koar-koar jg sih,1
"Cinta sejati bukan cinta yang mengutamakan pelukan, ciuman dan pertemuan. Tapi cinta sejati lebih mengutamakan pengabdian, kasih sayang dan perhatian.",2
"Lalu ai move to thamrin yekan. Krn bosen sm tanabang yg baju nya begitu begitu bae perasaan. Eh msk thamrin di basement, isi nya semua batik banyak bgt.",0
"Sebenarnya sepi itu tidak ada, yang ada hanyalah kondisi lupa. Lupa bahwa tuhan selalu bersamamu..",0
Saya pun sedang belajar untuk menjadi kuat. Memang tidak mudah sekali. Apalagi kedua hal itu (halangan&amp,3
"Ketika organisasi menjadi hambatan untuk pulang terlambat kerumah, lantas apa kabarnya tugas kuliah yg datang tak mengenal waktu? Harus kesana kesini demi contoh tugas. Tak mengeluh hanya tak mau mengkambing hitamkan organisasi. Yg jelas kuliah tak seenak ftv",0
"*ceritahariini Barusan ketiduran bentar dan [ELONG] mimpi serem dong. Jadi ceritanya lagi ada camp organisasi sma [CAPS] gitu di salah satu tempat perkemahan. Yang anehnya related banget sama kehidupan nyata, pertama disitu rame2 kita main volly bareng yg mana emang aku sering volly.",3
"Ngomongnya sih ayo kita sama sama sampek 12windu lagi atau lebih.. Tp giliran skrng di chat ga balas, di telpon di reject, diajak ketemuan bilang sibuk.. Pokoknya ada deh jutaan alasan kerbaushit-nya.. Kalo mau ngindarin itu bilang aja sih, gausah gitu.. Classic bgt anjir",1
"Lihat aku sayang, yang sudah berjuang menunggu mu datang, menjemputmu pulang. Ingat selalu sayang hati ku kau genggam. Aku tak akan pergi. Menunggu kamu disini..",2
"Bagus Tindakan yang sangat hebat. [REPPUNC] Sebentar lagi tunjangan hakim,jaksa dan pensiunan naik 300% Yang wiraswasta silahkan gigit jari Hambur2kan utang duit to nyari dukungan. Jokowi: Tunjangan Kinerja TNI-Polri Naik 70 Persen, Cair Juli [url] [CAPS]",1
Penyelamat saat laper ya cuma Pop Mie sob. Enaknya bikin nagih dan ga bikin baper. Makanya kuy nyetok Pop Mie dari sekarang biar serunya lanjut terus [url] [CAPS],4
"Ngapain pada rame mikir nyari baju lebaran, emang harus ya? Kalau aq mah tiap hari pake baju lebaran,.. Soalnya kl pake baju sempitan. [REPPUNC] Ngap.. [ELONG] #iyainajabiarcepet",4
"[username] [CAPS] Sebenernya aku nggak masalah kalau 'memperlihatkan' isi medsosku from time to time, dgn catatan: ""apapun risikonya, tanggung sendiri"" [EMOTICON] Tapi kalau tukeran username dan password, ada kemungkinan ""pembajakan"" nanti, aku malas.",3
"Jadi lokasinya tepat di tengah segara anakan yang tertutup mangrove, kalo siang sekolahnya kerendem air laut yang naik, jadi anak-anak sekolah biasanya pulang copot sepatu mereka. Miris ngeliatnya, sekaligus nampar diri gue pribadi [url] [CAPS]",0
"twt tolong coba tatar mereka,biar tau sopan santun jgn songong kurang ajar gitu",1
"Aku sudah pernah memberi kesempatan kedua, lalu slalu berakhir sama. Cara meninggalkannya pun sama persis seperti dulu sblm ia kembali. Ternyata lebih baik aku tidak memberi kesempatan kedua pada siapapun.",0
"Pernah pacaran diputusin karna doi mau istiqomah konon katanya hijrah, aku Takut nereka, kita pisah. besoknya pasang foto gandengan sama cewe.. Semoga tempatnya memang di neraka",1
Apa yang allah berikan adalah yang terbaik untuk kita. [REPPUNC] Jika apa yang kita minta tidak sesuai dengan yang Allah kasih. [REPPUNC] Jangan bersedih.. Lapangkan dada Ikhlaskan hati..,4
"Gue pun juga ngatain sesama perempuan, memutus rantai akan julit emang susah owislah~~ ibarate sego uwis dadi bubur~ flying money money",0
"Nggak ""Ok"". Saya dulu pengagum [username] [CAPS]. Sekarang gak [CAPS] respek",1
"jadi sehari sendirian dirumah lagi dengerin lagu pake speaker, eh tbtb mati sendiri pdhl dipake smbil di charge dan biasanya klo low jg ada tandanya gt kan ya, serem deh abistu keinget film sabrina itu [EMOTICON] lalu ada yg blg gini [url] [CAPS]",3
liat vlive kemaren2 do megang hp jae terus hari ini jae megang hp do serem ga kalo screennya locked terus mereka bisa buka lock hp satu sama lain pake fingerprint ! [REPPUNC] serem lah,3
"[username] [CAPS] [username] [CAPS] yg di bahas itu penting / tidak bpip [CAPS] ada. [REPPUNC] lah ko malah nyasar2 k hti [CAPS] ya, [ELONG] jangan2 bpip [CAPS] ada buat bubarin ormas [CAPS] yg g sejalan ame rombongan [CAPS] nye kali ya, [ELONG] yg lebih faham coba jelasin. [REPPUNC]",1
"Dengan bumbu kasih sayang Aku masak menu favorit mu ""Semur Lidah Sapi Badranaya"" Siap untuk dihidangkan Untukmu duhai pujaan hati",2
Gewla [ELONG] njir 'froze her eggs before marrying' Huhu kenapa ndak nikah dari dulu si Mbaknya [EMOTICON] Malah nanti dikira anaknya itu calon suami huhu,0
"Terakhir dan mungkin bakal ada cerita unik lainnya. Kita provide pesan antar. Kita kasih special service yg deket sama kita gausah bayar ongkir. Giliran ongkir gratis, pesennya semena-mena. Bolak balik nganter around 3-4 kali padahal yg pesen orgnya jg di divisi yg sama. #mbuh",1
"Dari sekian banyak thread yang aku baca, thread ini paling aneh sih dalam penulisan. Sumpah aneh bgt, mau ngatain ""lebay"" aja segala bikin thread hadeh. Aku juga ga jago nulis, tapi tulisan aku ga seberantakan thread mbaknya.",1
"Harus bisa me-manage waktu lebih baik lagi nih, hrus bner2 memfilter mana yg jdi prioritas. Kan kalo management waktu nya oke hidup bisa #JadiLebihBaik",0
"selamat malam, semoga hari ini bisa dijadikan pelajaran sehingga besok kita ga melakukan kesalahan lagi, tetap semangat karna Tuhan sayang kita",4
"[username] [CAPS] Last but not least, harus selalu bersyukur &amp",4
"Untungnya ada kedua orang tua dan orang di sekitar yang sayang, menyadarkan saya. bahwa patah hati tak boleh membuatmu tak menyelesaikan skripsi. Hidup harus terus berlanjut. Jangan terlalu berharap dg genggaman satu orang, sedang kau sebenarnya sudah mendapatkan banyak pelukan.",0
"Persahabatan kami selalu indah Jika salah saling mengingatkan, jika benar selalu di dukung, namun bila salah satu jatuh kami saling menertawakan",2
"[username] [CAPS] [username] [CAPS] [username] [CAPS] [username] [CAPS] [username] [CAPS]. [REPPUNC] Hai mbak mulut bau, dikantorku ada Office boy bahasa Inggrisnya Mantapp banget. [REPPUNC] Terus kenapa rupanya. [REPPUNC] ! [REPPUNC] Yg diperlukan adalah inovasi dan kemampuan bekerja bkn bahasa. [REPPUNC] ! [REPPUNC]",1
"Dg menggunakn sistem demokrasi bgtulah jlnnya, tp yakin Pemerintah sll berupaya mjd lbh baik dn lbh baikk teruss utk ksejahteraan bersama [url] [CAPS]",4
go seung jae sama song hyeri kapan jadiannya nih gue nungguin kepo juga sama ending hubungan mereka huhu padahal seung jae munculnya cuma bentaran doang tapi berhasil merebut atensiku dari mas choi myeong ho yg ganteng,4
"Home visit pasien, ternyata pasiennya sdh meninngal. Tanda pasti kematian scra medis sdh diperiksa. [REPPUNC] Kalau udah begini baru inget inget klw kematian sedeket itu",3
"Sampe rumah, di lantai 2 deket tangga kecium bau pandan yang nyengat banget. Padahal gk ada apa2 disana. Makanan atau pandan gak ada [EMOTICON] terus gue takut. [REPPUNC]",3
aduh mentang2 cantik jadi kamu bisa nilai kekurangan orang senaknya begitu ya jangan sombong mbak cantikmu itu milik tuhan,1
Memilih pemimpin yang ideal dalam Islam adalah pemimpin yang justru tidak mau di tunjuk untuk memimpin. La sekarang? malah nunjuk hidung diri- sendiri pada ndaftar calon. Apa udu wong gemblung arane,1
@_sabranglor Mungkin ada peneliti yang mau riset kenapa di partai tertentu banyak yg terlibat korupsi. [REPPUNC] Kalau moral sih kurang lebih 11 12.. Apa jumlah yg harus disetor ke partai terlalu besar,0
"revisi [CAPS] lagi [CAPS] revisi [CAPS] lagi [CAPS] Ya Allah mantap sekali. [ELONG] Emang harus diginiin miyah nih, biar pinter. Biar mau nggarap. Nyari referensi sana sini. Hohoho",0
[username] [CAPS] [username] [CAPS] good job. Jadwal kereta arah bogor sangat berantakan. Harusnya ga seperti ini di jam segini. [url] [CAPS],1
Seneng aja rasanya digodain anak sambil ngebayangin dia qasidahan dengan syair yang dia tweet kayak iklan yg lagi viral itu hahaha [url] [CAPS],4
Cinta seorang ibu berada tepat di bawah cinta Tuhan kepada kita. Ibu tidak pernah lelah untuk menyayangi dan mengasihi kita. Cinta nya lebih mulia daripada cinta seseorang dimanapun di dunia ini.,2
"[username] [CAPS] Iya soalnya dia sepolos itu [ELONG] jadi kalo dia ada ngelive atau muncul di suatu acara atau apa, aku yang degdegan sendiri takut dia salah di mata netijen [EMOTICON] abisnya netijen serem banget kalo udah ngehujat kasian dianya terlalu soft buat kejamnya",3
"[username] [CAPS] [username] [CAPS] Picik banget meng-KAIT kan persoalan gempa dgn ""politik"" atau sejenisnya ! Anda kalau ingin membantu silahkan via dompet bantuan. Gak perlu nyinyir di medsos !",1
"Twitter saya dari kemaren cuma bisa retweet gabisa nge-tweet. Kalo mau nge-tweet not responding mulu, excessive use perhaps, lol. Tapi sekarang bisa yeay",4
"[username] [CAPS] Heol. Gemesin parah. Dia tuh akrab sama siapapun, strmarah or nah. Jadi mau main sama diapun ga perlu takut di gigit. First time i met him, aku di ""tandain"" sama dia di pipi sama kaki. Dia suka banget cium pipi aku ! [REPPUNC] ""Kiss me, dreamy. Pwease.""",2
semalam ada penonton sebelah saya pas lagu parklife dia sing along-nya benar wasweswoswasweswos parklife ! [EMOTICON],4
"Terima kasih juga buat temen2 basis [username] [CAPS] yg sudah bersedia meluangkan waktunya untuk menjadi panitia. Semoga Allah swt [CAPS] senantiasa memberikan rezeki yg halal dan berkah untuk kita semua, aamiin",4
"Setelah mandi dilanjutkan dengan makan pagi bagi wbs [CAPS] pstw [CAPS] bm [CAPS] ii [CAPS] Jelambar untuk wbs [CAPS] total care makan pagi dibantu pjlp [CAPS] untuk menambah energi, agar badan tetap segar, sehat dan stamina terjaga.",4
[username] [CAPS] Naomi..Aku benar-benar Sayang dan Cinta sm kamu.. Aku mohon Terimalah Cintaku Yg Tulus dr Hati Yg Tedalam.. Aku Mencintai Kamu.. [url] [CAPS],2
My boy is too handsome ! [REPPUNC] Really cintaee him si gemesh [ELONG] tapi skrg bawel bgt sih mana byk maunya tp tetep sayang sekali [ELONG] udah sekoyah [ELONG] udah pinter udah ngerti diajak ngobrol hihi [url] [CAPS],2
"Eum apalagi ya.. Dewasa pake banget kamu mah. Oh iya, bucin juga! Tapi nggak apa-apa, asalkan Sabila happy. Me cintas you!",2
"Belajar bilang Alhamdulillah kalo dikasih masa masa yang sulit. Alhamdulillah Allah masih sayang, makanya diuji. Alhamdulillah diingetinnya di dunia, biar di akhirat gak masuk neraka. Sedap betul.",4
"Dan untukmu qyaraku. Jaga selalu bahagia ibumu. Jaga selalu senyum diwajahnya. Senyum yg selalu aku rindukan. Krn kau tau, skrng kau lah sumber bahagia untuk dirinya. Hanya kau lah dunianya skrng. Semuanya lasti dia lakukan untukmu. Aku percaya padamu sobat kecil",2
Klo di puskesmas yg antri orang hamil sm lansia didahulukan. Disini yg daftar online yg diutamakan. Akumah ngga pernah dapet tempat. Prioritas di hatinya aja kagak [EMOTICON],0
"Oh kirain bener, abisnya melototin layar handphone berharap dibales suka bikin mata merah. Merah menahan air mata. #hazek [ELONG] [url] [CAPS]",0
[username] [CAPS] [username] [CAPS] Bukan kah pancasila milik semua wni? [CAPS] Sejak orde baru berkuasa sampai sekarang adakah kedua golongan itu yang menolak azaz tunggal pancasila?,1
"Waktu itu kami bertiga puluh, dipilih dari sekitar 300 orang yang mendaftar. Ya gimana ga berasa bangga Workshop kami diajar oleh Fajar Arcana, Agus Noor, dan Seno Gumira Ajidarma. #WorkshopCerpenKompas2015 #tsygmc [CAPS] Foto: (masih) [username] [CAPS] [url] [CAPS]",4
"[username] [CAPS] [username] [CAPS] Semua orang berhak bicara agama. Apalagi para koruptor, kalo ketangkep disidang langsung ganti penampilan, berjilbab, pake peci, pake baju koko dll. Maling mendadak religius.",1
"When sexual harrassment jadi hot topoc di semua medsos. Diawali sm yucub opini mba gitasav, skandal gitasav yang rame ampe accoun twitter doi dideactive, dan diakhiri mbak Via Vallen yang blow up chat doi sam sam bule. Masih ga sold out thinking sama orang yang ngomong :",1
"[username] [CAPS] Asli sih, kemaren saingannya sama dota aja udah puyeng capernya. Lah ini dese nambah pubg [CAPS] Tiba tiba ngechat ngirim gambar peringkat doang Keselnya diubun ubun",1
"Hari ini ibumu sudh berusia 29 thn ulang thn ke 2 tanpa ada kue drku dan aku di dktnya. Qyara kau tau, begitu inginnya aku selalu ada di setiap moment dalam hidupnya. Betapa aku ingin hadir dlm segala hal yg menyenangkan dlm hidupnya. Tp tak bs kulakukan itu syng.",0
"Lagu ini saya persembahkan bwt pak [username] [CAPS] [username] [CAPS] jga pak Walikota Solo, Pak fx [CAPS] Hadi Rudyatmo karena membuat Kota solo [CAPS] lebih dikenal luas berkat lagu solo [CAPS] yg dibuat [username] [CAPS] [username] [CAPS] [url] [CAPS] #Solo",4
"Belom abis rasa parno gw, nyokap malah bilang coba kamu cek a, tikusnya udah mati atau belum? anjay [CAPS] makin [CAPS] horor [CAPS] [EMOTICON]",3
[username] [CAPS] aku tadinya gamau baca sebelum beres skripsi wkwk padahal pas bedah buku catatan juang aku dateng. udah fix banget ini semhas habis libur lebaran huhu pasti itu sudah waktu yg tepat,0
"Pelit amat sihh [ELONG] padahal ta [CAPS] ku karo ta [CAPS] mu kan bedo, lagian kowe yowes pendadaran, nek kowe jaluk ta [CAPS] ku yo langsung tak wenehi didepan pembimbing sok jadi pahlawan yang bantuin aku, tp kenyataan nol! [CAPS] gituin aja terus yha. [ELONG] Astagfirullah hal aziem. Sabar [EMOTICON]",1
"Mencoba romantis,biar dikata lg ldr tapi. [REPPUNC] Anjir naik motor 17 jam tak henti2 dengan kecepatan brpa dahh wkwkwk 17 jam itu sama saja seperti bolakbalik rumah-unj sebanyak 8kali tanpa istirahat [url] [CAPS]",0
apa juga apasih bagus dong tlvn2an sama gery nyolot2an mele wkwk heran h,4
Belajarlah ontime [CAPS] mister olala. Ckp sdh setahun trs2 an telat. Rmh dkt. Ditegor kitudeui2. [REPPUNC] Jubras jebris.. Punyan panyun.. Batur mah 3X salah lsg sp [CAPS] 3. [REPPUNC] krg sabar kumaha deui aku.,1
"Mimpi absurd semalem : lagi nongkrong di depan toko apaan tauk sambil makan martabak (beneran duduk nongkrong mksdnya), tiba-tiba disamperin Dian Sastro..dia minta martabak terus ikut nongkrong sambil ngobrol.. Mungkin gw lupa doa sebelom tidur",4
"Penghasilan bersih 10jt aja kadang berasa ga cukup kalo gaya hidupnya ketinggian. Mau berapapun penghasilan, yang penting 1 sih. Manajemen keuangan harus bagus. Kalo gw dan istri sangat buruk. Makanya sampe skrg belom kebeli rumah",0
[username] [CAPS] grapari btc bandung ditulis buka 10:00 - 21:00 tapi barusan saya mau ganti simcard ke nano sim ditolak. Alasan sudah prepare tutup. Profesional ya ? [username] [CAPS],1
[username] [CAPS] [username] [CAPS] Waketum Gerindrong Dongo Instagram menghapus secara sepihak karena kalian telah melanggar hukum ( Foto2 didepan Kabah itu melanggar hukum ) [url] [CAPS],1
"Kabar baik ku pagi ini. [REPPUNC] dpt tagihan uang kegiatan sekolah u setahun, dan pengumuman kenaikan spp. [REPPUNC] hmm ukk nya aja blm selesai Baiklah, lebaran ga sah jajan n jalan2. [REPPUNC] dirumah sajah. [REPPUNC]",0
"Aku yg pernah berbela sungkawa hebat pada kata pergi, mengenyam sepi begitu dalam saat semua hal yg pernah aku miliki pergi tidak meninggalkan kesan.",0
"[username] [CAPS] nkri [CAPS] gundulmu,, [CAPS] wong pendiri bangsa ini jelas2 menentang israel kok lu mmbela israel,,Dsar kaum2 munafik, mending baca ni biar gk dungu [url] [CAPS]",1
"Gue suka bilang, sebentar siapa yg perawatnya? dan trs kan kita kolab sama advice dr. Ya kalo klien yg paham sih lgsg oh iya [ELONG] maap soalnya nanya. Tp kalo yg kmpret mah lgsg komplen rasanya ingin kuteluh saja tu org sumpeh",1
"Heran dengan rkhup [CAPS] ngawur. Keknya yg merancang ngawur juga deh. Sampe-sampe tdk mempertimbangkan dan melibatkan pihak lain. Elo-elo anggota perancang, jgn sesuka hati membuat rkuhp [CAPS] utk mnguntungkan drimu sendiri. Heran, masih betah aja makan gaji haram gitu.",1
"hidup ini adalah petualangan, Ali. Semua orang memiliki petualangannya masing-masing, maka jadilah seorang petualang yang melakukan hal terbaik. -- Ayah Ali, Matahari [url] [CAPS]",4
"Jangan takut Negatif thinking gak aka pernah kasih positif Jadi tetap optimis aja, kalau pun besok terjadi something yg kamu gk harapin tetap ingat Tuhan aja I Love ya",2
"somplak ya kak hahaha, pengen tak unjukin sama orang kantor yang berusaha yakinkan aku soal flat earth inih [ELONG]. [REPPUNC] baca [CAPS] alon [CAPS] alon [CAPS] ya mas",1
Hm. Kadang kalau analisis takut kebablasan halu karena aku lelah menduga duga soal soonhoon padahal mah aslinya bisa aja hanya imajinasiku,3
"Ya allah tuhan ku, saya tidak kuat baca komentar tentang Via Vallen di akun doi sama gosip2 ig. [CAPS] Rasanya mau nangis aja rasanya, liat akun2 cowok pada enteng bgt nganggep masalahnya, yang cewek bisa setega itu julidnya.",0
Gak tau dia ngomong apa pokoknya aku sayang Longguo,2
"[username] [CAPS] Mama aku adalah wanita terhebat yang kuat mengurus 4 anak dan ngejalanin gimana dari awalnya kami hidup enak, tbtb semenjak Ayah meninggal jadi berubah drastis. Mama selalu mentingin anak-anaknya dulu, baru dirinya. Sayang mama",2
"Haha kasihan juga kpd akun ini.Belum sembuh juga sakit dendamnya.Sepnjang hari,kerjanya usilin Anies.Dikiranya Anies aware.EGP.Pdhl konco2nya sdh bnyk yg insaf.Yg ini,belum.Tunggu struk. [url] [CAPS]",1
"[username] [CAPS] [username] [CAPS] gaada yang mau gue ungkapin. Dia bisa bikin nyaman. Gue ngapain aja dia juga iyaiya aja, baiknya keterlaluan, manisnya keterlaluan, gemesinnya keterlaluan, marahnya juga ketealuan wmwkwkwk. Sangat sayang dika",2
Ketimpangan sosial apa? Picak mata lu. Kaum kampret model kau selalu memutarbalikan fakta sebenarnya. Pada tolol mikirnya ! [REPPUNC],1
Lagi ngelatih 1/2 tahun dikasih amanat tugas dari master untuk ngelatih Atlet yg mau ke Korea.. Go International Semoga bisa jadi pelatih Profesional,4
"Pernah baca katanya emang ada oknuum yang bikin kebakaran. Terus kalau pemadam kebakarannya dateng, malah dihalang-halangin. Serem-serem ibukota serem. [REPPUNC] [EMOTICON]",3
"abang gue takut tetiba ditelp sm pihak rs [CAPS] ato apa kali yak.. scr doctag gue cantumin nama & no telp dia jd klo kenapa2 sm gue, dia yg bakal di telp",3
[username] [CAPS] Menurutku koalisi keummatan hanya mainan elit partai saja. [REPPUNC] rakyat akar rumput sudah tau siapa pemimpin yg akan mereka pilih di 2019. [REPPUNC] pilihannya pasti yg jujur dan hanya tau kerja kerja kerja. [REPPUNC],4
"Kemaren mampir ngopi dan nyobain custom shop nya, ternyata ens [ELONG] juga gitar nya. [REPPUNC] #guitarforlife @ Pondok Labu [url] [CAPS]",4
"(1) Kejadiannya baru banget tadi pulang nongkrong. Di stasiun manggarai jam 9an masih lumayan rame. Temen gw (cewek) pas lagi di tangga desak-desakan, pantatnya dipegang cowok. Dia ngadu ke gw.",0
Ramadhan kareem! Alhamdulilah berhasil menyelesaikan jeruji perkuliahan! Jelas ini semua tidak mungkin terjadi tanpa dukungan orang tua + [username]! [CAPS] Wkwk kado ultah ke 22 yg boleh la [ELONG] [url] [CAPS],4
"Di cerita itu dikisahkan kalau istrinya gabisa ada keturunan, suaminya mau mempertahankan rumah tangganya, tapi si ibu laki2 maunya si anaknya itu menikah lagi supaya bisa ada keturunan. Dan si istri sudah lapang dada untuk pisah,namun si laki2 kekeh untuk mempertahankan istrinya",0
[username] [CAPS] [username] [CAPS] [username] [CAPS] [username] [CAPS] [username] [CAPS] [username] [CAPS] [username] [CAPS] [username] [CAPS] [username] [CAPS] [username] [CAPS] [username] [CAPS] [username] [CAPS] [username] [CAPS] Alhamdulillah lancar acaranya [username] [CAPS] semoga berkah dunia-akhirat Ami,4
"Terima kasih ayah bunda yang sudah mempercayakan treatment untuk baby Raesha di [username], [CAPS] semoga baby Raesha sehat dan bahagia selalu #momnjogadingserpong #GiftAwayForCustomer",4
"Dibalik cewe yang memberikan kepercayaan kepada pasangannya,ada keraguan dan takut kehilangan. Karena mereka tau bahwa dirinya begitu banyak memiliki kekurangan dan diluar sana banyak yang lebih baik dari dirinya.",3
"makin lama kenal, a makin suka dengan lelaki ini. makin lama makin sayang, sampailah last sekali si a ini bercinta dengan lelaki itu. lelaki itu pun baik (according to a) seorang lelaki yang penyayang, soft spoken memang taste a lah.",2
"Selamat ulang tahun ibu,Teruntuk orang yang paling aku sayang dan orang yang selalu sayang kepada ku",2
"Bilangnya selo tapi disuruh kerja ogah2han nanti capek dll. Kalau kerja sudah lillah sm ikhlas, mau capek atau engga itu dipikir belakangan atau malah ga dipikir sama sekali. Toh nanti kita juga yg untung dpt pengalaman dan pembelajarannya",1
"Seperti katak dalam tempurung, kepercayaan tinggi terhadap hegemoni ilmu sains dan teknologi sebagai solusi pragmatis apolitis dari beragam permasalahan di Indonesia, adalah bentuk dogma atau ideologi Sila google 'scientism' Sila google 'arogansi alumni itb' [CAPS] Eh",0
[username] [CAPS] [username] [CAPS] mhn maaf smua beliau itu pemimpin low biarkan dia bekerja. [REPPUNC] semua pemimpin pasti pencitraan contoh nya banyak tp biarkan mereka bekerja. [REPPUNC] apapun yg terjadi. [REPPUNC] krn sdh jd pemimpin sebab nilai sang pencipta lebih hakiki,1
"subhanalloh [CAPS]. [REPPUNC] setelah ngetes anak mi [CAPS] yg sdh Khatam Al Qur,an baca surat pendek dan lancar Bupati : Hebatt ! Sekarang kamu ngomong sama pak Bupati, mau hadiah apa? apa saja boleh, tinggal ngomong saja nanti pak Bupati Kasih. Siswa : aku mnta hadiah doa [CAPS] saja dari Pak Bupati",4
"[username] [CAPS] [username] [CAPS] di bulan Ramadhan yabg suci ini, alangkah baiknya menyejukkan suasana dan bukan memancing orang lain untuk berbicara (text) buruk dan berdebat tentang politik yang duniawi semata. Mari [username], [CAPS] saling koreksi diri.",0
"Ada korban #sexualharassment berani speak up malah dibully, dibilang lebay, ironisnya, ga sedikit kaum hawa yg ikut2an nyinyirin. Kayaknya kalian terbiasa dikirimin foto titit deh, empati buat sesama cewek jadi ga ada. #SaveViaVallen",1
"Dibilang baik-baik nyepelein, dimarahin malah marah balik. Sekiranya hidup gak butuh masukan dari orang lain, hidup di goa aja. Biar bisa mengekspresikan diri semau maunya. Jadi gak nambah masalah gitu lho",1
Kuota tidak lain dan tidak bukan habis karena buka twitter :''( Kesel masternim pada maen twitter terus kenapa padaa sering upload fancam si pfft,0
Terlalu miris melihat org yg berkedok apa laginseorg oendidik agama namun tak pernah bijak menggunakan tata bahasa menyinggung org lewat media sosial.,0
Karena Cinta Yang Sesungguhnya Berasal dari Hati.. Di Rasakan Oleh Hati.. Di Ungkapkan Lewat Hati Yang Di Terjemahkan Ke Dalam Setiap Bait Bait Puisi..,2
"Perang itu sama teroris bukan bela teroris. Perang itu sama dakwah2 Radikal bukan bela Radikal. Bacot doang gede, masih ingat kunjungan diusir nyali lu seperti ayam sayur. Sok ngomong perang ! [REPPUNC] [url] [CAPS]",1
[username] [CAPS] min jgn mati idup trs mati lg gini dong listriknya.. Bisa ngerusak alat elektronik. [REPPUNC] Klo blm bnr tuh jan di nyalain dlu trs di matiin lg.. Rusak elektronik ntr,1
"Anak2 adalah kepada mereka kita mencurahkan sayang, harapan, sekaligus rasa takut akan kehilangan. Peluk mereka, rengkuh mereka, tengadahkan wajah mereka ke langit, agar mereka tahu sayang kita begitu sengit. Selamat Hari Anak.",2
"Hari ini banyak banget pelajaran yang gue dapet sih, yang sebenernya diingetin lagi buat kesekian kalinya sama beberapa peristiwa hari ini. 1. Harus banyak bersyukur. Sekali lagi bersyukur jangan kufur! 2. Jalanin hidup ensenang ajah jangan dibawa ribet.",4
"Kebanyakan cewek kriteria nyari pacar pengen yg lucu, padahal kalo menurut cewek, ganteng= lucu. Jadi definisi lucu disini adalah ganteng. Kalian yg jele dan qismin tolong pahami ini. [REPPUNC]",0
"Cepet banget, hanya 3 hari setelah pesan, langsung sampai. Terima kasih ya mas [username] [CAPS]. Buat koleksi Perpustakaan Fakultas Psikologi Univ Pancasila (buat saya juga",4
"Kamu mau ngomong apa.Kayaknya kamu dendam kpd Anies.Pernah disakiti olh gub Anies?Salah apa Anies kpdmu?.Knp dendam?Kamu klmpok dki42% [CAPS] yg tdk puny gub,Anies bukan [url] [CAPS] pada tempatnya kamu maki2 Anies.Salah. [url] [CAPS]",1
mana ada maling ngaku penjara penuh badan gede hsil kan gede,1
"Baca pesan di whatsapp kemudian berpikir.. Gw tu kadang suka terlalu baik sama orang. Tapi lalu gw sadar. Gak kadang si, emang selalu. Maklum, angelic.",0
Kayaknya habis ini mataku harus dimandiin pake abu biar suci deh karena baru melihat adegan yg tidak senonoh di McD yg tidak lain adalah adegan orang yg saling bermesrahan didepan mata huhuu,3
sudah ah jangan sedih katanya strong sel -adit,0
"Setelah dipikir-pikir, bener juga sih, kan ada Google Maps ya. Hnng [ELONG] tp nggak gitu maksudku. Ini kan ke desa ya. Kan takut nyasar terus aku hilang gimana",3
"Kosan deket kantor, dateng paling telat, trus kalo siang tidur pula selonjoran di sofa. Temen kantor kaya gini emang perlu dikatain tai sih.",1
Yg ngeselin lagi ni kalo ada klien nanya fee. Dijawab sebenarnya lalu kaget. Lah elu bayar dokter cuma konsul hitungan menit rela bayar mahal. Lah sama psikolog mana ada konsul cuma 5-10 menit? Sejam aja udah bagus kalo ketemu akar masalahnya. Hh~ [ELONG],1
"The greatest showman ini film musikal. 60% isi filmnya nyanyi2. Dan karena gw pribadi suka bgt genre kek ini, jadi 2 jam nnton tuh ga kerasa sama sekali. Rasanya pengen ikutan nyanyi2 sambil nari2.",4
"Kita mah lucu, beberapa waktu lalu kita kita berantem karna orang orang ketiga yang mencoba merusak segala hal yang sudah kita bangun. Dan sekarang, kitalah yang menjadi tokoh utama yang menghancurkan segala hal yang sudah bersusah payah kita bangun itu-",0
"gimana ya caranya ngerubah instagram story viewers? kok toxic people bisa ada di urutan pertama -_- padahal buka ignya aja, saya gapernah -_-",1
"semoga kedepannya ga kejadian lagi Barista [username] [CAPS] Gancit ngeselin. Masa pesen espresso yg harusnya pahit jd manis. Kopi yg kamu jual bukan barang murah loh, jd wajar klo yg dicari kesempurnaan rasa. baru kali ini ada barista kayak gitu.",1
"Kadang pengen gitu balik lagi jadi anak sd,pulang sekolah tidur siang,bangun2 main harvest moon /pepsi man sampe [url] [CAPS] mikirin ina inu.",0
[AskMF] jadi aku ini punya ganglion ditangan deket banget urat nadi [EMOTICON] awalnya aku kira tulang kegeser eh pas cari tau digugel itu tumor ganglion. Aku jadi takut. Ada yg pernah kek gini ga? Mau tanya dong [EMOTICON],3
"Kekuatan cinta kita takkan pernah rapuh, terhapus ruang dan waktu. Kupercayakan kesetiaan ini padamu sayang",2
"Sesama cewe lho (kayaknya), harusnya bisa lebih rasain lah yang harus sibuk jaga diri, rasain sakitnya haid, dan paniknya pulang malem sendirian. Gimana orang asing? Wajarlah banyak korban yang takut curhat, bukan dibela malah dihujat.",1
[username] [CAPS] Itu pak Marjuki ngerti ndak. [REPPUNC] Faham ndak.. Yg di waspadai yg radikal kalo ndak radikal ya dak usah hawatir.. Kalo tersinggung jangan2. [REPPUNC] termasuk radikal ya. [REPPUNC] ! [REPPUNC],1
"[askMF] pacar gue enggak tau ada masalah apa di rumah sampe gamau pulang. dia bilang dia lagi keluyuran sama temennya. gue khawatir. takut dia kenapa kenapa. mendingan gue bersikap gimana ya? drtd gue cuman bisa bilang ""jangan lupa ngabarin ya, hati hati kamu""",3
"Kemarin sore dapat customer yang order grabcar [username] [CAPS], dia minta untuk mengantarkan nasi kotak untuk orang tuanya dirumah,dan alhamdulillah saya diberi nasi kotak juga untuk berbuka puasa. Semoga rejekinya dilancarkan ya Mas. Cc : [username] [CAPS] [url] [CAPS]",4
Emang kamu benar? Emang kamu pintar? Emang pendidikan kmubS3 dri Amrik dg nilai bagus? Emang kamu lernah jadi Rektor pt? [CAPS] Emang kontribusi kamu terhadap negiri sudah banyak?,1
"Tgl 30 Juni kemaren udah degdegan aja pengumuman dospem, ampe skrgpun masih ngawang",3
"[username] [CAPS] Sekolah pangan mana kak? Hihi menyenangkan kan [ELONG] ikut kelas kayak gituan kak. Healing bgt sih buat aku ((jah [ELONG] salfook)). Wggwgwgw hooh kak, bahkan banyak hotel yg nyari tau kak. Buat dresing [ELONG] salad. Gilingan. [ELONG] Naik kasta bgt itu kemb",4
"Dulu wa [CAPS] buat pacaran, isinya foto2 selfie dan aktivitas pacar, penunjang ldr.. [CAPS] Sekarang pacarnya hilang, foto-foto diganti sama foto pencitraan orang kerja di lapangan dan preview desain. [REPPUNC]",0
[username] [CAPS] Blm tentu yg bilang gitu kerja nya bener. Mending disebut plenga plengo tapi kerja nyata hasil banyak drpd banyak nyinyir hasil nol besar. Sukses selalu untuk pakde [username] [CAPS] dan para pendukungnya,1
"[askMF] Masa aku baru pacaran kemarin, tp gaada saling kabar-kabaran lg dimana atau mau kemana. Chat nya jg random aja. Trs aku mau ngabarin dia jg kaya mikir 2x takut dia nya keganggu. Wajar ga sih?",3
"Logika aja katanya, tapi tweetnya muter-muter di situ aja. Pakai perbandingan Nikita Mirzani dan dp [CAPS] lagi. Yaelah. Kecoak terbang! [url] [CAPS]",1
"Setiap kesempatan yg pernah hadir tuk dapat membuatmu selalu merasa aman dan nyaman, kini jadi suatu kehormatan yg pernah didapat",2
"Kehidupan terindah dan membahagiakan di mana Allah membuat kita selalu dalam cinta-Nya dan di mana masih ada orangtua yang kita cintai *Selamat hari anak nasional* Terus berusaha untuk menjadi seorang anak yang dapat membahagiakan orangtua, agama, bangsa dan negara Azure",2
"Gua baru sadar, hampir di setiap panti punya kucing liar yg selalu di rawat atau di ajak main sama anak2 panti. Dan gua juga baru sadar ternyata itu bentuk ungkapan kasih sayang anak2 panti terhadap sesama.",2
"Kalo liat orang naek motor yang lampu seinnya masih nyala padahal ngga belok, langsung reflek ngecek lampu sein sendiri takut keliatan tolol",3
"Jaman dulu dipanggil nama sama cewek yg di suka aja udh gemetaran ngalahin tes pantokhir akmil, lah skrng kalo ga pap tt katanya ga sayang, sadar woyy dia itu cewek yg berusaha mati matian di bahagiain ayahnya, jangan lo rusak gtu aja buat nurutin nafsu lo #OldMoneyGakNgerasain",1
"Serem jg nih kalo sering mati lampu gini. Ngeri aje pas lg ditinggal keluarga ke jogja besok, sendirian di rumah trus mati lampu. Jadi apa aq",3
"[username] [CAPS] [username] [CAPS] [username] [CAPS] Maksudnya al sama adam, tuh, kembar, sha. Sama2 22 mei. Jadi koplaknya sama, gitu. het [ELONG] [CAPS] nyama2in [CAPS] aja [CAPS] nih [ELONG] [CAPS] [url] [CAPS]",4
"netizen indonesia kebanyakan pada mau eksis.menganggap dunia maya sebagai panggung,kadang mereka memerankan peran orang yang bijak. [REPPUNC] kadang pedas menghakimi",1
"Maha Dahsyah Allah yang menciptakan mimpi dengan begitu detailnya, hinggal waktu dan tanggal terlihat, detak jantung terasa hingga terbangun lalu merasa ketakutan yg berasal dari mimpi tersebut",3
"Cintamu adalah harapanku. Kasih sayangmu adalah dambaanku. Kesetiaanmu adalah jalanku, maka tuntunlah aku agar dapat berada di dalam hatimu selalu untuk selamanya. #",2
"Rindu tidak terungkap. Dalam banyak-banyak insan yang aku kenal, hanya kau seorang sahaja yang aku rindu. Rindu sangat-sangat. walaupun terlampau awal untuk kau pergi, tapi aku nak juga rasa kasih sayang dari seorang ibu. Umi, adik rindu umi Al-Fatihah.",0
Citacita menjadi pemenang giveaway akhirnya tercapai. [username] [CAPS] Yeayy. Voucher gratis makan pizzahut. Terima kasihh [username] [CAPS] telah memilihku. Terharu sekali,4
"Feeling yang aku tak perna rase, like aku dapat jumpe soulmate aku like we got the same vibe, same feeling, eh gile la makin jatuh cinta je everyday. Kau tau the feeling kau tak perna bosan dgn org tu, tgok muke dia pun kau tak bosan, fui [CAPS] tapi [CAPS] sumpah [CAPS] senyuman [CAPS] dia [CAPS]",2
"tiket bioskop ayat2 cinta, masih disimpen dan dijadiin pembatas buku, nonton berempat jaman rsut sama keluarga, definisi bersyukur ada yg nengokin dan diajak jalan, keluar dari asrama sebentar",4
Hiburan di hape klo ga lihat #recehkantwitter ya minta google assistant buat ngirimin joke macem ini. Hidupku memang kek uang kembalian. [url] [CAPS],4
"/rlt guys aku mau nanya. Aku bingung, aku ketrima u'p'n vj sama un air. Aku suka jurusan yg di u pn tp aku anak daerah, agak takut di jkt. Dan yg un air uda dibayar. Mohon sarannya.",3
"Lgi ngumpulin upeti kanan kiri. [REPPUNC] Mau ngasi hadiah buat suami panerai. [REPPUNC] Bukan anniversary/ special day.. Cuma krn pengen kasih aja. [REPPUNC] Krn memberi lbh membahagiakan drpd menerima Ngasi suami sendiri itu gpp, *Kl dulu njum suka ngasi ke pacar2 an alias zonk lahir btn",2
"Adaa saat dimana emang lelah dalam perjuangan, ketika satu tujuan tidak memperlihatkan keterbukaan, lebih baik memilih mundur, untuk menggapai tujuan yg lainnya.",0
"Pak Wagub,saya beda politik dgn Anda..tapi setelah anda di bully masalah Tong sampah jerman sy prihatin. Coba hub mas [username] [CAPS] nanti sy presentasikan tentang penanganan sampah scra integreted dan murah.Konsepnya sdh sy berikan P.Pramono Anung [url] [CAPS]",0
"hahaha duh nad itu bisa aja sih lo nyampe di serang fans 'kencing aja belom lurus kaga tau apa dia lo eksoel dari jaman teaser beribu episode itu, jaman masih lengkap",4
20180710 #3 09.06 wib [CAPS] Akhirnya geng sosialita kumpuul [ELONG] Breakfast syantiek dari tbs [CAPS] dan Kelapa Gading #Holiday #Breakfast #Syantik #PizzaHut #Juanda #Jakarta #Indonesia #Tuesday,4
Padahal engga sampai 24 jam Allah udah kasih jawaban atas masalahku. Aku saja yang terlalu buru-buru berburuk sangka. Astagfirullahalazim maafin dian ya Allah [EMOTICON],0
"Alhamdulillah, sekarang kurma bukan hanya bisa di panen di tanah Arab Saudi tetapi juga bisa di panen di Pekanbaru ( Riau )",4
"coba [ELONG] [CAPS] mana [CAPS] ada [CAPS] temen [CAPS] begini [CAPS] ya [CAPS] allah [CAPS] [EMOTICON] perkara gadapet 3 bulan aja dicurigain ibu,hamil ciken naget mah iya beserta happy meal-_-",1
"Terus mulai deh suka got7, nyari tau tentang got7.. dan taulah ama member yang lain, wkwk.. dan pandangan ku langsung teralihkan ama jackson, karena ke absurd an nya, karena ke - Wild & Sexy- nya, dia sukses bikin gua jejeritan kalo liatin dia",2
Makasih juga ya udah mau bertahan sampe sekarang walaupun rumahnya jarang aktif juga. [EMOTICON] sayang Roro pake banget!,2
Disayangi oleh insan yang kita sayang itu satu kebahagiaan.. Tapi dihormati oleh insan yang kita sayang itu lebih bermakna.. Tiada guna kalau sayang tapi tiada hormatnya..,2
"Oke sekian dan terima diskusi namun tidak terima nasehat dr orang yg belom menikah, belom punya anak, anaknya bukan usia toddler karna gue yakin lo gak akan paham rasa campur aduknya sebelum lo punya anak usia toddler",0
"Yang sombong sudah pasti adaa aja balesannya. Karna tuhan gak tidur. Heran sama temen organisasi yang nge(sok) banget. Dibilangin mau dibantu nyari sponsor, katanya gausa, [CAPS] uda ada semua. Aku punya link mbak. Ga cuma ngomong doang. Eh dia gak mau.",1
"Terus jadi tiba tiba kangen dipanggil nama kecil. Karena udah lama banget ngga denger dipanggil ""dia"" kangen. Wkwk. Terakhir jaman sma [CAPS] sih ada temen temen yang 'so akrab' panggil gitu. Geli. Tapi sekarang malah kangen.",4
"apa korelasinya antara bulan puasa sama parkiran kosong ? marenmaren aja w dibikin emoshi tyap hari gegara sulit banget dapet parkir.. giliran ga bawa mobil, kosyoong melompong [ELONG] #lyfe [CAPS]",1
Kenyataan pancasila [CAPS] mau diganti khilafah kan?,1
"udah tau akun verified, netijen indo galak, udah deh si mamas habis dilahap netijen. menurutku speakup disini gmn cara kita mengadukan hal tsb kpd pihak yang lebih kuat. kalau anak2 ya ke ortu, guru, dsb gitu bkn cari massa buat nge-hate pelaku. apa bedanya sm main hakim sendiri?",1
"Tapi dia itu bule dong, menurut persepsi dia mungkin itu normal, dan gw yakin niatnya tidak untuk melecehkan Pemikiran begini yg bikin orang Indonesia diremehkan bule. Itu orang tipe klo ada bule minta foto pasti Ingin ku berkata kasar. [REPPUNC] kasar [CAPS] ! [REPPUNC] [url] [CAPS]",1
Woww tuduhan lagi Rujukan nya please siapa yg bilang mas ?,1
kaga kemaren2 saja -_- payah tuh bocah,1
"Harus cepat2 capcus nicch [url] [CAPS] Warga Jakarta diperkirakan mulai mudik ke arah Jawa dan Sumatera mulai Jumat, 8 Juni 2018.",3
"Aduh pemotor jgn suka ngerumpi di atas fly over daan mogot dong, macet tauk [username] [CAPS] [username] [CAPS] [username] [CAPS] [username] [CAPS]",1
Jenniku yang sanagat cantik nan menggemaskan seperti bayi aku sayang banget sama kamu [ELONG] (ps:imutan bayi kita nanti) [url] [CAPS],2
Lebih takut ditinggal mati sama orang2 tersayang sih,3
"Nonton film ini di Cendana, bareng Pak Harto sama Bu Tien, dulu sih gue ya ga kepikiran apa-apa, masih piyik, apa yang dipikirkan Cing Ato pas nonton film ini sambil yah? Banyak cemilan tapi wqq. [url] [CAPS]",4
[username] [CAPS] [username] [CAPS] Memang goblok kau ini kafir Saya bilang Masyumi vs pki zaman soekarno. [REPPUNC] Soekarno yg membubarkan Masyumi.. Zaman Soeharto Masyumi di izinkan kembali.. He anjiang kurok ang Lai bisa baco ang jiang,1
"Selamat kamu dapat kuota dari [url] [CAPS], wah, [ELONG] itu sangat berharga ya [ELONG] #dapetin ucapan itu selain ucapan selamat kamu cantik jadi selama ini dia jelek",4
[username] [CAPS] Hahaha sekali dua kali sih aku bisa ngerti apalagi kalo deket. Yaudahlah ya Kalo jauh dan begitu terus You might consider to fuck your phone instead of me,0
"setiap ada manusia ini di media, kok gk pingin baca beritanya tp lgsng baca komennya, pasti seru.. ! [REPPUNC] [url] [CAPS] Fadli Zon ragu tiga orang terduga teroris yang diamankan di kampus unri [CAPS] menjadikan gedung dpr [CAPS] atau dprd [CAPS] sebagai target pengeboman. Kenapa?",4
Seakan akan apa-apanya tuh Nikah nikah nikah nikah nikah nikah nikah nikah nikah Hm [ELONG] di kepala kalian isinya cuma nikah ngapa ya? Dikira nikah gampang apah,1
[username] [CAPS]. [REPPUNC] Ente bilang Hakim Artidjo bukan Malaikat. [REPPUNC] Ya jelas bukan. [REPPUNC] Tapi Hakim Artidjo berdasar fakta2 persidangan dan tidak akan buta terhadap Korupsi Anda yg sangat jelas bukti2nya. [REPPUNC] Anda yg sebenarnya bukan Malaikat karna sangat doy,1
"ibarat saya datang baik dengan buku dan pulpen, saya keluar hanya membawa buku itu saja. lantas pulpen itu saya tinggalkan dengan dirinya untuk dijadikan alat tulis baru dirinya dengan yang akan datang untuk bertamu di hari nanti.",2
"Semoga nggak nongol ybs, serem aing bisa salah tag",3
"Kangen bgt deh aku sama Maw, baru brp hari ga ktm aku udh kgn nih sm Maw sayang bgt sm Maw smg kamu dpt yg baik2 trs ya Maw aku gamau cantik aku disakitin nih calon lawyer aku nih",2
"[username] [CAPS] [username] [CAPS] Nah kalo ini baru bener, semua yang salah patut disalahkan buat introprksi dan membenarkan permasalahannya, bukannya udah salah e malah lari takut disalahkan",1
"[username] [CAPS] Jadi dia itu terlahir dengan wajah yang agak kurang enak dilihat gitu loh, susah jelasinnya. [EMOTICON] Terus dia kalo ke sekolah suka pake helm, karena diledekin sama seantero sekolah. Tapi keluarganya tuh sayang banget sama dia. Pokoknya mengharukan.",0
semoga alloh meridhoi niat kita ya sayang dipermudah di gampangkan dilancarkan selaha niat baik kamu ya sayang saatnya nant tiba jadi bersabarlah ber istiar lah amin ya robb alamin [url] [CAPS],2
"[Askmf] coba deh sekali aja lu jd gue, ngrasain jatuh cinta diem diem, lu perhatian ke gue dan gue senengnya diem diem, tiba tiba dapet kabar lu jadian ama cewe lain juga gue diem. Diem diem sakit ndiri.",0
"Kasus via Vallen, itu juga sering terjadi kok, dari yang gue kenal orang nya sampai gk gue kenal orang nya, sering bertebaran gambar t*t*t di dm [CAPS] gue, messenger, wa [CAPS] lah yg gue lakukan block, block or report akun nya, kelar",1
Ngak ngerti lagi deh gue. Kok bisa2nya ada orang di dunia ini yg berdiri ajah tuh udah keren. T-Shirt doang. Gila ngak tu. [REPPUNC] [username] [CAPS] [username] [CAPS] [url] [CAPS],2
"Aku tanya, ""ada apa sih emangnya di bawah?"" ""Udah ikut aja."" Ajakmu, aku mengekormu dari belakang. Dan ternyata McFlurry! ""Harusnya kalo hujan gini beli yang anget, eh tapi malah ini."" katamu. ""Udah ngga apa, kan kamu tadi belinya sebelum hujan."" candaku Kamu menoleh dan tertawa.",4
ya alah tolong ingatkan diri sering khilaf ini agar tidak-pernah lupa menyisihkan 0 [EMOTICON],0
oke (y) cek fav ka [EMOTICON],4
"Jembatan depan super indo dago merupakan jembatan dengan anak tangga tersempit dan terterjal, serta pagar terpendek yang pernah gue naikin. Kalo nyokap2 pake gamis takut ketinggian, in sya Allah turun2 kaki lemas dan gemetar. [REPPUNC] [url] [CAPS]",3
"Bukannya bersimpati aku liat akun kayak gitu malah jadi serem, malah jadi takut soalnya videonya dia menghancurkan dengan cara brutal dengan cara pake kampak terus di posting gitu. Sedih kali loh liatnya.",3
"Countdown to libur lebaran, keknya w mesti donlot banyak drama. Kan udah lebaran yakaan ga puasa yakaan gapapa kan nonton adegan unyu drama korya yakaan?",4
"Setelah itu kamu marah pada papa, dan masuk kekamar sambil membanting pintu. Dan yang datang mengetuk pintu dan membujukmu agar tidak marah adalah mama.",2
"blio juga yg kasih pernyataan ofensif ke Menag pas lagi Rapat dg dpr [CAPS] ttg travel agent umroh-haji. Well, ketauan lah ya seperti apa kapasitasnya",1
[username] [CAPS] [username] [CAPS] sebenarnya yg Melanggar Bawaslu itu Lawan Politik nya apa beliau ! [REPPUNC] ah sudah lah makin terjun aja tuh image beliau d masyarakat,1
"Lucky me, ada yg sebegini kangen dan sayang sama uwe dirantauan, memang ga ada yg bisa gantiin keluarga, tapi bisa punya temen rantauan yg sayangnya kek kk sendiri tu rasanya Tuhan [ELONG] sayangg bgt sama uwe, nempatin orang baik disekeliling uwe",2
Damai taik lo. [REPPUNC] soekarno [CAPS] yg membubarkan partai [CAPS] islam [CAPS] masyumi.. [CAPS] dizaman [CAPS] pak [CAPS] soeharto [CAPS] di [CAPS] bolehkan [CAPS] kembali.. [CAPS] masyumi [CAPS] menjadi [CAPS] keluarga [CAPS] besar [CAPS] bulan [CAPS] bintang [CAPS] lalu [CAPS] partai [CAPS] bulan [CAPS] bintang [CAPS] 1998 begok [CAPS] dungu [CAPS] sok [CAPS] tau [CAPS] cebong200 [CAPS] [url] [CAPS],1
Dan pas di jalan tiap waktu aku nengok ke belakang. Masih ada mobil mereka. Pas udh nyampe surabaya tbtb mobil mereka udh ga keliatan [EMOTICON] aku takut bgt mereka kenapa2 [EMOTICON],3
"2 hari yg lalu ane pernah dapet ginian [username] [CAPS] Deket cm 2,8km Argo 8rb dibayar 12rb\ Mau cancel kasian udah nunggu lama katanya, gada yg mau Lah iya gada yg mau driver nya kalo kyk gini cs [CAPS] nya",1
"Kalau bahagia itu sederhana, kenapa kau sibuk mempercantik raga? Sedang kau tau milikmu, adalah hal yang fana. Lokasi : Sungai Susukan Ndalem, Mejagong - Randudongkal - Pemalang. #pesonaramadan2018 #pesonaramadan4juni2018 [username] [CAPS] [username] [CAPS] [username] [CAPS] [url] [CAPS]",0
mantap tidak-bisa tolak itu sih maruk,1
"Bingung masih bisa nyalahin perempuannya.. Mau dia bule kek, mau dia apa kek, kalau attitudenya baik ga akan begitu..Mana ga kenal pula.. Perempuan, nyalahin perempuan.. Lelaki brengsek hanya tertawa, lalu mengulanginya kembali.. Org2 yg nyalahin Via Vallen ini fix yg brengseknya",1
"Rencana : mau bagi makanan ke para tetangga karena mendekati hari raya. Oke, tradisi ""ater - ater"" (kalo dirumah) Realita : katanya ""disini, nggak ada kebiasaan kayak begitu. [REPPUNC] "" Krik krik Berakhir dengan, *yaudah kasih ke yang mau aja deh ntar kalo mau buka puasa*",0
Ini justru bagus. Dengan ini semoga dangdut kita bisa menaklukkan asia tenggara. Nanti nya kita tidak hanya mengirim tki [CAPS] tapi pedangdut. Yeay!,4
"Mantan Ketua mpr, [CAPS] takluk. [REPPUNC] Ketua Partai, takluk. [REPPUNC] Tertawalah buronan sang penakluk. [REPPUNC] hahahaha. Maka jadilah mereka sekelompok gerombolan yg suka buat gaduh.",1
"[username] [CAPS] [username] [CAPS] [username] [CAPS] [username] [CAPS] bercita-cita jadi jongos, [CAPS] pola pikirnya terbatas pada bagaimana caranya menjongoskan [CAPS] diri dng baik jadi menurut saya kapasitasnya otaknya tidak mumpuni unt menampung cara berfikir yg tuliskan oleh [username] [CAPS]",1
"[username] [CAPS] [username] [CAPS] Tolong pencerahan kah, sy sudah lapor ke hotline dan mention kesini, tp tracking paket sy malah ke purwokerto itu ! [REPPUNC] Tujuan paket sy kaimana [CAPS] Papua Barat buka Kalimanah Purbalingga, kesalahan a di pihak anda yg salah",1
"[username] [CAPS] [username] [CAPS] [username] [CAPS] [username] [CAPS] Siapa yg tidak [CAPS] mengakui kalau Aher itu gub.hebat, lihat saja prestasi Jabar pemegang Kasus Intoleran Tertinggi periode 2015 - 2017. Kini 2017 - 2018, akibat imbas pilkada dki [CAPS] yg diusung pks, [CAPS] Jakarta",4
[username] [CAPS] [username] [CAPS] [username] [CAPS] [username] [CAPS] jadi kalau misalnya gagal di tinggi badan tetep bisa dialihin ke prodi lain? mohon penjelasannya soalnya degdegan dari kemaren haha,3
"lucu sih kenapa ada pasangan yg masih tukeran pass ig. dimana komitmen kalian yg ada embel2 "" kepercayaan"" apa pasangan kalian tukang selingkuh? haha [CAPS] ciyan [ELONG]",0
"Merawat cinta itu tidak hanya butuh kesabaran, tp juga perlu mengalah memahamidan merangkul. Ketika marah sudah tak tertahankan, ingat2lah betapa indahnya apapun yg pernah kita lalui, sejelek apapun keadaannya, ""aku bersyukur memilikimu""",2
Dukaku karna tak mampu katakan sedih ku karna sakit ku ! [REPPUNC] #iniserius #seriuscumatulisan #tulisandarilubuhhati #hatiyangcukupdalam #tapigakdalamdalambanget *emot mekkel sip*,0
"Aku pen jadi gulingnya via valen Biar bisa menenangkan dia. Aku tau via lg bersedih hati pastinya hari ini, seharian pasti nangis terus dia.",0
dari kemarin mao ganti ava susah sekali sudah,0
Sayang seribu sayang namun tak ada satupun yg nyangkut sampai sekarang,0
Aku hanya berfikir bahwa selama dia tersenyum berarti dia bahagia. Aku tak pernah berfikir bahwa ternyata dia mencoba untuk bertahan sngt keras di dlmnya. Sngt sngt egois kan? Qyara kuharap dimasa depn kau tak bertemu dgn sosok sepertiku krn itu sngt memuakan.,1
Aku ingin jatuh cinta padamu yang siap menerima perasaanku ini tanpa rasa paksaan dari siapapun. Semoga kamu juga menginginkannya dan selamat malam gadisku.,2
"Masih ingat ""citra"" [CAPS] kala itu? #1996 Tempat LDRnya mahasiswa atau sekedar tempat berlabuhnya di tgl tua minta transfer sama ortu. ""wartel"" [CAPS] itu tepat dipinggir jatos [CAPS] hari ini. Tak sekedar tempat kumpul2 padahal dulu tak ber wifi [CAPS] atau mungkin di atasnya ada kostan mahasiswi.",4
"sayang bgt deh sama kalian. ("": [username] [CAPS] kamu jg termasuk ya.",2
Percaya Saja Kalo Tuhan Punya Rencana Baik Toh Setiap Orang Pernah Berbuat Kesalahan Yg Penting Bagaimana Cara Agar Tidak Mengulang Hal Tersebut,4
"Menurut dia tindakan itu bukan pelecehan seksual? Bener kan kata gw, ilmunya pada ga dapet. Jadi ga ngerti deh apa apa aja yang termasuk pelecehan sexual [url] [CAPS]",0
"Lah masalahnya dia hatinya kayak pantat bayi, sensitif bet. Yamana w berani negur. Bangunin dia aja w gaberani, (haha sementara dia seenaknya motong jam tidurku) Sebenernya aku masi takut naik motor karena kemaren aja aku liat orang nyaris kecelakaan 3 kali didepan motorku,",3
"Bagus banget woy lagunya ! [REPPUNC] Apalagi pas nonton livenya ditambah fanchantnya. Merinding gila. Pokoknya album ini memanjakan telinga banget, bakal disayang-sayang deh kalau dapet albumnya",4
"Bagaimana bisa ngapain kalo cuman di medsos. Masalahnya, di dunia nyata ndak ada yang peduli, ndak ada yang bertindak melarang mereka. Yang berwenang ndak tahu di mana. [REPPUNC] [url] [CAPS]",0
"[username] [CAPS] bismillah, happy bday kak! wuatb, gbu. smga selalu dilimpahi keberkahan, rezeki, kebahagiaan, umur yang bermanfaat dan sukses dunia akhirat. semoga cita2nya tercapai dan bisa membanggakan ortu, nusa, negara dan agama. aamiin! btw kita se-dom kak",4
inong [CAPS] Kami putera-putrimu selalu mengingat nasehatmu. Inong.. we miss and we love you inong. Air mataku tak bisa ku tahan ternyata selasa sekarang persis lima tahun lalu kepergianmu.,0
"Risha sayang Mas, imbuhnya, kemudian mendaratkan kecupan singkat di atas bibir Arsya. Dan setelah menarik diri, Arisha mengulum senyum dan buru-buru bersiap untuk pergi",2
"Dulu pernah belajar, klo udah suka sama orang susah buat liat kejelekannya dan klo udah kesel yah kesel aja. Sekarang kayanya hampir semua kaya gtu, rakyat mulai tidak bisa mengapresiasi pemimpinnya, apalagi pemimpin yang dibencinya. Dan juga sebaliknya.",0
"[username] [CAPS] yah berarti gua dosa dong? masalahnya nyokap gua kl nyuruh guaa beli kopi ga ditanyain kmbaliannya, yaudah gua inisiatif aja tabungin(:",3
"dilema banget anjir mau kentut tp takut yg keluar gakcuma gas, mau boker tp gak mules",3
"Deg degan tuh lgsng gua. Gua lgsng wa cowo gua kan ya,gua ngabarin kalo sikring rumah gua kayak ada yg nurunun,trs gua takut. Eh ternyata cuman ceklis 1 doang. Trs gua makin takut tuh ya lampu ga nyala2,gada yg bisa gua hubungin",3
"Hadeh ini lagi Satu Cewe yg udh pikirannya jahat, jari jarinya jahat. Dinikmati? Heh mbak emang penyanyi dangdut itu auto lonte? Lonte juga bisa kena sexual harassment mbak. [ELONG]",1
kirain elus dada kak elus perut [EMOTICON] adik tidak-butuh balon kak adik cuma butuh cinta kasih sayang kakak aja [EMOTICON],2
Cari orang2 yg selalu menyudutkan Ansor. Sabar itu bagus tp kalau terus menerus difitnah disalahkan jangan tinggal diam Saatnya,1
"Oh kirain beli 4 wkwkwk maksudnya 4 tuh ongkos gojeknya yhaa.. Adu [ELONG] cian.. gapapa lah buat sendiri, daripada udah beli buat orang lain eh ga dimakan kalo ga dikasihin lg ke orang.. Baguslah mandiri, drpd udah lama sendiri, tetep manja",4
"@0281_bobotoh Lucu juga sih kalo menyalahkan cara berpakaiannya, setau uka si via vallen belum pernah pakai pakaian sexy yg memperlihatkan bentuk tubuhnya..",0
"Gue pernah baca review film nya dimana yaa, pokoknya barengan sama review film nya dewi persik wkwkwk, serem anjir gue bacanya gak mau nonton, ak cupu [url] [CAPS]",3
"Miris : Menciptakan 'karya' dengan susah payah yang menguras pikiran,tenaga,waktu dan materi,. [REPPUNC] kalah [CAPS] oleh oknum yg menjiplak dan/atau sekedar terima beres memanfaatkan karya orang lain dengan gimmik dan sensasi. Gimana menurut [username] [CAPS] ! [REPPUNC]",1
Udeh mau roasting lagi segera. [REPPUNC] Insya Allah ! #KoPi_NuSanTara #kopiindonesia #Arabika #arabica #Mandheling #mandailingcoffee #mandailing #sumateracoffee @ South Jakarta,4
ya elah gw jg ga mau kog hidup di tngh2 kelilingin sodara2 mama gw yg jahat sirikan gila jahat dengki bocengli najisin bgt ga sudi..gw ttep hrs pindah ke Kanada sm hubby gw yg udah mapan n mature donk,1
"Addeh, Mas dan Bpk sekalian, sekali lagi Via Vallen hanyalah korban, [CAPS] yang mesti speak up agar supaya tidak [CAPS] terulang [CAPS] kembali. Sebagai bentuk spread awareness sekaligus hukuman buat siapapun yg ngeDM dia spy stop. Kamu klo dilecehkan kyk gitu diam aja? gimana pelaku mau berhenti [url] [CAPS]",1
"Masi belum move on dari poto poto ini. Ceritanya lagi nyobain face filter hengpong syanggih punya diajeng Astri Eka Pertiwi (gada orangnya, gausah dicari)",4
ini bonbin memang sudah tidak-ke urus! payah! -_- tabrak pagar zebra di kb surabaya mati,1
"Dari siang sampe sekarang perut udah gak karuan, susah ngejelasin gimana sakitnya karna emg beda bgt sama hamil yg pertama, bukan ngerasain perut kenceng atau kontraksi atau keram lainnya, tapi lebih ke mual dan di kocok2 ke level yang lebih parah",0
[username] [CAPS] Saya rasa cara menunjukkan sayang itu ngga harus dengan pernyataan semacam itu. Dulu saya menunjukkan rasa sayang dengan minta sticker (line) [CAPS] kelinci nemplok. [EMOTICON],2
"Diri ini penakut, contohnya nonton film horor, balik2 gaberani sendirian, ke wc ga bisa kalo ga ditemenin trs suka parno sendiri hm sungguhku tak sanggup.",3
Min [username] [CAPS] [username] [CAPS] mau nanya dong di jl. A.wahab syarani batu ampar balikpapan utara kok mati listrik ya. [ELONG] Padahal di jadwal pemeliharaan masih besok lho.,0
"[username] [CAPS] [username] [CAPS] [username] [CAPS] Biasa pakai itu juga, iseng"" beli yg paketan langsung di salah satu minimarket jd bulan beli pulsa, dan ternyata paketnya zonk, di bagi dan pembagiannya gak jelas, aku gak mau di bagi"" aku ngak bisa diginiin *nangisPojok",0
"menyembuhkan rasa sakit tanpa obat ya kek gini, bilangnya flu bersin demam tapi order es krim tengah malam. Kalo anak kampus bilang bm [CAPS] terpenuhi",4
Razan al-Najjar. Petugas medis Palestina (21 Tahun). Gugur di medan perjuangan. Turut berduka cita sedalam-dalamnya. #RazanNajjar #Palestina [url] [CAPS],0
"[username] [CAPS] [username] [CAPS] tolong dijelaskan maksud dari "" Hal ini dibuktikan dengan penggunaan resi pada transaksi Anda yang telah digunakan pada transaksi lain (transaksi Anda dengan supplier Anda). "" saya rasa tidak mungkin ada double resi. [REPPUNC]",1
"Njir [ELONG] kl udh memasuki daerah rumah ada motor dibelakang lgsg ngebut, gabrani liat spion. Kecepatan menjadi sangat kencang i could fly my heart is about to e [EMOTICON] lode bcz degdegan",3
"[username] [CAPS] Aku pake jbl [CAPS] beli di Lazada lupa type apa sudah 1 tahun lebih alhamdulillah awet. Kabelnya lentur. Ga sengaja kegulung krn ketindihan pas tidur masih aman, suara juga oke.",4
Baca cerita [username] [CAPS] ini emang kacau. Niat baca biar tidur malah jadi parno gabisa tidur.,3
makasih homo haha iya hapy birthday ayu heheh sudah tua saja nih hehe,4
"Egoisnya aku pada saat itu, ku tutup semua mata telinga bahkan hati saat dia mungkin merasa dalam kebimbangan. Ku acuhkan perasaannya saat dia ingin mencari yg lain. Aku sngt egois bukan? Aku hanya memikirkan bahwa hanya aku yg bs melakukan segalanya baginya.ternyata aku slh",0
Kasih sayang merupakan suatu Anugrah Terbesar dalam kehidupan terlebih lagi jika Anda telah memiliki orang yang mau memberikannya dengan ikhlas dan tulus pada diri Anda.,2
"Udah semingguan ga ada kabar wkwkwkwk Akunya sibuk ngurus rapot sama ijazah anak :""( Terus ga nanya kabarnya dia juga selama seminggu Sahabat macam apa kamu :""(",0
[username] [CAPS] gua kan suka godain someone tapi dianya malu malu mau wkwk lagi nawarin makanan ke seisi kelas terus dia bilang 'suapin dong katanya lo sayang sama gua' yaudah w shock tapi seneng haha,4
"Mau kirim salam buat [username] [CAPS] yang makin hari makin nyantol di hati,, salam jg buat om Andre Taulani yg mau jadi member ke8nya #bts [CAPS] \ [username] [CAPS] #IniSahurTIKETCOMHariKe20",4
"Mereka bilang "" salah satu membuatnya jatuh cinta adalah, aku harus sering membuatnya tertawa"" Tapi setiap kali dia tertawa, aku yang di buatnya jatuh cinta.",2
"[username] [CAPS] [username] [CAPS] Mending ngusut masalah teroris demi pertahanan dan perdamaian nkri. [CAPS] Etdah Pak, gausa bawa2 aparat hukum buat kepentingan politik situ napa. Btw sesekali nunjukin komentar yg pantes sbg alumni ui [CAPS] Pak. Biar gak dipertanyakan khalayak",1
"[username] [CAPS] Min ini gimana? Kurirnya salah kirim, malah ke alamat orang. Trs pertanggung jawabannya gimana? Tolong respon secepatnya. Thanks. [url] [CAPS]",1
"Sudah dibangun, mas. Di Kabupaten Sidrap, Sulawesi selatan. Sedikit telat bila dibandingkan dengan negara lain. But, not bad lah. [url] [CAPS]",4
sudah lama sangat han pasti [EMOTICON] makasih banyak hanifa :,4
Bersiap #memberantaskemiskinan bersama bos andalan gw dulu di gm [CAPS] Bu Amel santosodebora #kreasitiadahenti #semuademibeas #motorcycle #kustomkulture,4
"kurangin intensitas berkabar, jadi tak berkabar tiap hari, yakali tiap hari banget begadang cuman buat face time dan telponan, dikantor tidur. ""namanya juga perjuangan det"" ya engga gitu juga sih, bejuang ga sekonyol itu juga. ada saatnya lah~",1
Pernah suatu ketika tetangga depan rmh gw ga sengaja brpapasan pas gw mau keluar rumah. Suddenly dia ngedip mata ke gw. Dih [ELONG]. [REPPUNC] jijik bgt ya [ELONG] Allah [ELONG]. [REPPUNC],1
"Walau kau menghapus menghempas diriku Mengganti cintaku Semua tak mampu hilangkan cinta Yang telah kau beri~ Walau kau berubah, aku kan bertahan Di sepanjang waktuku Biarkan aku mencintaimu dengan caraku",2
"Saya tidak sedang bermasalah dengan teman, sahabat, saudara, atau siapapun. saya hanya sedang jenuh. mungkin saya juga menyadari kalau mereka masing-masing punya problemnya sendiri. dan kejenuhan saya memuncak, ketika mereka hanya meminta tolong tanpa menanya kabar saya.",0
"Setiap perempuan cantik dengan caranya sendiri, tidak perlu dipuji apalagi merasa tersaingi. Mulailah dengan mencintai diri sendiri.",2
"[username] [CAPS] [username] [CAPS] [username] [CAPS] [username] [CAPS] [username] [CAPS] [username] [CAPS] [username] [CAPS] [username] [CAPS] Gini lho mas, amalan nu [CAPS] misal (tahlilan,ziara kubur, yasinan) di bilang bid'ah sesat sama kawan kawan, Terus di jawab kadang sampe dilawan balik, Disk",0
"Buat Mbak Erning, saya ini kalau ditelusuri masih saudara anda, dan tolong diingat saya tidak gila dan apa yang saya lakukan di rumah anda saya ingat semua.",1
mimpin Jadi Bupati Tasik aja Gak bisa apalagi jadi Gubernur aduh kang tuh di Kabupaten Tasik Oge pr [CAPS] akang masih Banyak malahan Masyarakat tidap puas dengan kinerja akang sekarang pengen jadi Gubernur ! [REPPUNC] Cing atuh MikiL,1
"[username] [CAPS] Jadi tuh jalanannya kaya jalanan mati gitu, sepi, terusan sering banyak orang mabuk. Ngeri kan kalau berhadapan sama orang yang kena pengaruh alkohol gitu. Kemarin minggu ada yang habis dibegal, padahal deket banget sama kantor polisi",3
"Lom lg negara ga transparan soal informasi. Jadi bikin njlimet ae hidup orang2 misqin macam aku nih kan. Mau jurnal berbayar pun harus dihack dulu jurnalnya. Kan jadi berbuat jahat adek, bang!",1
"Biar kelihatan rame. Biar kelihatan meriah. Biar kelihatan fasilitasnya komplit. Dan biar kelihatan kerja. Padahal, laptopnya di on kan, cuma buka streaming radio. [url] [CAPS]",0
"Saya taKan raguKan besarNya kasih sayang Tuhan yg telah diberiKanNya kepada saya,walau momen sulit yg harus saya hadapi dalam hidup ini. Karna saat cahaya dalam hati kita mulai redup,hanya kasih Sayang dari mereka yg mencintai kita, yg mampu menjadi lentera tuk menerangiNya kembali",2
"Setelah puluhan tahun, sekarang naik motor bersama lagi dengan Kang Endang putra almarhumah wa iyot. Walau jarang bertemu ikatan kasih sayang itu terus terjaga diantara kita. Teringat saat kecil. [REPPUNC] [url] [CAPS]",2
luka karena cintamu mengingatkanku pada kita,0
"Selalu ku syukuri sampai detik ini, dengan segala apa yang telah kita lewati bersama, ada pait, manis, asamnya cerita, memang awal 2018, adalah step terbaik di hidupku, semoga, selalu dan selamanya. amin [CAPS]",4
"Tadi ngobrol sama medianya kementerian. Bawa kamera alpha 9. Pas tanya harga, body only 60 juta. Belom lensa. Gw sebagai sobat qismin ngangguk-ngangguk saja.",0
"Baca thread fangirl mahasiswa anti kupu2 tuh rasanya. [REPPUNC] ah sudahlah, w udah bukan mahasiswa lagi [EMOTICON].. gila emang, melawan diri sendiri itu buat gw susah bgt",0
salah saya apa ya hm-_-,0
"lalu aku komen begini ""min, kalo posting karya orang tolong minta izin terlebih dahulu dan tag si pemilik karya"" di feed tersebut namun tidak dibalas. lalu aku coba dm dengan kalimat yang sama seperti di komentar feed akun tsb",1
"Para penipu,kasihan ibukota negara gw di pimpin sama mereka2 yg haus jabatan tanpa mementingkan rakyatnya,tai [ELONG] buat [username] [CAPS] [username] [CAPS]",1
"[username] [CAPS] [username] [CAPS] [username] [CAPS] [username] [CAPS] Duh.. kalau lihat af, [CAPS] suka deg2an.. takut teriak tangkap..tangkap gitu.. hati2 bicaranya.",3
[username] [CAPS] [username] [CAPS] Alumni praktek dikampus atas ijin siapa? Harusnyakan minta ijin dulu krn alumnus memakai fasilitas negara tuk kepentingannya sendiri harus sepengetahuan otoritas kampus.,1
Mbak [username] [CAPS] warbiyasak nih emang nih threadnya. Aku sebagai perempuan baca thread kamu itu cuma bisa berdoa aja. Semoga kamu nggak pernah ngerasain yang namanya pelecehan sexual ya.,4
"Sebab itu mendoakan negeri ini lebih kudulukan ketimbang untuk diri sendiri. Sebab laen, [ELONG] karena aku masih punya ibu, yg aku lebih percaya doanya untukku lebih makbul ketimbang doaku sendiri untuk diriku sendiri wkwkwk *jidatmunay [ELONG]",4
Bukber pertama dgn org tersayang. [REPPUNC] [username] [CAPS] [username] [CAPS] [username] [CAPS] [username] [CAPS] syngx kurang [username] [CAPS] dan [username] [CAPS],4
"Kehilangan lagi salah satu karyawan, dan tepat sebelum lebaran. Kembali lagi aku dipusingkan untuk mencari penggantinya, karena mencari karywan di pabrik tahu susah dibandingkan nyari orang untuk jd tukang parkir.",0
Terimakasih Tuhan u segala berkah yg Engkau limpahkan dlm hidupku. Cinta yg nyata dr mu [CAPS] senantiasa menyertaiku setiap langkahku. Hari ini sungguh aku bahagia. Krn Tuhan pertemukan aku dg org2 yg baik.. [url] [CAPS],4
"Gurl, cma gara2 dia publishing chat sexual harassment dia yg menurut lu Alay, caper baper, lu sampe bawa2 masa lalu dia, Are u fvcking kidding me? pantes aja Indonesia ini banyak org yg ngalami pelecehan seksual lebih pilih diam aja, ya gmna netizen macam lu masih banyak.",1
"Ternyata saya bisa dan enak makan dengan menu yang dibuatkan oleh coach [CAPS] saya. Alhamdulillah, serasa tidak percaya kalau sedang melakukan diet.",4
Dear abang sayang [username] [CAPS] semoga betah dengan agensi barunya. kami tetap mendukung apapun keputusanmu. kami percaya pada apa yang kamu pilih. Love you Ok Taecyeon #2pm [CAPS] #Hottest #indonesia,2
"Andai id-my [CAPS] takyah guna pasport, malam ni sy dh sampai my [CAPS] lagi. Itulah hidup selalu dihadapkan dengan pilihan. Mau tak mau salah satu harus direlakan.",0
"[username] [CAPS] [username] [CAPS] Waw thx u bgt menginspirasi, fyi saya jg lagi ngerintis usaha ini baru [ELONG] bgtt. [REPPUNC] jd masih butuh banyak info trik n trik, btw, saya tertarik tuh cara dpt brg brended things dr fo, [CAPS] krn selama ini ambil dr tangan ke 2. [REPPUNC] Produk jual",4
"gue sayang mereka ya allah. I want them to be happy in their entire life, pen mereka sukses, dapet jodoh yang baik, punya rumah tangga yang langgeng, punya anak yg lucu, gue selalu doa semoga kita ttp barengan sampe udah gede, jd ibuibu, sampe nenek nenek.",2
"[username] [CAPS] oo gitu, beda kali ya, gue malah disuruh soalnya mensnya keluar ngegumpal trs gt jd takut jd kista pas minum pil kb jadi lancar jaya",3
"[username] [CAPS] Dorongan orangtua pun begitu, anaknya harus pandai dalam bidang akademik. Ya gak salah orangtua cuma mau yang terbaik, tapi cara menyikapinya yang salah",0
"[username] [CAPS] Kurang jelas karena ku molor, paman. Tp sepertinya itu pas puteran balik dan si motor langsung masuk jalur busway. Jangan ikutan gitu yaa. [REPPUNC] Pelis [ELONG] gw horor liatnya",3
"Congrats for me, walopun ga aktif bgt tp aku dedikasikan twitter ini krn bangtan, bnyk yg berubah dr wkt kw wkt, wow ! [REPPUNC] #MyTwitterAnniversary [url] [CAPS]",4
sakit tidak-sih bro kaya nya sakit deh,0
[username] [CAPS] Jasa pengiriman sangat tidak profesional ! [REPPUNC] Sampe kapanpun gak akan pake jasa pengiriman ini lagi. [REPPUNC] menanggapi pengaduan lama! Awas aja paket sy yg nyasar krn petugas anda salah input sampe ilang berarti su Viralkan!,1
"Sama aja ketika kita sayang samaa org, kita bakal ensenang jalaninnya ketika sama org yang kita sayang. Bocil 2 tahun ternyata sama si kibo juga mau 2 taun ya.",2
"Saya sangat setuju dengan mendukung apapun yang diputuskan Pak Bupati Kutim untuk pemperjelas batas desa kecamatan dan perijinan lokasi perusahaan baik tata peruntukannya demi meningkatkan perekonomian, kesehatan supaya tenang dan selalu aman.. [url] [CAPS]",4
"Bagaimana mungkin sebuah pondok pesantren dapat hidup dengan aman dan nyaman di tengah masyarakat yang mayoritas penduduknya penganut agama Hindu? Ini semua telah mendorong sinergi alami antara agama, toleransi, dan demokrasi di Indonesia,"" kata dia. #Jokowi2Periode",4
"Itulah pentingnya materi kode etik diajarkan sejak sd, [CAPS] atau minimal ilmu ilmu dasar untuk berbuat baik, sopan, teratur. Lah kalo ga ya jadinya kaya gitu bablas, ga peka keadaan. gue lupa dulu bk, [CAPS] atau PKn atau SosUm bahas apaan, ya ada si kesananya tp ga khusus, jadi ga ngena",3
[username] [CAPS] demi apapun w takut ama ntu hewan. trauma pernah digigit dan w abis itu ke rumah sakit gegara keracunan. padahal digigit sama yang kecil masih anaknya gitu tapi buset dah w langsung pusing lemes. jadi ampe sekarang kalau ngeliat ini hewan langsu,3
[username] [CAPS] Yaudah lu ignore mba via vallen aja karena yang aneh itu elu. Bikin perempuan lain gak berani speak up ama apa yang mereka rasain. Sama2 mens tiap bulan tapi nggak punya empati sm sekali.,1
"Serius gue takut jadi botak gara2 rontok parah. Pas gue potong rambut di salon aja, mba-mbanya nyuruh gue periksa ke dokter takutnya ada apa2. Soalnya ini rontok udh parah banget, akarnya udah ga kuat",3
"Mohon [username] [CAPS] segera Perintahkan menkes [CAPS] utk menambah Ruangan Khusus ""Sakit Jiwa"" pd stiap Rmh Sakit. Sbab, Tdk menutup kemungkinan usai [CAPS] Pilpres, stiap Rumah Sakit akan dibanjiri [CAPS] Pasien Sakit Jiwa. Saat ini aja semua pd stress. [CAPS]",1
"Keberanian terbesar seorang laki-laki adalah pada saat ia berani datang ke rumah gadis yg disukainya, kemudian duduk berhadapan langsung diantara suguhan #kopi [url] [CAPS]",2
"Me lagi naik motor dijalam. Bocah: bang, standar Me: langsng liat bawah. Bocah: bukan standar yg itu. Tp mukalo yg standar. Trus mereka ketawa dan cabut. Me: ye anak setan. #OldMoneyGakNgerasain",1
"[username] [CAPS] [username] [CAPS] Cuma kata?cuma selogan?kyk teriakan mereka ""saya pancasila"" Bukti : Presiden lu dikatain dungu kalian pada diam?ajaib.. Saran : mulut sama kenyataan mohon disingkron kan..",1
Akhir akhir ini banyak ketemu orang orang baik. Padahal umur mereka masih muda tapi masyaAllah ibadahnya luar biasa. Aku waktu ukur segitu ngapain aja? Sibuk sama oppa korea,4
"Setiap dengerin lagu ini, gue merasa diberkati oleh [username] [CAPS] :"")) Iya diberkati. Karna gue merasa seolah olah BigHit mendengar dan menjawab doa gue buat ngerilis lagu Fake Love versi yang iniSo, thank [CAPS] you [CAPS] so [CAPS] much [CAPS] bighit [CAPS]",4
[username] [CAPS] Aku apa atuh naksir sama yang sekelas eh malah dia naksir temen sebangku atau temen deket saia. Selalu seperti itu. Dari sd sampe coolyeah tetep begicu,0
"Takut banget sama kecoa. Amit amit tuh makhluk harus musnah dari bumi /woi satu sva pun tau saya takut kecoa heran 3') Saya gen 19 moroi, pernah jadi press moroi. Orang bilang saya nista orang bilang saya bullyable sampe pas kas hov di lempar ke atas",3
Ya gimana. Diajak jalan aja gatau kenapa suka ada rasa takut. Seringnya nolak. Mungkin itu yang membuatku ga pernah bertahan lama hubungannya [EMOTICON] ga pernah nyampe sebulan. Eee e e kalo di imvu sih paling lama berapa yak. Ya sama agun itu 3 bulan sama 2 bulan. Hm. [ELONG],3
Muka itu enggak usah dicari bakalan dapat muka kok buktikan dengan kinerja. [REPPUNC] Lah [ELONG] yang onoh cari muka nya sama yang tua2 doang. [REPPUNC] [url] [CAPS],1
"halohaa selamat siang Denise Udah pulang sekolah belum nih ? Jangan lupa makan siang ya, oh iya gimana udah sehatan kan kamu ? Kalo emang masih kurang sehat ya banyakin istirahat aja sekarang"" Kk selalu nunggu kok tweet"" dari k",2
"Nah ini dia. Aku dari awal ngeliat step 424 juga udah heran. Gelas aja kalo dicelup ke air panas sama air dingin bergantian bisa pecah, gimana kulit wajah. Udah ngeri duluan, jadi aku gapernah nyoba 424 ini.",3
Terkadang kita harus merasakan sakitnya mencintai Ketika rasa takut kehilangan itu ada Ketika kebersamaan yang telah terjalin Membuat kita tak ingin berpisah Dan kamu adalah salah satu alasan Mengapa aku takut kehilangan dan tak ingin berpisah #Staywithmetodaytomorrowforever,2
"Gue ga ikhlas kalau lo masuk dan muncul lagi di kehidupan gue. Jadi jangan muncul lagi, karena sakit hati gue berasa lagi di setiap kemunculan lo. Apapun alasannya. Jangan ganggu kita lagi.",1
"Terlepas dari pengalaman yang kurang mengasyikan di stadion, kami harus berterima kasih yang sebesar-besarnya kepada warga Bantul &amp",4
Ini Juni Dimana gugur daun bidara melunglai.. Meresapkan sepi Hanya sesak rindu menggebu Disemua lembar lembar kekaguman Aku pada mu Sudah Lelah kah kau menatap? Sementara langit masih menyimpan cahaya.. Biarkan malam memeluk gelap Pagi memuja sunyi Dan Aku mencinta engkau,0
"[username] [CAPS] Pernah ke Korea 100k tapi 2 hari nyampe & bisa ditrack resinya takut takut suratnya nyasar kan Kalo surat mah murah ko, apalagi Singapore deket itu",3
"Betapa nikmatnya sate kambing itu karena pembakaran bara api dn bumbu ke cap no satu.. makan secukupnya untuk keringat penghangat badan. [REPPUNC] Berlebihan bikin darah tinggi,keringat dingin jantungan bisa modar kemudi an",4
udaranya mendukung sangat buat makan abis itu tidur hoam [EMOTICON],4
"Ah sayang, ternyata kamu memilih pergi, padahal sudah kusiapkan cerita indah jika kita lanjutkan, hmm kamu tidak tau aku penulis yang handal -shijin",0
Last time aku tengok maya karin kat pontianak pon dh buat aku takut makan kat meja makan sbb ada hantu bawah tu. [REPPUNC] Now munafik 2? [url] [CAPS],3
"[username] [CAPS] Bikin surat kehilangan kan cuma sehari. Habis itu dateng ke dukcapil, minta lagi dibuatin suket nya. Usaha dulu dong. Masak belum apa2 udah bilang 2 bulan ngurusnya. Ga selama itu kok kalo bener2 niat hehe",1
bukan saya yang tidak-mau merit sat ini hubungan saya lagi tidak-baik ama merit pun kalau hubungan ini sudah kembali pulih saya juga tidak-mau kapan bisa merit,0
"Alhamdulillah segala puji bagi Allah Tuhan semesta alam, terimakasih masih di beri nikmat sehat,rezeki,umur panjang. #happy25 #thanksfam #thanksdear",4
"video yg diatas yg tulisannya ""dulu"" itu pas kapan? Di ilc [CAPS] jg ya? Bahas tentang apa itu? Iya kecewa sama Pak Mahfud. #IslamSelamatkanNegeri #SedihRasanya",0
"Rasanya bagiku cita2 itu perlu diraih, dan aku sedang fokus dan berusaha untuk itu. Trus kenapa gak kerja? Laahh yg nmanya kerja gak mesti hrus ngantor atau absen tiap pagi..",4
"Segala sesuatu yang kupelajari selalu saling jepit--saling kait. Seni, politik, sastra dan mungkin yang kupelajari saat ini adalah jembatan panjang yang tak tahu akan berujung di mana. Hidup adalah pencarian yang tak putus. Termasuk juga mencari tahu siapa diri ini. [EMOTICON]",0
"Kalo di Indonesia, Selena Gomez udah dinyinyirin jadi orang tabah banget jagain jodohnya orang karena putus nyambung sama Justin Bieber eh Justin jadinya sama yang lain.",0
"Di sini tempat tumpahnya kasih sayang seorang ibu dalam masakan. Percayalah, tiada masakan yg paling sedap atas dunia ni kecuali masakan daripada air tangan seorang ibu. Siapa setuju",2
"Bingung lvl bbrp bulan terakhir muka kering parah, pake yg biasa udah nggak mempan padahal biasanya kulit muka mentul2 lembab enak banget. Trusan ganti produk malah rusak mukanya, ganti lagi jadi mendingan tp msh kering. Dilema mo ganti lagi apa balik ke yg dulu apa ganti yg lain",3
"Ketika naek gojek dan mas gojeknya gabisa ngomong dengan pendengarannya terganggu, tapi mereka masih tetap berusaha kerja keras meski memiliki kekurangan. Pantaskah kita selalu mengeluh? Bersyukur lah dengan apa yg diberikan tuhan kepada kita [EMOTICON]",4
"Padahal dah tau sendiri tadi bangun tidur tumbang lagi gara2 semalem bukber isinya es semua. Eh barusan belajar di luar, yg diminum tetep es dong. Hani memang",0
Haji adalah Puncak dan penyempurna keislaman kita. Rab.. Pantaskan diriku menyambut panggilanMu. #has @ Asrama Haji Pondok Gede [url] [CAPS],2
"entah baper atau apa tbtb pengen post ini, hahah so grateful to have known them dari melakukan hal tergoblok, main game saat pelajaran, kabur ekstrakulikuler, dihukum guru, minjem tugas, nyontek, makanin temen, ngebully sampai ngambek. [url] [CAPS]",4
"Hehe. Yamungkin emang ngga kerasa karna udah kek Thanos beneran, punya 6 batu cincin Makasih lo [ELONG] udah diucapin Sahur",4
"Lu dan psi [CAPS] yg tak punya manfaat.. ! [REPPUNC] Pengecut,penjilat,tukang fitnah.. Ton gw punya teka teki,partai partai apa yg berideologi dendam?bermental jongos,dan dosponsori taipan brengsek? #testIQ",1
"Cinta takkan pernah berjalan sendirian, karena ada kesetian dan ketulusan yg selalu menuntunnya dan aku punya kesetian dan ketulusan itu buat kamu",2
"Bismillah Salam plur [CAPS] slankers/i indonesia kita bakal ketemu di Moment yang sangat dinanti - nanti oleh kita semua. [REPPUNC] ""jambore [CAPS] nasional [CAPS] slankers [CAPS] indonesia [CAPS] bersama [CAPS] slank [CAPS] 2018""",4
"[username] [CAPS] Nyampe kampus mau daftar ujian aika, ternyata ga bawa persyaratan sertif, dan [ELONG] ga bisa daftar, oke lgsg ke bank buat bayaran, nyampe bank 14:46 pak satpam bilang maaf mba udah tutup, asdfgjkl.",1
Di kereta duduk sebrangan sama pasangan bapak2 dan ibu2 yang tidurnya pelukan terus dari Jogja sampe lewat Cirebon. Sampe Jakarta kukena sakit gula kaykanya [EMOTICON],0
[username] [CAPS] Selalu sinis dan menegur kumpulan bapak-bapak di kelas doktoral saya kalau sudah jokes sexual yang mengarah harassment or abuse. Really? Gak ada korelasi deh sekolah tinggi sama perilaku ini.,1
"Qyara kau tau, ibumu adalah sosok terpenting di perjalanan hidupku. Dia merubah ku menjadi aku yg lbh banyak berfikir sebelum bertindak. Dia menekan ego dan amarahku. Dia seseorang yg mengenalkan ku pada apa arti kata mencintai dan menghargai. Aku sngt berterimakasih pdnya.",2
[username] [CAPS] [username] [CAPS] Ituh cewe disakitin begitu aja masih bertahan dan tak melawan apalagi melaporkan. Terlalu mencintainya kah? Postingannya ja begini. [url] [CAPS],0
Cie [ELONG] yang uda sering dapat dm [CAPS] begituan ciee Makanya bisa bilang gitu ke mba via vallen. Ciee iri karena gadapat dm [CAPS] dari pemain bola buat dilecehin [url] [CAPS],1
"Mau Ngucapin Happy Birthday yg ke 24 buat Nursehah [username], [CAPS] semoga berkah umur, murah rezeki, sehat selalu, makin rajin ibadahnya &amp",4
"Jadi, jika hari ini kita di hukum atas kesalahan kemarin, ikhlas saja. Karena buat penghujatmu. [REPPUNC] akan ada hari esok giliran dia terima konsekwensi atas kedzalimannya. Insya Allah",0
"Ketika lihat presiden sendiri, gue ngerasa kayak wow cepet ya, udah mau pilpres lagi. Padahal kayaknya doi baru kepilih. Ketika liat presiden us, [CAPS] gue ngerasa kayak the world is running at a snail pace. Baru 1,5th doi ngejabat. Like wtf.",0
Tmn nya laki gw almh th Meninggal Waktu pda hidup Ngintil aja kmna laki alh gw mlangkah ngikut Suka nlpon nelpn kekantor Perpanjangan katakata nya suamiku almh waktu jatuh cinta Ksian gk bsa dtang di rmah duka rs husada Orang nya seneng ketawa Comblang laki ku Hdh [ELONG] sedih,0
"[username] [CAPS] ngumumin tunangan di hari ke tujuh, bulan ke tujuh, karena menurutnya itu angka keberuntungan, beh [ELONG] aku patah hati nya dobel, [ELONG] ku yg pengen bgt tuh tgl segitu wkwkw. [REPPUNC] klo nikahnya ma [username] [CAPS] rada gpp sih, tp knapa ma die sih hihi..",0
"Mengapa hidup ini ada yang mengatakan kejam? Mungkin dia menganggap hidup ini sebagai pertarungan juga arena persaingan. Kalau dia berfikir layaknya petani, maka hidup ya seperti bercocok tanam, ia akan merasa diantara harapan & ketakutan.",3
"Ada orang yg berubah, jadi lebih positif atau negatif, kita ga pernah tau the biggest reason kenapa dia berubah, kalo salah ya dikasih tau jangan dihujat",0
Selamat peletakan batu pertama pmbangunan Univ Islam Internasional Indonesia (ui). [ELONG] [CAPS] Smoga Islam Indonesia yg damai dan toleran benar2 mnjadi rujukan Islam dunia kelak. Cc Pak Menag [username] [CAPS] [url] [CAPS],4
macet coy kementerian bumn),1
Lorenzo udah cukup puas bisa lakuin sesuatu yang Rossi gak bisa. Yaitu juara bersama Ducati. Tahun depan ke Honda utk bisa juara di 3 pabrikan. Syukur2 bisa juara dunia lagi.,4
oke lupain saya saja ya! urusin adek2an kamu saja gih,1
"[username] [CAPS] [username] [CAPS] Kemarin Senin 4Juni ikut Acara Sosialisasi yg diselenggarakan di Kediri, terimakasih dpt kesempatan ikut. [url] [CAPS]",4
pret ngabisin waktu dengan tertawa ya itu lebih baik daripada ngabisin waktu dengan memikirkan kamu~ apasih,4
"Jdi ada thr tapi dri apbd. [CAPS] Yang punya kuasa takut, kalau kalau di garis bawahi sama kpk. Dan jadilah mereka ggl dpt thr tahun ini. Kok bisa gitu ya. Buk mentri bilang aman. Yang lain ketakutan.",3
[username] [CAPS] Selamat Siang Sahabat Pos. Kiriman tsb sudah diterima ya sahabat. Terima kasih telah mempercayakan dan menggunakan layanan kami [EMOTICON] ^fd [CAPS] [url] [CAPS],4
"Aku tak mudah untuk mencintai, aku tak mudah mengaku ku cinta, aku tak mudah, mengatakan aku jatuh cinta. [ELONG] Senandungku hanya untuk cinta, tirakatku hanya untuk engkau, tiada dusta sumpah ku cinta, sampai ku menutup mataa. biarlah seperti langit, kau pandangi setiap hari,sesak tak bisa dimiliki. Aku biarlah seperti langit, jika suka kuberikan senja, jika duka kuberikan nestapa.",2
"Hatiku selalu untuknya, sahabat saya sendiri, dia orang yang mau maju, smart, gak neko neko, sederhana, mau berteman dan mau belajar sama siapa aja, sayang sama ibunya banget, bertanggung jawab penuh sama amanahnya, gak pernah ngeluh",2
"Innalilahi wainnailaihi raji'un, semoga seluruh amal ibadah beliau diterimah dan diridloi Allah swt. [CAPS] Semoga penjeblos ustadz abb [CAPS] diberi hidayah oleh Allah swt, [CAPS] atau mendapatkan seluruh ganjaran yg setimpal [url] [CAPS]",0
Terus.. Baca komen2nya pada bilang kalo musik itu haram. Dan bla bla. Nah disini aku tau. Kalo fanatik kan emang gaboleh. Tp kalau sekedar suka gitu gimana?,3
"Ngehe sekale, upload video dari jam 11 malem, jam 4 pagi baru terkirim. Ini pasti server nya tadi ketiduran, terus sekarang lagi bangun buat sahur -_-",0
"#OldMoneyGakNgerasain Beli dodol lipet yang bisa dibentuk2. Gw paling suka bentung burung2an yg bisa bunyi. Atau klo lg bosen, dodolnya dikasih sagu trus jadi kayak rambut nenek sihir gitu. Lol",4
Tadi pas lagi gym eike keluar mau nimbang secara timbangan tanita nya di luar pas ada ibu2 eh nnya eike di bilang instruktur krna body eike cucok eh dia langsung donk member pengen body kaya gw.. kwkwkwkww seneng dh jadi inspirasi orang2,4
"Inget ga ! [REPPUNC], Kita lagi nonton sambil gayem tempe mendoan, persis di depan kita ada yang joget2 asik banget kaya boneka mampang ! [REPPUNC]",4
"Semoga Lebaran tahun ini banyak memberikan kegembiraan, ungkap Menpar antusias dan dengan harapan tinggi akan program ini. #BazarPesonaMudikLebaran #genpiTNG",4
hbd [CAPS] [username] [CAPS] all the best,4
5) hmm. [REPPUNC] tapi koq ada yg ngganjel [CAPS] yach Dibawah menara tegangan [CAPS] tinggi [CAPS] ini kira2 nanti dikasih pengaman [CAPS] apa ? Krn sy liat ada dibikin jln menuju menara ini ! [REPPUNC] [username] [CAPS] [username] [CAPS] [username] [CAPS] [username] [CAPS] [url] [CAPS],1
Wow ini kita foto kapan ya eonnie? Apa pas ultah sma 1 baradatu? Ditendanya. [REPPUNC] #dontforget #ya #eonnie #semangat,4
"chara saya fleksibel sebenernya, kalau lagi caoer biasanya pake chara yang ga bener dan cepet diwaroh mahluk tl, kalau lg bener ya pake chara yang cantik dan ganteng.",4
"Muhammad Ali lebih dari sekedar petinju. Ia Muslim terbaik, manusia terbaik di era modern. Teguh berprinsip namun lembut pada penggemar &amp",4
"Gara"" jawab indfess jadi keinget masa masa kelam sd [CAPS] dan smp [CAPS] (kls satu) yg mana guru bing sklh kayak g suka sma aku krn di pelajaran mrk aku oon bgt, udah krn dsarny ku emang lemah di bing tambah gurunya kayak ga suka jadi makin malas buat bljr bing alhasil ujian sllu jelek",0
"Satpam komplek emang perhatian banget dan hampir ga pernah nanyain ""Pak, Pulang ga?"" Kala jam sudah diatas jam 1 malam dan motor tak kunjung nangkring diteras",4
Aku pernah ikut kuliah umumnya. Cara penyampaian dia informatif dan edukatif sih. Tapi kalo liat yang lagi rame itu.. hmm. [REPPUNC] ingin berkomentar Kenapa sih ga fokes sama profesi anda [ELONG] ajah [ELONG],1
penularan secara vertikal ada 95%. waduh serem banget ya. [REPPUNC] makanya disarankan ibu hamil harus terus menjaga bayinya dan secara horizontal ada 5%,3
adoh mending belajar baca dolo deh sbelum coment stat orang () biar gx salah arti tuh haha malu loh asal coment tapi salah () wkawka,1
"pas buka pengem banget makan yg beda, udh niat mau makan mie aceh or nasi bebek, pas jalan ga tau nya malah k bbs [CAPS] makan nasi ma pindang n urab. kadang nafsu mengalahkan ekonomi",0
"selamat malam, sayang jangan lupa ingatan, lupakan mantan saja gimana? jangan lupa nafas, sambil sebut namaku juga boleh~ jangan lupa minum air putih, karena me-rasa sesekali jg menguras tenaga yang selamat malam",2
"Apakah benar kita lebih pantas dibanding mereka yang mendapatkannya? Kita gak tau, kita hanya melihat perjuangan kita tanpa melihat perjuangan mereka yang tidak terlihat oleh kita. Sederhananya, masing-masing sudah diberikan tempat oleh Tuhan dan tidak akan tertukar.",0
Nah maksudku yg dilecehin verbal kayak awak dan mbak Via Vallen aja bisa semarah dan semalu itu apalagi yg udah sampe tahap diperkosa? Ya makanya biar ga sampe tahap akhir itu siapapun emg hrs berani speak up mau sekecil apapun tindak pelecehannya. Biar pelaku2 pd mulai mikir.,1
*rumah kotor* *12 jam tanpa ibuk d rumah* *terus mikir* ohh [CAPS] ini [CAPS] yang [CAPS] dirasain [CAPS] mamak [CAPS] kalo [CAPS] rumah [CAPS] berantakan? [CAPS] I should [CAPS] give [CAPS] her [CAPS] A big [CAPS] thank [CAPS] for [CAPS] make [CAPS] me [CAPS] comfort [CAPS] at [CAPS] beautiful [CAPS] home. [CAPS],2
"Pulsa bapak kok cepat habis yaa? ""Gatau pak"" (sambil senyum dalam hati karna berhasil download banyak game di waptrick) #OldMoneyGakNgerasain",4
"Ini hanya hal persepsi dlm mendidik. Dan smoga sy bukan termasuk dlm ortu yang mendidik dg memukul anak di depan org banyak. Tak akan pernah, semoga.",3
Orang pesimis mengeluhkan tentang angin,0
"I feel [CAPS] you [CAPS] [username]. [CAPS] Seringnya si bukan krn ga kepake, tapi lebih krn ga 'sesuai' gitu. Bisa mencak2 seharian aku dan mulai menyingkirkannya. [REPPUNC] soalnya kalo masih keliatan, ky yg pgn marah sendiri. Sakit",1
"[username] [CAPS] Karena manusia dengki dan buruk mau kayak loe rusak negara bangga jadi aktivis tapi bego bubarin Golkar, target kok sopir doang mana kendaraan politiknya masih merajalela",1
"O buat muka. [REPPUNC] Wkwk kalo muka tu biar ga kusam kadang pake sunscreen aja tiap keluar, sering yg bikin kusam malah itu, sama pake moisturizer aja, pake hadalabo aja udah bagus",4
"Org kaya/terkenal lagi makan di warung malah digratisin, org biasa/miskin malah disuruh bayar Gimana gak yg kaya makin kaya yg miskin makin miskin -_-",1
"bener juga sih, di tempat gw ada 3 gereja, belum pernah gw lihat adain imunisasi utk anak-anak mereka, dan di kelenteng pun juga sama, kagak ada juga.. Ngeri banget Depopulasi. [REPPUNC] [url] [CAPS]",3
"Kalau fadli [CAPS] zhon [CAPS] mau tahu apa Relepansi nya,banyak alasan bisa kita cari,misalnya uu [CAPS] terorisme yg di goDok di dpr [CAPS],kok [CAPS] bego [CAPS]",1
"Semua orang pasti bergosip dan pernah bergibah. Bedanya, dia lakukan utk sekedar lelah nyampah ditempat terpercaya, atau sengaja nyampah di medsos demi niat menghancurkan",1
"How i adore u everyday sayang. Betapa u melengkapkan i. Setiap kali kita ada arguement, itu bukan la arguement tentang siapa lebih baik tapi tentang siapa lebih sayangkan siapa. Terima kasih, kasih sayang u buat i terharu",2
"hbd [CAPS] my lovely wife Amie Amoy. [REPPUNC] wish u all the best,. [REPPUNC] semoga selalu berada didalam perlindungan swt, [CAPS] panjang umur, senantiasa bahagia bersama keluarga dan kerabat, sehat selalu, semakin banyak rejeki, dan selalu menjadi wanita yg hebat bagi keluarga. [REPPUNC] Aamiin [url] [CAPS]",4
"Lagi ada suntik campak gitu. Awalnya gak tau, pas banget mau pipis. Pas mau balik ke kelas gak sengaja liat orang bawa kotak2 gitu. Gue pikir pasti suntik, karena takut. Yaudah taunya gue lari duluan. Sambil teriak suntik [CAPS] suntik [CAPS] ! [REPPUNC]",3
Niat ke masjid sholat nya di lantai 2 berharap bisa obob manjah krn biasanya ga banyak yg solat disini. Fact: Fullhouse mpe shaf belakang. Bhay!,0
"[username] [CAPS] [username] [CAPS] ""Terima kasih yah ! [REPPUNC] Aku happy banget tadi. Meskipun aku sampai muntah tadi dan sempat kesedak tetapi aku happy banget. [REPPUNC] "" #sedot [ELONG]",4
Bukti bahwa kita mengasihi Tuhan adalah jika kita mengasihi sesama kita! Mengapa kita harus memiliki kasih dan mengasihi sesama kita? karena Allah telah terlebih dahulu mengasihi kita.,2
"Program anak paling digemari, ramah anak, recomended, layak tonton, Mimin bersyukur data menunjukkan 16-19% anak umur 5-14 tahun demen nonton ini. [REPPUNC] Itu artinya generasi muda masih ada harapan. [REPPUNC] Good job [username] [CAPS] [username] [CAPS] [username] [CAPS] [username] [CAPS] [url] [CAPS]",4
"[username] [CAPS] Uang itu mengikuti program, bukan sebaliknya. ada usulan program ada uang. Disini lain, diplot uangnya dulu, baru nyusun program. Jadinya ya gini, uang banyak tapi pembangunan ga tersentuh.",1
"Berani berbuat salah harus berani meminta maaf! Menjadi manusia yg lebih baik disetiap waktunya dimulai dari hal-hal kecil, emang gak mudah karena kita hanya manusia biasa yg tdk sempurna yg tdk bisa lepas dri rasa amarah, dengki, dan benci.",1
"[username] [CAPS] Seperti kata pepatah. Tak kenal maka tak sayang, berarti kalau sudah kenal apa boleh disayang? Lho wkwk. Btw kalau aku jelasin memang mas nya tau? Wwk jadi kpn berkunjung ke planet ku bekasi? Hahaha",4
Kaum oposisi tidak bikin geger-an di media termsk medsos ketika Rupiah menguat. [REPPUNC] Musim ribut-nya khusus wkt terjadi pelemahan saja. [REPPUNC] dg menyalahkan semuanya kpd Presiden [username] [CAPS]. [REPPUNC] [url] [CAPS],1
"Pantas emiss cari kemana-mana ternyata disini ya. Selamat datang, cantik! Bagaimana hari-harinya setelah memilih jurusan? Semoga malamnya menyenangkan ya!",4
"Barulah disini dia keliatan nipunya, masa iya dia blg gini "" yaudah mbanya istri polisi kan? Sini cium, muah, (jijik bngt sumpah). Kena bibirnya kan? Lagi sini. Muah"" Anjink -_-",1
"[username] [CAPS] Liat lgs sit. Gue smp teriak,mana gue lg dikamar mandi.kalo diinget2 serem bet emg wk. Trs pas gue tidur jg pernah malem2 ada genderuw* di depan kasur gue, tuh gue smp nangis krn dia gamau pergi2.",3
"Tertawa diatas kebodohannya itu luar biasa. Gak malu sama sekali dan mungkin urat malunya sudah putus. Sedangkan kita pasti mikirnya ""duh, malah ketawa bukannya mikir",0
"Mas [username], [CAPS] mau nanya nih, apakah dengan cara jatuh cinta lagi, memulai lagi dari awal perkenalan dengan org baru akan membuat hati yang dulu sakit akan sembuh?",3
"Alhamdulillah, selesai membaca buku ini. Semoga ilmu yang diperoleh berkah dan bermanfaat. Aamiin #ayomembaca #satuharisatubab @ Jakarta [url] [CAPS]",4
"Looh, kok merendahkan semangat perlindungan perempuan sih? Justru jadi cewek itu kudu tegas dan galak sama laki2 kek gitu! Di block aja udah..ngapain di share2 sampe se indonesia tau",1
"makin hari gua makin khatam sama sifatnya, tololnya gua adalah ""feeling use, but i still missing u and i can't see the end of this."" gitu lah pkknya sotoi gua orgnya emng ceritanya gua pengen rubah cara pandang dia, lebih peduli sama dia, perhatiin dia. but..",0
"E btw ya, tumblr bener2 di blokir bwt indo yak [EMOTICON] Setelah berbulan-bulan, akhir nya app nya beneran kaga bisa di buka Ngiterr [ELONG] mulu itu",0
"Aku gasuka ada ribut2 sama cewe Nanti pasti update di Instagram quote2 yg nyinggung, satu gengnya ikut benci sama aku lah, nyebar kemana mana lah ceritanya, kalo versi ekstrem nya nih sampe bisa nyindir2 kalo lewat Padahal aku cewe?",3
"[username] [CAPS] pelayanan cs [CAPS] di bri [CAPS] Surabaya Pahlawan kenapa lama sekalii? Ini sudah 2 jam urutannya cuma jalan 10 nomor, yang 5 nomor kosong, berarti cuma melayani 5 orang dalam 2 jam.",1
"ini seneng banget dah rambut di rol semaleman akhirnya bisa ngembang. wkwk kasian bet dah dr dulu rambut lurus dicatok kyk gmn aja ya bawaannya ttp lurus -,-",4
[username] [CAPS] Kenapa selalu gini yah daftar akun pelaut. [REPPUNC] Data sudah isi dengan benar Sudah bolak balik ganti email jga Mohon pencerahannya [url] [CAPS],1
sedihnya tuh ketika sedang seperti ini ga ada 'tempat sampah' jadinya nyampah aja di twitter maaf ya followerku [EMOTICON] btw aku bingung deh tadi nimbang 43.6 trus pup 2x abis itu turun lagi jadi 42 ini timbangannya yg labil apa gimana ! [REPPUNC],3
kurang rakus apa kita masih belum datang 1piza laginadianti #pasta #piza,4
liat [CAPS] gini [CAPS] doang [CAPS] masa [CAPS] aq [CAPS] deg2an [CAPS] terus [CAPS] tibatiba [CAPS] bahagia [CAPS] gitu. [CAPS] apagga [CAPS] ini [CAPS] yg [CAPS] dinamakan [CAPS] cinta? [CAPS] [EMOTICON] cr: i stole this from someone [EMOTICON],2
"Alhamdulillah sayang [username] [CAPS] gak sia2 ya beberapa bulan ini aku ambekin kalo males2an, aku kejar2 terus biar cepet kelar saha tidak akan mengkhianati hasil, rite? One step closerI love you cayang [ELONG]",2
"Sosok jyoti itu apa? Knp gua bisa jadi secret admire lu? I like your ""typing"",bener kata orang klo lagi bucin apa aja di sukain. Tapi serius gua suka ngestalk lu karna typing lu ke orang orang",2
"Orang kalo seneng ngobrol pasti ngobrolnya lama. Pura2 ngapain kek, biar gak merasa nyaman (bukannya jahat). Kalo diladenin terus yang ada elu kelewat makan siang dan shalat. Yang namu juga gak mikir udh waktunya makan siang bagi orang-orang kantor. Untung bukan gw yang ladenin ! [REPPUNC]",1
saya [CAPS] hidup [CAPS] dizaman [CAPS] presiden [CAPS] hebat [CAPS] yaitu [CAPS] soeharto.. [CAPS] Beliau Buat Aman dan tenang untuk Masyarakat. [REPPUNC] Tetapi tidak tenang untuk: Kaum pki [CAPS] Kaum Rampok Kaum Bandit Kaum yg ingin jadi pejabat negara tapi otaknya kosong. Hanya kaum itulah yg Tidak Suka Bapak soeharto [CAPS] [url] [CAPS],1
"mau nanya dong. [REPPUNC] mengingatkan seseorang yg punya hutang secara berulang ulang itu baik gak sih ! [REPPUNC] terus setiap di tagih jawabanya gk ada terus, kira2 neraka no berapa yg pantas buat dia",3
Makan nasi padang di Senen. Kemudian nonton live music di taman suropati sampe malem dan ngobrol ttg semuanya sampe bisik2 ditelinga hehe. Baliknya naik transj dan ngobrol lg then he walk me home. Literally walk and talk. (Sayangnya best date with cowo yg kurang tepat hehe) [url] [CAPS],4
Teman seruanganku bilang mas ini ada benjolan 3cm di saraf kepalanya. Dan lusa setelah dpt kabar di iccu [CAPS] dia akhirnya pindah ke perawatan dan baru tau si mas kena Meningitis.,0
"[username] [CAPS] [username] [CAPS] [username] [CAPS] [username] [CAPS] [username] [CAPS] [username] [CAPS] Alhamdulillah, keadilan sosial sungguh merata keseluruh penjuru nusantara [url] [CAPS]",4
"Gue punya Temen yg dibela-belain pinjem duwit ke kantor buat ""nyawer"" thr [CAPS] itu, pinjem, [CAPS] utang [CAPS] Demi gengsi diantara keponakan, paman, tante, dan saudara2nya",0
Gils [ELONG] pegawai [username] [CAPS] distasiun parung panjang pelayanannya gak ramah ngets [ELONG] duh maaf mbaknya lagi gak mood kerja ya? Apa lagi berantem sama cwonya? Aku [ELONG] cuma nanya aja [ELONG] jawabnya nada tinggi malah gak tengok sama sekali,1
"suatu saat nanti, kalo aku noleh ke belakang dan inget masa sekarang aku bakal senyum dan bilang di dalem hati 'aku ga kehilangan apapun, tapi dia yg kehilangan orang yang paling sayang sama dia'.",4
Selamat Ultah utk Boss saya [username]. [CAPS] Wartawan hebat yang sangat membanggakan dan saya kagumi. Wish you all the best Pak Ketua ! [REPPUNC],4
"[username] [CAPS] Alhamdulillah yallah, makanya jangan kasih kode. Kalau mah ngode spesifik. Langsung tag. Kamu, aku, kamu aku. Aku kan terpancing..",4
"Ada masa dimana cewek berada diposisi gak ngenakin. Mau pergi tapi masih sayang, mau bertahan tapi sakit hati. Dan itu pasti gak enak. [EMOTICON]",0
"Datang-datang, anak batita ini menyambut dengan sumringah, ingin peluk yang lama, nempel, tiap 5 menit ngetuk2 kamar mandi ""imo udah belum mandinya?"". Cuma mau jemur handuk, ditanya mau ke mana takut pergi lagi. Terus dipeluk gak lepas. Dicintai semenyenangkan ini.",2
"kalo nyokap lagi overwhelmed gt banyak urusan dan bawaannya sensi mulu, atmosphere di rumah kaya gimana gitu. Jadi serba salah. Mau diem dibawah tkt dimarahin, mau ngehindarin juga tkt dimarahin. [REPPUNC] Hm",3
"Jeno kenapa ganteng banget ya, aku terpesona",2
"InshaaAllah awal juli thal, doakan ya. Kamu, maya, sama dinda harus dateng pokoknya! Cuma kalian temen-temen SMPku yg tersisa, sama diana juga. Sedih tenan ya",0
"Ketika saat ada seorang cowok mulai sering menelponmu, atau bahkan datang kerumah untuk menemuimu, papa akan memasang wajah paling cool sedunia. Papa sesekali menguping atau mengintip saat kamu sedang ngobrol berdua diruang tamu.",3
"Wktu sblm lebaran kmrn sy jg ada kiriman paket dr aceh juga, lebih berat malah, tp pakai perusahaan lain, itu cepat, kirim tgl 7,tgl 11 pagi sdh nyampe, ini pake j&t ko ribet ya prosesnya",1
Gapapa [ELONG]. [REPPUNC] gue udah berusaha untuk sblm lebaran dari kapan tau tp dospem malah ke luar negri pas tgl tgl sidang [EMOTICON] kering sudah air mata ini,0
kekal. [CAPS] sayang [CAPS] dengarkan [CAPS] lah [CAPS] syair [CAPS] kau [CAPS] tulis [CAPS] ku [CAPS] lagu [CAPS] kan. [CAPS] moga [CAPS] jadi [CAPS] siulan [CAPS] satu [CAPS] masa [CAPS] dan [CAPS] moga [CAPS] engkaukan [CAPS] tersenyum [CAPS] dengan [CAPS] irama [CAPS] indah [CAPS] hanya [CAPS] itu [CAPS] yang [CAPS] mampuku [CAPS] beri. [CAPS],2
Sedang mencoba freeman mask yang lemon+mint. Sumpaah ini muka enak beett kek adem2 lucu gmn gt [ELONG] karna ada mint nya mungkin. [REPPUNC] tp enak bet sih wkaka,4
"Tapi kadang terasa dilema. Ibarat orang yang menikah lalu menghadapi kdrt, [CAPS] tentu ada trauma besar ketika hendak memulai hubungan baru. Begitu jg aku. Aku menjadi rendah diri dan trauma mencari pekerjaan baru. Mentalku sudah jatuh. Aku hari ini tidak lbh dari loser",3
"sungguh memang indahnya ciptaan sang tuhan!, sampai aku begitu sangat terpesona melihat garis senyum manismu sayang",2
"Mengerikan tapi lucu, dilarang justru dicari dan amat laku, dianjurkan, disuruh tetapi malah diboikot, kalah tetapi justru menjadi amat populer dan menjadi pahlawan khalayak ramai, berjaya tetapi keok celaka,..",1
godan shoping yang terkutuk sebel~,1
"Seperti katak dalam tempurung, kepercayaan berlebih terhadap hegemoni ilmu sains dan teknologi sebagai solusi dari beragam permasalahan di Indonesia, juga adalah dogma Sila google 'scientism' Sila google 'arogansi alumni itb' [CAPS] Eh",0
"asal lo tau aja, org kurus&kecil itu sebenarnya makannya banyak, tp g gede gt lhoo [EMOTICON] dan sebaliknya org gendut [EMOTICON] mkn dikit tp gendut [EMOTICON] jangan minder jd org kurus&gemuk ! [REPPUNC] bersyukur aja sm allah [CAPS]",4
[username] [CAPS] [username] [CAPS] - bikin negara merugi terus - bikin pendukung pontang-panting - bikin pembantu kehabisan akal - bikin investor mikir berkali2 - bikin tukang make up jadi blunder Orang selemah itu masih dipertahanin? Why oh why ! [REPPUNC],1
#recehkantwiter Gue orang sunda yg males banget orangnya. Cocoknya tinggal di suatu negara dan bukan di Indonesia. Gue pindah aja ke negara Gua teh malas.,4
"[username] [CAPS] [username] [CAPS] [username] [CAPS]. [REPPUNC] Kemudian kenapa jalan tol. [REPPUNC] ! [REPPUNC] Karna banyak swasta berinvestasi dijalan tol, jadi pemerintah bisa hemat dana. [REPPUNC] Jangan terlalu picik otaknya. [REPPUNC] Rakyat tdk terlalu permasalakan tol berbayar, yg diinginkan r",1
"Aku gak bisa ngomong banyak karena mau ngomong apa lagi? Aku udah speechless karena saking sayangnya sama kalian, yaampun. Intinya, aku sayang kalian semua. Judy juga! Aku mau kita semua kedepannya lebih kompak lagi. Aamiin!",2
"Suka heran sama ukhti yang hobi nyindir dan ngurusin hidup orang lain apalagi ngomentarin hidup orang bawa-bawa visi misi bersama, tolong profesyenel dong urusan pribadi sama urusan forum tyda usah dicampur adukkan.",1
Jakarta juga punya bukti kerukunan umat beragama yang lainnya. Contohnya Masjid Al-Muqarrabien dan Gereja Masehi Injil di Jakarta Utara. Mereka saling berbagi tembok yg sempit d Jakarta [url] [CAPS],4
Alhamdulillah yaAllah. [REPPUNC] -Terimakasih kepada kedua orang tua dan keluarga yang slalu mendukung dan slalu suport aku.. -Terimakasih juga kepada [username] [CAPS],4
"[username] [CAPS] takut banget,takut d bawa kabur soalx dulu pernah pengalaman dibawa kabur keluar kota untung ada bang ojek yg bisa bawa daku kabur waktu mereka pikir aq g bakalan lari hm [ELONG] mereka g tau aq pux duit 30 ebong buat ngibrit",3
"Ya Allah Pengen bgt deh waktu itu berhenti berputar. Perasaan makin kesini setiap menit gak kerasa bgt. Tahu-tahu udah sejam aja, pdhal cuma baca-baca artikel di internet doang",0
"jenuh ga bisa konsen, perlu sesuatu yg bisa bikin jadi terarah lagi. [REPPUNC] apa ya",0
Mudah2an saat divonis bersalah lagi gak ada yg nangis atau tiduran di jalanan sambil marah sampai menjelang larut malam ya!,1
"[username] [CAPS] Smua org pasti beda"" [url] [CAPS] aq krja gini jg aq target.krna dr keluarga yg sgt sdrhana.. stiap pemasukan aq catat n hnya seperlunya yg aq beli.sisanya dtabung.sdh ada niat untuk brhnti [url] [CAPS] ada"" aj cobaan'",0
"[username] [CAPS] Pernyataan sandi ini mulai waras mas Gun. Persoalan radikalisme jauh lbh besar dibanding persoalan elektion Selama ini aku bnykn mo muntah denger statemen Sandi. Kali ini oke. Tp [username] [CAPS] jgn hny pintar bikin statement, tp jg hrs aksi. Dia ekse",3
Aku lagi stress karena aku punya gigi susu 1 baru goyang 2 hari yang lalu. Aku takut kalo copot nanti gabisa tumbuh lagi huhuhuhuhu [CAPS] tolong [CAPS],3
"Iya, saya sadar saya tidak dibutuhkan. Saya sadar kemana saya harus pergi. Tapi kenapa setiap saya pergi selalu dicari? Apakah saya hanya diperlukan pada saat dibutuhkan saja?",0
"[username] [CAPS] aku dikasih tau katanya kalbis nanti kayak praktikum(?) nya kalo gak salah sih di luar negeri /? tapi aku takut salah, kalo mau coba tanya yang lain",3
"heung [ELONG] enggak malah aku sayang banget sama nenekku like tiap hari gak ngunjungin rumahnya itu kayak ada yang kurang. dulu tiap mau pergi sekolah, les apa main pasti ngunjungin rmh nenek di sebelah rumah dulu",2
"9. Bibi Esta [username] [CAPS] oh [CAPS] my [CAPS] gud [CAPS] kesayangan [CAPS] aku [CAPS] banget, [CAPS] bibi baik bangett :* sayang bibi wkwkwkwk bibi asik banget, perhatian banget, aah sayang banget hiks sama bibi tiada kata yang mampu mengungkapkan rasa sayangku pada mu bi",2
"gak berasa puasa sdh 20 Hari, & sbtr lagi lebaran,ada rasa sedih krn ramadhan akan meninggalkan kita, tapi ada rasa happy krn sbtr lagi kita akan lebaran,berkumpul bareng keluarga,saling memaafkan & kmbli fitrah. [REPPUNC] smg saya & kita semua akan bertemu lagi ramadhan 1440H/2019. [REPPUNC] amin [CAPS]",4
Pikirkan bagaimana kondisi kita di akhirat nanti. Perbanyak bekal untuk akhirat. Atau kita lebih suka amalan kita dibalas di dunia? Apakah kenikmatan dunia sudah menjadi tujuan utama?,3
Bukber 2015 6 bhe ex Soko.. kapan gini lagi? See you on top guys. [REPPUNC] #bukber #reuni #sokonandi @ sd [CAPS] Muhammadiyah Sokonandi [url] [CAPS],4
Bong. [REPPUNC] luh harusnya terima kasih sama Anies - Sandi. Krn mereka udh jalanin sebagian ide dan program ahok. Jgn malah dibully. Gw curiga jgn2 luh org emang cuma bisanya ngebully doang.,1
sepi kosong cem ati,0
"Bodoh bgt emang gue, telat sadar kalo menutup aurat itu ya gitu loh. Bodo amat mau lo d rumah lo sendiri, krn bisa aja ada tamu non mahram dateng. Atau tiba2 sepupu laki2 dateng.",3
"Kamu tau aku sayang sama kamu? Dan rasa sayang aku ke kamu makin besar, mungkin rasa sayang yg besar itu nantinya akan menyakiti satu sama lain. Tapi untuk saat ini aku bener-bener sayang sama kamu, sungguh. [username] [CAPS] hehehehe",2
"jd kmrn dpt tmpt ujian di smp 5 trus pas survey ruangan keinget pernah baca artikel horror (lol) krena emg tmptnya bnr2 serem, baru masuk udah merinding, iseng habis ujian cek lagi artikelnya dan baca2 komen alumni di sekolah2 yg ditulis angker",3
"Klo parungpanjang selalu di hadiri jutaan debu yg membuat warga terdampak ispa hingga 3700 lebih jiwa pak, ga percaya pak..? Saya punya data nya dari puskesmas kok.. Kapan mau main kesini pak..? [username] [CAPS] [username] [CAPS] [username] [CAPS] [username] [CAPS] [username] [CAPS] [url] [CAPS]",1
"Jika saya berkata sekarang, maka hanya ada cacian dan teriakan kasar ttg kemunafikan. [REPPUNC] utk itu skrg saya lebih memilih diam dan menjauh dari kehidupan.",0
"[username] [CAPS] Saya memang kadang enggan menghubungi kondektur krn biasanya sudah larut malam. Menurut saya kritik serupa sudah sering disampaikan. Harapan saya pengecekan berkala dapat dijadikan sop, [CAPS] shg tidak perlu harus ada komplain terlebih dahulu baru suhu",1
"Aku sayang banget sm dia, dia juga sama sayang banget ke aku. Aku sama dia udah deket banget, dan selalu main bareng, belajar bareng, dan udah kan bisa jadi sahabat rasa pacar, jangan sedih dong. banyak cara untuk selalu bersama tanpa harus memiliki [url] [CAPS]",2
Di pesentren ini juga w dapat first e [EMOTICON] erience dengan makhluk ghaib. Bentukannya masih orang tapi matanya naujubillah serem pengliatan langsung kuning. Kepala sakit berat. Ternyata w ketindisan. This is why im not interested in horror movie,3
"bertanya, mengancingkan kemejanya dan memakai jaketnya. Sungguh, kembali Ican menggelengkan kepala melihat kelakuan sahabatnya ini, udah ganteng mah mau diapain juga bagus. Thanks, balas Ezra tersenyum pada Ican ah, memang indahnya",4
"[username] [CAPS] memang childish alias kekanakkanakan mendekati bego yg overacting. Pelajari dulu Undang2 sebelum jadi pejabat. Jangan memalukan dong.. Tanggapi Pernyataan Sandiaga Uno, Pakde Karwo: Kritik dan Saran Pejabat Negara Harus Lewat Mendagri https [EMOTICON]",1
"Iya nih anjing, manusia pada lebay muak gua liatnya",1
"Hallo 9en9! Maaf baru bisa bikin threadnya t-t [CAPS] /bow/ Happy mensive yang ke-3 ! [REPPUNC] Aku sayang kalian! Makasih nde kalian udah mau nampung arin yang absurd, aneh, dan gak jelas ini t-t [CAPS] You all are my family in this fake world You are so precious to me",2
"[username] [CAPS] Bukan, [ELONG] tapi aku punya kayak semacam trust issue gitu.. takut diomongin sama temen deket, takut kalo ngomong A nanti malah salah, dan aku bukan tipe orang yg gampang ceritain semua masalahku ke orang lain alias susah terbuka",3
anjir fitnah tuh !,1
Hubungan asrama Justin dan Selena membuktikan bahwa pacaran yang putus nyambung itu gak sehat. Takut kebawa sampe setelah nikah makanya jb [CAPS] nikahin cewek lain. Huhu,3
sekarang mah belum bisa nyengir masih stay sama emot itu memang kenapa sih kalau suatu sat us kaya tidak-happy begitu suatu sat saya bahagia [EMOTICON],0
"Mengubah kebiasaan seseorang yg kurang baik itu. [REPPUNC] berat, mesti dikuat-kuatin. Kalo ga berubah2 juga, yaudahlah nyerah aja. Mungkin emg gabisa dirubah.",0
"Yakin, bahwa semua yang kita amalkan kita berikan sama orang lain (sedekah) akan ada gantinya. Bismillah, ikhlas.. semua yang disimpan terlalu lama tidak baik, bagi sedikit hartamu untuk orang yang membutuhkan. Karena hidup bukan melulu tentang harta.",4
Hilangin sifat gengsi gak jelas yang ujungnua cuma bikin capek diri sendiri karena gak mau dipandang lenih rendah atau buruk dibandingkan orang lain. Gak akan ada habisnya kalo nurutin orang. Mending coba buat nerima kekurangan dan perbaiki sampe jadi kelebihan,1
"ku setia pada yg sorang iaitu kamu Nr Aa Na dn aq pegang pada jnjiku ni yg ku ingin shidup mati dgnmu. Allah Maha Mengatahui. Doa yg baik2, dn yakin pada doa kte. Ble dh krje jauh dri dia ku harap kamu faham satu2nye yg ku sayang adlh kamu Nr Aa Na. Trust me",2
"Kata siapa hidup ini tidak ada gunanya ? Ingat, kita diciptakan ini punya tujuan. Semua milik kita adalah barang titipan dan harus dikembalikan. Agama adalah tuntunan untuk membantu kita mencapai tujuan #Ramadan [url] [CAPS]",3
"Serius, gw bingung sama maksud and tujuan orang2 yg suka ngelempar kereta dengan batu. Nyakitin orang lain kan kalo sampe kena kaca n pecah? Punya penyakit jiwa kali yak?",1
"Di masa depan, Scot langsung nyari rumahnya dong. Sambil ngerasa ada yg aneh dgn dunia ini. Ada apa gerangan? Begitu sampe rumah dia kaget dgn sesosok perempuan cantik nan putih umur 16 tahunan. Siapa perempuan ini?",3
"Mungkin mereka merasa malu dibilang ""kampungan"" sama orang-orang yang lihatin mereka bersihin peralatan makan mereka. Ingat kasus [username] [CAPS] yang dibilang kampungan saat mengucapkan terima kasih kepada security yang bantuin nyeberang jalan. Sebagian orang Indonesia memang rada unik [url] [CAPS]",0
selamat jam pulang ngantor! selamat bermacet2 ria! pft,1
me as a girlfriend always pujuk my bf if dia merajuk because i dont want to lose him perasaan takut tu automatik dtg bila kita dah sayang hmm,3
Pas ngerjain thesis hampir tiap hari tertekan. Sampai sekarang masih suka gelisah gitu kalo malam2 sebelum tidur sama bangun tidur. Kaya ada rasa takut gue lupa melakukan suatu hal atau kelewatan suatu hal. Ampe pagi gini kadang jadi gak bisa tidur..,3
"Miris, marah, jengkel, gedeg saya Jeng. Jkt baru 5 tahun dilola oleh orang-orang baik, hny dlm waktu 5 bulan dirusak oleh orang-orang gila.",1
hue [ELONG] [CAPS] sayang [CAPS] gua [ELONG] [CAPS] kok jadi melow gini sih [ELONG] love u ah [ELONG] cinta so much w beruntung sih bisa jumpa sama u my sweetie,2
Cinta Ibu merupakan cinta yang paling suci Cinta Rasul merupakan cinta yang paling mulia Cint Tuhan merupakan cinta yang paling agung.,2
"Betul Min rakyat Indonesia sekarang harapan nya tinggal sama tni [CAPS] saja, kalau yang lain lihat saja, sudah jelas penyerangan ke kantor media, katanya tidak ada unsur pidananya, sudah jelas menghina presiden Indonesia yang sah, cuma lucu lucu an saja, #tni [CAPS] [url] [CAPS]",1
"Nah, yg keterlaluan adl kalo ada pjbt eselon yg menyalah2kan pelaksananya atas suatu kesalahan dokumen yg dia ttd/paraf. Istilahnya gak mau disalahkan. Pdhl tugasnya pejabat itu y neliti dokumen sblm dittd/paraf dan tgjawab atas isinya.",1
Goyangan si cowok asyik banget. Sumpah gue suka lihat goyangannya,4
"Gini toh rasanya jadi wali kelas, untungnya rumah deket ke sekolah pas dicariin wali murid pada dateng ke rumah Kasihannya yg wali kelas udah rumah jauh jarang ke sekolah akhirnya di grup kena imbas",0
"Hari ini aku bangun tidur, pas bangun buka ig, lihat story. Ternyata storyku penuh dengan acara wisuda teman2 sma [CAPS] aku. Rasanya rasa jebret, rasax trauma lihat instastory.",0
siapa bilang pilkada [CAPS] tidak panas [CAPS] ? ini buktinya. [REPPUNC] ada yg marah-marah [CAPS] krn batal jadi Calon Gubernur Jatim,1
Pertama kali liat secara langsung penampakan di tempat ini. Gak akan pernah lupa seumur hidup! Ternyata.. sejarahnya memang mengerikan. Gak heran orang yang gak pernah lihat sebelumnya kaya akupun bisa lihat. Cobain deh kesana gih..,3
ngeri banget banyak orang jahat di dunia. semoga mbavan nanti gede ga jadi kayak gitu jahat terus ngga punya empati. mudah-mudahan jeleknya mbavan mentok sampe annoying aja jangan sampe jadi jahat amin.,3
Jatuh cinta tidak mengenal tipe Kau takkan peduli fisik dan isi kepalanya Yang kau tahu hanyalah: Jantungmu berdebar kencang bila berada di dekatnya,2
"usaha yg baik tidak akan mengkhianati hasil. kalau udah berusaha yg terbaik, tapi hasilnya sedikit mengecewakan.. rasanya itu, hati lebih lega dan lebih mudah buat ikhlas. ya paling tidak, sudah berusaha jadi yg terbaik.",4
"[username] [CAPS] [username] [CAPS] [username] [CAPS] Hei Claudia klo jawaban kek gini udh gw tau dr kmrn keles.. sabar ya kak, dtunggu ya kak.. silakan di cek di bla bla.. template semua.. ga mutu ! [REPPUNC]",1
"[username] [CAPS] sayangnya aku ke mereka, kayak cintanya yang bikin kecap bango ke malika. sayangku bukan sayang abal2nya user @ fromyg dan antek-antek. sayangku sampe aku jadi kaum misqueen",2
Ini orang ajaib sih..tadi bisa juga becandaan receh gitu sama dia. Gue nyeletuk ngomong apa gitu trus dia tau2 ngakak. Kaget saya. Tapi seneng.,4
[username] [CAPS] pak presiden jalan dikampung kami juga tolong diperhatikan. [REPPUNC] dusun Rumah Mbacang kec kutalimbaru kab deliserdang [url] [CAPS],0
"lagi marak isu sexual harassment mulai dari gitasav sampai via. katanya kita gabisa diem jadi harus speakup biar masyarakat aware dan peduli. menurutku, [ELONG] apa yang dilakukan via itu bukan speakup tapi lebih ke 'mempermalukan'.",0
jauh dalam hati saya cemburu dengan kedekatan kamu sama dia that's great! kep positive thinking!,0
[username] [CAPS] Wkwkw keknya iya deh. Aku baru inget kalo sepupu-sepupuku nyambung atau seru ngobrolnya soalnya sama pasarannya. Kalo sm aku biasa aja hahaha. Oiya [ELONG] wr [CAPS] Supratman.,4
Dari awal ngerasa #friendzoned tapi setelah mikir saling sayang engga perlu nembak apalagi udah umur segini Intinya udah pacaran deh ya #temanbukanpacarbukan tau apaan haha,2
"Sehari ini coba transfer dari atm bbri [CAPS] ke a/c bri [CAPS] dan bbmr [CAPS] lha kok gagal semua, atm [CAPS] bri [CAPS] kok telo dan memalukan ya,katanya punya satelit tapi memalukan banget [username] [CAPS] [username] [CAPS], gimana ini penjelasan nya?",1
"Saya jg merancang skenario surprise buat istrinya. Dan dijamin istrinya pasti happy banget. Saya aja happy banget Kayaknya saya cocok jadi tim kreatif acara2 reality show yang ada unsur2 romantis2nya, misal program lamaran atau katakan cinta. Kalau katakan putus, gak deh.",4
Orang pendukung khilafah memang harus di black mail [username] [CAPS] [username] [CAPS] [username] [CAPS] [username] [CAPS] [username] [CAPS] [username] [CAPS] [username] [CAPS] [username] [CAPS] [username] [CAPS] [username] [CAPS] [username] [CAPS] [username] [CAPS] [username] [CAPS] [username] [CAPS] [url] [CAPS],1
"Seumur hidup untuk pertama kalinya menyampaikan keluhan pada call center mendapatkan respon hanya dengan kata-kata Berdoa saja, pak. Terima kasih banyak, [username] [CAPS]",1
"Hari ini aku begitu menikmati sendiriku dengan maraton drakor. Dan ""about time"" ini mengajariku gimana caranya di sisa hidup kalian bisa menghargai bagian bagian terkecil yang sering kalian tidak sadari telah kalian acuhkan. Orang yang kalian sayang contohnya [EMOTICON]",4
"Mau Ngucapin Happy Birthday yg ke 24 buat Nursehah [username], [CAPS] semoga berkah umur, murah rezeki, sehat selalu, makin rajin ibadahnya & tetap jadi wanita kuat yg menginspirasi bnyak org. Wish u all the best girl #IniSahurTIKETCOMHariKe20 #Netmediatama [url] [CAPS]",4
"Mereka sangat kuatir dengan dukungan penuh nu [CAPS] kepada Presiden [username] [CAPS] makanya yang mereka coba utak-atik dan delegitimasi adalah istilah Islam Nusantara yang diperkenalkan dan dikembangkan nu [CAPS] sejak Muktamar 2015. Jadi persoalannya bukan agama, tapi politik",1
"Hidup adalah petualangan yang penuh misteri, itu sebabnya semua manusia memiliki rasa takut, was was dan kuatir saat menjalaninya, hanya bersama Yesus segala ketakutan menjadi hilang.",3
Jadi habis ngurus plat sepeda motor. Ada pemandangan menarik. Kebanyakan owner sepeda motor = pria sebaya ( bapak2/ 45 ke atas)Secara sekarang harus diurus ownernya. Hm [ELONG] jadi emak2 yang demen motoran rata2 cuma hak pakai doang wkwkwk *sendirian di tengah bapak - bapak.,4
"Tatkala semesta menciut menjadi sesosok makhluk, tatkala sesosok makhluk meluas bahkan sampai menjangkau Tuhan, maka itulah cinta.",2
Ketika malam minggu tak lagi menakutkan! Balet asyik bersama orang2 hebat!,4
"Bersama segenap dewan guru.. Terimakasih telah membimbing anak kami selama ini, Bu.. Semoga ibu-ibu semua dimudahkan segala urusannya, dan ilmu yang ibu ajarkan menjadi amal jariah yang pahalanya akan terus mengalir ke ibu, selamanya.. [url] [CAPS]",4
"Menyeduh kopi dengan air mata yg cukup panas, menghasilkan kepulan masa lalu dari manisnya kenangan, pahitnya ditinggalkan",0
"Aku gak salah bila mohon pd [username], [CAPS] segera Perintahkan menkes [CAPS] utk menambah Ruangan Khusus ""Sakit Jiwa"" pd stiap Rmh Sakit. Sbab, tdk menutup kemungkinan, usai [CAPS] pilpres, [CAPS] stiap Rmh Sakit akan dibanjiri Pasien ""Sakit Jiwa"". Tanda2 kearah sana itu sdh ada. Saat ini banyak yg stress [CAPS] [url] [CAPS]",3
"Cilacap,. Cinta lama gagal terucap Purbalingga,. Pura2 bahagia melihatmu berpaling dan ber keluarga Semarang,. Sedikit merindukan orang yang tersayang Saat ini di cilandak,. Cinta lama datang mendadak Dan makan sari roti,.. Saking rindunya merobek hati,. [REPPUNC] #ceritahariini.",0
"lagi heboh asus rog phone, emang pada kuat belinya wahai sobat kisminku, mending save gambarnya aja kayak saya biar pas rilis udah bosen liatnya jadi gak gitu nafsu pengen beli",0
Korupsi memperkaya diri sendiri. Revolusi mental yang digalakkan Pakde [username] [CAPS] mesti di ulang kembali di #Jokowi2Periode [url] [CAPS],4
kaga lah gw jg bukan cw tolol si daniel co bule mau numpang hidup di jkt am ce yg bs kasih dia kemudahan2 hidup disini ga deh sorry biar jelek tua gw ga sudi dimanfaatin doang,1
"Gua tau sekarang harus apa, gak cuma ""Raga"" yang bakal gua bawa pergi nanti, tapi juga ""Jiwa"" gua gak tau bakal ketemu mereka lagi, kalian lagi, elo lagi atau enggak akan pernah lagi",0
"Mbuh [ELONG] ya, yang terdekat kena kdrt [CAPS] dibilang ""Urusan keluarga"" ndak mau bantu, perempuan speak up karena sexual harrasment dikatain. Pusink w",1
liat aja yah mulai now fokus cari duda mapan dewasa ajak nikah di sini n gw cuma minta nyokap gw beresin n kasih hak gw sbg anak kandungnya rata minta dipestain tp ga mewah kog biasa aja lgsg gw ikut suami gw stay di negaranya soon hrs tercapai,1
Terkadang duduk termenung juga menjadi suatu kebutuhan. [REPPUNC] Apalagi bareng kamu. [REPPUNC] yaa kamu sintasriwahyuni.01..,2
"Baca replyan Iim jadi mikir lagi, nabung bulan ini buat pasang target nonton persib sama beli jersey ori bulan depan. Ga mikirin masa depan kalo uda ga ada bpk. Kan g mungkin minta ke mas yg notabennya udah berkeluarga. Ga enak sama istrinya hm. [ELONG] Otak ku dangkal sekali hehehehe",0
"Dikarenakan ada beberapa yang ngaret datenganya dan takutnya waktu buat nongkrong jadi ""kurang"". Ngarti sih niat nya pengen ngobrol lama setelah sekian lama gak ketemu. Ya cuma kasihan sama panitia nya dong",0
Ini lho yg mengiris hatiku ! [REPPUNC] Masih tega buang sampah plastik sembarangan? Masih males mengurangi pemakaian plastik kresek & plastik kemasan lain?,0
"Parno sendiri kalo buka video di twitter. Kemarin malem ngelempar hape gegara awal video gambar nissa sabyan, pas akhirnya malah hantu yg keluar h [ELONG]",3
"[username] [CAPS] [username] [CAPS] Jadi mayoritas pun juga hasil paksaan, bukan atas keinginan sendiri. Memang benar banyak yang dipaksa agar terlihat mayoritas. Jika tak mau jadi mayoritas, maka bakal dipersulit [url] [CAPS]",0
sore-sore nyomay enak nih hq indosat m2 grafiti building 2nd flor),4
"Sesibuk apapun, jika kamu memang penting untuknya ia akan memberimu kabar, walau tengah malam pun iya akan menyampaikan kalimat yg sedikit membuatmu lega",2
Bukan perkara siapa yg lbh handal. Tapi bagaimana menghargai dan saling mengingatkan juga menjaga [EMOTICON] ada namanya terbuka dg cara yg baik untuk tetap saling bercengkrama kan ? #Tipssore 16.09wit [CAPS] ~ : ),4
"Ketika politisi bicara jual agama agar dipilih atau didukung. [REPPUNC] itu tandanya tidak mampu, tidak bernalar, tidak punya daya kreasi ! [REPPUNC] #udahgituaja [url] [CAPS]",1
Aku mencintai kamu sangat mencintai~ Mengapakah harus ku rasa Sepenting itukah cintamu Kita berawal karena cinta Biarlah cinta yang mengakhiri,2
"Finally. [REPPUNC] Karena tujuan sudah tercapai, berani buka twitt lagi, tak takut spoiler lagi ohho [ELONG]",4
Satu jam yg sia-sia itu akhirnya bikin aku berkaca sm diri sendiri. Berapa banyak waktu orang lain yg udah aku sia-siakan ketika aku nggak tepat waktu memenuhi janji dengan orang lain?,0
"Perkembangn khidupn mmg sungguh dahsyat, itu smua akibat dr hal yg dirasakn.. Di sisi lain ada pula yg memilih tdk beragama hanya dg mengedepankn nilai2 dasar kemanusiaan/kberadabn [url] [CAPS]",3
[url] [CAPS] Kabar duka datang dari ranah mode internasional. Desainer kondang Kate Spade tewas setelah gantung diri menggunakan scarf.,0
"Ketika permintaanmu bukan lagi sekedar meminta boneka baru, papa tahu ia tidak bisa memberikan apa yang kamu inginkan. Kata-kata yang keluar dari mulut papa adalah ""tidak. [REPPUNC] tidak bisa!"" Padahal dalam batin papa ia sangat ingin mengatakan ""iya sayang nanti papa belikan untukmu""",2
tidak-ada bedanya parah,1
"Cinta bukan hanya ttg kamu dan pasanganmu,jauh sebelum itu ada cinta yang lebih dulu tumbuh di dalam rumah,cinta dari seorang yang kini rambutnya mulai memutih dan kulitnya yang tak lagi kencang, setelah kamu pergi jauh kamu akan menyadari betapa besar cinta bapak kepada putrinya [url] [CAPS]",2
"tp jujur ya w cuma takut reaksi nya kaya apa pas tau gw dikit2 sedih, dikit2 nangis. Kaya apasi anjink goblox bgt. takut ngecewain juga tbtb dia mikir ko w orangnya cengeng bgt si ko orangnya gini bgt si. Ajg w ngamau.",3
Suka bgt dgn [username] [CAPS] karena pesertanya luar [CAPS] biasa [CAPS]..dpt mengENAKKAN lagu..sangat memukau dan bikin merinding..JURInya top [CAPS] bgt [CAPS] pokoknya..Suka bgt dengan progRam [USERNAME]..Juri dan pesertanya [CAPS] memank luar [CAPS] biasa [CAPS]. [REPPUNC],4
"Ketika liat anak keputih korban kebakaran, lingkungan mereka ga mendukung. Adik2 nya bener2 kek yg berani sama org yg lebih tua, gaada sopan santunnya. Melihat kondisi sprt itu ada yg bilang anak jaman sekarang emg bandel2 gitu. No guys, kalo lingkungan mereka baik pst ga gitu",0
"kepancing bodohnyakan.. Rizik bangsat cabul mau salah atau ga kaum kampret model kau pasti belain, takut ga msk surga ! [REPPUNC] Otaknya dimane mikirnya cb ! [REPPUNC] [url] [CAPS]",1
"Jika kita berserah pada Tuhan, maka segala kekuatiran dan ketakutan kita akan diangkatNya, hidup menjadi lebih nyaman dan tenteram, sebab penyertaan Allah selalu baru bagi kita yang percaya dan mengasihiNya.",2
"Padahal papa ingin sekali menangis seperti mama dan memelukmu erat-erat. Yang papa lakukan hanya menghapus sedikit air mata di sudut matanya, dan menepuk pundakmu berkata ""jaga dirimu baik-baik ya sayang"" papa melakukan itu semua agar kamu kuat. [CAPS] Kuat utk mnjdi dewasa.",2
"Ah jadi emo anjir ga berasa udah mau jadi mahasiswa aja, masih agak cemas dan takut bayangin ke depannya kek gimana, lingkungan yg bener2 baru dan orang2 dari berbagai daerah, semoga gue bisa ngejalaninnya [EMOTICON]",3
"Ya cma cara penyampaiannya diputer puter aja, pokoknya pia palen paling salah pokokmen. Gurl pantes aja Indonesia ini banyak org yg ngalami pelecehan seksual lebih pilih diam aja, ya gmna netizen macam lu masih banyak. Indon indon",1
lagi [CAPS] tegang [CAPS] nonton [CAPS] jurnalrisa [CAPS] tau [CAPS] tau [CAPS] ada [CAPS] bunyi [CAPS] grasak [CAPS] grusuk [CAPS] dari [CAPS] jendela [CAPS] bikin [CAPS] parno [CAPS] aja [CAPS] ! [REPPUNC],3
"[username] [CAPS] [username] [CAPS] Promosinya tidak terencana dengan baik, saya sempat diminta utk terlibat membuat program di venue Palembang, setelah menyiapkan program, survey dll ternyata dibatalkan, alasannya, dana tidak jadi turun. Kasarnya, nafsu besar tenag",1
"La saya memang tidak suka, tpi bukan paksaan. Saya lebih jijik lihat pendukungnya banteng sama owi, segala cara dilakukan dan muslim di bully wkwk [url] [CAPS]",1
"[username] [CAPS] Tabungan rencana bagus karena dipaksa, jeleknya ada penalti kalo berhenti di tengah jalan. Bunganya gak jauh beda sama deposito yang bisa dicopet2 dikit di tengah jalan kalau butuh. Sekarang pun masih bayarin sekolah, sekolah ibunya Amme tapi",0
"Sumpah, nih idola aku dewasa bgt.. ini alesannya aku ngidolain dia.. bangga bgt punya idola kayak dia.. makin sayang deh sm Ldy Semangat terus ya! Jaga kesehatan! Love you so [ELONG] much much much much more!",2
"[username] [CAPS] ter dimana pun lu berada sekarang gua cuman mau bilang rasa sayang gua ke lu ga pernah berubah, gua nungguin lu disini [EMOTICON] kalo emang leave tolong jangan lupain gua ya hehe kaya gua yang ga akan lupain lu, gua baru sadar kalo gua emg syg lu dar",2
"Sempet 2x tahun kemarin main kejakarta, cuman lewat ga sempet sholat disini. Sekarang alhamdulillah dapet kesempatan hari ini. Ada yang tau kah daerah masjid istiqlal tempat makan enak? [url] [CAPS]",4
lagi beli mrtabak gliran sudah jadi tapi kaki berat melangkah gra2 dengar lagu hayah mas mas nya lf juga kaya nya [EMOTICON],4
"Diminta temen bantuin bungkus kado untuk istrinya sebagai hadiah ultah pernikahan. Terus disuruh juga sekalian selipkan quote romantis. Saya ahlinya, katanya. Dalam hati meringis, tau [EMOTICON]",0
"Padahal tiap mau tidur dah cuci muka Sudah skincare routine Tapi tiap haid mesti muncul 1 2 jerawat Ya bedanya setelah rajin skincarean jerawat jadi mudah diatasi Dulu long long time ago [ELONG] jerawat membandel, besar kali. Bisa muncul sampe 5 semuka [url] [CAPS]",0
"Terima Kasih, Terima kash banyak. Kepada Tuhan, kepada semua crew, dancers, sponsor, media partner dn semua yg mendukung suksesnya acara kami. Dn terima kash buat semua audience yg dtg",4
"[username] [CAPS] [username] [CAPS] Mustinya di biarin aja itu bom, pas loe tidur lg rapat aja meledaknya, jd kan gak kerasa ya bro, tau2 udah di alam laen &amp",1
Cita-cita Kecil: petani Lulus sd: [CAPS] dokter/apoteker Lulus smp: [CAPS] perawat/psikiater/fashion desaigner Lulus sma: [CAPS] ahli gizi/desainer interior/ahli desain grafis. Lulus kuliah: semua cita cita terkabul,4
nungu bis hahaha tidak-enak [EMOTICON] tol kebon jeruk - tomang),0
Sedikit pun.. bersyukur.. berbagi dengan yang sama sama berjuang mencari ikhlas.. mengucap syukur alhamdulillah.. semoga bermanfaat Terima kasih,4
"Indikasi Bakal Terjadi Di Akhir Tahun 2018 atau Pertengahan 2019 Para Banteng saling adu kepala, akhirnya terjengkang, terkapar dan semaput, tanpa melawan. [REPPUNC] ! [REPPUNC] Banteng tinggal Kenangan. [REPPUNC] ! [REPPUNC]",1
"[username] [CAPS] Aku diem, karena nahan ngomong yg nanti takute melebar sampek mana - mana. Dia mencoba tanya ""kenapa diem?"" aku tetep diem eh malah dia ikut diem dan merem [EMOTICON]",0
"ganti provider aja, micha [username]. [CAPS] daripada kamu gundul komplain tapi nggak ditanggepin. its loss, not yours. [username] [CAPS] [username] [CAPS]",1
Jangan pernah bosan menunggu. [REPPUNC] Selama dalam menunggu itu di jalan Allah. [REPPUNC] Allah pasti akan memberikan kejutan yang tak pernah kamu bayangkan,4
"Suka point Prof. Suteki "" kita tau bahwa puncak tertinggi Pancasila adalah Ketuhanan Yang Maha Esa, sdgkan kita tau bahwa salah satu petinggi bpip [CAPS] pnh menyampaikan dlm pidatonya yg viral ttg keraguannya akan hari akhir"" Nampol banget.. #ilcbpip [CAPS] #2019GantiPresiden",4
boarding pas dan ternyata delay menit -_- terminal w/ others),0
"Buka puasa cuman minum sama makan gorengan, trus tengah malam makan bakso cabe rawitnya 3 sendok makan lebih, abis itu perut langsung melilit",0
"Lagi hamil dan ikut tantangan in my feelings, gerakan Cherly Juno bikin ngeri! Dengan perutnya yang sudah membesar, begini goyangan Cherly.. [url] [CAPS]",3
iya kamu orangnya egois,1
"Yo yo wes sampean benar, Paling bener, Aku gak tanya lagi. Awas kalo jawab lagi",1
Ku inget Ayahku yang berpulang hampir 3bulan lalu. kalo ada kesempatan sekali lagi rasanya aku gamau ada yg waktu yg kebuang brsama ayah.,0
"[username] [CAPS] Gw bersodara 5, 2 udah nikah dan keluar. Brasa sepi padahal masih ada 3 anak d rumah. Cucu itu yang jd peramai d rumah. Makanya mak gw demen banget klo cucu dtg",4
"Cab. olahraga baru di [username] [CAPS], Pencak Silat akan jd salah 1 cabang andalan utama kita utk meraup bbrp medali. Selalu happy olahraga beladiri. Beberapa thn belakangan mulai belajar Silat dikit2. Sblmnya sejak usia 5 thn tekuni Karate & Taekwondo",4
"Sedih dan mendengarkan lagu-lagu sedih. Bukan liriknya, melainkan musiknya saja untuk menemani malam ini karena ku yakin ku tak bisa tidur cepat malam ini",0
"Anak zaman now lulusan aja pake toga segala un di aula2 mahal, lah kita dulu lulus sd paling banter perpisahan ke cibodas or anyer naek bis..",0
[username] [CAPS] Gue bukan antrinya sih ya tp nunggu tanda tangan wadek akademik ini masyaAllah bget yak. Blm lg kalo elemen2 yg tempat berurusan udah dtng. Ya apalagi ini bln puasa dtng telat pulang cepat hm [ELONG],1
"Ujung2nya duit maning, duit maning, emang ada tuu duitnya? Buat bayar thr [CAPS] aja daerah yg disuruh bayar pake apbd [CAPS] nya.. haiyah [ELONG]. [REPPUNC] [url] [CAPS]",1
"iya, [ELONG] paling demen klo bahasanya udah aku kau atau aku kamu gtu btw ada rekomendasi ff nct yg bagus tak? klo bisa yg udah complete tpi klopun belom klo bisa yg updatenya cepet wkwk",4
"Kenapa lebaran identik dengan baju baru, masak rendang & opor, belanja gila2an? Kalau buat yang kurang mampu, ngenes gak ya lihat sebelahnya belanja satu trolley?",0
[username] [CAPS] Harus pak jokowi yg mimpin.krn beliau sederhana dan asli sdh bantu masyarakat dgn ribuan sertifikat yg di [url] [CAPS] akan ada lg mafia tanah berani ambil tanah yg hak rakyat krn sdh ada sertifikat.kami tetap mendukung jokowi,4
"Melihat udah terlalu banyak [username] [CAPS] project yang jatohnya malah jadi scam dan fraud, asli gue pengen coba deh bawa mereka sama creator creator mereka yang udah bawa kabur duit banyak orang (termasuk gue) ke ranah hukum Indonesia.",1
"Yang repot tu kalo sekedar baca tanpa dimengerti,nahh disitu timbul kesalahan bukan pemahaman.. Selektif terhadap argument ndakk papa, selagi nalar tetep pada jalur, bukan keluar jalur, ituu pelanggaran.. #celotehreceh",0
"Semuanya udah berubah. Aku, kamu, kita. Semuanya. Hal hal kecil kita, sikap, masalah, tubir tubiran. Satu yang ga berubah dan kayanya susah untuk berubah secepat itu, hati aku. Happy anniversary sayang, aku sayang kamu. Sayang banget. [REPPUNC] [username] [CAPS]",2
"Beberapa kali ibu dan bapak nanya gimana kuliahnya, karena mereka tahunya harusnya semester ini saya sudah masuk di semester 7. Tapi bersyukur mereka bisa diajak kompromi, paham apa yang sedang saya alami.",4
"[username] [CAPS] Pengen banget icip icip dikit soal pasar modal. Tapi masih belum berani, efek ilmunya blm banyak kali ya. Takut malah jatohnya jadi ""donasi"" bukan ""investasi"" hahaha",3
Innalillahi wa inna ilaihi raji'un. Mohon doanya temen2. Ayahnya [username] [CAPS] barusan aja meninggal. Semoga diampuni segala dosa2nya dan keluarganya di beri keikhlasan dan kekuatan. Aamiin Yaa Rabbalallaamiin.,0
"dan demi apapun. [REPPUNC] walaupun hasilnya tak seperti yang saya harapkan, tapi saya lega. apa yang selama ini disimpan dalam hati akhirnya terucap dengan lepas. dan apa yang selama ini selalu menjadi pertanyaan dikepala akhirnya dijawab dengan jelas.",4
"[username] [CAPS] Yah padahal asik main Nexian Messenger (nxm) [CAPS]. Dulu juga sempet chatingan bareng raditya dika wlwlw Habis nexian koid, terus beralih kemana? Bebe?",4
"Saya mempelajari dan menjadi yakin bahwa cinta kasih dan kerendahan hati adalah pencapaian tertinggi di sekolah Kristus dan bukti paling cemerlang bahwa Dia memang Guru kita. ~John Newton, pengarang kidung terkenal ""Amazing Grace""",2
"hari ini, ketemu dia lagi. setelah ganti nomor whatsapp, dan dia gak save nomor w yg baru. bikin w galau sampe skrng. dan dengan muka imutnya dia nampakin mula gitu aja tadi. senyum. ngajak ngobrol. ku terus buang muka. padahal rindu",0
"Pas gempa jogja pernah ngerasain capek banget tapi gabisa tidur karena was-was gempa susulan, yang kedengeran cuma suara ambulance sepanjang malam gak berhenti, hujan deres petir kenceng sampek geter semua dikira gempa.",3
"Di sela-sela kesibukan di kantor, kalau tiba-tiba kangen Tobio, gue seringkali liat foto dan video dia di handphone. Oh, God, sayang banget gue sama Tobio.",2
"Dulu sahur, buka, semua udah disiapin sama ibuk sama kakak2. Susu udah siap. Sekarang udah gantian, aku ngurusin anak2 kakak :"") Kuterharu, waktu terus berjalan ya :""""""""",4
"Seharusnya gue bersyukur dikasih rezki bisa sekolah sampe tinggi dan di tempat yang yah bisa dikatakan fasilitasnya selalu ada dan lengkap. Sedangkan mereka? Setiap ke sekolah harus naik kapal compreng yang jaraknya cukup jauh dari rumah mereka, hebatnya lagi mereka nggak ngeluh",0
"Punya suami yang sayang sama keluarga kaya Papa sayang banget sama keluarga Mama, kaya Papa yang disayang banget [ELONG] sama keluarga Mama ya Allah.",2
"Jd kaya kebalik gitu. Dulu socmed jd escape buat gue ekspresiin kegilaan. Skrg berhubung socmed jd lebih serem dr dunia nyata, eh jd dunia nyata yg gue jadiin escape dari socmed.",3
"Penyakit andalan dr jaman sma ampe skrg Pinggang encok Antara salah tidur, kurang minum air putih atau sudah tnggl hitung kalender saja",0
"Apakah kamu mengetahui, dihari bahagia itu papa pergi kebelakang panggung sebentar dan menangis. Papa menangis karena papa sangat bahagia kemudian papa berdoa.. Dalam lirih doanya kepada tuhan papa berkata :",2
kabar terakhir dari si timi. dia ga berani pulang dan tidur di serambi masjid. trauma dengan diri yang tercampakan oleh sang pemilik.,3
"ya. saya gagal menjadi seorang kakak yang seharusnya bisa membimbing adik saya. disaat saya banyak memberikan pengalaman hidup kepada orang lain sebagai motivasi sampai mereka berhasil bangkit dan kuat. saya tidak bisa menyalahkan siapapun, saya menyalahkan diri saya sendiri",0
setelah mengetahui silailah keluarga seokjin gue makin jadi sayang [ELONG] banget. [ELONG] please bukan krn bokapnya yg ceo/ibunya yg ex miss korea. tp gue sayang sm seokjin yang bener bener mau berjuang sama bangtan. kita tau bangtan dulu susahnya kayak gimana,2
"90. Tanggapanku. Aku cinta kamu apa adanya /eak Apa ya. Aku mengerti setiap sisi dirimu, krn kitakan kembaran..aku ngerti klo kamu orangnya perhitungan, organized, kita sama2 ga mikirin penampilam dan pasangan, tp disisi lain jg perfectionist. Ya pokoknya i feel you",2
"and ya ini 11 12 sama kasus gitasav jg sih. same case different reaction aja. d kasus gitasav orang2 salah fokus sama cara gitasav ngerespon helmi. tp d kasus via ada jg sih yg salah fokus sama grammatical error nya via, sempet bgt sih?",1
"Kadang saya rindu. Rindu ketika awal kita berkenalan, rindu ketika kamu selalu ada waktu, dan rindu canda tawa yg kita ciptakan pd setiap chat. Ya lord",0
[username] [CAPS] ini air di kemanggisan mati dari sore ! [REPPUNC] Gak ada info apa2 udh lapor katanya dr sistem gak ada gangguan tapi air mati. Ah serasa hidup di alam gaib.,1
Masuk ke artikel cetak mediaku waktu itu. Tapi lupa edisi tahun berapa. Dan alhamdulillah tulisanku juga menang lomba dalam rangka hari kesehatan jiwa sedunia waktu itu kak [url] [CAPS],4
"huhahiheho mas [CAPS] dongho [CAPS] happy [CAPS] birthday [CAPS] sayangku [ELONG] [CAPS] pokoknya saya sayang sama kamu. perkara Tuhan mengijinkan atau tidak, itu urusan belakangan. semoga kamu bahagia terus ya, mas. sehat terus, bahagia terus biar aku jg ikut bahagia",4
"Area Alor Gajah, masjid tanah, jalan nak g pengkalan balak etc tu, kalau boleh mmg aku elakkan jalan malam malam. Oh seram.",3
Membuat kita dapat secara tidak langsung menyatakan suatu perasaan yang dalam kepada seseorang. Memang cinta yang teramat sayang akan memberikan kenyamanan dan ketenangan hati. [url] [CAPS],2
Bahkan tiap kali liat Mino ketawa senyum disini jadi ikutan senyum tau. Semangat Song Mino. We will always be with you,2
"Itu teman yang sok ngga liatin temennya ketika bertemu, hati2 saja suatu hari nanti yakin deh kalo loe nengok kembali ngga bakalan ada yg liatin. Haha. Lucu melihat hal itu. Miris dan kasian",1
[username] [CAPS] Jangan krn save kampus ada alasan tuk memelihara pelaku teror di negeri ini. Sebaiknya Kapolri menawarkan fh [CAPS] dan fz [CAPS] digaris depan dalam penggrebekan pelaku teroris agar merasakan ketegangan saat itu berlangsung. Aktivis bukan segalanya bila tak,1
Foto bareng di pernikahan teman bareng pakboss juga ngeliat si mas makin kurus dan kelihatan sdg sakit. Selang 2 bln chat dia perihal kerjaan and he said lagi sakit dan dirawat di rs.?,0
Alhamdulillah pengalaman baru bersama teman-teman peminatan Psikometri Terima kasih [username] [CAPS] puspendikbalitbang atas kepercayaannya kepada kami.,4
"[username] [CAPS] Lutut lemes, melongo kaya org angong terus nangis tiba2, pengen jerit gak bisa2, pokoknya kesel sekesel keselnya sama diri sendiri, capek banget sampe jantung sesek, dan itu terjadi berkali2 sampe 7th lamanya :"")))) padahal pacar jga bukan wkwk",0
"Resiko kerja sendirian, gaada temen. Single fighter. Bawa barang banyak harus bolak-balik, gaada yg megangin tangga, gaada temen ngobrol but i like my job",0
"Pemimpin mendidik rt [CAPS] jd tukang minta2x alias ngemis ya pak.. Kalau minta ke warganya sendiri nggak apa2x krn warga memang punya tukang sampah gitu lho pa kewajiban, [CAPS] uang dikumpulkan warga utk bayar thr [CAPS] petugas keamanan",1
"Pada akhirnya kita akan melewati semua ini, semua yang dulu kita bayangkan betapa sulitnya. Kita lalui juga. Di akhir kita hanya bisa belajar, belajar, dan belajar. Memetik semua hikmah yang bisa kita petik. Mempersiapkan untuk kedepan.",4
"[username] [CAPS] [username] [CAPS] Terima kasih banget pak presidenku n kabinet dgn hsl kinerja yg mulia nkri tdk dipandang enteng,semoga ttp kita jaga n terjaga warsan tsb",4
"si [username] [CAPS] ini ngga bisa seenak dewe melepaskan tanggung jawab ke backers cuma berdasarkan ToC antara Kickstarter selaku penyedia platform crowd-funding, creators, dan backers. ToC tetap tunduk ke hukum yang berlaku di governing law si ToC. Gue mau cari legal loophole nya. [url] [CAPS]",1
"debat [CAPS] panas, [CAPS] Rocky Gerung vs Ruhut Sitompul, rosi, [CAPS] ilc [CAPS] - Indonesia Lawy. [REPPUNC] [url] [CAPS] lewat [username] [CAPS] gimana yang bilang jokowi kacung om [username] [CAPS] diem ! [REPPUNC]",1
"Ini case yg kedua, sebelumnya sy sempat kena tipu dan account saldo gopay sy hangus, [username] [CAPS] perlu ada peningkatan security lg spy g kejadian terus seperti ini",0
"Laptop udh 6 tahun, jam awet ampe 3 thun br bterai mati, sepatu awet ampe 2/3 thun, tp gk smpe rusak kdg udh beli, suka addict klu sm sepatu.",4
"Kepikiran bikin warung sate ayam yang edgy. Jadi alih-alih ngejawab 'oke' ketika customer pesen 'bang, satenya satu porsi ya', kita lanjutin nanya Tingkat kematangan? Rare, medium, well done? Saos? Orginial, bbq, mushroom, cheese, lada hitam? Pake nasi, atau mashed lontong?",4
Too much camera too look.. hahaha.. Btw #happy3thanniversary sayang.. 3 tahun yg sgt mencabar n smoga kta sentiasa dirahmati Allah swt slalu.. Love u,2
"[username] [CAPS] [username] [CAPS] Presiden itu badan executive sedang dpr [CAPS] itu badan legislative, bagaimana bisa dua lembaga yang berbeda dapat diartikan pemerintah?",1
"Kaget dapet berita tetangga satu rt [CAPS] di Solo, masih 19 tahun meninggal dunia karena typus dan ambeyen. Diambilnya nyawa bener-bener ndak melihat umur. Innalillahi wa innailaihi ro'jiun, sending Al-Fatihah.",0
"Buat gw mandi kalo gak 3 kali sehari kayak makan tuh ga afdol. Gerah dan lengket aja gitu bawaannya. Apalagi kalo mandi sebelum tidur, itu paling enak. Dapat membuat tidur lebih rileks dan nyenyak",4
"Kadang rezeki klo diitung2 bakal slalu ada aja yg kurang.. apalagi klo mau investasi sosial.. pasti pjg daftar pertimbangan 'rasional'nya.. Tp kembali lagi, semua berawal dari niat.. lagipula memberi sesuatu kpd sesama jg dianjurkan sm Rasulullah..",4
"Alhamdulillah. [REPPUNC] Bahagia rasanya Ramadhan ini bisa menjembatani syeh2 dari Palestina untuk hadir di beberapa Masjid di Pelalawan pada Hari, Waktu dan Tempat yang berbeda. [REPPUNC] [url] [CAPS]",4
"Demi. Gue ngerasa ga nyaman di kamar gue sendiri, di depan pintu kaya ada yang bolak balik gitu [EMOTICON] mau nelp nyokap takut dikatain banci :"""""""""""""""""""""""" help help",3
"[username] [CAPS] Ayah dari dulu sampai skrg bekerja pindah-pindah kota, saya merantau. Beberapa bulan lalu saya pulang ke Makassar, Ayah juga kebetulan pulang. tp tidak sempat ketemu, lalu di mnlpon mengajak makan bersama, saya tolak dgn alasan pergi bersama tm",0
"Heads Up - Warpaint (2016) Nah ini bandnya si mbak T tadi juga ga kalah kece. Walopun lagu2nya lebih ngepop dan lebih 'mainstream' dari yg sebelumnya tp gak bikin ke kecean mbak2 ini luntur. W suka banget So Good, Whiteout, sm The Stall [url] [CAPS]",4
[username] [CAPS] Kok di bali [username] [CAPS] tidak pernah beraksi menangkap si tikus2 korupsi [CAPS]. [REPPUNC] ! [REPPUNC] Apakah pejabat2 di bali 1 jalur sama presiden sehingga [username] [CAPS] enggan/ sungkan atau takut menangkap koruptor2 yang merugikan anggaran negara.,1
"Wanita akan menatap pria, kalau ada sesuatu di wajahnya atau jatuh cinta padanya",2
"Baru persiapan doang udah gosong gimana waktu gw ospek nanti, 6 hari dilatih militer coy. Naik outbound aja gw nangis anjir gegara takut sama ketinggian. Gimana pas diksarlin nanti omg",3
"See you again, when I see you, Jogja. Ini beberapa partner yang menyukseskan liburan kemarin. Siapa tau ada yang butuh untuk membantu liburan di Jogja. Hotel: 5-6 Juli",4
"Manusia rakus bunda, menteri udah advokat dirampok juga, banyak tahu rahasia negara waktu di istana sama orba, bandit bingit",1
"#OldMoneyGakNgerasain minum aqua gelas, trus gelas plastiknya di selipin ke ban belakang sepeda pancal, biar pas jalan keluar bunyi kaya knalpot",4
Aman gmna mase. Org klo aman mah. Wsrga sekitar pasti senenh dong liat kaliqn dateng. Org bukti a aja warung dagangan di jarahin.. Itu maling kmrn gmna mase. Mending. Di urusin dulu. Biar gk panjang tangan [url] [CAPS],1
"kenapa nggak berobat? simple, takut suatu hari snap lalu od. sekarang gw liat benda tajem aja masih suka takut, takut tiba2 ngelakuin yang aneh2.",3
Ada bahasa guyonan lg nih antara si ucha dan si rin. Si rin: Aku tuh lg ditaksir sama si joni dan sama si bowo lo cha! Menurutmu mana yg lebih keren cha? Si ucha: Ya. [REPPUNC] jelas aku dong rin! He..he..,4
"Oke.. coba koreksi ini, sebagian besar org Indonesia males dibuat pinter, tapi justru happy dibuat bodoh. #HentikanAcaraPembodohan #SaveTelevisiIndonesia #kpi [CAPS] cc [username] [CAPS]",0
Betul bersihkan Pak. [REPPUNC] kejadian2 yg bikin para bong nyinyir habis2an Gub Indonesia kita ehh ujung2nya kerjaan Gub sebelumnya. Usut tuntas [ELONG] [url] [CAPS],1
selalu takut kalo mama tau gue abis belanja2 pdhl belanja juga pake tabungan sendiri cm kalo mama udh ngomel ntah knp jd nyesel sendiri udh belanja online trs,3
"Seharusnya yg harus marah itu jkt58 [CAPS] (yg milih), klo ngerasa memang ada kemunduran ya lu olang wajar ngomel. Mungkin jkt42 [CAPS] marah2 juga bisa jadi karena ada rasa sayang. Eh gimana ditinggal disaat masih sayang2nya gitukan(?)",1
"Kalau mewujudkan keadilan sosial hanya sebatas bangun infrastruktur ya cetek sekali pemikiranmu. Kamu jg harus tau infrastruktur dibangun dari hutang miliaran dollar, artinya",1
Akibat jika nda ada uangmu yg tak nampak.orangpun cuek dan pura2 nda kenal. Jangankan manusia. [REPPUNC] Iblispun nda mau liat kamu. [REPPUNC] Dan kebanyakan sifat manusia melebihi iblis. Serakah dan rakus. Jadi selalu lah diam dan tenang agar tak dinilai dengan uang. #Nasehat,0
"Gemes bgt sama orang yg masih menganggap wajar pelecehan sexual secara verbal mau verbal atau fisik atau apapun, itu tetap tidak dibenarkan!",1
"Ya allah, penatnya. Kuatkan hati aku plss.",0
"dan saat itu yg ngurus cuma aku. jujur deg2an, takut, panik karena harus berhubungan sm biro keuangan yg galaknya naujubile. cm bisa ngandelin modal nekatbuat ngomong aja ke birokrasi sama dikit2 telfon bbrp senior yg aku anggap dia tau segalanya ttg hal ini wk",3
"[username] [CAPS] [username] [CAPS] Gak lah, ngapain sih, orang kmrn sdh studi banding ke mamarika, tuh hasilnya udh kliatan kan, bakalan ada jalut becak way.",1
lawan saya mah pasti menang saya nya ta tidak-enak [EMOTICON],4
Sejujurnya masih sesedih itu gak bisa nurutin ambisi yang selama ini dipengenin. Tapi emang harus belajar ikhlas. Ridho. Benar-benar menyerahkan semuanya ke Tuhan. Kudu legowo.,0
"Contoh mereka yg gemar menyudutkan, teriak paling toleran tp gemar menuduh, gemar men-judge seseorang berdasarkan versi mereka. Cukup tau saja.",1
kalian pernah ngga sih ngerasain gmn rasanya deg degan nerima sms pemberitahuan kuota tinggal 7mb sementara kalian lg asik-asiknya tlponan dan harus keluar cari kuota lg supaya bisa lanjut ngobrol.,3
"Intinya sih.. Kamu jadi siapapun, aku tetep sayang kamu. Kita udh 6 tahun bersama (?) meskipun harus ngitung dari awal lagi smpe akhirnya skrg udh 3 bulanan wkwk.",2
Kayaknya habis ini mataku harus dimandiin pake abu biar suci karena habis melihat adegan yg tidak senonoh di McD yg tidak lain adalah adegan orang yg saling bermesrahan didepan mata huhu [ELONG],3
"Melody masih membatasi diri ala member ya? Yang dibales mentionnya pun yang dikenal aja, hahaha Ya kalau seperti ini sih kisah Jeketi nda jauh beda dengan sebelum-sebelumnya",0
Bergantung financial dg suami terkdg mmbuat saya berfikir jauh buat kedepan. Krn ga slmanya gw hdup sm dia.. Ga slmanya dia pnya duit.. Persiapan buat ank sekolah nnti krn pst biaya tmbh membengkak. Giliran pngn krja ga di ijinin.. Gw g ngrti kudu gmn klo kya gini,0
"Ini yg kakek nenek gue pengin stop dari keluarga gue, Bukan pelit, Menurut mereka tradisi macem nyebar uang, nyawer thr, [CAPS] dan sejenisnya ini merendahkan martabat manusia, si penerimanya",0
[username] [CAPS] Buka rekening baru di mandiri ribet harus ada no tlp rumah or kantor? Terus klo pekerja di pasar ga bisa nabung di mandiri donk ! [REPPUNC],1
"intinyanya selamat tanggal 25 untuk yg ke 3 kali, ga pernah harapin yg aneh aneh, aku cuma mau terus sama kamu. sayangnya kamu ke aku ga pernah berubah, begitu juga sayangnya aku ke kamu. berharap malah bisa lebih lebih sayang lagi ke kamu seiring berjalannya waktu.",2
[username] [CAPS] Meskipun syarat ke dua adalah bucin baejin tapi ku sayang wanna one siapapun membernya dan berjanji tidak pernah akan membuang barang barang apapun tentang wanna one [url] [CAPS],2
aku suka banget nonton idol sumpahh mantap sampe jam segini mantengin tv [username] [CAPS] [username] [CAPS] #GrabTakesYouThere #IdolByOpera #IdolShowcase1,4
"Selamat ulang tahun, Bosque! Sepurane telat. Semoga2 sehat selalu, dilancarkan karir & jodohnya",4
"Kalau i dapat cium bibir you, you ciumi lah bibir i kembali nescaya ia akan bersatu lantas cinta bersemi",2
"Eh [username] [CAPS] sama [username] [CAPS] kalian lahiran? Congrats yak, nih gue kasih hadiah kecil kecilan(?) moga suka, sering sering maen sama samcho ganteng ya ntar biar jadi anak hitz lol [url] [CAPS]",4
"Pernah pada saat itu punya tipe cewe yg harus gua pacarin. Tapi, lagi lagi kandas ditengah jalan. Setelah itu, mulai berfikir kalo cinta yah cinta aja tanpa alesan & syarat",0
Langsung jatuh cinta pada pandangan pertama sama away shirt nya Man City yang ini. Tumben nih Nike bikin design kece. Must have item! [username] [CAPS],2
Hehehee kan memang itu yg di minta..seharusnya tbg [CAPS] Gentle kalau memang sdh tdk sejalan lg dgn [username] [CAPS] mengundurkan diri sbg pengurus maupun kader pd [CAPS] [url] [CAPS],1
"kalau [CAPS] benar [CAPS] dan [CAPS] terbukti [CAPS]. [REPPUNC] tangkap [CAPS] biangnya, [CAPS] bubarkan [CAPS] partainya [CAPS]. [REPPUNC] ! [REPPUNC]",1
"100/70 fix darah rendah, trus gue tanya ke mas perawat. ""Mas badan gue kan gede,masa iya darahnya segitu"" Mas perawat nyaut ""itu badan kebanyakan lemak,darahnya sedikit"" Si anying [ELONG]",1
Sejujurnya masih sayang. Aku tak pernah buang kau jauh dari hidup aku. Nama kau tak pernah terpadam dalam hati aku.,2
"Dunia semakin lama semakin banyak tantangan yg bikin stres.. tp sbenarnya obat termanjur dikala gundah melanda adalah nelfon Bapak Ibu dan bilang ""doain aku yaa"" kemudiam sebaik2 jawaban adalah ktika mereka blg :. [REPPUNC]",2
"wuih cadas. [ELONG] teman kantor yang odp hari ini, sudah terbebas dari denda ikatan dinas 5 tahunnya. mantap kali kita harus nunggu tahun depan",4
Gatau sejak kapan tiap dengerin kucing ngeong sama anjing melolong malem2 selalu ngebayangin ada 'sesuatu' di luar -_- dan bikin gaberani bangun,3
Alhamdulillah point tiga lagi. Pelan pelan merangkak naik. Matursuwun [username] [CAPS] tetap jaga trend positifmu ini perjalanan masih panjang. Yang berangkat away hati hati dijalan. sarewa #psim #psimday [url] [CAPS],4
selamat datang di ibs bulan depan kaka wakakakak,4
Istri nya aku cantik banget yaa tuhan pesek dikit yaa hidungnya kamu sayang [username] [CAPS],2
"Tidak ada maksud untuk melemahkan negara Islam secara umumnya, tapi persatuan bangsa Islam kapan terwujud, dan saya melihat yg Turki dengan Erdogan nya sudah berbuat, tapi belum cukup, saya sebagai seorang Muslim melihat nya keterlaluan yang di perbuat Israel laknatullah, [url] [CAPS]",0
Mesti nnton ne tengah malam nti dlm selimut. Habis nonton Eng ing eng.. Bunyi detak jarum jam dinding pun jd takut.. Terpaksa jam di cabut batre nya biar gk takut Wkwkwkwkwk Always~,3
"Prof [username] [CAPS] mohon kiranya di-share cerita lengkap soal foto ibu yg saya jepret saat salat maghrib di gereja ayam pniel kmrn, biar gak ada informasi yg sepotong-sepotong. Trims Prof",3
Bukannya kalo cowo suka atau serius sama cewe itu dia bakal nunjukin usahanya demi apa yang disukai cewenya ya? Apalagi berusaha jadi apa yang disukai orangtua cewenya hehe,2
Coba tanya [username] [CAPS] apakah market mampu memprediksi kondisi ekonomi kedepan dari kondisi politik saat itu. Isu2 pasti sdh ada. Entah siapapun.,3
"Pengen resign tapi ko takut nanti ga lebih better, ngerasa nyaman tapi ko batin. [REPPUNC] aku ga paham yang salah ada di diri aku atau siapa sih",3
"Ngimpiin Dira sama almarhum bapaknya. Kita ngobrol bareng, ketawa-tawa bertiga sambil minum susu jahe di sebuah angkringan. Senengnya terasa sampe sekarang. Damai banget.",4
Hahahha pengngangguran bisa makan dengan demo pasti otaknya minim ditambah dengan minum kencing onta lengkap deh tololnya,1
"Dulu aja waktu jadi timses Jokowi, Anies di Banggakan. Sekarang giliran di dukung Oposisi pemerintah di hujat. #PolitikSubjektif [url] [CAPS]",0
"Salah sangka yang menghasilkan sebuah kekecewaan. Kekecewaan yang pada dasarnya tak mempunyai alasan yang kuat. Namun, saat semua situasi sudah kembali clear. Itu menjadi sesuatu yang lucu untuk diingat.",0
namanya jg org sirik dengki yah gitu deh skrg mah hidup cuma bs berharap Tuhan Yesus kasihan sm gw aja..krn hidup aja singkat gini..gw jg ga jahat sm org..malah org2 pd jahat sm gw masa cuma pingin pindah ke Kanada aja dibilang ngayal ketinggian omg..very confused me,1
[username] [CAPS] [username] [CAPS] [username] [CAPS] [username] [CAPS] [username] [CAPS] [username] [CAPS] [username] [CAPS] [username] [CAPS] [username] [CAPS] [username] [CAPS] Duh keren n matap ama dulur2 yg tiada hnti utk sayangi bumi smoga ditularkan didaerah seantero nkri,4
"Memaknai suatu hubungan, butuh waktu bertahun tahun dan mgkn banyak pelajaran. Don't be needy lah kalo jadi cewe. Pacar lo punya masa depan yang harus dia prioritaskan. Pacar lo juga punya kehidupan selain elo.",1
"[username] [CAPS] Kenapa baru sekarang, aku memilih diam lalu berlalu. Kesempatan sudah hilang, di tengah ribuan logika yg ku buang demi kesempatan untukmu",0
"Merasa oon ketika tahu sesuatu dan tidak boleh di bicarakan ke orang lain, nah kelalaian malah sebaliknya, jadi malah merubah siklus dan alur waktu yang seharusnya itu terjadi",0
[username] [CAPS] dari tadi pagi saya tidak bisa masuk web-nya. Jadwalnya saya dari jam 7-10. Tapi masuk web-nya aja engga bisa. Connection internet saya lancar padahal. Solusinya? [url] [CAPS],0
"anyong -! namja romantis itu idaman aku bgt perhatian pastinya sayang bt sama kita, bisa humoris juga sukanya tuh kasih sesuatu, peluk kita itu ajah deh, selamat memilih -!",2
"Cinta yang sesaat akan berKata, Aku mencintaimu karena aku membutuhkanmu, tetapi makna sejatinya akan berKata, Aku membutuhkanmu karena aku mencintaimu",2
Menurut kamu.. relationship goals itu yg kaya gimana sih? tbh ya ? Yg gimana ya yg selalu saling each other aja. -saling cinta -saling sayang -saling kompromi (ngehargai) -saling butuh -saling paham -saling ngelindungin Dan saling saling yang lainnya,2
Engga pernah se-jatuh cinta kayak gini sama orang. Berawal dari tokoh cerita di wattpad dengan penggambaran seseorang yang plek ketiplek sama. Dan itu makin buat saya jatuh cinta.,2
"Entah bias atau apa, tapi beberapa dosen yang pernah lulus dari univ di us [CAPS] selalu menginspirasi, gak cuma bisa ngetai taiin doang. Makanya mereka panutanqu di kampus (?) pengen banget juga bisa kaya mereka",4
"*Yang ku takut, aku nampak terus berjalan namun tak memperoleh pembelajaran. Seakan semua terasa aman namun ternyata hanya sebatas angan-angan dan meninggalkan penyesalan*",3
"ya karena ngga kuat, dan ngerasa ""jijik"" udah digituin aku milih tutup akun. marah ? banget. akhirnya cuman bisa ngomel2 ke temen2 deket. tersinggung ? pasti sudah jelas. tp resiko pake ask fm anon bisa mbacot sakarepe [EMOTICON]",1
Foto saya di instagram masih ada cuma lupa password instanya jadi ngga bisa di buka ! [REPPUNC] ini pasti salah pemerintah dan instagram kenapa sampai pakai password segala ! [REPPUNC] Tuh sampai lupa khan gw #begoloe,1
"[username] [CAPS] Udah jauh mendingan,setidaknya ketua dpr [CAPS] berani ditangkap, dibandingkan dulu, anggota DPR,gubernur,sampai rt [CAPS] berani korupsi tanpa ada yg berani tangkap",1
"halah cewe jaman sekarang di-catcall dikit langsung nulis esai di ig [CAPS] story soal harrasment, dasar sjw [CAPS] Lah iyalah [url] [CAPS]",1
"Di T3 sebenernya yg jadi masalah kan bukan penjemputan ta [EMOTICON] l, tapi semua mobil pribadi yang jemput ya jalurnya nggak nggenah. [url] [CAPS]",1
"Kadang suka bingung, sama orang yang seluruh hidupnya dia habiskan untuk berdebat. Memperdebatkan hal-hal yang sebenernya sepele tapi buat dia itu hal yang pantas untuk diperdebatkan. Serahlau gw cuman bisa terngowoh~",0
Rinduku ini bagaikan di ujung hati CInta ini bagai ilusi yang tak bertepi Cinta mengapa singgah di hatiku Kau salah memilih tempat dan waktu Tak tahan aku menahan rasa Aku tersiksa,0
"Sekelas emerson masih gitu kelakuannya, apa lagi klo bukan kerna kebencianya, sehingga lupa klo yg diketawain ternyata junjungannya. [REPPUNC] son. [REPPUNC] son..gagal maning",1
"Ya, gue takut rasa yang dulu bakal balik lagi. Bahkan takut kalo luka yang dulu Dadang beri bakal jadi tambah besar. Gue gak mau. Dadang sering ajak ketemu, gue tolak. Dadang sering izin pengen datang lagi ke rumah, gue tolak. Gue gak mau sakit kedua kalinya.",3
"[username] [CAPS] Bagos, [ELONG] pecaat. [ELONG] ! [REPPUNC] Demi sayang anak apapun mesti dilakukan. Demi kelanggengan trah turunan apapun mesti dikorbankan. ! [REPPUNC] Sayang anak sayang anak.. [ELONG]",1
"Persis. Keluarga ibu yg mualaf dr menado dan indonesia timur, jd byk yg kristen, sedari kecil sudah biasa dateng dan kasih selamat waktu mereka paskah dan natalan. Dan mereka gak pernah absen kalo kita lebaran, pasti rombongan sowan lebaran ke 2",4
"Haha serius sih pertama liat itu tulisan tukang kedai mie tiaw tsb, langsung ngakak, Macam selingkuhan, disayang tapi tidak diakui eea [ELONG] haha Tapi gimanapun gitu juga, persaingan mereka sehat sih hehe",4
Rada kesal Sama tamu yang minta di kasih discon Okey gua kasih Giliran mau Lebaran Lu pd [CAPS] kabur semua Anjir gua harus belajar tega kayaknya,1
"Ia menyentuh tangan yang mengusap pipinya lembut. Monika memejamkan matanya seakan merasakan kasih sayang yang nyata dari Yuno. ""Aku tidak akan bisa berhenti mencintaimu.""",2
"Oh..aqilah cinta hatiku, Oh.. #Aqilah I say I lovw You. [REPPUNC] terbaik lah",2
Pertama kali nya komen di ig yg org2 lagi pada debat. [REPPUNC] gils sok iye bgt sih guee. Ngeri di nyinyirin balik sama org aja nih woy. Pegangan gue cuma #cmiiw ajalah udah (sama Allah juga deng),3
[username] [CAPS] Saya ngeliat rp cewe bukan dari chara&followers nya tapi dari kepribadian dia bagaimana dia membawakan chara dia dan itu yang bisa bikin saya jatuh cinta dengan nya.,2
yang paling ditunggu selama ini ya bukber sd [CAPS] smp. [CAPS] temen yang bener bener seru bener bener asik dan bener bener yang lain. sma [CAPS] ga se greget itu kecuali anak pasti [CAPS] wkwkwk fix secepat kilat dan no bacod mandiri. kalo ikut ya bilang ngga ya bilang. bnr bnr oke,4
"Menurut Cak Nun, orang yang tak percaya akhirat, logisnya tak percaya Allah. Secara syari', dia kafir. Tapi Cak Nun tak mau bilang Mega kafir tapi dia orang yang tak paham.",3
Jika kau suatu saat besar nanti mungkin kau akan lbh mengerti tp untuk skrng kau hanya cukup menjadi pendengar yg baik saja. Aku dan ibu mu sudh hampir 3 thn tak bertegur sapa. Alasannya krn keegoisanku yg membuat hub kami semakin menjauh. Aku adalah seseorang yg sngt egois.,0
[username] [CAPS] Bukan gamau. Tapi gimana ya. Kalo dirumah aja malem malem takut sendirian. Kalo udah punya anak si mending ga sepi bgt tapi kalo ini sendirian terus tbtb ada kecoa gimana gitu kan ya [EMOTICON],3
"Pulang kerja jalan ke gi [CAPS] makan jalan ngobrol ketawa tawa pulang malem tapi milih buat nongkrong lagi di parkiran pom bensin samping Sency lanjut ngobrol ketawa tawa, staring at each other lalu dicium kening lalu pamit pulang. Sungguh kebahagiaan itu sangat sederhana.",4
"Orang kek gitu emang harus dikasih pelajaran. Kalo bukan kita kita yang kritis, siapa lagi? Mereka mereka yang beraninya di belakang itu? haha [CAPS]",1
"selamat siang sayang belum makan siang kah? ini aku buatin makan siang, dimakan ya sampe habis jangan dibuang2, capek tau masaknya",2
"[username] [CAPS] Kenapa ya ada ugm.cantik ugm.tampan tp ga ada ugm.juara ugm.berprestasi? Kan kalo fisik itu udh dari Tuhan, kalo prestasi kan diusahakan #protesdewe",0
"Kasihan karyawan bapakku ini, mau lebaran malah jatuh sakit dan masuk rumah. Dan sekarang mudik terlalu cepat ke kampung halaman. Gusti Allah kadang memberikan hal yang tidak terpikirkan oleh manusia. Sebagai manusia ya cuma bisa menerima.",0
"main aja dr maghrib sampe subuh juga bodo amat. tp jangan lupa! setelah kosongin jadwal harus konsisten lg ngomong doang gampang ya laks, ngelakuinnya susah emang! makanya coba aja. awalnya susah, ntar juga kl udah kebiasaan ketagihan",0
"Briefing. Meeting dgn tim tbr [CAPS] persiapan Hijab E [EMOTICON] di Kota terCinta. Otw bandara, sosialisasi di concordia dan t/g lounge. Meeting dgn sr [CAPS] se Kotata'. Karebosi time. Padat sih, tp menyenangkan. [REPPUNC] Sesuai dgn materi briefing pagi ini ""Happy Work Happy Life"" #tsah [ELONG]",4
"Lalu beliau bales 'ngapain takut? Tinggal ngomong og' Hngg [EMOTICON] Si bapak berlalu. Dan ku masih terkagum sampai saat ini. Beliau ngga jahat seperti yang tergambar di rangkaian tweetku sebelumnya. Beliau hanya butuh ku dan temenku ngomong. Beliau mau tau, masalah kita tuh apa?",4
"selamat ulang tahun papi [username] [CAPS] semoga panjang umur, sehat selalu, berkah barokah, lancar rejeki, dan tentunya segera lulus ""ujian"".. Amiien.. [url] [CAPS]",4
"apa cuma gua doang yg ngakak nonton [username] [CAPS] saat [username] [CAPS] tanya sma ali mochtar ngabalin haha,simpulkan [ELONG] sendiri wkwkk ! bang karni paling bisa #ilcbpip [CAPS]",4
"ini bener bangett dulu awal2 masuk kerja, gaji blm seberapa perasaan ngrasa cukupcukup sj sm kebutuhan. sekarang napa masih kurang aja",0
"[username] [CAPS] Bener, final keputusan nya 15 juni ini. Dan sy prlu extra hati2 gunain aplikasi prjalanan/hotel, maklum dana trbatas, nyesek kl ad masalah.",0
Dokter knp kamu tega gak ksh aku salep bwt lebam memar2 aku..tp aku cm dksh vitamin+obat nyeri aja..pdhl tensi aku normal 110/70. Tp malah dksh vitamin. Salep yg aku butuh bgt tp gak dksh,0
"Dua teman sudah menikah, dari dua temen tersebut mereka pindah agama semua. Satu muslim ke Kristen dan Hindu ke muslim. Semoga saya di beri jodoh yang seiman dan sejalan.",3
"[username] [CAPS] [username] [CAPS] Kok serem. [REPPUNC] Seriusan itu? Btw ini udah lama. Pas sma [CAPS] sekitar 3 tahun yg lalu, badan makin cungkring emang :"") makan byk ga ngaruh - sender",3
"Malem ini nyoba bikin overnight oat yg kadar pisangnya lebi banyak daripada oatnya Tida lupa ditambah chia seeds, madu, dan vsoy Semoga sahurqu nanti lebih manis daripada angan-angan~~ [url] [CAPS]",4
Gatau asal muasalnya gimana. Tapi akhir2 ini orang2 yg ada di sekitar gw melontarkan komentar yang sangat senada dan selalu gw aminkan menjadi doa,4
"semoga husnul khotimah, Do'a untuk saudara kita ""Ali Banat"" dan saudari kita ""Razan An-Najjar"" dalam memperjuangkan Agama Allah. Surga menanti #FreePalestine #DeenAssalam",4
"aku gak akan ninggalin kamu - aku gak mau nyakitin kamu - aku sayang kamu - aku bakal selalu ada buat kamu - kita sama"" terus ya - hei icintayou - aku cuma sayang kamu - aku gak mau kamu jauh dari aku",2
AkuMencintamu Karena aku dari awal yakin aku dapat menjadi apa yang kau butuhkan dan apa yang kau selama ini cari.,2
Bahaya. [REPPUNC] mercury [CAPS]. [REPPUNC] ? Untung cepet tersadar dan stop buat pakai produk2 instan ya. Sayangi kulit dan kesehatan anda. Karna cantik itu tidak perlu putih paling utama sehat Drw aman dari mercury ples aman. [REPPUNC],3
"cuma karna dia gambarin karakter anime yang dia bilang sifatnya mirip gua dan ngeliatin matahari sore berdua di belakang sekolah. gua bisa ""sekelepek kelepek"" itu dulu.",2
setelah dilihat lihat akhir2 ini profil gw hanya diisi dgn jokes2 twitter yg gw ritwit dan keluhan insomnia yg tidak kunjung ada habisnya. wth [CAPS] is [CAPS] wrong [CAPS] with [CAPS] me [CAPS],1
"Barusan diejek anak-anak ig. Katanya twitter udah ketinggalan zaman. Jokes-nya banyak copas. Di Instagram lebih ori katanya. Lah. Gak tau dia kalau di Twitter kebanyakan user-nya lebih ""dewasa"" dan kontennya lebih bagus daripada di Instagram._.",1
"#curvanordpersija #curvasudpersija #rojali #asukabeh Kalian lemah,kalian bukan level kami jak. Ojok lali keset. [username] [CAPS] [username] [CAPS] [username] [CAPS] [url] [CAPS]",1
"seharusnya saya paham, saya hanya sekedar diizinkan bertamu dan bercerita. bukan untuk menulis hal baru dari kertas yang ada, saya hanya sekedar untuk menceritakan dari buku yang sudah saya bawa ketika buku itu sampai dihalaman terbaik ya sudah habis waktu saya dan harus pamit.",0
2010? Pertama kali ngetwit. Muncul setelah #friendster yg marak merajalela pada saat itu. Masa dimana kenakalan remaja berangsur-angsur melebur demi meraih cita. Begitu indahnya saat itu. #ThankYouTwitter #HariJadiTwitterSaya [url] [CAPS],4
"[username] [CAPS] [username] [CAPS] tolong cek resi gk-82894911 [CAPS] no.pesanan: 18060412216q2rm [CAPS] Barang belum dipickup tapi status sudah sampai dikirim, driver: Wari hp: [sensitive-no] [CAPS] tolong pickup ulang dan tindak driver yg nakal, terimakasih",1
hahaha niatnya titip bamer doang kalo ketemu kang sayur. berhubung dia belinya di pasar sekalian titip yg lain.. haha suamiku baik sekali [url] [CAPS],4
Sungguh mencintaimu berat sekali. Berpisah denganmu apalagi. #HadiahPerasaan - [username] [CAPS] Selalu bikin baper tp sukses melupakan laper. [url] [CAPS],0
seru bgt jadi manusia.. bnyk berhubungan sm manusia yg lain. seru sih seru [ELONG] tapi kadang2 ngebingungin jg.. atau jd gaenak.. atau malah atau atau. ya tapi mo gimana.. kelebihan ngontrol ga baik.. lepas tangan ga bener.. sembunyi apalagi. yaudahh dijalanin one step at a time aja.,3
"Senang bisa menimba ilmu dari guru besar, semoga suatu saat bisa seperti mereka, thanks prof. Benny and prof. Teddy",4
"pantes [CAPS] aja [CAPS] semalem [CAPS] pas [CAPS] pulang [CAPS] dah [CAPS] banyak [CAPS] tni [CAPS] dengan [CAPS] muka [CAPS] geram. [CAPS] Gue jadi takut2 gitu pas jalan, jalan cepet. nyampe kosan lgsg parno nutup semua pintu.",3
"#OldMoneyGaNgerasain kalo tlp pake hp paling lama 2 detik, krn sblm 2 detik msh gratis, setelah 2 detik baru kena pulsa. tut tut halo [ELONG] dmn? (matiin tlp) tut tut (angkat tlp) drmh (matiin tlp) Trus aja begitu sampe eneg. [REPPUNC]",4
"Sesama cewek, yg anggep cewek lain yg speak up against any sexual harassment itu sbg kelakuan norak, sgt dipertanyakan dimana sisterhoodnya. Klo anda sering dilecehkan dan menerima sbg biasa aja, ya itu kan anda yg ga pny harga diri, blm tentu cewek lain berpikiran kyk anda kan",1
"#OldMoneyGakNgerasain main kocok sabun. Ambil gelas plastik, masukin air and sabun colek trus dikocok2 pake sikat gigi. Klo mau halus pake sabun mandi. Kocok terus sampe busanya banyak tp gk ngerti fungsinya apa. Wkwkl",4
"Oh ya, sebelum gue cerita ke si Alda, dia udah bilang kalo mau dengerin cerita gue. Jangan khawatir sendirian. Dan yang gue dapetin, setelah gue cerita panjang lebar sampe dm [CAPS] nggak muat, dia bales dengan pertanyaan lagi, itupun singkat dan bikin gue merasa tersudut.",0
"Yha bener bih kata ko ernest. Aku tiap bulan nabung min banget harus 1jt,buat kulyah cyn berat sih awalnya tp lama2 terbiasa. Oh ya sama gaya hidup juga ngaruh nih. Untungnya aku gak suka nongki2 haha",4
Lucu yaa orang disini Dia lagi sakit Terus malah nyalahin admin lain katanya gara2 admin itu dia sakit fix anda punya kekuatan lebih dari tuhan,1
Nah itu yg sy gak ngerti. Tp sy bayangkan mungkin sulit jg melototi apbd [CAPS] dari gub lama oleh gub baru secara rinci. [REPPUNC] **untung sy bukan gubernurnya baik lama maupun yg baru. [url] [CAPS],3
"Akhirnya punya full,, duhh ini terakhir download deh, karena ini dr vlive jd kudu didownload sblm dblock huhu makasih banget yg ud mau berbagi",4
"[username] [CAPS] Iye [ELONG] bik, di sini joke receh pun ga masalah, malahan bikin stress hilang, coba di instagram, aduh maha benar netijen dg segala komenannya ?",4
"Baby you came. Capek ya sayang? ""Sedikit, tapi gak sebanding kalo kehilangan kamu"" /Flat face ""Cium dulu dong"" [url] [CAPS]",2
"Setelah di salahkan sama beliau, ini adegan scene di tkp [CAPS] kemarin masih terbayang dengan jelas di pikiran gue bahkan sedetik setelah gue buka mata pas bangun tidur. Im so sad pake banget",0
Ketemu narasumber nyebeli.. banyak.. kalo bisa tak blokir satu aatu narasumber yg maksa minta diliput ato udh diliput tp minta cepet2 ditayangin. Kita kan ada jadwal nya mas dan mbak..,1
"[username] [CAPS] [username] [CAPS] Deg degan mana sama kalau tbtb mamah bilang ""kak tutup taperwer mamah kemana ya? Tadi bukan nya kamu yg abis pakai? "" jeng jeng [ELONG] [EMOTICON]",3
Apa Hebatnya Mardani? Menurut sy oeang ini Cuma besar mulut aja Faktanya sampai saat ini blm menyebutkan Capres Lagipula kalau Koalisinya Hanya pks [CAPS] dan gerindra [CAPS] nggak mungkin lah yaow,1
"Karena cinta pahit berubah menjadi manis,karena cinta tembaga berubah menjadi emas.Karena cinta ampas berubah jd sari murni,karena cinta pedih menjadi obat.",2
Fyi. Dan bapak yang tadi ku temuin di stasiun itu dalam kondisi semua badannya dingin. Mukanya pucat. Kayanya belum makan. Dia bawa kantong plastik yang isinya cuma air minum ukurankecil [EMOTICON],0
"Dia taruh jari telunjuknya di jidatku ""mangkanya! Beli susu tuh diminum, vitaminnya jangan kelewat! Kan ribet kalo mau jalan ke tempat umum tapi kamunya baru jalan 5menit udah kliyengan"" Aku",1
"Ada cewe kena sexual harassment dan dia berani buat speak up eh malah dinyinyirin. Yg nyinyir cewe jg. Huhu heran deh sm netijen, dimata dia semua serba salah. Dasar cebong~",1
aku gak tau kenapa.. makin hari aku makin sayang sama kamu.. aku makin takut kehilangan kamu.. aku pengen terus bersama kamu.. hingga akhir waktu ku..,2
sudah beberapa kali mencoba yang ada hanya melukai seseorang yang tidak terlibat. daripada terus mengulang lebih baik mungkin move on sendiri dulu jangan melibatkan orang lain. karna hanya akan menambah luka baru. bagi orang itu.,0
"Sebentar lagi ketemu krucil-krucil ponakan yang gemesin banget, suka nya minta main berantem-beranteman. Seru sih meskipun ya resiko pada pegel-pegel nantinya, sedikit-sedikit sambil ngajarin berhitung agar #JadiLebihBaik lagi Nanti pas masuk sekolah",4
huh siap tanggal ulum!sunguh menyeramkan kenapa tidak-langsung naik kelas saja sih ribet amat mesti ada ulum -,3
"Jadi kalian vote selama ini karena mau semua serba graris, haloo terus kalian pikir bangtan bisa ngadain asupan buat kalian itu juga gak butuh duit. Minta serba gratis terus bangtan mau lo kasih makan apa?",1
Yg serem tuh pas ke dapur katanya mau masak. Jd berusaha nyalain kompor. Kan palaur. Trs diajak duduk lg. Akhirnya sekitar jam 12an mulai diem ga gratak tangannya. Berkat drama india di antv. Tapi masih blm full nyambung kalo diajak ngomong.,3
Ada yg bisa memberi klarifikasi? Dimana 12 mesjid yg digusur? [username] [CAPS] [username] [CAPS] [username] [CAPS] @105kissfmmedan [url] [CAPS],1
"Ternyata banyak fans kpop dadakan ya, mending lisa gakusah kesini aja klo gini caranya, tnpa dipromosikan psti bnyk jg kok yg dtg ke fanmeetingnya lisa, aku ksel kak liatnya [username] [CAPS]",1
"Menjadi tempat berkeluh kesah, teman cerita, teman makan. Bahkan sering lontaran ""kak ayok makan"" yang aku rindukan saat jauh dan harus menunggu waktu liburan untuk kembali jumpa menumpahkan rindu #HonorIndonesia",0
"Aku memutuskan untuk pergi sendirian karena aku takut tergoyah hatiku, dan aku takut teman temanku akan sedih tentunya. maka aku memilih untuk sendirian. Akan kurindukan Edinburgh Castle, Old Town, Princess Castle, Calton Hill, dan yang lainnya.",3
"Tapi sayang, kelemahannya cuma 1. Harganya! Wkwk emang masih belom rilis sih harganya berapa, tp klo gue liat dari videonya, dibandinginnya sama hp Huawei Porsche Design, yg lebih mahal dari iPhone X. Kaga tau dah itu hp bakalan laku apa kaga di Indonesia",0
"Jd inget gua dulu, pernah di usir dr rumah sama emak,gara gara ngilangin taperwer yg satu set kek sejenis rantang. Semenjak itu gua ga mau lg deket deket sm taperwer mak gua, ngeri di tuduh lg []",3
Terimakasih Papap. [REPPUNC] Terimakasih selalu ada. [REPPUNC] Terimakasih selalu siaga. [REPPUNC] Terimakasih selalu mencukupi. [REPPUNC] Terimakasih selalu memaklumi. [REPPUNC] Terimakasih selalu bersabar. [REPPUNC] Terimakasih selalu,4
"[username] [CAPS] pasti banyak yg belum baca mangany dan merasa kalo ini remake amrik kayak powerrmarah (cuih) yg baru rilis kmrn, padahal manganya mantap bro, dan emang sejujurnya semacam thor dipakein baju ironman",4
"[askmf] aku maba. aku trmasuk orang yg susah cari temen. baru kmarin aku gabung sama grup fakultas pdhal grup itu udh ada sejak lama. aku bingung, gabisa ikut nimbrung ngobrol krn blm tau apa2. aku jd takut bsok gapunya temen. aku hrs gimana",3
Halo Polisi.. Halo Densus 88 Halo Divisi Humas Polri Kog masih ada saja akun kutil lendir penuh kebencian dan ada unsur provokatif gini di biarkan exist di Sosial Media Instagram ! [REPPUNC] cc [CAPS] : [username] [CAPS] [url] [CAPS],1
anjir [CAPS] yang [CAPS] di [CAPS] askmf. [CAPS] mau marah tp mau scroll lagi aja takut. kampret. I'm trying to sleep right here dkskdf mulai kebayang kan skrg. babihutan.,1
"Tempat bersandar dan lebih banyak terdiam, terdiam dalam artian melupakan sementara semua hiruk piruk yang ada seperti pekerjaan dan kemacetan, dan tempat bertemu senyum iklas yang gak akan kamu dapetin di tempat mana pun. [url] [CAPS]",4
"banyak kendala ini itu & harus masuk semester baru lg, keluar uang lagi. bukannya nethink tp gue yakin kalo nantinya gue skripsi trs ada banyak hambatan, gue bakal dapet pertanyaan2 kayak gt yg bikin ngedown, takut bgt gue bakal ngelakuin hal yg sekarang ga pengen terjadi",3
"[username] [CAPS] hyunmin [CAPS] dong [ELONG] [CAPS] ! [REPPUNC] mereka [CAPS] itu [CAPS] racun [CAPS] banget [CAPS] ke [CAPS] gue! [ELONG] [CAPS] kapal [CAPS] yang [CAPS] paling [CAPS] tulus, [CAPS] kapal [CAPS] yang [CAPS] paling [CAPS] romantis [CAPS] bagi [CAPS] gue, [CAPS] moment [CAPS] kecil [CAPS] yang [CAPS] mereka [CAPS] buat [CAPS] aja [CAPS] udah [CAPS] bikin [CAPS] gonjang-ganjing [CAPS] bodo [CAPS] amat [CAPS] disindir [CAPS] sindir [CAPS] kapal [CAPS] lain [CAPS] wqwqwq~ [CAPS] gue [CAPS] sayang [CAPS] kapal [CAPS] ini [CAPS] T",2
"Life style Perubahan gaya hidup, pola makan utamanya, yang santai dijalani membunuh tanpa disadari. Konyolnya mayoritas gak peduli. Nanti kalau sakit desperate nyalahin genetik atau faktor X [url] [CAPS]",0
Aku rindu hujan. Di mana pertama kali kita bertemu setelah jarak yang memisahkan. Kemudian aku membenci hujan. Di mana saat itu kamu mengucap kata perpisahan.,0
"Matur nuwun pak Heru Sudjatmoko atas pengabdian dan pelayanan panjenengan terhadap Jawa Tengah. Semoga selalu diberikan kesehatan, umur panjang dan sukses selalu kagem panjenengan. #tegaklurus #satukomando [url] [CAPS]",4
"[username] [CAPS] Waktu sd ba'da isya, pulang ngaji berlima sama temen-temen, dipertigaan tiba-tiba ada ibu-ibu pake baju putih panjang, mukanya ketutupan rambut panjang dan lagi gendong bayi. Mau disamperin, pas udah setengah jalan kita balik lagi karena takut ag",3
"Kondisi paling sulit itu,. [REPPUNC] Saat kita mendiaminya saja kita takut dimusuhinya, dan bila kita berkata-kata kita takut menyinggung perasaanya.",3
"dari Allah. Masha Allah! Allah sangat kasihkan kita. Sebab itulah walau setinggi gunung pun dosa yang kita himpun, Allah tetap akan mengampun setiap dosa-dosa kita. Kasih sayang yang Maha Agung yang pernah wujud di alam ini adalah kasih sayang dari Allah. \",2
"Dungu [username] [CAPS] buyback Indosat keluar dalam ajang debat yang spontan, dalam sesi debat juga Anis sering menuduh kubu Prabowo didukung para mafia apa elu mau bantah [url] [CAPS]",1
"namanya anis. udah kelar S1 walopun belom official. lagi dalam masa bahagia banget karna udah lulus, tapi masih sendiri. ya kali ada yang terpesona",4
Kenapa [username] [CAPS] ga kena wo [CAPS] pak? Sudah jelas pelanggaran nya kok semua org tahu [EMOTICON] bubarkan lg aja persepakbolaan indonesia kalo mafia nya belum musnah [EMOTICON] [username] [CAPS] [username] [CAPS] [username] [CAPS] [username] [CAPS],1
"Ya Allah udah 2 hari ini lasut. Kemarin bangun jam 10 padahal kerja jam 9. Hari ini ingetnya kereta jam 11, taunya 8.45. Ya Allah,, semoga aku ga lasut jg hari H",0
"Ati2 sis [username], [CAPS] leptopku juga abis update trs restart malah jd black screen pointernya muter2 trs ga bisa log in. Restore pun ga bisa krn ga sengaja kehapus.",3
"Orang orang bilang sih yaelah jalanin aja gausah dibawa tegang gitu, ya karena orang itu banyak tipe, berbeda beda, gue tau tipe diri gue ini seperti apa. Orangnya gampang setres maksimal. Jadi, [ELONG] mendingan kita cegah dari pada mengobati. Usaha aja doloe",1
rekaman hancur sudah si otak jongkok sok pintar,1
"udah gitu jurit malam umayan takut sih, soalnya tempat yg dipake kemah itu dulunya hutan. hanya skrg dijadikan taman khusus buat kemah gitu. setelah jurit malam jam 4 subuh itu harus nyari Lencana yg bentuknya sangat kecil. kayak uang koin",3
"[username] [CAPS] [username] [CAPS] [username] [CAPS] Terima kasih sudah tertawa semoga menjadi amal soleh dibulan mulia, bisa membuat sesama hambaNya ketawa bahagia",4
"[username] [CAPS] [username] [CAPS] Apa salahnya seorang suporter peduli ke kaum hawa ? Kalau itu terjadi di fans Anda, saya yakin anda tidak akan nge-tweet seperti ini.",1
"[username] [CAPS]. [REPPUNC] Lah Koalisinya pasti Keok. [REPPUNC] Siapapun pasangan ahy [CAPS] pasti Keok. [REPPUNC] ! [REPPUNC] Mimpin batalion saja tidak pernah, sekarang mau mimpin ri [CAPS]. [REPPUNC] Hai pd [CAPS] berpikirlah yg waras. [REPPUNC] ! [REPPUNC]",1
# congratulations [CAPS] # Mengucapkan selamat untuk ibu Dini Mildawati yang meraih New Silver Leader semoga semakin lancar & sukses bersama Paytren,4
agak lelah nih [EMOTICON],0
sesak sekali tidak-sih kalau pacar direbut teman sendiri yang direbut tidak-punya otak yang ngerebut tidak-tahu malu,0
"Bahagiaku bersamamu, ditiap detik ku ku selalu mengingatmu, entah kenapa dibayanganku selalu ada muncul wajah indahmu sayang, ku merindukanmu sayang love you hadad sayang malam hadad sayang",2
"Lagian, emg ga cape apa jd lemah terus? Menurut saya malah justru lebih capek jd orang lemah drpd org kuat. Karena ya org lemah pasti pikirannya aja udah negatif mulu beda sama orang kuat. Sedangkan emang udah kebukti kan kalo kita mikirin hal negatif bisa berdampak negatif jg?",0
"Eh pas seminggu nunggu, pak tiki ngga sampe2 dong [EMOTICON] Aku takut salah nulis alamat. Salah nulis nomer rt/rw bisa nyasar di rumah orang [EMOTICON] Sampe curiga ke tetangga sebelah, katanya doi dikirimin hp tapi gatau dari siapa. Aq parno itu hp hadiah aq:"")",3
kurang pengertian bisa mencintai bisa juga membenci namun tidak-pernah mau mengenal,0
"Katherine sofia setelah bener"" ngrasa capek bgt sma kerjaan, minimal seminggu sekali harus bgt ngasi reward ke diri sendiri. semacam me time dg memanjakan diri~",2
"Alhamdulillah di tempat kami tempat belanja lokal malah jauh lebih murah dan lengkap dari lapak sebelah, ga usah disuruh udah aja semua ke sana ? Usaha yang ihsan dan rapi harusnya milik punya org Islam. [url] [CAPS]",4
Apa itu keposesifan gue sama sahabat gue takut diapa2in sama L/ Apa gue jealous karena gue lagi ga ada gebetan yang bisa diajak jalan/ Apa gue takut kehilangan sahabat/ Apa gue jealous karena E deket sama L,3
"Berasa lagi baca fanfict soal chaebol. [REPPUNC] Heol [ELONG]. [REPPUNC] Ini di Indonesia, beneran ada loh orang yang hidupnya kayak kita nonton cerita di drama korea. Simak di mari. [REPPUNC] [username] [CAPS] [url] [CAPS]",4
Hey kamuuh [ELONG] ! [REPPUNC] semoga qt dijauhkan dari keputusan yang bodoh ituu Selamat menjalankan ibadah puasa juga budiir@olfi_opi [ELONG],1
Cinta pada negeri yang membuat para pemuda mengobankan dirinya untuk bertempur mati matian di medan perang. Dan cinta pada bangsa pula yang membuat mereka bersedia melepaskan senjata dan menghentikan pertempuran.,2
"Seneng banget bisa berbagi kebahagiaan bersama pengguna jalan & juga saudara kita yang menjalankan ibadah puasa Tidak hanya bagi-bagi tajil & makanan untuk berbuka saja,tapi ada juga penampilan dari jne [CAPS] Idol serta Freestyle bola untuk menghibur para penggunajalan saat lampu merah [url] [CAPS]",4
Emosi gw mentionan sama sheungwanie.,1
"[username] [CAPS] saya beli mesin cuci di best denki central park, dan saya sdh minta agar instalaai dilakukan senin 4 jun 2018, jam 10-an. Tapi nyatanya sampai skrg saya gak dihubungi",1
[username] [CAPS] sebaiknya baca doa terus. karena kalo udh mimpi gitu katanya (katanya) [ELONG] itu jinnya suka sama kamu. hehe serem ya? aku jg takut wkwk,3
"Bodoamat deh kuping gue paginya budeg juga, kejadian horor tadi siang masih tak terlupakan. Gue ga bisa gak denger suara. Takut. Jadi tidur sambil dengerin lagu",3
samasama ya makasih makasih fans selamat jadi anak rumahan [EMOTICON],4
Cinta penuh dengan banyak hal yang membuat semuanya berharga. Namun tak ada satu hal pun yang lebih baik daripada cinta dan senyum kecil dirimu,2
"Ga kerasa minggu dpn udah lebaran aja. Bahkan belom bolong sama skali dan ngrasa kayak ibadah kurang gt. Efek libur panjang, kerjaan sebulan diabisin seminggu",0
"Wah ini lucu banget desain [username] [CAPS], ada yang bati dan Hello Kitty juga #GoldReinvented #AntamLogamMulia",4
"Masa keemasan saya ketika mampu menyabet, Double dengan patner saya Dwi Sulistyono di kejuaraan Badminton piala Bupati 2008 dan 2010. Kala itu banyak yang menganjurkan untuk fokus Badminton, ikut audisi sirnas, dll. Tapi bapak ngotot untuk sekolah saja.",0
Terus dosenny seenak ini diajakin ngomong. [REPPUNC] Terharuu ga sih Lagi ngobrolin tesis disuruh leyeh2 dulu [EMOTICON] Ini malaikat kok turun jadi dosen sih. Subhnallah [url] [CAPS],4
"Bertemu denganmu adalah takdir, menjadi temanmu adalah pilihan, namun jatuh cinta kepada mu adalah benar-benar di luar dugaanku",2
"Tamaki sedikit menggerakkan kepalanya sampai bibir dapat menyentuh sebagian dari atas kepala Haruhi, "" ia mengecup kening sang kekasih, """"Kalau begitu aku sepuluh kali lebih merindukanmu."""" Bisik Tamaki.""",2
"Dari cerita yg aku baca itu, jujur aku sebel banget bacanya. Kenapa sih udah mau dipoligami tapi masih disiksa batinnya, kalau emang udah gabisa adil dilepasin aja. Dan buat mbak istri pertama mending pisah aja mbak, hidup free as a bird. Kadang gengsi mengalahkan hati.",1
"Yoi, munafik sdh paling bener. Ga ada dalam sejarah para bangsat penjual agama bisa dengan jujur mengakui fakta dilapangan, semua diputarbalikan, susah kl minum kencing onta kebanyakan gt lah.",1
"Ada waktunya, sayang berubah jadi butuh. Perhatian berubah jadi pengertian. Percaya berubah jadi yakin. Itu semua akan terjadi kalau kamu dan dia saling melengkapi. Tidak mencari kurang. Tidak mencari salah. Tidak mencari yg lebih.",2
"dulu main telegram niatnya melacak akun-akun pro-terorisme, lalu coba2 bikin channel dan kini sudah ada 1,3K subscribers. Yg mau gabung ayo kita berteman di sini [url] [CAPS]",4
"Mayoritas kakak-kakaknya dateng sepulang kerja, masih pakai pakaian kerja. Terus kebayang gitu 2 tahun lagi (aamiin) ada di posisi itu. [REPPUNC] ternyata saya udah sebesar itu.",4
` emak kate emak kate perhatian banget sama anak-anaknya. tegas banget emakku! sering nongol juga di grup. semangat terus ya mak. sehat terus. aku sayang emak.,2
"Sejuk dan damai memandang hamparan hijau sawah bak permadani. Dari sini kita bisa belajar bahwa hasil yang baik membutuhkan perhatian yang baik pula. Desa Wonotirto, Samboja, Kalimantan",4
"Karena bagiku, mencintai bukan hanya dengan memberikan ungkapan cinta, tapi bagaimana cara kita saling membuat tersenyum, nyaman dan bahagia. Dengan menerima perbedaan sifat yang kita miliki.",2
"Mandiri secara finansial adalah langkah pertama menuju kedewasaan. Tidak mungkin Anda bisa dianggap dewasa oleh siapapun, bila makan dan beli pulsa handphone saja masih minta pada orang tua. Miliki pekerjaan yang layak dan hidupi diri Anda sendiri.",0
[username] [CAPS] Percayalah. [REPPUNC] setiap ada cobaan.pasti di balik itu semua ada hikmahnya. [REPPUNC] dan menguji seberapa jauh kita berusaha menjalaninya. [REPPUNC],4
"Apa persamaan antara jomblo dan puasa? Yap, benar. Sama-sama sabar menahan diri dan menunggu kenikmatan yang hakiki. Percaya bahwa kebahagiaan itu akan tiba pada waktunya. [REPPUNC] Semangat menunggu berbuka #SemangatPuasa",4
hayuk ah ikut biar ramai liat acara waisak ikut [EMOTICON],4
"Setiap hubungan pastilah mempunyiai tujuan, dalam hubungan cinta sepasang kekasih pastilah satu tujuan ke masa depan yaitu menikah. Keseriusan cinta terbukti ketika sampai ke pelaminan.",2
[username] [CAPS] Yang pasti ramadhan [CAPS] adalah bulannya [CAPS] milad [CAPS] al [CAPS] quran [CAPS] krn kita tidak tahu pasti kapan tanggal mulai diturunkannya wahyu dari Allah swt [CAPS] memlalui malaikat-Nya kepada Nabi Muhammad saw. [CAPS],4
"ke sushi tei cuma mau bikin boomerang sama tag location pamer daftar menu kek sambil mbatin 'dasar kismin, kalian ga bisa kayak gini, wek!'",4
Ada yang bikin kamu kayak gini hari ini? Udahh [ELONG] santai aja! Sini deh [username] [CAPS] temenin sama single keren di #KawalKreasi. Streaming aja di [url] [CAPS],4
"enggak ada yang salah dengan meminta tolong ke teman, saya bisa sebut normal malah. tapi pertanyaan yg selalu muncul, apakah mereka hanya ingat saya ketika berkaitan dengan apa yang bisa saya lakukan? (ingat kalau lagi butuh bantuan).",0
Kemana cinta pergi? Cinta yang bertindak bagai jantung sebuah hubungan. Memberi denyut sehingga hubungan itu dapat hidup hingga detik ini. [REPPUNC] Aditia Yudis,2
"Dulu waktu kecil kan ditakut2in kalo makan biji buah, bijinya bakal numbuh di perut. Pas itu gue makan semangka dong, bijinya ketelen. Terus gue nangis takut jadi pohon semangka",3
Banyak sebenarnya yg mau saya ceritain. Tapi saya takut yg baca jadi tertarik ke sini. Terutama perempuan. Because I am kinda possessive bitch for these things.,3
"Tiba stiap orang/begitulah kelihatannya mnjd ahl tentang Islam. Dari presiden & perdana menteri - sastrawan picisan, seolah smua siap memberikan kuliah ttg apa sbenarnya Islam itu. Jk pengetahuan tsb bgtu mudh utk diperoleh, mjd sangat aneh bahwasanya opini yg sngat salah meluas",0
[username] [CAPS] Mudah2an benar Karna kasihan martabat seorang Habib hrs dijaga Kasihan banyak pengikutnya yg Rela Mari hanya demi membela junjungannya Apalagi kabarnya Mau menjadi Calon presiden [CAPS] yg harus siap2 mental karna nggak mungkin menang,0
"Bertemu dengan orang-orang yang mau ""mbabat alas"", yang ga malas baca, dan berusaha-nyoba-sendiri-dulu-dengan-panduan-yang-ada-kalo-mentok-baru-nanya itu suatu keberuntungan ya. Jarang banget saestu.",4
Akhirnya dpt juga [username] [CAPS] [username] [CAPS] Reno 5 tapi hrganya y gitu deh soalnya udh kepepet bgt udah jauh2 juga ke mi store beksi tpi zonk [url] [CAPS],0
"Bung [username] [CAPS] ini saya aku I jago sebagai komentator dan analis bal-balan, salah satu yang terbaik di sini. Tapi nalar dan logikanya soal harrasment ke Via Vallen dangkal, picik, dan memalukan betul.",1
Media Sosial malah ngeri cuk tapi yakini kebenarannya aku lahir Nk Suroboyo gede y Nk Suroboyo lek Persebaya ku di idek2 yo wani dep2 an Persebaya iku harga diri ! [REPPUNC],1
"Salah satu momen yg d tunggu saat bulan puasa yaitu bukber.. Karna aku slalu ingat dgn pepatah jawa ""witing tresno jalaran soko kuliner"" yg artinya ""cinta datang karna makanan yg d bayarin"" #PetuahPuasa",4
"Akan selalu ada halangan dan rintangan yang akan berusaha menutup jalan kita. Be strong! Saya memang anak cengeng, wong disentil dikit sama Tuhan aja ngambeknya bisa berbulan2 ndak mau berdoa (ini serius) tp saya ga mau tinggal diam kl liat ada orang yg secengeng saya..",0
". [REPPUNC] dan apa saja yang ditahan-Nya maka tidak ada yang sanggup untuk melepaskannya setelah itu. Dan Dialah Yang maha [CAPS] perkasa [CAPS], maha [CAPS] bijaksana. [CAPS] Qs Al Fatiir : 3",4
Hal yang paling buat hari-hari ini selalu indah adalah kamu Karena kamu itu asik [CAPS] ( Anugerah yang Sempurna Indah di Kehidupan ku) #IniSahurTIKETCOMHariKe20 [username] [CAPS] [username] [CAPS],2
Berbagi Dgn Sesama Semoga Bermanfaat,4
"Bertahun binatang ini menjadi hitungan bagi para peminat pembenih ikan. [REPPUNC] Alhamdulillah sekarang lewat,ternyata ketekunan,keuletan mengalahkan segalanya #pakan alami hebat ! [REPPUNC] #budidaya cacing sutra [username] [CAPS] [username] [CAPS] [username] [CAPS] [username] [CAPS] [url] [CAPS]",4
"Ya gimana sih, yg awalnya gasuka tapi kalo diperjuangin trs jadi rada suka gitu brrti dia beneran. Ya tapi kalo udah diperjuangin jangan kurang ajar, udh diperjuangin eh malah pasif, kasian yg merjuangin tuh",1
omg parah bnr2 insom blm ngantuk2 mata gw msh seger aja pikiran lg kacau sih kyk.gini dah efek pikiran lg tegang n hawa suntuk kesel dari kmrn hiks [ELONG],0
"Sambutlah cintaku duhai sayang, Cinta kita untuk selamanya, Biarku sentuh hatimu ini sendiri, Selamat malam wanita terakhir, Tak mungkinku kan temu seindah ini, sampai bila ku harus menanti untuk kau menjadi milik ku",2
"Terlalu berlebihan bila masjid dianggap tempat munculnya ""radikalisme"". Pola pikir kita telah terbawa oleh yg buat sekenario, seakan oknum umat islam (saja) lah yg ""radikal"". Sadari perang pemikiran kaum sekuler. Betul kta Aa Gym dibawah. Terorisme mustahil lahir dari Agama. [url] [CAPS]",1
"berharap dengan pindah rumah, dapat mengurangi trauma aim.. namun na'as aim malah dikeluarkan dr sekolah karena bagi sekolah aim dpt menjadi aib dan khawatir aim mjd pelaku pencabulan juga.",3
"sebenarnya bukan aku yang memilihmu,bukan pula cinta yang memilihmu,tapi sang pencipta yang memilihmu untuk kucintai [username] [CAPS] [url] [CAPS]",2
"Beda sama gue yang ada tugas dikit ngeluh, males-malesan kuliah, ujan dikit ga masuk. Kalau liat mereka bawaannya pengen nangis, bisa ya mereka tinggal di lingkungan yang maaf kumuh bisa sekolah aja udah seneng banget",0
"Rencana gak pulang mau garap project, ternyata gak tersentuh sama sekali.. Tau gini mah, pulang weh dr minggu kemaren.. hm, hikmah ramadhan: mungkin emang perlu melewati ini, yah buat belajar aja",0
Seneng banget dengernya congrats er sidang bakalan ada yg nungguin wisuda ada yg digandeng yuhoee,4
Kebutuan menjelang hari Lebaran semakin mendesak apa pun segalanya harus di bli sementara harga sembako dan pakean semua nya serba ganti bandrol/harga ya semoga di beri kesabaran hati jangan kt terburu oleh hawa napsu setan yg tak bertanggung jawab,0
Mereka yg jari-jarinya jago bgt itu gatau kali ya betapa menyiksanya berjam-jam tiap minggu di ruang konsultasi nyeritain hal-hal yg paling bikin kami ketakutan bahkan cuma buat nginjek kaki keluar rumah.,1
"[username] [CAPS] Kalo aku yg lbih ngeri itu Dompet ilang..kalo yg lain mah pling ngerinya cm sesaat..nah klo dompet ilang bs galau berkepanjangan.krna didlm dompet bkn cm ada duit,tp Ktp Sim atm [CAPS] klo ilang kan Gawat bang #semen",3
"Libur mulai tgl 12 - 19..masuk tgl 20. [REPPUNC] Dpt data tgl 11(itu pun klo selesai semua), laporan tgl 20. [REPPUNC] Trus kapan aku ngerjainnya ! [REPPUNC].. Adek sedih bang. [REPPUNC] adek ga isa diginiin..adek masih belajar kuat ma bang dylan. [REPPUNC] [url] [CAPS]",0
"Ga ada gunanya pit against another women, terutama yg sdh mendapat perlakuan tdk menyenangkan. Mungkin dulu wanita2 ga pny hati dan empati ini juga dilecehkan, namun instead of dia lawan, malah dianggap menyenangkan. Shame on them!",1
"Cinta pertama adalah kenangan, Cinta kedua adalah pelajaran, dan cinta yang seterusnya adalah satu keperluan karena hidup tanpa cinta bagaikan masakan tanpa garam. Karena itu jagalah cinta yang dianugerahkan itu sebaik-baiknya agar ia terus mekar dan wangi sepanjang musim.",2
[username] [CAPS] [username] [CAPS] Mungkin sj tp secara formal psi [CAPS] sdh lolos verifikasi kpu [CAPS] dan di syahkan sbg peserta Pemilu. Jd sbg warga negara kita terima keputusan kpu [CAPS] meski kita tdk akan memilih psi [CAPS] krn curiga ada rekayasa di dalamnya.,3
Peredaran hoax atau kabar bohong di media sosial bisa semakin parah jika dibiarkan. Netizen harus ekstra hati-hati dalam mengkonsumsi informasi dan menyebarkannya kembali. [url] [CAPS],3
hina saja aku terus! lama lama aku muak dengan keluarga ini!,1
"kemarin mau sholat dzuhur, diatas genteng berisik bgt suara burung kedasi/uncuing. serius ini banyak gak tau 2/3 burung, suaranya kenceng bgt sampe ngebangunin aku lg tidur siang terus sore td mamah ngabarin kalo anaknya tetangga ternyata meninggal. ya Allah takut banget",3
"Jangan biarkan seseorang singgah di hatimu,.. Bila tak bermaksud untuk tinggal di dalamnya, kecewa karena cinta itu menyakitkan.",0
1. Yoon Jisung Aslinya lebih ganteng drpda foto emang dengan pesona gaya rambut yg menggoda iman para wannables. Makin jatuh cinta waktu nge-DJ doong! Gilak! Parah! Aing sampe ga bisa tutup mulut ga bisa berhenti senyum2 krna pesonanya keluar,2
Kalau di lihat kebelakang ternyata sudah 4 tahun terkhir kali benar-benar berjuang sampai titik akhir. Dan sekarang untuk memulai lagi kyknya masih malas. Atau emang blm bisa membuka pintu yg lama terkunci atau hanya takut saja. Yaasudahlah jalani saja hidup ini.,3
lw kira odong2 bohong odong haha woy adi bawa krts,1
tahu acara yg paling asik? Acara asikahan anak kita nanti [username] [CAPS] [username] [CAPS] #IniSahurTIKETCOMHariKe20,4
"[username] [CAPS] [username] [CAPS] Bukannya kalo puasa harus suci dan bersih, kalo misal dalam keadaan junub kita puasa berarti sama aja diperbolehkan keluar sperma saat puasa donk? Bener gak?",3
Lagi suka. Tapi takut mau follow. Gapunya kontaknya pula. Dan bidadari ini main askfm. Jadilah keseharianku kugunakan untuk nanya2 pake mode anonymously. Haha,2
"Di malam ini, saat lagi terpojokkan memilih jalan. Dapet dm [CAPS] begini : kalo udah ada niat segera d laksanakan.. soale ntr d tunda sama dengan ga jdi wkwk biasane wkwk Lalu kutersedaq",0
"Hanya dalam waktu tiga detik aku jatuh cinta kepada seseorang untuk pertama kali, tapi mustahil untuk berhenti mencintai dalam waktu tiga detik. [Seo In Ha, Love Rain]",2
"[username] [CAPS] Membelasut mesra, papa pirang, romeo rabun, serabi solo itu punyanya kak @/ronzzykevin wkwkwkkwkw membelasut mesra sih dulu rame wkwkwk",4
"Do'akan Anik lulus tes besok di surabaya ya bu. Jujur kalau harus ngisi materi di forum, terutama seharusnya yg menyampaikan selevel dokter aku jadi bener2 takut. Takut salah maksudnya.",3
"saya [CAPS] paling [CAPS] tidak [CAPS] suka [CAPS] dengan [CAPS] orang [CAPS] sombong. [CAPS] saya [CAPS] saja [CAPS] yang [CAPS] tanahnya [CAPS] 7 hektar, [CAPS] aset [CAPS] berlimpah, [CAPS] saldo [CAPS] di [CAPS] rekening [CAPS] 12 digit, [CAPS] itupun [CAPS] (baru [CAPS] satu [CAPS] rekening) [CAPS] dan [CAPS] punya [CAPS] banyak [CAPS] investasi [CAPS] di [CAPS] dubai [CAPS] diam-diam [CAPS] saja. [CAPS]",1
` tante kiref tante aktif jugaa. aku sering liat tante muncul di grup. sering ngasih kita makan. perhatian dong sudah pasti. semangat terus ya tante. sehat terus. aku sayang tante.,2
Ketika aku tersenyum bukan berarti hidupku sempurna.. aku hanya mensyukuri apa yang aku punya dan apa yg telah Tuhan berikan untuk ku,4
"Gw tu biasa beli shopee pake atm manual asal cocok jumlahnya di verifikasi otomatis, eh ini keenakan jadi teledor pake akun sepupu gw malah ga otomatis pesananya [ELONG] kecancel ya allah malih gw kapan ya berenti goblok",0
"Ga pernah dipaksa sih buat berkerudung. Tapi dari sd [CAPS] udah keinginan sendiri juga. Tapi sayang kata mama, waktu itu kelas 4, bentar lagi lulus drpd beli baju lagi.",4
"[username] [CAPS] kalo aku tipe orang yang nabung tiap mau beli sesuatu. Kalo lagi gak ada yang di beli, paling susah nyimpen uang. Banyak banget godaannya [EMOTICON] #dgitm [CAPS]",0
"[username] [CAPS] [username] [CAPS] ppdb di sman [CAPS] 10 Depok terlalu lama saya masukan berkas jam 9.45 Pagi sampai jam 15.30 belum dipanggil juga, manajemen file nya bagaimana ini, mana petugas ppdb nya juga kurang info saling tanya tanyaan di meja penerimaan berkas",1
"[username] [CAPS] aku udh takut bgt nih soalnya rata2 yg pengen fk di sekolah aku aja rata2 anak paralel :"") tp gatau jg ya kalo univ yg dipengen beda",3
"mereka adlh orang orang yg berhasil terus buatku gagal ngerjain kti. [CAPS] gmn engga ngetik baru dapet satu kata, ""yuk foto dulu yuk"". dan sialnya aku tergoda",0
sudah panas perih gatal yampun parah sangat sih [EMOTICON],0
"Pernah gak kalian ngerasain dulu kalian pernah amat sangat menginginkan sesuatu dan berjuang mati2an buat dapetinnya. Tapi suatu saat kalian berhadapan sangat dekat dgn hal tersebut dan tatap dalam2 lalu terlintas pikiran. [REPPUNC] ""wait, kayaknya sekarang aku udah gak mau ini lagi deh""",0
"Untuk pengalaman, kemarin hari jiwa dan raga sedang tak seirama, rungsing. Pada awalnya curhat dengan kawan dan akhirnya saya berkontlemplasi sendiri. Hasilnya: Ternyata Allah itu baik banget ya, ngasih kepercayaan kpd sy mengatasi persoalan hidup yang sebegitu kompleksnya. [REPPUNC]",4
"Ya congoni ma,hidup satu kosan ada yguda tua nenek, banyak bersabar banyak ucap doa ajalah ya, karna makin tua makin buat emosi ternyata pemirsyah [ELONG]",1
"eling [CAPS] ga [CAPS] sih [CAPS] nih [CAPS] 3 ! [REPPUNC] biasanya [CAPS] secepat [CAPS] kilat, [CAPS] skrg [CAPS] lambat [CAPS] bgt [CAPS] instagram [CAPS] ga [CAPS] ke [CAPS] refresh [CAPS] sama [CAPS] sekali [CAPS] twitter [CAPS] juga [CAPS] sama [CAPS] ! [REPPUNC] gimana [CAPS] nih? [CAPS] bosen [CAPS] nanyain [CAPS] nomor [CAPS] mulu [CAPS] tapi [CAPS] udah [CAPS] 5 hari [CAPS] selambat [CAPS] ini [CAPS] [username] [CAPS]",1
"Kepada kalian yang suka bertanya ""kapan [CAPS] pulang [CAPS] ?"" ~Jarak hadir agar kita bisa saling mengenang. Bertemu karena rindu ? Haha esok juga rindu akan kembali datang usai petang menghilang. Tunggu saja dulu, tak perlu bertanya ini-itu. Kau tahu ? Beberapa rindu tak butuh obat bertemu",0
"Ya, benar. Sebagai manusia, kita hendaknya saling mengingatkan pada kebaikan. Karena pantai, gunung, dan lautan hanya mengingatkan kita kepada mantan. [url] [CAPS]",0
"Kejujuran dan keteguhan seseorang akan mulai teruji ketika melihat usd, [CAPS] idr [CAPS] dll.Yang awalnya teman bisa jadi tak teman.Maka oleh karena itu jangan kita lihat orang yang ada di atas kita atas perkara dunia, tapi lihat lah orang yang berada di bawah kita agar kita banyak bersyukur.",4
"Sebenci-bencinya kau terhadap sikap keras dan menyebalkanmu sendiri, saya adalah orang yang rela menukarkan banyak singgahnya hanya untuk cepat-cepat bisa rebah di samping tubuhmu lalu memelukmu dan berkata, ""Kamu bisa jadi apa saja, dan saya akan tetap cinta""",2
"[username] [CAPS] [username] [CAPS] ditunggu drama selanjutnya, kalo perlu pakai jasa bocah yg masih polos, orang lanjut usia, fakir miskin, plus adegan peluk dan tangisan..",0
"Angka 24 akan segera digantikan dengan angka baru, welcome 25th. Semoga angka-angka yang sudah berlalu dan yang akan berlalu menjadi cermin dan pelajaran yang baik untuk menyongsong masa depan yang lebih baik. Berharap kebahagiaan dan kedamaian menyertai angka baru ini",4
"Ah mudik kok dilarang lewat toll.. dasar tolloll.. kalau lewat ngutang wajar,kita [ELONG] bayar kok bong. [CAPS] Lagian kalau kaga boleh lewat,tiap pintu toll kasih dah tulisan, toll [CAPS] khusus cebong [CAPS] dan kacung.. [CAPS] nanti kita baru sadar..",1
Berburu menu sahur sampai nyasar. Untung aja dibantu mbah gugel #KulinerTradisional #kulinerBanyuwangi #BakulKuliner #WarungLya,4
"[username] [CAPS] Baru selesai sahur nih git Kalo kk sih suka dua""nya, suka kamu juga lagi eeh [ELONG] Tadi sahurnya pake ayam goreng sama mie goreng aja nih",4
"[username] [CAPS] [username] [CAPS] [username] [CAPS] [username] [CAPS] [username] [CAPS] Iya menurut wangsit sih begitu. Tapi ini diundur lagi jadi pesimis deh sama ini negara, terus aja php tuh.",0
"Siapa sih yang tidak Ngiler lihat duit umat yang melimpah dan mudah menumpuknya, kecuali orang yang kuat imannya [EMOTICON] metro.tempo.co/amp/1095365/ketua-baznas-sebut-bazis-dki-ilegal-sandiaga-uno-beri-penjelasan?__twitter_impression=true",4
"was2, ketar-ketir, deg2an karena: takut ditolak telat meeting kerjaan blm kelar lupa beli apaan pas disuruh emak beli sesuatu",3
"Kalian boleh maju dalam pelajaran, mungkin mencapai deretan gelar kesarjanaan apa saja, tapi tanpa mencintai sastra. Kalian tinggal hanya hewan yang pandai.",4
Kenapa ya akhri akhir ini w lagi takut mati dan di tinggal mati,3
"Kalau sampe [username] [CAPS] di wo, [CAPS] sama juga kita di hianati, di kasih hati minta jantung udah di kasih kuota tiket malah rusuh tak terorganisir dan minta wo [CAPS] lagi,kelakuan nya udh kaya saudaranya biru barat.",1
Sdah lah Ahok di bui. [REPPUNC] istri dikangkangi orang tujuh tahun. [REPPUNC] Skrg malah kjatuhan pohon plastik pula. [REPPUNC] Kasian nasibnya,0
[username] [CAPS] [username] [CAPS] Ooo. [REPPUNC] kl berisik emamg mendingan d sumpel si.. kl d kntr gw sepi bgt ki. [REPPUNC] jepangnya jg g doyan dgrin lagu.. jd mau g mau pk sumpelan kita.. bosen abisnya..,1
Mungkin ini aneh dan gak relevan tapi aku baru sadar hal yang paling bikin aku cinta bat ama jogja itu adalah vibe nya kek blitar. Jogja mengingatkan ku pada Blitar begitu pula sebaliknya,2
"[username] [CAPS] Tapi emang jadi kengganan [ELONG] utk memulai interaksi yg baru ataupun kembali berinteraksi dgn yg sobat lama. Yg baru, nanti takut dia ngecounter semua. Yg lama, takutnya udah berubah & jd counter total dari yg dulu [EMOTICON]",3
tokoh n capres abadi org yg gagal d masa laluny berarti org itu paling d benci allah itu hny prabocor krn otakny jg bocor bocor bocor pengikutny ap lg otakny moter2 [username] [CAPS] [username] [CAPS] [username] [CAPS],1
"Maaf prof, bukan cuman takut ditelanjangi, jauhi korupsi kerna itu [CAPS] dosa, [CAPS] bagi yg masih punya iman takutlah kepada Allah Yang Maha Mengetahui. [REPPUNC]",3
[username] [CAPS] [username] [CAPS] [username] [CAPS] Ada 10 seri aslinya. Buku pertama Joe. Punya koleksi semuanya. Ceritanya Keren. Mbahnya Travel Blogger ini. Gara2 buku unit terinspirasi keliling Indonesia.,4
Semakin dekat dengan orang maka yang sangat diperlukan itu sebuah pengertian yg besar. [REPPUNC] Ngerti kalo dia banyak kekurangan dan kamu juga begitu. [REPPUNC] Ini susah banget sih dilakuin di kehidupan nyata. [REPPUNC] Heem [ELONG],0
"#OldMoneyGakNgerasain nongkrong depan rumah ama temen2, tiap ada motor lewat di teriakin woy standaar pas orangnya nengok kita sembunyi [EMOTICON]",4
"Ku bersyukur pas nonton fm [CAPS] boleh ngerekam pake hp. [REPPUNC] yg ga boleh kamera professional doang wkwkwkkw tengkyu mecima Bando2 jg disuruh lepas semua, yg nyebelin ya cuman orang2 yg ngerekam ga pake hati aja, gausah ngerekam lewatin tinggi kepala kamu kali. [REPPUNC] serakah amat",1
"Orang-orang yg tiap abis beli bedak, baju, skincare, aksesoris, paketan udah sampe, dll. Beli apapun wes. Emang kenapa sih harus di bikin status di wa / instastory?",1
"Maka yang dilakukan papa adalah dudum diruang tamu, dan menunggumu pulang dengan hati yang sangat khawatir Dan setelah perasaab khawatir itu berlarut-larut. Ketika melihat putri kecilnya pulang larut malah hati papa akan mengeras dan papa memarahimu.",3
"Seberapa penting akun medsos kppn [CAPS] buat kanpus atau satker? Kalau udah ada grup tele atau wa, [CAPS] apa masih relevan? Sy rasa enggak sih ya. Mending satker tanya lgsung ke grup",1
"[username] [CAPS] Sayang sekali, niat baik, dan terwujut belum tentu dilanjutkan menjadi lebih baik lagi bahkan sebaliknya. Hanya karena ketidakmampuan membedakan antara urusan kontestasi politik yg usai dan urusan kesejahtetaan warga yg menjadi tanggungja",0
"Seharusnya lu belajar dari kasus lama lu, untung itu ga diusut, harusnya lu kapok dan belajar dari temen-temen lu yang udah ngerasain jatoh. [url] [CAPS]",1
"Persoalan thr, [CAPS] gaji ke-13, dan tukil, sepertinya bukan hal yang sepele. Baik bagi yang tidak menerima, menerima tapi terlambat, dan dari mana itu didapat.",0
"[username] [CAPS] [username] [CAPS] Dan lebih tenang, lebih berani tahan bola, akhirnya lfc punya dm sepadan dengan fernandinhonya city, matic nya mu, kantenya chelsea, siap bersaing dah ini musim depan.",4
"Terkadang teman saja tidak cukup, kamu juga membutuhkan keluarga di tanah rantau. Thankyou for being my second family here guys, cuma di depan kalian aku bisa ketawa puas dan gak jaim.",4
Berharap aku ke dokter dksh salep bwt yg lebam2 biru..eeh [ELONG] malah dkshnya obat nyeri tablet+vitamin pdhl tensi darah aku normal 110/70..ttp aja salep mah gak dksh sm dokternya,0
"tetep semangat ya [ELONG] kak hani, semoga papamu dapet karmanya secepatnya. tetep rajin solat, ngaji, dan jga berdoa, mumpung bulan ramadhan, orang seperti kka psti doanya bakal secepatnya di kabulin sama allah, Aamiin yaallah [username] [CAPS]",0
"Ya allah aku ketularan orang2 sini Genre musik a kek giniEhh tp lucu jg sih lagunya terutama dibagian "" Emang lagi manjah. [ELONG] Lagi pingin di manjah. [ELONG]",4
"Seperti katak dalam tempurung, kepercayaan tinggi terhadap hegemoni ilmu sains dan teknologi sebagai solusi pragmatis apolitis dari beragam permasalahan di Indonesia, adalah suatu bentuk dogma Sila google 'scientism' Sila google 'arogansi alumni itb' [CAPS] Eh",0
pengen di pijit sekali rasanya sakit semua kaki ini [EMOTICON],0
"tapi, [ELONG] pokonya ttp jd abang yg baik ya ! [REPPUNC] walaupun dingin jutek gt tp dalem hati pasti sayang bgt tuh sama gue. pokonya intinya hbd [ELONG] [CAPS] ma bro [ELONG]",4
[username] [CAPS] Yuta. Aku sayang yuta aku pengen ketemu yuta lagi aku kangen pokoknya! Yuta yg bisa bikin aku beli stuff stuff ttg dia sama nonton konser soalnya wkwkwkwkwkw,2
"rencana mau roadtrip sama ibu uci dan ketemu kailani johnson tapi akhirnya gajadi berdua, sepupunya malah nimbrung juga. di film ini dikasih pemandangan indah dari rote-jakarta sampe banyuwangi. yg main jadi sam lucu banget mirip sherina waktu kecil. [url] [CAPS]",4
"namanya orangtua ya emang wajib kan bayarin anaknya sekolah ? jadi gada tu yang namanya buang2 duit ! [REPPUNC] semua yang udah dilakuin sama kita baik bener apa gak itu gabakal sia sia ! gausah takut gagal, gausah mikir buruk. justru yg sia sia tu dg kalian ngejudge orglain kyk gini",1
"Wkwk lul dasar dinda, aku td liat chatnya astaghfirullah kalo aku pas mau buka udah degdegan waswas ngapain pagi2 kirim chat sebanyak itu",3
Aku bisa ngerasain kok ekspresi kamu waktu aku mau beli toner. Kamu takut wajah aku tambah parah ya? Padahal aku udah ngerasa mendingan banget sejak pake skincare.,3
"Pagi ini olah raga jalan sehat, santai dan senam ringan, wbs [CAPS] pstw [CAPS] bm [CAPS] ii [CAPS] Jelambar didampingi asn [CAPS] dan pjlp [CAPS] di rptra [CAPS] Kalijodo sambil berolah raga dan rekreasi menikmati suasana taman bersama anak-anak yang ada ditaman. Lansia.. sehat. [REPPUNC] yes. [REPPUNC] [url] [CAPS]",4
"[username] [CAPS] Kan bener mas, di fisip ga ada pembekalan bagaimana skripsi itu atau minimal dapet motivasi rohani sblm menghadapi skripsi wkwk.",0
"Kita gak.seperti anda mbak yg hobi carmuk sok pahlawan kebengenan. Serah dah serah, akan ada masanya anda jatuh ketauan smua keburukan anda yang sebenarnya. Dan saya tdk mau ngurusin urusan anda, biar Tuhan yang berkehendak kapan anda akan menerima balasannya",1
"Lagi jatuh cinta biasanya tiap mau tidur terus kepikiran. Bikin bahagia gak karuan. Masa pdkt sama pacaran itu sama-sama indah, bedanya, sensasi jatuh cinta pada masa pdkt itu lebih menggemaskan. Dari yang masih degdegan kalo ketemu sampe malu-malu kucing kalo kangen",2
Ketidak mampuan aku untuk tidak menangis dan memikirkan itu sulit.. sesulit menenangkan hati ini..,4
Bagaimana mungkin perbuatan dan kata-kata kotor menjadikan hatimu bersih. Dan bagaimana mungkin kata-kata kotor keluar dari hati yang jernih? [Allamah Thabathabai],0
"Cuman bedanya si emang adek gue suka gt sama bau2 kesehatan jd emang masih agak niat lah. Lah gue emang asal aje daptar2 mana aja maklum lah pas itu masih takut kalau ga kuliah, tp berasa si kuliah di tmpt yg bukan passion. Kesan nya kayak budak nilai.",3
"Semilir angin sore, tidak ada deru berisik kota, hanya ada ruang di antara senduro, di sudut Surya Kencana.. #CatatanPerjalanan #SuryaKencana #GunungGede [url] [CAPS]",4
dul [CAPS] era [CAPS] jokowi [CAPS] jauh [CAPS] lebih [CAPS] baik [CAPS] dari [CAPS] pada [CAPS] rezim [CAPS] sby [CAPS] 10 th [CAPS] menteri [CAPS] korup [CAPS] semua. [CAPS] gak [CAPS] percaya. [CAPS] adakan [CAPS] pembuktian [CAPS] terbalik. [CAPS] sby [CAPS] juga [CAPS] korupsi. [CAPS],1
"'Hari pertama tanpamu aku benar2 merasakan kesepian..Minggu pertama mulai kangen. [REPPUNC] Bulan pertama mulai timbul rasa keingin memiliki (lagi) [EMOTICON] Kangen kamu,",0
"Tiap malem kayak gini aku sllu resah, tentang semuanya yg telah terjadi dan apa yg akan terjadi esok. 2 malam ini aku resah karna berita yg muncul tgl 25 kemaren.",3
Makanya klw niat knl baik di bls dgn niat baik ! [REPPUNC] Lah klw di cuekin y cuekin balik lagi emng gw rugi kehilangan loe hadeh loe salah orang broo,1
hahaha memang benar si kamu maksiat terus [EMOTICON],4
"[username] [CAPS] akunku sudah dihapus. [REPPUNC] pengen main lagi ! [REPPUNC] nanti deh kalo udah bisa merhatiin perintilan lain selain kuliah ((anaknya munetan, liat notif grup numpuk dikit aja kudu dibuka. makanya mending leave sekalian)) ((kok curhat))",0
"sumpah gue jijik denger lagu a [ELONG] aisyah kujatuh cinta, syantik hari ini aku syantik, kita goyang dua jari. Aaah [url] [CAPS]",1
"Wahai ibu. [REPPUNC] bukankah aku cinta pertamamu Akulah yg pertama mengubah fisikmu, akulah yg pertama membuatmu merasakan sakitnya melahirkan, aku lah yg pertama yg memberimu gelar",2
"Mendekati jam 12 malam gravitasi kasur sangat besar, tapi mengapa grup angkatan ni kalau jam segitu baru mulai membahas topik ujiannya yang lebih kompleks dari topik saat malam harinya.. Well",0
"Makin jarang kutemui rapper macam om Eminem yg kritis nan epic (sama nyinyir jg sih, beda tipis). Atau seperti alm. Tupac yg bikin album macem bikin buku sejarah Atau macam om Ice Cube yg sepaket, jadi aktor pun bisa~",0
Sampe kemaren liat di timeline ada bapak bapak eskrim kesana juga buat ngasih eskrim ke penyelamat yaa pokoknya buat yang ada di sana gt [EMOTICON] [url] [CAPS],4
"[username] [CAPS] Pilih pemimpin yg happy mnerima kritikan,jujur terbuka,sll bermusyawarah,tdk hobby menyerang serta berjiwa besar maka proses mbangun peradaban guna pencapaian terbaik sebuah negara akan mdptkan hasil maksimal. [REPPUNC] In Shaa'Allah. [REPPUNC]",4
"langsung ku block aja ya, maaf ni bagi temen temen yang sudah memilih jalan sendiri setidaknya jangan lah kayak gitu, kita ada jalan masing masing loh, jujur sedih aku liat alat musik di hancurkan gitu.",0
"Budayakan mencari dan membaca sebelum nanya ya. Udah dijelaskan berkali2 kok. Selama ga diatur/gaada ketentuan khusus, pakai aja",1
pas mau tepar tiba ingat tugas b indo mtk ekonomi -_-,0
"Hanya modal walikota Solo,bgmn mungkin bs menaklukkan belantara Jkrta.Dan disusul bs menaklukkan Nusantara.Dia sendirian?.Tanpa dukungan TAIPAN,dan media sosial,Mustahil.Konsekwensi [EMOTICON] ikomando taipan. [url] [CAPS]",1
"[username] [CAPS] Wowon tersenyum ketika melihat kelakuan kekasih 'galaknya' seperti biasa, dia pasti terkena semprotan 'cinta' yang selalu bei berikan padanya setiap hari tanpa pernah absen. ""Sini aku bawain belanjaannya"" wowon mengambil tas belanjaan milik bei",2
Terima kasih mommy Jesica atas kepercayaan kepada [username] [CAPS] untuk treatment selama kehamilan nya. Semoga sehat dan lancar semua yaa mom,4
"yang mencintaimu sebisaku, entah itu sebisa aku menjagamu dengan cara yang seperti apa. atau, sebisa aku menjagamu dengan cara yang bagaimana.",2
"Sy kira belum saatnya, beliau perlu learning e [EMOTICON] erience dulu lah, biar betul matang. Ya jadi bupati/wali kota, gubernur, baru capres/wapres, apalagi usianya masih muda. Indonesia tdk boleh jadi coba2. [url] [CAPS]",3
"Beli tong sampah made in jerman biar bisa setara sama negara2 eropa.apa hubungannya?toh itu cuma sekedar tong,sekedar wadah,gak mungkin bisa nyetarain bangsa ato masyarakat lewat tong sampah macem gitu.",1
Apa yang akan kamu lakukan jika ada singa masuk ke rumahmu? nyuruh singanya makan kau. biar mati kenak makan singa. uh ngeri ya off anonla m h e h e,3
Cc in ke cebong2 dungu. [REPPUNC] Maksd hati pengen cari kesalahan [username] [CAPS] [username] [CAPS] lwat pohon plastik malah kebongkar semua skandalnya. [REPPUNC] Sekali lagi kasian Ahok. [REPPUNC] #2019GantiPresiden [url] [CAPS],1
Next ke kehidupan keluarga Ario Bayu aka komandan Tim Alpha yg ganteng berkacamata hitam dan viral di medsos itu. Ya keluarga yg cukup bahagia with a little daddy girl.,4
"#MobileLegendsBangBangID Main di brawl [CAPS] langsung saja ""chang'e"" [CAPS] memimpin top kill dengan mvp [CAPS] sekaligus emang ini Hero ggwp, [CAPS] Hero baru di normal server ini top lah lebih top soalnya Hero Mage adalah role kesukaan saya selain Hero Tank. Sukanya di skill-2 nya itu loh.. Buff lagi deh [url] [CAPS]",4
Yuhu [ELONG] w/ panutanqu [username] [CAPS] andra_photo happy sekali [ELONG] ketemu lagi dilain acara,4
[username] [CAPS] [username] [CAPS] Dari klarifikasi Ustadz Zulkifli M. Ali mmg hadits2 ttg hari akhir kebanyakan dhaif terutama yg ttg umur Umat Islam. Tp jng dianggap remeh. Kl sy lbh baik kita bersiap dr skrg. Perbanyak amal sholeh. Smkn ke dpn smkn sulit berda,3
"Pas w udah punya pacar trus pergi nonton ke bioskop: Orang lain: dih nontonnya sama pacar mulu, trus gak ngajak2 nih. Lah situ kalo di ajak gak pernah bisa *pengen rasanya ku sentil amandelnya satu2 [EMOTICON]",1
"[username] [CAPS] [username] [CAPS] Iyaa kii tau aja luu, emak gua ngidam d kawinin ama pmarahan charles, tapi udh keduluan d kawinin ama bapak gua [EMOTICON]",0
"Ya ga semua sih, banyak juga yang serius. Tapi ya gitu mungkin anda belum ketemu, mungkin ketemu tapi karena terlalu lalma kena modus jadi too sensitive dan melewatinya. Gitu",0
Haiyaa dagangan lu olang kaya im [CAPS] Isis hti [CAPS] kagak laku a.. [username] [CAPS] [username] [CAPS] [username] [CAPS] [username] [CAPS] [username] [CAPS] [username] [CAPS] #2019bubarkanpks. [CAPS] [username] [CAPS] [username] [CAPS] [username] [CAPS] [username] [CAPS] [username] [CAPS] [username] [CAPS] [username] [CAPS] [username] [CAPS] [username] [CAPS] [username] [CAPS] [url] [CAPS],1
"[username] [CAPS] iya sayang banget sumpah di eps pertama dia bawain lagu yang gacocok sama dia [EMOTICON] pasti dia bisa nampilin lebih dr itu, hidden gem banget",0
"Jadi yeorobun kan biasanya gue kalo tidur lampunya dimatiin, nah trus gua lagi buka twt tuh gelap2. tiba2 [CAPS] ada [CAPS] kecoa [CAPS] yeorobun [CAPS] jatoh [CAPS] di [CAPS] sebelah [CAPS] gue! [CAPS] panik [CAPS] gue, [CAPS] lngsng [CAPS] bangunin [CAPS] bokap [CAPS] gue! [CAPS] untung [CAPS] blm [CAPS] tidur [CAPS] gue takut bgt sm kecoa gatau knp [EMOTICON] [username] [CAPS]",3
"Kalau mau menyelamatkan keuangan bumn, [CAPS] serahkan tata kelola bumn [CAPS] itu ke pihak swasta. Daripada kaya sekarang, rata - rata direksinya diisi boneka parpol.",1
Segala kebaikan yang kita perbuat bagaikan meneteskan air keringat dilautan.,0
Sekarang saya tidak bisa lagi menggantungkan sesuatu ke orang lain. saya berusaha mengenal dan mencukupi apa yang saya butuhkan sendiri. sandaran saya hanya Allah dan orang tua. tapi saya selalu yakin kelak akan ada orang yang mampu mengisi zona yang lebih baru.,4
"[username] [CAPS] Dude [ELONG] please she's better than penyanyi dangdut generasi2 sebelumnya yg ngumbar toket, paha, gosip kawin-cerai, dan lain lain Situ ngga ngeliat dia lg ngerubah image biduan di khalayak ramai? #timviavallen",1
"Oh Tuhan, Ku cinta dia, Ku sayang dia, Rindu dia, Inginkan dia. Utuhkan lah, Rasa cinta dihatiku, Hanya padanya untuk dia. Hanya padanya, Untuk dia. [CAPS]",2
habis manis sepah dibuang ngomongnya manis ujung-ujungnya cuma drama saja,0
"+ Oleh paman nya kemarin. Namun tiba tiba ada seorang pria paruh baya datang menghampiri nya sambil membawa sebuah papan nama bertuliskan namanya. ""Ini mas jefry?"" Tanya nya dengan agak sedikit ragu karena sepertinya dia takut salah mengira orang +",3
"qu juga sudi koh, aku disable instagram karna terlalu nyampah di e [EMOTICON] lore :"" segala anak balita diajarin buat tiktok juga [url] [CAPS]",0
"Untukumu wanita yg selalu aku fikrikan. Bahagialah dgn bertambahnya usia mu syng. Semoga kau sehat, semoga terjaga iman dan islammu.jaga bahagiamu kekasihku maka aku akan merasa tenang krn mencintaimu dlm diam.Sekali lg selamat bertambah usia. Aku mencintaimu sampai akhir hdpku",2
tuhan izinkan aku bahagiakan orangtuaku sebelum akhirnya mereka tertidur di peristirahatanya yang terakhir : ),3
"Dari semua pakaian yang ada di pasar Bayangkara (pasar senggol), aku memilih 1 pakaian saja. Jika di beri 2 akan saya gunakan. Jika di beri 3 tetap saya gunakan. Jika di beri 4 saya bersyukur untuk di gunakan.",4
"Wah parah banget sih sendiri, tapi sumpah itu ngebayanginnya aja udah serem banget. Kepikiran aku juga sampe sekarang temenmu langsung tanggap banget hebat ! [REPPUNC] Ga kaya aku cengo [EMOTICON]",3
Macet parah di Kemang. Disebelah mobil gw terparkir gerobak mie ayam yang luar biasa menggugah selera. Padahal baru ngeliat gerobaknya doank.,0
"Paling kesel sama orang kalo lagi duduk lesehan gitu padahal masih lega, tp dia lebih milih deketin kita trus niban dengkul kita sama dengkul dia [url] [CAPS]",1
"warisan untuk anak2, jd ingat yg mempergunakan jabatan untuk antar jemput dan akomodasi anak di luar negeri. [REPPUNC],, itu warisan yg baik untuk anak",1
"Jerman ini kebanyakan pemain bagus ato gimana yah ! [REPPUNC] Sekelas Sane, young player of the year loh, gak dipanggil timnas ckckckck Puyeng kali nii om Joachim.. [url] [CAPS]",1
"Walaupun kita jauh secara fisik, kita tahu kita selalu bersama. Walaupun kita tidak mengatakan Aku cinta kamu, kita tahu kita mencintai satu sama lain. Walaupun kita tidak mengatakan kita satu, kita tahu kita adalah satu.",2
"[username] [CAPS] pendidikan mah nomor 1 donk za haha.. btw gw kyknya milih nyekolahin anak negeri aja, gedein pengeluarannya di jalan2.. kan itu pendidikan jg buat gw, krn mengalami adalah belajar jg hahaha",4
"[username] [CAPS] [username] [CAPS] [username] [CAPS] Padahal, korban pelecehan ada juga yg pakai seragam sekolah, pakai baju kantor, pakai jubah lengkap dg niqab nya. Ya emang dasar otak sm selangkangan mereka ga beres, tp perempuan yg disalahin dg alasan pakaian,",1
"Bagi anda anda yg dianugerahi gigi rapi dari lahir, bersyukurlah ! Karena pake behel ternyata lebih sakit daripada sakit hati. #menurutguesih",0
Mau jalan kaki diluar kosan tapi takut kena jambret karena mau nenteng kamera dan handphone. [REPPUNC] alhasil gabut dalem kamar sendirian dengan laptop dan kue basah pemberian kamar tetangga. #baladaanakdaerah,3
"[username] [CAPS] ijin min,barusan kirim gosend pake gopay, dapet driver lah, dan pas deket posisi ane dia klik ambil dan kirim.gopay ane kepotong, tp barang blm diambil [EMOTICON]",0
bacot parah galak kalau udah marah jan mau deh dimarahin lex. caca aja kapokgabisa dibohongin kalau ttg cinta tp knpa ttg lainnya lu bege ya susah beud disuruh tidur atau makan my human diary yang kita dkt gatau grgr,1
"Balik ke rumah badan jadi melar lagi coba aja dikosan, makan buah buat buka aja juga udah cukup. Percuma deh nurunin berat badan di perantauan, baliknya nimbun lemak lagi.",0
Hepi besdey Pappa AllEllo condropramonozld. [REPPUNC] panjang umur sehat sentosa banyak rejeki makin soleh Amin Ya Rabb #Pappa33yearsold @ Pemalang [url] [CAPS],4
"[username] [CAPS] [username] [CAPS] yg disebut bro [username] [CAPS] ini mau menyindir, tapi ngga tau kalau yg disindir memang lagi menjalankan tugasnya. Itulah fungsi orang-orang dpr. [CAPS] Banyakin belajar deh sebelum nyindir.",1
Semoga roboh dan menimpa mereka. Baru kemudian akan ada himbauan keras untuk tidak naik-naik sembarangan ke atas situs sejarah. Sadis? Terpaksa. Pekok berjamaah. Garansi seumur hidup. [url] [CAPS],1
"Kabar baik lagi, pas lihat2 shirtmovie di youtube, salah satu temen organisasi jaman kuliah sudah ada yg jadi produser film, shortmovie. Berkembang ajan hidupne",4
[username] [CAPS] kepoin artis masa kini. wkwk. Alhamdulillah sehat. 2 sibuk ma anak. satu sibuk ma suami. satu sibuk mau nikah. rosa sibuk koreanan. Haha,4
"Karena ngerasa #temanbukanpacarbukan gue nanya dan dia blg sayang deh tuh. Nah, [ELONG] lagi sayang sayang nya namanya juga maunya ketemu mulu maunya diliatin mulu ke orang-orang",2
[username] [CAPS]. [REPPUNC] Kamu yg otak brengsek. [REPPUNC] Dasar bodoh. [REPPUNC] Di negara2 maju tol menjadi andalan utama. [REPPUNC] Tidak ada negara maju yg tanpa tol. [REPPUNC] Hanya Negara terkebelakang yg tdk punya tol. [REPPUNC] negara terkebelakang punya TOLol. [REPPUNC] ! [REPPUNC],1
Otak koruptor [CAPS] jelas tidak mungkin berfikir seperti itu karena koruptor [CAPS] itu adalah orang yg sudah Gila Harta. Mana ada orang Gila bisa berfikir positif [CAPS],1
"Gela gelaa masih ga nyangka gue bisa nonton [username] [CAPS] langsung, ini berkat mamang mamang warkop yg selalu menghemat pengeluaran makanku [url] [CAPS]",4
Cie yg beneran mau ngabdi banget biar dibilang pahlawan pendidikan wkwkwkwkkw Apalah dayaku ikutan program ginian cuma biar sering jalan jalan hahahahahah [CAPS],0
Mas Hamdan udah tau kalo istrinya manja rewel dari sebelum hamil. Alhamdulillah sesudah hamil Mas lebih ngerti walau kadang suka sambil geleng jangan bosan jatuh cinta berkali-kali pada istrimu Mas,2
Kmarin rencna mau sok bagi bagi thr gitu. Eh berhubung saya sobat misqueen. Gak jd deh bagi bagi thr Ke dokter tht enak kali yak biar full bass kayak promo free sale,0
"[username] [CAPS] [username] [CAPS] Ini baru yg katanya heboh gmana gaberner n wklnya,gmana tuh kok nggak dibenerin emangnya zaman kolonial..rusaklah negara eson",1
"[username] [CAPS] tolong aplikasinya diberesin. Saya tadi pesan, katanya server error. Eh muncul 4 taksi. Khan kasian drivernya, saya musti cancel.",1
[username] [CAPS] Semangatt chingudeul [ELONG] ! [REPPUNC] Emang udh bnyk bgt nan? Kelas gue malah baru 2 org yg sidang [EMOTICON] Gue tuh gaberani sidang nan ampe dimarahin temen2 gue h4h4h4h4 ya abisan beneran takut yg ampe nangis cupu y w.,3
"Kata orang, semakin lama umur suatu hubungan maka perasaan itu akan memudar Kok aku malah sebaliknya ya.. kayak semakin lama malah semakin jatuh cinta sama dia~ huhuhu I love you Diddy",2
anak nevolone marah grgr anton!,1
"Tapi hari ini berbeda. [REPPUNC] ketemu, berpapasan, tp tanpa sapa sampe pulang. Dan org2 blng kita berantem. Padahal engga. Malemnya terima chat yg isinya si geblek haha",4
"Itu lah bodoh mu bong.. disuruh baca, tidak mau baca. [REPPUNC] pbb [CAPS] cikal [CAPS] bakalnya [CAPS] dari [CAPS] masyumi [CAPS], pbb [CAPS] =keluarga [CAPS] besar [CAPS] bulan [CAPS] bintang [CAPS] = masyumi [CAPS] dasar bong200",1
"Terus kalo bikin status itu nyindir orang? Ga juga, salah lu ngerasa kesindir. Biasanya aku ngomong dl ke orangnya. Barulah bikin status. Biar tambah ngerti orangnya. Aku mah ga suka nyindir orang yg ga perlu da. Misal kek gini: [url] [CAPS]",1
Tahukah kamu bahwa pada saat itu papa merasa gagal membuat anaknya tersenyum? Saat kamu diwisuda sebagai seorang sarjana Papa adalah orang pertama yang berdiri dan memberi tepuk tangan untukmu.,2
"Tersulah seperti itu, yang ku mau darimu saat ini kau berkata jujur saja tentang cinta yang sengaja kau bungkus dengan amarah, bukankah kau telah berhasil mengalahkanku saat pertama kali aku jatuh cinta pada senyummu itu. terakhir: izinkan aku meminjamnya sekali lagi [username] [CAPS]",2
"Yagitu.. Mulai perkenalan dri awal tu njlimet. Belom pertanyaan2 menye2 yang musti harus banget dijawab. Iya kalo lanjut, kalo nggak ya sia2 kan..",0
Baru lihat kabar Teman nge gosip dan penuh info itu telah pergi selamanya bulan lalu Pantas semua ndak aktif Semoga tenang bersama Tuhan di surga ya. [REPPUNC],0
"Kebodohan di bulan Ramadhan: jumat kemaren kejar2an waktu ganti2 bioskop demi film ini, ternyata masih kamingsun. what a smart smart day. [url] [CAPS]",0
"Waktu kalian jd oposisi Era Pak Harto, Pak sby, [CAPS] kalian mudik lewat Jalan Tol, jembatan, pelabuhan, yg dibangun era Pak Harto+SBY ? Logika dipakai. Admin Dungu bikin Anjlok Elektabilitas Pak [username] [CAPS] cc [username] [CAPS] [username] [CAPS] [username] [CAPS] [username] [CAPS] cc [username] [CAPS] [url] [CAPS]",1
"Ku juga pengen ngamuk bacain komen2 netizen yg mahabenar. Ya Lord. Ga abis pikir. Komen2 macem gini yg bikin kasus pelecehan seksual akan tenggelam begitu saja. Tidak ada hukuman untuk pelaku. Lebih sedihnya, rerata yg komen jahat adalah perempuan. Mbaq2, kesehatanmu loh! [url] [CAPS]",1
"Aku dulu pernah ka suka, sampe didatengin kesini coba (. [REPPUNC] ) tapi dia ga kaya yg kaka bilang sih, makanya berani suka. Sopan banget ya Allah. Diajarin bahasa sama mamaku manut bae wkwk! Pokonya gara dia aku baru bisa mikir ga semuanya",2
"[username] [CAPS] saya kan datang untuk bertanya, kemudian ngobrol tuh sama mba mba Help desk. tapi saya tetep ga ngerti karena ga dapet jawaban yg menjawab pertanyaan saya. trus mbanya lama lama agak emosi, yaudah makin ga kejawab dong, trus saya pulang.",1
"Ternyata setelah sidang skripsi, makin sadar kalo skripsi itu cuma bagian kecil dalam hidup, yg sebenernya gaada apa-apanya dibandingin kehidupan setelahnya",0
"Tahun2 kemarin sebulan sekali lewati malino kalo melakukan pendakian. Skrang2 kayak sdah tdk bisa lagi capai ini tempat, Hahah. Terakhir kesini 19 july 2017. [url] [CAPS]",0
"[username] [CAPS] Cowo romantis itu mah pokoknya cowo idaman menurut aku [EMOTICON], dan berarti dia secara ga langsung sayang banget sama aku, dengan segala perhatiannya [EMOTICON]",2
"Happy Mensive My Love makasih udh nemenin selama tiga bulan ini. ga kerasa udh panjang aja perjalanannya, selama ini aku ngerasa belum ngasih apa apa buat kamu maaf aku ga bisa romantis, kerjaan aku cuma jailin kamu. tapi kamu harus percaya tiap detik aku selalu sayang kamu",2
"[username] [CAPS] Memahami bahwa memang benar, yang pernah bikin kecewa gak selayaknya diberi kesempatan lagi. Kasih dana umum aja kali kali zonk dapet kartu biar masuk penjara. Huuh [ELONG] kzl.",1
"Paling mlz klo udh ngliat org ngomong komen dll kyk udh bener suci atas ampe bawah tp zonk [EMOTICON] ntr klo nyinyir jawabnya ""berhijrah itu mudah kok, cmn istiqomahnya yg susah"" iyee pahamm,intinya eneg aja jilbab an kok musiman dlu kemane? Ke mall? Clubbing?. *Curhatanpenuh*sorry",1
"[username] [CAPS] selamat pagi min. Kan saya sudah test, trus ada tulisan selesai, tapi ada lingkaran loading terus di kiri atas. Itu bagaimana ya min? Apa sudah tersimpan hasil test saya? Terima kasih sebelumnya [url] [CAPS]",3
[username] [CAPS] [username] [CAPS] parah [CAPS] kan [CAPS] wonhee [CAPS] kan [CAPS] Cantik banget :,4
"Ngga disangka tersinggung! ak langsung di wa ""Hello"" tp ngga komen di status(dgn keadaan dia udah liat status ku) yaampun girang dong! karna sebenarnya aku selalu caper [CAPS] kalo bikin status di wa. Dgn harapan di komen. Puji Tuhan kali ini peka.",4
Muslim. Laki. Nyantai merokok dan makan di siang hari bolong ramadhan dan di tengah keramaian pula. Positive thinking saja. Mungkin dia lagi pms [CAPS],1
[username] [CAPS] klo aku sih bukber krena aku cuma di indonesia smpe akhir bulan dan baru balik ke indonesia after 14months jdi aku harus bukber malah maksa. klo km punya temen yg kayak aku apa km tetep gk mau ikut? [EMOTICON] temen deket gk ktemu 14bulan,0
"Tanpa meminta baju sexy di kamar tidur, King Ezechiel N'Douassel sekarang menjadi top scorer sementara Liga 1 dengan koleksi 11 goals, usai mencatatkan brace ke gawang psms [CAPS] Medan tadi malam. Ntap [ELONG] Aliando [url] [CAPS]",4
Agak telat ramai nya ya dok. [REPPUNC] Alhamdulillah sudah paham sejak lama banget jadi geli aja baru pada ramai sekarang hehehe. [REPPUNC] [url] [CAPS],4
"Orang ga tau diri itu adalah kursi sebelahnya kosong tapi dibuat naruh jaket/tas, yang ga kebagian kursi berdiri di sebelahnya tapi dia tetep ga mindahin barang2nya [EMOTICON]",1
"Buat orang yang baru suka baca, beli dua novel pasti terasa berat dan keberatan, padahal tar kalo udah doyan baca buku mah, beli 4 kadang masih kurang [ELONG] [EMOTICON]",0
"Yang pasti, tidak perlu khawatir akan merasa bosan bila melakukan perjalanan jauh di Pulau Bali, karena keindahan alamnya akan memanjakan pandangan di tengah perjalanan. #AyoRamaikanTengananFestival",4
"Situ tau ga di Timur tengah sana, pakaian tertutup dari atas sampe bawah, tingkat Sexual Harassmentnya tinggi.. Tau ga ! [REPPUNC] Ini udah bukan soal terbuka atau tertutup pakaian, soal iman dan nafsu yang ga bisa kalian jaga, ga bisa kalia",1
"Isu Kristenisasi itu sama saja dgn isu kebangkitan pki. [CAPS] Tanpa data, minim fakta dan bilapun ada tak lebih dari pembingkaian di luar konteks! Isu yg dibuat untuk membangkitkan hantu demi keuntungan politis dan ekonomis. Tahyul dan bahlul ! [REPPUNC]",1
"Ya Allah [ELONG] ketika kamu kesel akan sesuatu, ingin marah, tapi nggak ada gunanya karna lain pihak sulit kerja sama. Makan twit ini beserta komen netijen bikin lupa semuanya. Ikhlas aing ikhlas [ELONG]",1
"[username] [CAPS] Lah bukannya aku pernah menawarkan diri ke kamu sejak tahun 2016 /2017 lalu, saat kamu masih kerja sebagai Sales Force mobil Honda dan sampai pindah ke Suzuki dah menawarkan diri kog itu, tapi malah [CAPS] kamu blokir WhatsApp aku.",1
"Iya e mas aku cuma mentingin ngaji dan ngejar khataman dulu. Ndak bisa tiap waktu ngabarin halo kamu lagi ngapain. Kalo cuma jadi bahan biar kuat merasa tersakiti banget mah,mas ngapain dulu mau sama aku ehe",0
"Sudah dua hari ini makan tak enak, tidur pun tak nyenyak. Kegelisahan ini gue tuliskan. Alhamdulillah [username] [CAPS] mau menampung keresahan umat. Aksi Bela Via Vallen dan Pesan Seorang Jakmania Kepada Abang Simic [url] [CAPS]",0
"tentang muhasabah. mau sebegimanapun amalan kita dalam satu hari kesimpulan muhasabahnya harus sama yakni ""amalan kita masih terlalu sedikit dan dosa kita masih terlalu banyak""",0
"Jijik apalagi yang cowok joged2 depan kamera lepas baju cuma pake boxer, apa coba.. bikin martabat cowok turu. Drastis",0
"Tanpa keberpihakan politik tertentu, saya salut dengan beliau dan semoga jejaknya diikuti oleh yang senada kegiatannya dengan beliau. Dunia politik biar dijalankan oleh politisi. Harus ada yang ""jaga gawang"" masing-masing.",4
"Ini kenapa deh, [ELONG] penulis fav gue pada ngeluarin buku dengan waktu yg bersamaan gini. [REPPUNC] Pusing kan ikut po [CAPS] yang mana u,u,u, buku Ramadhan sale aja blom dibayar:""(",0
"'Kamu mencintai Istri, bukan berarti kamu tidak cinta pada anak. Begitupun sebaliknya.' 'Karena cinta itu rasa, dan rasa, akan semakin tajam jika sering dilatih. Supaya ia terdidik dan semakin sensitif dengan perubahan meski sedikit.'",2
Aku kira dengan aku datang mencoba untuk menyapa menemuimu dan berusaha untuk berbuat baik bisa memecahkan celengan rindu ini. Tapi ternyata aku salah semua telah berubah kau telah banyak menghabiskan waktu bersama yang lain sehingga lupa akan rasa rindu ku yang ku miliki untukmu,0
"Emang bener kata fromm Cinta sempurna itu harus didasari (knowledge,respect,responsibility,care) Disini gue bisa liat keluarga belo (ncip,sekala,dido) Itu utuh banget Merekapun punya healty mental yg luar biasa satu sama lain yang efeknya ke ""pintar dan aktifnya si sekala""",2
"Berangkat pagi2 ngajar ampe jam 10, lgsg cus mau ke kampus, pesen gojek 3kali krn kejauhan dr sekolah mau ke halte busway, trs panas2 terik macet sepanjang jln karena lg bnyk penilangan. naik tj Alhamdulillah dpt duduk, 2jam perjalanan mac",4
"kalo dokter dipanggilnya ""dok"" - kalo suster dipanggilnya ""sus"" - nah kalo apoteker? ""ap"", ""tek"", ato ""ker"" ?. Iya juga yah, bingung. Aku pribadi sih lbh seneng kamu panggil ""sayang"", it warms ma heart",2
"Jln Jatibaru,bagian dari wilayah Tn Abang.Pengaturan wilayah tgg jwb dan wwnang gub.Tng Abng soal rumit,sejak gub2, trdahulu.Skrg sedng dibenahi,agr bermnfaat semua pihak.Mohon yg punya otak,berpikirlah dgn wajar,kecuali otaknya butek.Ya kamu. [url] [CAPS]",1
"Jangan tuntut aku untuk jd apa yg kamu mau karna aku takut jika akhirnya aku tak bisa memenuhi tuntutanmu, terimalah aku apa adanya maka kupastikan kamu akan kubuat bahagia dengan caraku",3
Pak gubernur [username] [CAPS] dan [username] [CAPS] di sini di depan [username] [CAPS] selalu macet setiap sore. Tolong pak di evaluasi. [url] [CAPS],1
[username] [CAPS] Sama email traveloka terus. Telfon call center cuman 1 kali karna ga berfaedah sama sekali. Trus akhirnya ak nyepam di facebook penuh makian sama garuda. Eh malemnya dah masuk transferannya wqwq. Tergantung maskapai kayaknya. Soale sodaraku ref,1
"Klo pemerintah atau mungsuh pemerintah teliti, mereka bisa periksa apa [CAPS] harapan mansyarakat skrg ini karena ini dilontarkan scr eksplisit dan terbuka, yaitu harapan pada te-ha-er. [REPPUNC]",1
[username] [CAPS] Paket Saya dengan No resi jb02742336 [ELONG] [CAPS] tertahan di Kurir Moh. Toha bandung. Mohon untuk segera dilanjutkan pengirimannya. Soalnya sudah terlalu lama.,1
"hidup banyak banget persimpangannya. bingung harus ke arah mana, di satu sisi pengen hidup yang bebas tapi di sisi lain kepikiran kalo selamanya cuma mau bebas, bisa jadi orang gak?",3
"Hidup bersamamu, Berdua kita lewati Meski hujan badai takkan berhenti Sehidup semati, Mentari pun tahu ku cinta padamu [url] [CAPS]",2
Gara2 [username] [CAPS] jadi googling berita ini. Tp belum ada yg confirm. Duh [ELONG] menanti berita ini benar! Pasangan favorite ku dr jaman dahulu kala. [url] [CAPS],4
Sekedar mencoba masih jauh dari kata sempurna Belum tau caranya memperpanjang durasinya ! [REPPUNC] #sajak_detik #sajakrindu #diam #tanyajawab #janganpergi,0
"tolong nih gimana ya, kemarin beli di flash sale udah bayar terus dikabarin stocknya abis, emang kalo jualan ngga ngecek stock dulu apa? [username] [CAPS] [url] [CAPS]",1
Selamat berkerja p. Ganjar [username] [CAPS] jadikan Jateng lebih nggayeng-yeng kapan nih bisa gowes bareng lagi ! [REPPUNC] Bisa dirayakan nih dng gowes bersama. Selamat ! [REPPUNC] Selamat. Selamat,4
Intelektual Muda baru aja nih ada kasus orang yang naik pesawat tapi dia becanda bawa bom sampe akhirnya bikin orang-orang panik #FiestaMaksimum,3
"[username] [CAPS] Udah mau lewat pejaten villagenya aja, eh mobil-mobil masuk mall nya itu ternyata ribet dan ngantri mengular sampe macetnya numpuk Sialan.",1
Sudah berjuta kali bong dikasih tau.. Pak Harto hanya kejam : Pki Bandit Rampok Lo keturunan kelompok mana bong ! [REPPUNC] Hahahahaha,1
"dan satu si yang penting [ELONG] banget. bukan gue sok beragama baik ya, tapi kalo modal bisnis udah dari ""riba"" mening jangan coba2. yakin dan pasti bakal abis bis tak bersisa. gue udah ngalamin sendiri. bener2 plek Allah kasih bukti sesuai firman dan sunnah Rasul.",3
"semoga Allah terus memberikan ridho dan berkahnya buat kami. Agar pernikahan ini bisa lebih dari sekedar menggenapkan separuh agama, tapi juga jd dakwah buat banyak orang.",4
"Paling nyampah org suka compare kan aku dgn org lain, dia dia ah aku aku ah. Tak suka boleh blah lah",1
"Dengan berbeda suku, dan agama marilah kita jaga persatuan persaudaraan kita jangan sampai adanya pemilihan presiden dan bupati kita terpecah belah. Jangan sampai karena itu kita tidak saling menyapa. Kita harus tetap bersatu padu,-- [username] [CAPS] --",4
"[username] [CAPS] Yang aku kenal udah nikah tu anak listrik mantannya temenku sih, dan uda punya anak. [REPPUNC] sedangkan ku masi nunggu wisuda ! [REPPUNC] ini emang uda pada masanya nikah atau begimana si yak",0
"Meskipun cara yang dilakukam dilandasi kasihsayang, tapi saya pribadi tak suka dg cara org tua yang mendidik dgn memukul anak di depan org banyak.",0
"Ya allah bangun tidur, bau ada yg masak, taunya temen w bule yang masak. Cupu banget kalo mokel gara2 gini doang. Udah ditawarin sih tadi ama si bule. Hm [ELONG]",0
Bakso dengan banyak jeroan + teh jahe panas pas hujan deras adalah kebahagiaan hqq yg sebenarnya,4
Hrsnya tuh org malah berlomba2 gasih jd ambisius dhdkdjdj Gw selalu kagum sm org2 yg punya keinginan keras untuk mencapai tujuan dia. [REPPUNC] karena artinya dia yakin sm tujuannya dan dia gak main2 sm mimpinya. It's mesmerizing.,4
"Kptusan pmrintah mmbyr gj 13 dan THR,disambut gmbira para pns [CAPS] dan pensiun.Pengamat jgn provokasi.Presiden telah bantu rakyat.Jgn disalahkan.Cari celah upaya hukum.Wong bantu rakyat kok impeachment.Bantu cari solusi.Jgn ancam. [url] [CAPS]",1
Tentang dia. Yang terlahir dalam keluarga yang bahagia. Dengan penuh cinta. Dengan penuh kasih. Hingga tumbuh menjadi sosok yang penuh dengan karisma memcintai dan dicinta berjuta manusia.,2
yah pingin kyk si Laudya dpt duda baik punya anak 1 ce..dudanya baik sayang sm gw gitu deh fokus gw skrg..fight aja n tetep semangat krn gw udah putuskan mau menetap sampe tua n death disana,4
"[username] [CAPS] Gw iri sama elu, yang bisa menunjukkan rasa sayang dengan tindakan. Apalah gw yang cuma bisa diam tapi nggak tahu mau ngapain untuk nunjukin rasa sayang gw ke mereke hehe [EMOTICON]",0
"Waallahu alam. [REPPUNC] saya gak mau sok tau, takut. [REPPUNC] ilmu saya masih cetek banget, jadi cukup 10 kesimpulan yang udah jelas ada di Al-Quran dan Hadits itu aja yang saya yakini, selebihnya Waallahu alam. [REPPUNC]",3
"Kurangi sampah plastik baiknya jangan jadi alasan utk gedein bujet kampanye dan seremoni. Kongkrit saja, larang penggunaan kantong plastik di minimarket dan pasar. Terkaing-kaing ya biarin. Kecuali kalau ada yg berat mikirin produsen plastik yg potensial jd 'donor' politik",1
Viral kan. [REPPUNC] Biar semua tahu bahwa pemerintah Indonesia ekonominya memang lebih baik di pimpin oleh Djokowie.. semangat gaeess [url] [CAPS],4
Dapet driver [username] [CAPS] orang Batak marga Tampubolon (nama depan disembunyikan) yang seumuran. Udah deh di jalan ngobrol ketawa-ketawa serasa lagi ngobrol sama sepupu sendiri. Halak hita dang adong matinya! Mauliate godang lae hu! Horas!,4
"[username] [CAPS] [username] [CAPS] Alhamdulillah ga pernah merasa inferior, islam agama paling sempurna. Umatnya saja yang inferior merasa islam sama dengan agama lain, islam di-liberal-kan""",4
okok yung eciye sepertinya mau curhat sms saja yaw wahaha tragedi apa ini serius amat sepertinya,4
"[username] [CAPS] dekat rumah aku itu kuenya, [ELONG] tap akunya gak ada liat kmren, karna kerja hahhahha, ia sering, ketemunya ntah macem mana hahhahha, lelah nyungsep d banyak fansnya itu wkkwkkw",4
"[username] [CAPS] Saya nggak butuh maaf, 3 minggu berturut2 network kalian down terus. Kami sebagai pelanggan dirugikan, saya minta kompensasi [CAPS] ! [REPPUNC] [username] [CAPS] [username] [CAPS] [username] [CAPS] Cc: [username] [CAPS] [username] [CAPS] [username] [CAPS]",1
"Non, nanti jerawatnya diolesi pakek obat adek ya biar cepet ilang. Haduh dok gimana bisa hilang, obatnya cuma ketemu doi dok. Hlah kok gitu Namanya juga jerawat rindu [EMOTICON]",0
Saya terenyuh sekaligus kagum. Kalau ada kesempatan untuk melakukan hal yang sama pasti saya akan lakukan. Saya yakin dia pun juga tidak ragu untuk melakukan penyelamatan tersebut. Rest in Peace Razzan. [url] [CAPS],0
Anehnya dimulut sama sekali gak kepedesan. Tapi abis itu langsung sakit perut. Semaleman bener2 sakit perutnya. Hari ini udah bolak balik ke toilet. Biasanya makan pedes kayak gimana juga gak sampe segininya. Apa yang salah ! [REPPUNC],0
"Banyak. Yg paling kuingat pas mau bayar kuliah beberapa tahun lalu. Waktu pembayaran masih agak lama, tapi kubilang 3 hari lagi deadline, hanya karena ingin cepat nyusun jadwal. Beberapa jam kemudian beliau telpon kalo duitnya udah dikirim.",4
Nyante dulu.. Sruput kopi biar tambah bijak. [REPPUNC],4
"Dulu mah kalo mau sms [CAPS] dosen kudu banget mikirin kata-kata biar sopan takut Salah ngomong, pas udah lulus mah udah kaya temen aja sih wkwkw Gimana ketua kelas [username] [CAPS] [username] [CAPS] [url] [CAPS]",4
"Seseorang Berkata, "" Ada satu cara membuat wanita jatuh cinta, yaitu membuat nya tertawa"" namun aku tak pernah bisa, nyatanya saat ia tertawa justru aku yang semakin mencintainya,",2
"Hah ! Ini bener ya ! [REPPUNC] Kalo bener, Astagfirullah. [REPPUNC] Masya Allah. [REPPUNC] Naudzubillahminzaliq ! [REPPUNC] Partai Islam. [REPPUNC] Partai Allah. Kelakuannya. [REPPUNC] setan [ELONG] [CAPS] ! [REPPUNC] [url] [CAPS]",1
"Senandung rindu tercurahkan bagimu Ya sayyidi Ya Rasullullah. Segenggam cinta terungkapkan Bagimu Ya sayyidi Ya Rasullullah. Segala rasa yang ada ini tidak lain adalah rasa bersyukurku atas keagungan & kemuliaanmu Ya sayyidi Ya Rasullullah, sehingga menjadikanku sebagai umatmu",2
jadi acc aku belom dikasih nomer hp. sedangkan temen aku pas mau ngasih nomer hpalah ke suspend permanen jadi aku hrs gmn? takut juga jadinya,3
Dan beres nih. Aku cari kan siapa tau jatuh tapi da ga mungkin karena ga ada gedebuk jatohnya gitu kan. Aku cari cari cari. Ga ada. Pedahal aku tuh posisi ngga pindah pindah. Depan kaca aja udah. Hh. [ELONG] Why sih. Kesal,1
Sharing sama temen tuh emg guna bgt. Disaat lu ngerasa masalah lu berat bgt ternyata temen kita sendiri punya masalah lebih berat dr kita. Malah masalah kita ngga ada apa2nya dibanding masalah dia.,4
"mami kedua..,, kanya tuh perasaan awal awal kalem kok makin kesini makin amberegul emeseyu aja low..,, asik rame wkwkkwkw [CAPS] ! [REPPUNC] pokok.a sayang mami..,",2
"Yg katanya pgn nemenin aku berjuang ngerjain skripsi, sidang, dan pgn dateng ke wisudaku. Gmn kabarnya? Hehe. Blm apa2 aja uda ngilang duluan hehe.",0
"[username] [CAPS] [username] [CAPS] Sekarang saya tiap hari naik krl [CAPS] lanjut Bis tj, [CAPS] transit dari krl [CAPS] ke Bis tj [CAPS] jalan kaki, dari Halte tj [CAPS] ke kantor juga jalan kaki. Sepakat Pak, transportasi umum+jalan kaki untuk last mile ride kurang dari 1km.",4
"Sayang! Sepertinya ada yang salah nih, katanya bidadari tinggal di surga, tapi kenapa kamu bisa tinggal di hatiku sih.",2
"singkatnya begini, terkenang ketika ada hujan pagi ini turun. [REPPUNC] salah satu, terkenang pada novel legend ""Hujan Bulan Juni"" fakta adanya memang",0
Sepertinya sudah sop [CAPS] dr Bank nya bang. Supaya tepat sasaran. Kan gak semua org langganan ke bank. Intinya dipermudah koq.. bukan dipersulit [url] [CAPS],4
makasih deh get well soon kaocha ) ngantuk capai pegel mual pusing muak pft:'&,0
"13:23 wib [CAPS] Saya benar benar kehilangan sosok laki laki yang merawat saya dari kecil, mendidik saya, merawat saya, melindungi saya, Dan saya benar benar kehilangan. Semoga tenang disana, semoga anakmu ini bisa menjadi anak yang berguna",0
"Aku gak salah bila mohon pd [username], [CAPS] segera Perintahkan menkes [CAPS] utk menambah Ruangan Khusus ""Sakit Jiwa"" pd stiap Rmh Sakit. Sbab, tdk menutup kemungkinan, usai [CAPS] pilpres, [CAPS] stiap Rmh Sakit akan dibanjiri Pasien ""Sakit Jiwa"". Tanda2 kearah sana itu sdh ada. Saat ini banyak yg stress [CAPS] [url] [CAPS]",3
"Yang maha membolak-balikkan hati, alhamdulillah for everything god. Hatiku tenang karena mengetahui bahwa apa yang ditakdirkan untukku tidak akan pernah melewatkanku. [url] [CAPS]",4
"[username] [CAPS] Jangankan #tgb, [CAPS] jika #hrs [CAPS] atau #sby [CAPS] bahkan #PmarahanArab sekalipun, kalau merapat ke [username], [CAPS] gak akan saya dengar seruannya. Indonesia butuh pemimpin kredibel dan Jokowi tak kredibel. [REPPUNC] #AkuGppKok",1
"aku mau curhat disini aja deh. aq tuh selama suka kpop suka minder sama temen rl walaupun emg temen ku ada yg suka kpop juga. cuma kadang risih sama temen2 yg ngomong stop korea pls shel, dan lainnya.",3
"Terima kasih [username] [CAPS] Sudah memberi pelita pertelevisian dalam negeri, walau sekarang banyak channel kiam gencar berusaha menyuguhkan tayangan ""gelap"", tapi kalian gak ikut2an [url] [CAPS]",4
Tapi kemudian ada yg ragu2 karena perawatannya kecatet di riwayat bpjs. Takut pas dibaca sebagai tidak sehat mental.,3
"hari ini, beberapa jam yang lalu. terhening ku. tersentak seperti dibungkam sesuatu. lalu sadar ku. aku tengah jatuh hati. pada seseorang yang baru ku lihat fotonya. nampaknya ia masih polos. indah matanya membuat ku tersenyum sendiri.",2
"Lucu aja gitu, ngebayangin. Dulunya tiap hari di kota itu, engga kepikir bakal pergi dr sana, terus nantinya kalo aku ke kota itu jatuhnya jadi berkunjung. Aneh. Aneh aja.. sebenernya aku pengen nangis. Mau bilang ikut [ELONG] sm org org yang mau ke sana. Aku kangen",0
[username] [CAPS] Yg dipermasalahakan itu ttg pengelolaan dana zakatnya. Dan itu jg sudah diingatkan gub seblm ttg pengelolaan yg mgkn saja ada yg tidak tepat. [url] [CAPS],1
[username] [CAPS] [username] [CAPS] Semoga kita menjaga n terjaga sbagai pendukung dua periode yg nggak memalukan ayo kita kuatkan kesatuan utk dua periode pak jokowi,4
"[username] [CAPS] Pelanggan Setia, tagihan Anda bulan may [CAPS] Rp 17.751. Lakukan pembayaran sblm jatuh tempo tgl 18-06-2018. Abaikan jika sdh bayar. cs [CAPS] Twitter: [username] [CAPS] Ini tagihan apa ! [REPPUNC] [sensitive-no] [CAPS]",1
[username] [CAPS] kampret [ELONG] slain otak kriting otak jungkir balik yg sll koar2 tdk konsisten dgn perjuangan dr thn 2015 capres n cawapresny prabocor gatot n prabocor tgb skrg mn nol besar 2018 koar2 lg ganti plesinden hedeh kamplet [ELONG] begok napsu aj lo,1
Blm bisa move on dr keseruan event torch relay asian games 2018 #sisasemalam #dibuangsayang #withgadis @ Rumah Jabatan Gubernur Provinsi Sulawesi Selatan [url] [CAPS],4
Hal terbege selama seminggu ini adalah. Aku sudah menghidupkan alarm di jam weker dan jam hp namun aku hanya bangun untuk mematikannya lalu tidur kembali dan berujung bangun kesiangan. Oke syap,0
"{mu} kalian mandang org yg jerawatan gimana sih? aku abis bbrp kali tes univ selalu berakhir gk ngobrol sm siapa siapa, soalnya aku takut mereka ga nyaman sama jerawatku. aku mau punya tmn tp pikiranku selalu begini. tlg sarannya ya",3
"Kasihan Pasca ""Diserbu"" Sekelompok Orang di Bandara, Ada yang Berbeda Saat bts [CAPS] Kembali ke Korea [url] [CAPS] lewat [username] [CAPS]",0
"[username] [CAPS] Helloow [ELONG] pak [username] [CAPS] Asian Games tinggal hitungan minggu dan Jakarta masih blm kelar berbenah, apakah anda tidak malu ? Palembang 95% pengerjaan hampir kelar. Dan anda pak Anies urusin trotoar pun blm selesai2. Anda itu Gubernur",1
"[username] [CAPS] Setuju! Lagipula gak semua calon mahasiswa mampu di bidang saintek. Kalau sampai ada fokus lebih ke bidang tertentu, bagaimana nasib mereka yg mampu di bidang sosial? Lagipula, masing2 bidang punya peran sendiri, kenapa sebagian bidang mala",1
"#OldMoneyGakNgerasain Ketika bocah memori 8mb [CAPS] itu sangat berharga. Dan nyimpeninnya savean gta, [CAPS] God of War, Mortal Kombat dan kawan kawan [url] [CAPS]",4
"Sejak saat itu, kamar ku nggak ku kasih kursi (biar si doi ngga duduk dikursi belajarku). Kalo tidur lampu harus nyala, karena ya gitu takut kalo tiba2 si doi muncul pas remang2 gitu.",3
"dulu kalau mau berangkat ngaji trs hujan gak ada alasan buat gak berangkt ! [REPPUNC] Klaupun kita ngeles ortu pasti langsung bentak marahin..tp skrng ortu bentak dikit video'n, viral, tangkep polisi #OldMoneyGakNgerasain",0
"[username] [CAPS] Couple saya juga ga pernah manggil saya 'sayang', tapi dari sikapnya saya bisa tau kalo dia sayang sama saya. Coba liat rasa sayang dia dari cara dia memperlakukan kamu, bukan dari seberapa sering dia manggil kamu dengan sebutan 'sayang'.",2
"[username] [CAPS] [username] [CAPS] [username] [CAPS] Lha itu bang haji yg sy heran,kok semuanya di tumpahkan salahnya ke pak president,penyakitnya apa segitu akutnya ya. [REPPUNC]",1
Gua ngeri aja gitu pas berbela sungkawa niat hati mengirimkan emot sedih tapi yg dipencet malah emot ketawa terbahak bahak.,3
Dasar mental maling.. Sdh diringkus masih salam metal.. maling tetap maling,1
"Takdir tahun ini berulang tahun dengan keindahan alam yg menyejukkan serta tempat2 bersejarah, sesuai keinginan. hehe. Terima kasih tim ici [CAPS] Adventure Pekanbaru atas kegiatannya. Bahagia",4
[username] [CAPS] [username] [CAPS] [username] [CAPS] [username] [CAPS] [username] [CAPS] Ngerih [ELONG] bang takut d selepet dri belakang.. Doi kan type2 ya lekong pilipin..,3
"Christine Lagarde pun membagikan momen ke Pasar Tanah Abang di akun Twitter-nya. Namun ada yang lucu, dia salah menulis kata 'blusukan' menjadi 'blukusan'.#JokowiSekaliLagi",4
membuka bisnis sendiri apalagi sdh banyak contoh teman2nya yg jatuh tsb. Mr B jg ngeri mendengar cerita teman2nya yg sering bertengkar dan cekcok dg istrinya perihal keuangan keluarga apalagi kondisi skrg ini. Itu membuatnya semakin ngeri utk resign. Itulah bujuk rayu setan.,3
Sukses selalu tiada hnti karyamu membuat kemakmuran negeri n met tgs mulia pak menteri n tims barokah selalu,4
"seharusnya kalo bisnis udah makan uang rumah tangga dan terus2an ngegerus, udah stop dan cari bisnis lain, atau cari ide lain. atau ngurang2in biaya operasional. misal jualan online dulu. bisa abis kerajaan kalo uang rumah tangga disatuin sama uang bisnis.",1
"Dearest [username] [CAPS] terimakasih sudah selalu menyediakan tempat, hampir 4 tahun, mute msh org yg anin cari tiap kali butuh tempat. Sehat selalu, murah rezeki, ayo semangat garap ensenang your 22 ahead, luv! [ELONG]",4
"Humorku sebatas denger rekaman penipu yg gatau bank Standard Chartered, lalu dia dengernya bank pancar, bank pancer, bank sejahtera, lalu ujung2nya, ""Oh, bank rakyat indonesia itu, Pak?"" ""Bukan, stanchart."" ""Bank-nya gaada di jakarta itu, Pak."".. Ya Lord. Gitu aja aku ngakak.",4
"Lee daehwi ku sayang, sabar ya. Terlalu banyak yg ngehujat km bukan brrti gk ada yg support km. Aku, dan teman wannable asli yg lain akan selalu mendukungmu adik manis.",2
"Saya selalu kurang sepakat sama cara orang-orang mereduksi kapitalisme sebatas penciptaan lagu cinta. Kapitalisme di dunia musik bukan cuma itu, tapi masih banyak yang jauh lebih luas seperti eksploitasi, ketidaksetaraan gender, kesenjangan produksi dll.",0
kamu yang alay yah -_- kamu sih 4lay ih akoh molo sih seble [EMOTICON] x bagaikan menyiram luka pakai air,1
"Soal zonasi memang kontroversi Tapi sampai bikin sktm [CAPS] pdhl mampu dan bahkan punya mobil, sudah keterlaluan. Terbayang jika sktm [CAPS] itu jadi sebentuk doa dan disegerakan. Selain, tentu sj pembelajaran buruk buat anak sendiri, ttg arti kejujuran",1
Perasaanqu ketika menontoni orang yang sedang shooting videoklip di tiktok adalah antara jijik dan gatahan pengen ikutan goyang dua jari. [REPPUNC] Yawla [ELONG] kuatkan hati hama,0
Tau dia di rs ku ucap lekas sehat mas(btw ku canggung chat sama laki laki yg lebih tua). 10 hari setelah itu dapat kabar kalau si mas masuk iccu. [CAPS] Ku agak kaget tau kabar beritanya yg mendadak drop begitu..,0
"Iya mba, netijen ig [CAPS] horor soalnya mainnya agak frontal ga cocok dikit bully. Pokoknya ga sepaham sama mereka itu dosa banget",3
Alhamdulillah listrik nyala kembali.Saya & warga sedang takziah di kediaman Almarhum warga yg wafat. Terima kasih [username] [CAPS] [username] [CAPS] [username]. [CAPS] Cc [EMOTICON] username] [CAPS] [username] [CAPS] [url] [CAPS],4
"Pria kalau jahat,punya istri cantik di rumah pun dia masih pergi cari lain. Tapi kalau pria baik,istri biasa-biasa pun dia sayang sampai mati. Semoga kelak akupun juga mendapatkan lelaki yg cintanya sama cintanya ayahku ke ibuku Trimksh ayah, tlah memilih ibu mnjdi istrimu",2
sama'y sudah g ush ganti ganti saja kali ya menyiksa batin sangat axis disini,1
"[username] [CAPS] [username] [CAPS] [username] [CAPS] Sukses selalu pak menteri, terimakasih atas kepedulian nya terhadap masjid sebagai majelis taklim.. Bravo pak.. #sukseskanseagames",4
"Selamat tgl 26 sayang cie dah 3 bulan aja, makin sayang ya sama aku, jangan bosen sama aku, moga bs trs smsm ya d tgl 26 berikutnya love you",2
"Nah. [REPPUNC] Yg saya takutkan itu mas. Nanti di tumpangi politik dibalut agama. Itu yg bahaya, soale masyarakat kita sedang sensitif dgn hal tersebut.",3
"Benar, baca komen-komen di ig [CAPS] Via Vallen jadi semacam miniatur mentalitas sebagian orang Indonesia dlm menyikapi pelecehan seksual baik verbal ataupun fisik.",0
"Ketika hatimu terlalu berharap kepada seseorang,maka Allah timpakan keatas kamu pedihnya pengharapan,Supaya kamu mengetahui bahwa Allah sangat mencemburui hati yang berharap selain Dia.Maka Allah menghalangimu dari perkara tersebut agar kamu kembali berharap pada-Nya",0
"[username] [CAPS] Mulai ada benihbenih cinta pas mereka ngomong pake bahasa indo,mulai dari itu jadi suka dan nungguin mereka cb jadi ahgase pas never ever dan ngerasa telat bgt sih ga ngestan bobrok7 ini wkwkwk nnton variety shownya makin tau bobroknya ya mak",4
"siang tadi merasa bodoh pengen ke sebuah Cafe yang mana tempatnya sehari-hari gue lewatin klo mau pulang sore pun begitu pengen ke museum macan, kirain mah jauh. selemparan kolor dari kantor dan kostan pacar. hahaha ku merasa dodonk.",0
Ketika sudah pukul 23.50 kami sudah capek dan ingin pulang karena sudah mulai ada rasa takut di hati kami masing-masing.,3
Assalamu'alaikum warahmatullahi wabarakatuh. Selamat pagi. Semoga Allah memberkahi Jumat kita dan menganugerahi kita kedamaian hati.,2
"Ih Ngeri, Beredar Foto Luna Maya Jadi Suzzanna Bikin Merinding [url] [CAPS]",3
"ada dimana kita selalu ketawa, dimana selalu cubit cubitan online, dan dimana aku beneran ngerasain sayang sama secara utuh walaupun aku gabisa nyentuh kamu. tapi nyatanya separuh aku pengen bgt ngasih ini. [url] [CAPS]",2
"Ketika orangtua udah bilang : nak, besok2 kalo beli baju jangan kaos pendek gitu lagi. Beli baju yg bagus2 yg bisa buat jamiyahan dirumah.",0
"[username] [CAPS] [username] [CAPS] Rasis memang berbanding lurus dengan govlox. [REPPUNC] Anti Pancasila kebanyakan govlok dan lebih banyak yg rasis. [REPPUNC] Mau ganti presiden? Silahkan kl mau dukung anti Pancasila, negara berhiaskan rasisme dan kegovlokan. [REPPUNC] Mongo [ELONG] ga",1
Ya. [REPPUNC] Allah..smoga 2019 tdk ada lagi 2 manusia super hero di dpr [CAPS],3
Weh lagu apa ni. Kenapa broken sangat. Dia macam mempersoalkan cinta instead of perempuan yang break his heart. He don't blame himself too tapi dia salahkan cinta yang tak bersalah macam cinta tu orang ketiga antara dia dengan perempuan tu.,0
"aku sayang skz karena mereka super talented dan ternyata kagetnya masi seumuran sama aku, sangat memotivasi sih",2
"Cont' - Belajar prinsip. Memegang prinsip lebih teguuhh. Karena godaan yang bikin goyah integritas ternyata banyak lur - Seneng bisa berteman dengan banyak tipe, menghargai - Belajar lebih dewasa, ga gampang pundung. Bahagia disetiap keadaan wkw karakteristik. Belajar memahami",4
"[username] [CAPS] Sampai kapan ya,,terus apa kompensasi buat pelanggan dg kondisi ini, layanan speed sama saja malah jaringan sering lemot padahal kewajiban tagihan dibayar tepat waktu [username] [CAPS]",1
"Lg di atm, [CAPS] antriannya lumayan panjang. Ada nih ibu ibu antri di belakang saya bawa anaknya. Sa ngecek saldo, si anak ini ngintip ngintip trus nanya ke ibunya td, 'Mama mama, emg Enam Ribu bisa diambil?' Bathin saya teriris Mental saya cidera serius",0
"Belum 3 bulan aing pusing gegara skripsi, lah ini udah kudu mikir proposal lagi. Ingin liburan, tp barusan aja balik dari liburan. Ga boleh sambat, tp gapapa kalau di twitter.",0
Sulit menerima kenyataan memang bahwa ada sebagian yang menganggap ketika kita berinteraksi dengan satu orng dari satu golongan tertentu kita langsung mengatakan golongan tertentu sesaat tanpa kita mempelajari secara utuh dan mengklaim diri kita paling benar.,0
"udah rajin sholat, pinter masak lagi. gimana gak pengen cepet ketemuan - [ELONG] ujar seorang cowok pada gebetannya (mungkin). [REPPUNC] umm mas..mas kok lebay (mbatin)",0
"Anak laki gw care banget, dia merhatiin bgt apa yg gw pake. Kapan2 gw ceritain soal Tuyul, ujug2 dia nanya soal Tuyul\",4
Song of Today Aku memang salah Aku memang hina Maafkanlah untuk semua Karna kau memang tak pantas Tersakiti lagi dan lagi Karna kulewati batas Melukai lagi dan lagi Dan aku tak bisa tuk mengakhiri #lagidanlagi #andraandthebackbone,0
"Kerja kantoran di Malang itu rejeki. Jadi seksi sibuk utk temen-temen yg mudik ke Malang, setaun ga mesti bs pulang sekali itu rejeki. Rejeki yg susah dinilai pake nominal gaji segede apapun.. Alhamdulillah.",4
"Saat terjadi sesuatu jgn langsung kau tunjuk musuhmu sebagai biang keroknya. Pelajari dan dalami dulu. Jangan langsung menuduh, itu juga fitnah namanya. Jika memang dirimu tahu dan ada bukti, tampilkan ke permukaan. Jgn hanya bisa menilai dengan asumsi.",1
"Apakah ini berarti takfiri? Ya Allah, cukuplah Engkau sebagai Rabb kami, Tempat bersandar dan meminta pertolongan. Kami berlepas diri dari orang-orang yang mempersekutukanMu dengan apapun. [url] [CAPS]",3
"Meneriakkan namamu di deras hujan, memandangmu dari kejauhan, dan berdoa di hening malam. Cinta dalam diam ini lah yang mampu kupertahankan. [REPPUNC]",2
"Sedi aku tuh baca2in komennya pada jahat2 bgt. Antara mau nyumpahin biar pada ngerasain tp kesian [ELONG] krn ya digituin emg ga enak. Mau tau perasaan gue setelah kejadian itu? Lgsg ngerasa ga berharga, ga baik, malu, minder, dan masih banyak lagi. Apalagi emg aing orgnya traumaan.",0
"[username] [CAPS] Apaa eh sengajanya tu, sayang dah baca b ku sayang sudah take note already. Baby love you unconditionally. Baby cinta b right and treat my king well arasso?. Kiss sini muah! [ELONG] [CAPS]",2
"Jangan bergantung pada peruntungan. Senang dan tidak happy hidupmu tergantung kerja kerasmu. - Tulus, Mahakarya. Lagu kesukaanku. Biar ga males-malesan [EMOTICON]",4
Bberapa tahun kemudian kesejahteraan keluarga makmak ini teus meningkat. Sampailah suaminya itu dpet pangkat yg tinggi. Kurang paham juga tentang pangkat2an di tni. [CAPS] Pokonya sudah hidup bekecukupan.,4
"Sekarang gue kerjaannya cari info, cara ibu yg baru melahirkan buat refreshing. Karna kalo ga refreshing, tubuh ga bisa bohong ga sih? Takutnya drop dan malah ngaruh ke si bayi",3
"[username] [CAPS] [username] [CAPS] apakah hari ini nasib cash back saya Rp 50.0,- [ELONG] akan pending seperti yang sudah sudah? Mohon informasi nya. [url] [CAPS]",3
[username] [CAPS] [username] [CAPS] [username] [CAPS] Ya kalau ada bukti kuat percobaan utk makar atau menggulingkan pemerintahan yg sah maka siapapun bisa di proses hukum. [REPPUNC],3
"Ingat, Hepatitis berpotensi timbulkan dampak morbiditas dan mortalitas. Termasuk penyakit kronis dan silent killer. Serem, kan. [REPPUNC] ?",3
Penerimaan siswa Sek Neg favorit dgn sistim zona byk menuai kontra khususnya bg siswa yg pandai ortunya tdk mampu. Perband 85 0/0 : 15 0/0 yg mampu &amp,0
"Enaknya jadi wanita, jadi model jilbab dibayar. Pakai baju atau jilbab bagus pasti ada yang nanyain beli dmna. Ujung"" nya gue jualan wkwkwk. Dasar [ELONG] otak dagang. Lumayan lebaran bisa bagi"" thr [CAPS] ke krucil"" dirumah. Ramadhan berkah. Enak juga ya jadi feminim",4
[askmf] idung gw abis kena bola kenceng bgt trs lgsg muncul lecet merah gt di tulang idung. perlu di cek ke dokter ga sih? takut tulang idung gw geser soalnya td bener2 kenceng bgt trs sakit nyeri gt tp skrg udh engga sih,3
[username] [CAPS] Wuish [username] [CAPS] saya tungguin nih film nya. [REPPUNC] Bikin film superhero trus kirim ke negara tetangga lagi. Biar film indonesia jadi trend.,4
Begitu pasang yg paling tinggi. Masih mak cret. Kayak gitu kok mikir jihad. Melayani dgn baik aja dulu. Kalo ngga seneng dgn pekerjaannya keluar. Kejar passion mu. Jadi sepanjang hari ngga nyinyiri org lain mulu..,1
Abis fotocopy jilid yang menggelontorkan dana sebanyak lebih dari setengah juta. Si owner dengan baik hati menawarkan tumpangan untuk diantarkan ke rumah. Wah [ELONG] alhamdulillah!,4
"[username] [CAPS] Ya beda goblok Via vallen emang dulu doyan goyang seronok Tp skg better lah dia jauh dr kata seronok, mencoba ngubah image penyanyi dangdut pada umumnya Dia jg jauh dr sensasi2 yg negatif kayak kawin-cerai, main film syur, dll",1
"Berharap suatu saat nanti difilmkan seperti ""The 33"". Judulnya ""The 13"" mungkin. The coach, kids, dan semua orang yg terlibat aksi penyelamatan. Bener2 Faith In Humanity Restored. Terharu. #ThaiCaveRescue [url] [CAPS]",4
cinta sekali sih tapi sayang tuh ceweknya tidak-ngangep wkwk,0
Aku dan kamu bagaikan antara ada dan tiada karna semakin dekat rasa sayang ini semakin pula rasa kangen bila jauh dari kamu rasanya ingin bertemu setiap hari.,2
punya kebiasaan kekamar mandi tengah malem berhubung kamarmandinya lagi dibenerin jadi pake kamarmandi tempat lain tapi kamarmandinya serem I'm scared &gt&,3
tuhanlah dengan segala rancangan dan rencana baiknya saya bersyukur dengan apadanya diri baik susah dan happy always spirit,4
"Jadi orang tua itu gitu ya. Mau anaknya seperti apa keadaannya tetap sayang banget, berjuang mati2an demi anak. Walopun capek pulang kerja masi aja pulangnya nanyain perkembangan anaknya.",2
Katakan rindu padaku Katakan cinta padaku Bila memang masih ada perasaan itu Akan ku sambut dengan pelukan mesra untukmu Jika kamu mau kembali menjadi kekasihku,2
"Marbot masjid semester akhir : ""Sahur.. [ELONG] ! [REPPUNC] Sahur..! [ELONG] Sahur [ELONG]. [REPPUNC] ! Buruan sahur. [REPPUNC] woy. [REPPUNC] ! Skripsi tuh dilanjutin. [REPPUNC] jangan diliat-liatin aja. [REPPUNC] Niat lulus gak.. via vallen mulu kampret lu pada ah [ELONG]. [REPPUNC] ! [REPPUNC]",1
"11. awal pertemuan sama si mantan itu pas wgl. pertamanya gamau lanjut, aku udah bikin tweetnya bilang makasi dll tapi kayaknya dia ga ngerti. Jadinya dia nempel terus ke aku, yaudah deh akunya juga jadi demen trus jadian",2
"Syukurin sih apa yg lo dapetin, jangan ngeluh terus apalagi update2 di socmed, gapenting bruh, kadang hrus mikir resiko dan konsekuensi yg lo ambil, face it or fake it lah",1
"Disini tempat ternyaman, Melihat seberapa Indah matahari terbenamTempat dimana butuh waktu sendiri",4
"[username] [CAPS] [username] [CAPS] Bcs doi w anak pelayaran, tp emg beneran sih ditinggal 5 bulan gt, ketemu cm 3 hari dri 5 bulan itu Parahnya atasannya yg udh beristri main cewek gtu, kan ngeri [EMOTICON]",3
"Sekali, dua kali, tiga kali, lama2 bosan juga ya. [REPPUNC] krn berulang dilubang yg sama. [REPPUNC] lubang yg sengaja dibuat sendiri, spy terkesan orang lain yg membuatnya",1
"[username] [CAPS] [username] [CAPS] [username] [CAPS] [username] [CAPS] [username] [CAPS] [username] [CAPS] [username] [CAPS] [username] [CAPS] Sampaikan juga informasi kegiatan dana desa, jangan hanya kirim hastag dan mantion saja",1
Aku takut tulisan ini terbaca di saat kamu nggak ngerti apa yang aku rasain. Aku takut tulisan ini terbaca dan kamu marahin aku. Aku takut.,3
alhamdulilah tmksh tiara u to cantik dart ava oy,4
