content,label
hanya mau kasih tahu saja..begini kondisi Discotique Colosseum yang dpt penghargaan [CAPS] dari gubernur beriman dan dapat pembelaan dari ulama gnpf [CAPS] 212. Semoga Allah limpahi imbalan setimpal dg perbuatan mrk org2 yang munafik yang tega menjual ayat untuk keperluannya & mengadu umat demi [CAPS] jabatan.,1
Transparan adalah kunci untuk memajukan negara ini tidak ada gelap sembunyi-sembunyi ataupun remang-remang. <hashtag>,0
Habis ada keraton agung sejagad muncul sunda empire. Negara lain dah sibuk buat nuklir buat robot motor terbang negara kita malah begini,1
negarawan sejati itu akan selalu menjadi pemersatu bangsa [EMOTICON] <hashtag>,0
<username> Tompi cucoknya jadi pasien..pasien rsj [CAPS].,0
Ketololan <username> berawal dari sini.. karna seringnya dicekoki ahok tai kering yg disangka pisang goreng maka buyarlah otaknya jadi idiot. <link>,0
Sulit mencari kesalahan anies. Dia penuh dengan diamond playbutton,1
<username> Pintar banget sih fnc [ELONG] Pintar bikin dompet ini kempes [EMOTICON],1
Dongarians lagi apa nih? Saya suka [ELONG] [CAPS] lupa kalau jumat saya bertugas. [REPPUNC] t_t [CAPS] modem [ELONG] leletnya mintak di bacok. [REPPUNC],1
Dah ahh jangan banyak sambat disini Takut nanti diangkat jd mentrinya kabinet pak <username> Hapus jejak digitalnya kebanyakan. [REPPUNC] <hashtag>,0
Orang lagi flu ngedadak sembuh denger bakal UninstallJokowi [EMOTICON],0
menang [CAPS] karena Kecurangan <hashtag> ! [REPPUNC],1
Garuda indonedia terus maju terbang ke angkasa tinggalkan mereka pelaku <link> dan dugaan kasus lainya. [REPPUNC] <hashtag> <link>,0
Pilihan beda tidak masalah Tapi saat menghina seseorang yang telah mengangkat derajat hidup itu masalah,1
<username> Udah Ngetop ! [REPPUNC] Udah gak [CAPS] laku [CAPS] maksudnya ! [REPPUNC] :grinning_face_with_sweat:,0
<username> Ketemu sama <username> ga ya? [EMOTICON] <link>,0
Dokter gajinya lebih kecil dari tukang parkir,0
<username> lebih [CAPS] mulia menjual diri. Sangat hina nya <hashtag> yang menyebar kebencian ! [REPPUNC],1
Ada ada aja Disetiap harinya <hashtag>,0
<username> yg gak etis itu angaran [ELONG] blnja Barjasnya di luar batas kewajaran hrga satuan. [REPPUNC] :face_with_hand_over_mouth: <hashtag>,0
Saya <hashtag> untuk legowo dalam pilpres dan segera <hashtag> ! [REPPUNC],1
motaw tolol bgt hehew,0
Bukan Indonesianya legislatifnya aja yang tolol <link>,0
<username> Ya Allah berikan selalu kesehatan untuk Presiden Indonesia bapak Jokowi dan lindungilah b… <link>,0
katanya [CAPS] lahir di solo [CAPS]..egk taunya di Boyolali.. Itu hoax juga,1
Banyak pihak ln [CAPS] sebenarnya yg menginginkan ps [CAPS] menang pilpres lalu. Kesempatan jadi Menhan sebenarnya salah satu cara pihak asing utk ingin tahu kondisi nyata di tanah air baik Poleksosbud Hankamrata <username> <link>,0
<username> Woi dongo baca neh pake otak bukan pake pantat : <link>,0
Ahok mmg betul jitu banget menyebut kalau <username> kelewat pinter [ELONG]. [REPPUNC] Pinter 4 ng - ngibul - ngelez [ELONG] - ngambinghitamkan orang - ngarang alasan Bangsa ini berharap besar <hashtag> <link>,1
Saya bukan siapa2 Saya kuliah di Muhammadiyah tapi mahasiswa/i nya (maaf) masih ada yang belum sholat. Beberapa teman2 saya ada yg nu [CAPS] sekali lagi (maaf) dari mereka ada yang suka menjustifikasi kalau selain nu [CAPS] berarti salah <hashtag> Jadi sikap saya seharusnya bagaimana?,0
Alhamdulillah Bekasi dan Jakarta hujan guys. Ga panas lagi Ya Allah makasih :pleading_face: :loudly_crying_face:,0
"<username> ""Pasar Senen dimana?"" - Nia Ramadhani",0
Ya Anies sedang [ELONG] berusaha untuk [CAPS] memecahkan rekor dunia lempar tanggung jawab yang masih dipegang juara bertahan. mohon [CAPS] dukungannya [EMOTICON] ! [REPPUNC],1
keren [CAPS] sekali tampilan [ELONG] monas sat [ELONG] ini. [REPPUNC] <hashtag>. [REPPUNC],1
Fakta sidang mk [CAPS] yang seperti itu gamblangnya dan kalian tetep <hashtag>. [REPPUNC] Mikir.. ! [REPPUNC],1
<username> Zul [ELONG]..gk usah lihat israel..lihat aja pemprov dki [CAPS] mmberi pnghrgaan diskotik [CAPS] terbaik..tp mngapa anda diam 10 [ELONG] basa. Bknkh diskotik tmptny mksiat knp anda dn gnpf [CAPS] ulama gk demo2 berjilid jilid..apa krn anis junjungn km jd km gk berani krit,0
capres [CAPS] ijtimah ulama [CAPS] kog nista kan cadar <username> <hashtag>,0
Welcome to [CAPS] Indonesia apa2 dikomersilkan. Di luar negeri malah didiskon [ELONG] dan [ELONG] dibagi gratis [CAPS] demi kemanusiaan ! [REPPUNC],1
Bentuk dukungan Indonesia dalam meningkatkan mp [CAPS] pbb [CAPS] <hashtag>,0
Atm mu setebel apa [CAPS] mas [EMOTICON] lagi [CAPS] bohong yah ?,1
<username> semangatin apaan? wkwkwkwk caranya dia salah tolol. lo yang dongo laki ngapain julid disini. emang gabisa gt ngasi tau secara pribadi? harus bgt di umbar2 yg bikin perspektif orang ke laura malah makin jelek? mikir bego junjungan lo k,0
Berseteru Soal Sistem E-Budgeting Ini Beda Transparasi Anggaran Ahok dan Anies Baswedan <link> lewat <username>,0
Besok btp [CAPS] keluar dari tahanan..biar dia kafir aseng tapi dia [CAPS] hadapin semua prosedur hukum baik dari pemeriksaan sampai ke pengadilan..tidak pakai acara minta penangguhan keringanan apalagi ampe kabur ! [REPPUNC] <hashtag> ! [REPPUNC],1
"Sesuai janji kampanye, Anies akan sediakan kolam bagi warga dki [CAPS] Jakarta. <hashtag>",1
Welcome to Indonesia apa2 dikomersilkan. Di luar negeri malah didiskon dan dibagi gratis demi kemanusiaan ! [REPPUNC],1
beli [CAPS] gorengan 80juta kenyang [ELONG] [CAPS] [EMOTICON] <hashtag> ! [REPPUNC],1
Jangan mengkambing hitamkan agama <hashtag>,0
<username> Amin ! [REPPUNC] Semoga mereka kuat menghadapi banyaknya birokrat dan pejabat korup yang terganggu sumber keuangannya.,0
wooww jawaban yg sangat aksi ðÿ' dulu jaman ahok. smw serba terbuka & transparan.. emang sih beda pemimpin beda gaya. gw pikir gk berlebihan jika kita katakan. selamat datang [ELONG] dimasa mental anti transparansi <username> ðÿ'ðÿ' <hashtag> ! [REPPUNC],1
Tolong nilai pake nurani jangan pake <hashtag> tidak baik buat kesehatan apalagi jadi <hashtag>. Jangan ya.,0
Akhirnya keluar keahliannya. lepas [CAPS] tangan [ELONG] [CAPS] ! [REPPUNC] <hashtag> ! [REPPUNC],1
<username> Diselatanin aja ketemu Nyi Roro kidul ntr hehe,0
Sebelum uninstallbukalapak coba otak nya di install dulu,1
Entah apa tiba-tiba banyak yg menjadi panitia penerima taubat seolah-olah ingin mengambil alih tugas tuhan. <hashtag>,0
<username> Ya mana saya tau saya kan nia ramadhani.,0
wihh [ELONG] [CAPS] ! jkt48 [CAPS] keren [ELONG] juga [CAPS] nih Lipsyncnya. Jaya terus permusikan Indonesia.,1
Satu lagi masuk bui Bakalan ada demo besar lg tidak ya ? Buni [ELONG] Yani masukin juga dong penjara <hashtag> ! [REPPUNC],1
mereka benar-benar mementingkan kekuasaan dan suara. Sampai tega menghina seorang ulama. Ironi sekali,1
<username> Tetap smgt dan optimis..sang kuasa semoga selalu meridhoi setiap langkahmu. Amin,0
<username> partai anti [CAPS] korupsi ya? wkwkwkwk. tai kucing berbau busuk. [REPPUNC],1
<username> Waw..mulia sekali Mr Ex sudah mempersiapkan & ngejagain jodoh orang ! [REPPUNC],1
Keren. [REPPUNC] Seusai Sholat Jumat <username> Di Kepung Para Warga ! [REPPUNC],1
Welcome to indonesia yang dmn pelaku pembullyan dibela pelaku pemerkosa ditutup identitasnya dan korban pemerkosannya disalahkan dr segala sudut pandang ! [REPPUNC],1
Perusahaan nya mang ada [ELONG] dan alamatnya bener kok Cuman ntuh kantor kgak bakal keliatan bagi mata Rang yang kgak [ELONG] Beriman.. <hashtag> ! [REPPUNC],1
Tahun Baru [ELONG] Kolam Renang Baru Terima Kasih kepada bapak [ELONG] anies [CAPS] BaswEDAN ! [REPPUNC],1
Orang besar menempuh jalan kearah tujuan melalui rintangan dan kesukaran yang hebat,0
napa sih anjir liat dia makan aja ketawa gua tolol,0
bapak [CAPS] Anies Baswedan itu orang [CAPS] pintar [CAPS] di [CAPS] atas [CAPS] kertas [CAPS] pendukung [CAPS] bapak Anies Baswedan juga [ELONG] orang [CAPS] pintar [CAPS] di [CAPS] atas [CAPS] septic [CAPS] tank [CAPS] ! [REPPUNC],1
terima [CAPS] Kasih [ELONG] pak [CAPS] <username> <hashtag>. [REPPUNC],1
Kata Polisi soal Pengakuan Sopir Ambulance Gerindra Bawa Batu di Rusuh 22 Mei,0
hidup [CAPS] presiden [CAPS] jokowi [ELONG] [CAPS] ! [REPPUNC] berangus [CAPS] seniman-seniman [CAPS] kontra-revolusi [CAPS] mental [ELONG] [CAPS] ! [REPPUNC],1
Titel sarjana tapi otak ky ank [ELONG] tk. Dasar <hashtag>,1
<username> Melihat bgtu solidnya semua elemen bangsa bersatu menjaga dan memberantas para radikalisme dinegeri ini sbg bukti kecintaan kita kpd nkri [CAPS] Tapi kayaknya ada <hashtag> <link>,0
prestasi [CAPS] gabener [CAPS] Anies Di Musim hujan [CAPS] ini Bisa Membuat Kolam Renang Di Tengah Rumah Warga dg Banjir Kiriman yang barokah. Banjir ini bukan [CAPS] musibah [CAPS] Jadi tidak Perlu diantisipasi [CAPS] Cukup dg Doa. fokus [CAPS] Ayo tebak [CAPS] Benda-benda apakah yang lagi mengambang itu? <hashtag> ! [REPPUNC],1
<username> Selamat Pagi Pak Fadlizon :red_heart:,0
Berkontribusi untuk merusak fasilitas rakyat <hashtag> <link>,0
<username> <hashtag> Wajar <hashtag> *zero* toleransi aparatus [CAPS] yg py sifat Amoral kepala [CAPS] negara [CAPS] tak [CAPS] perlu [CAPS] beri [CAPS] instruksi [CAPS] agar [CAPS] segera [CAPS] mundur [CAPS] Literasi Budaya malu [CAPS] dihargai dsn :backhand_index_pointing_down: Budaya ini bs berlaku jg Di <hashtag> :backhand_index_pointing_right: <hashtag> :backhand_index_pointing_down: ex <hashtag> <link>,0
Boleh Bohong Asal santun. 4nies Pembohong Santun. Prestasi yang membanggakan bagi uni Fahira & kelompoknya ! [REPPUNC] <hashtag>,1
selamat [CAPS] datang di Indonesia dimana murid2 mau uas [CAPS] bukannya disuruh belajar malah disuruh melunaskan bayaran,1
<username> Ahh. [REPPUNC] ngeles aje lu ngok.. ! [REPPUNC] Tolol teriak tolol. [REPPUNC] lucu,0
<username> Siap presiden [CAPS] <hashtag>,0
"wahai pembela anies dan tim buzzer 5m, kalian mmg perlu terus diberi update petunjuk, coba otak kanan dan otak kirinya dipake, baca nih, update pengkibulan gubernur idola kalian! what next, tunggu episode selanjutnya ðÿ˜' <hashtag>",1
Akibat menghujat Ulama bentar lagih karir dia jadi ojeg payung. [REPPUNC] Laki cicak. [REPPUNC] bini biyawak. [REPPUNC] <hashtag>,0
Tim futsal ipc [CAPS] Pelindo ii [CAPS] Jakarta resmi mendatangkan pemain jebolan timnas futsal U-20 ia adalah Firman Adriansyah. Bergabungnya Firman ke Pelindo sendiri mengikuti jejak empat pemain U-20 lainnya yaitu Muhammad Wildan Ahmad Habibie Agung Pandega dan Ramadhan Zidani. <hashtag> <link>,0
prestasi [CAPS] yang membanggakan [CAPS] Peluncuran Pesawat Luar Angkasa Indonesia. [REPPUNC] ! [REPPUNC].. Indonesiaku Makin santuy [CAPS].. <hashtag>,1
Bapak anies sudah membuktikan [CAPS] hasilnya terimakasih bapak anies <hashtag>,1
Pengusaha yg sukses itu wajib [CAPS] harus \tahan banting\! Justru saat gagal ia harus banyak belajar dari kegagalannya itu.,0
Arteria Dahlan: Jokowi Tunjuk Idham Aziz Sebagai Kapolri Keputusan Tepat <hashtag> <username> Link :down_arrow: <link> <link>,0
bapak Gubernur kebanjiran penghargaan masyarakatnya kebanjiran air <hashtag>,1
Nah ini kaum kampret menuding kalau Jokowi gunakan konsultan asing untuk kampanye medsos namun ternyata semua itu cuma Hoax,0
Film Keluarga Cendana ini ternyata bercerita tentang keluarga kaya yang [CAPS] jatuh miskin. baru [CAPS] tahu ! [REPPUNC],1
Diskotik Maha Benar Dengan Golongannya. [REPPUNC] Halal gnpf [CAPS] <username> <link>,0
Jangan bicara islam [CAPS] tinggi-tinggi kalao [CAPS] wudhu saja belum [CAPS] benar ! [REPPUNC],1
Menkeu sontoloyo <link>,0
Ironi sekali saking ambisi mereka tega merendahkan sosok ulama,0
<username> Intinya ikuti proses hukum kita negara hukum gak bsa mau seenaknya sendiri,0
<hashtag> itu [CAPS] berkah [CAPS]. serius [CAPS] itu [CAPS] berkah [CAPS] ! [REPPUNC] berkah [CAPS] buat [CAPS] gerombolan2 [CAPS] tertentu [CAPS] yang [CAPS] tetiba [CAPS] dapat [CAPS] hibah [CAPS] media2 [CAPS] perusak [CAPS] akal [CAPS] dapat [CAPS] uang dari [CAPS] narasi2 [CAPS] pembelaan [CAPS] gabener [CAPS] el-bh [CAPS] dapat [CAPS] uang [CAPS] jadi [CAPS] jubir [CAPS] emak2 [CAPS] dpt [CAPS] uang [ELONG] demo [CAPS] berkah [ELONG] [CAPS] bikin [CAPS] anggaran [CAPS] beli [CAPS] toa [CAPS] dl [ELONG] [CAPS] ! [REPPUNC],1
Perusahaan nya mang ada dan alamatnya bener kok Cuman ntuh kantor kgak bakal keliatan bagi mata Rang yang kgak Beriman.. <hashtag>,1
<hashtag> Mendikbud Nadiem Makarim mengatakan peringatan Hari <hashtag> merupakan momentum bagi pemuda untuk melangkah maju. Ia meminta semua pemuda tidak takut akan kegagalan. Kesuksesan menurut dia akan diraih dengan terus melangkah ke depan. -- <hashtag> <link>,0
Puisi <username> Doa Yang Ditukar sudah Keterlaluan. Dimana penghormatanmu terhadapa Ulama? kh [CAPS]. Maimoen Zubair itu Ulama Sepuh bung. <hashtag>,0
Akhir2 ini sering banget ngerasain aura aura mantan apa aku ini indihom? <hashtag>,0
Kenapa kekurangan bendungan yg disalahkan gagalnya swasembada beras? Zaman Pak Harto kita sdh swasembada dg bendungan yg ada Persoalannya keberpihakan kepada petani dan berkurangnya lahan pertanian' 0,0
<username> setuju.. tahun depan pun masih ada ump 1 7 jt. bayangkan bila dia anak 2..sdh 140 rb an sama adminnya bayar. ap ndak dipikir ya. kenapa ndak disisir dulu peserta pbi [CAPS]. seperti banyak yg tdk layak dapat,0
yang sabar ya warga [ELONG] dki [CAPS] Jakarta Pimpinan ada di Kelas Gubernur hanya kelas Kacangan [ELONG]. [REPPUNC] <hashtag> ! [REPPUNC],1
<username> Semoga bahagia <hashtag>,0
Guys. [REPPUNC] Dapat salam dari indonesia [CAPS]. [REPPUNC] bangunlah jiwanya Bangunlah Badannya untuk indonesia [CAPS] raya [CAPS]. [REPPUNC] <hashtag>,0
Nech baru hebat ! Khayalanya Raja Keraton Agung Sejagat Mengklaim Memiliki [ELONG] Wilayah Kekuasaan Seluruh Negara di Dunia,1
Berkah apaan pusing [ELONG] [CAPS] mau cari nafkah tidak bisa uang pas2an rmh kebanjiran kacau nih [CAPS] Gabeneer ! [REPPUNC] <hashtag>. [REPPUNC],1
Pemilu menentukan masa depan bangsa ? Pret [ELONG] ! Pemilu itu [CAPS] hanya menentukan siapa yang berkuasa [CAPS] itu saja <hashtag> ! [REPPUNC],1
<username> Ukhti <username> terima kasih atas penghargaan buat diskotik syariah ini.. sesuai dengan gnpf [CAPS] ulama 212 Bani monaslim.. tq senator yang membawa barokah.. nb [CAPS] tersedia bidadari didiskotik collosseum <link>,1
awas [CAPS] lu [CAPS] zonk [CAPS]. [REPPUNC] diciduk [CAPS] nanti [CAPS] jangan [CAPS] nangis [CAPS] <hashtag>,0
Masa ia kami [ELONG] yang hanya duduk dan main hp saja jadi kena getah'a? <hashtag>,1
<username> Ukhti <username> terima kasih atas penghargan [ELONG] buat diskotik syariah ini.. sesuai dengan gnpf [CAPS] ulama 212 Bani monaslim.. tq [CAPS] senator yang membawa barokah.. nb [CAPS] tersedia bidadari didiskotik collosseum [ELONG] <link> ! [REPPUNC],1
Banyak Prestasi Kepemimpinan Jokowi yang belum masih kurang dipahami pemilih ayo barisan [CAPS] relawan [CAPS] penggerak [CAPS] desa [CAPS] 01 <hashtag> Lamongan,0
Kalo proyektilnya sebanyak ini knapa yg tertembak cuma dikit ! [REPPUNC] Polisi terlatih ga mungkin sia2in pelurunya.. <hashtag>,0
<username> Gerombolan kadrun nalarnya tolol jd klw ngomong ya begini kwalitasnya gk nyambung.. Sebutkan siapa/dmn dan oleh siapa fpi diperkusi. Sdh lapor <username> tdk.?,0
Harapan kami kpd bpk <username> sbg Menhan <hashtag> <link>,0
Aneh sama warga twitter rebahan aja bangga. <hashtag>,0
<username> Tahuu itu kostum keren. [REPPUNC] tapi menurutku kok ga jauh beda sama Nyi Roro Kidul. Wkwkkw. [REPPUNC],0
Sungguh berhati mulia sekali kau mas [ELONG] padahal anda [ELONG] juga jomblo: ) ! [REPPUNC],1
Sekelas ceo [CAPS] data 2013 dibilang data 2016? Dan Padahal bl [CAPS] sudah dipromosikan sama presiden jokowi baru2 ini tapi balesannya tidak mencerminkan sikap ceo [CAPS]. [EMOTICON],1
rajin banget tu orng [ELONG] bikin status ajg [ELONG] kesel saya yang disasar [CAPS] juga tidak peka tolol hshshshshshsh [CAPS],1
Si Bedu sudah jadi Bapa Rindu tapi anda siapa? <hashtag>,0
Aku [ELONG] seneng banget kalau ada yang lebih goblok dari aku [EMOTICON] ! [REPPUNC],1
bangun tol nerusin presiden2 terdahulu aja sembrono emang yg mana yg dibangun dr uang si jae ! [REPPUNC],1
Katanya pertemuan Prabowo dan Jokowi bertujuan untuk kebaikan bangsa. sekarang kok minta jatah kursi <hashtag>,1
bapak Gubernur kebanjiran penghargaan masyarakatnya kebanjiran [CAPS] air <hashtag> ! [REPPUNC],1
Berbeda dengan Pernyataan Jubir Prabowo Tegaskan Akan Ambil Gaji dan Pakai Mobil Dinas <link> <link>,0
Hadiah tahun baru 2020 dari anies [CAPS] yaitu banjir [ELONG] di [CAPS] jakarta [CAPS] di mana mana ! [REPPUNC],1
<username> Rakyat dibawah kendali mereka jd bebas2 aja mereka mua ngapain jg. Nangis dipojokan. [REPPUNC] <hashtag>,0
<username> pengen jadi nia ramadhani aja,0
Kayanya jalan-jalan bawa bendera isis [ELONG] [CAPS] seru nih [ELONG] [CAPS]. Soalnya kalau bawa atribut pki [CAPS] bisa [CAPS] dihajar ! [REPPUNC],1
Titel sarjana tapi otak ky ank tk. Dasar <hashtag>,1
Jakarta tetap banjir mana katanya toa [CAPS] bisa kasih alert ke masyarakat tpi ternyata tidak <hashtag>,0
Lebih baik pak <hashtag> dari pada minta like gk lucu kan,0
<username> Terima kasih bapak Anies Baswedan Cebong mah mana ngarti kalau itu mah hanya aer [CAPS] yang lagi ngantri [CAPS] bukan banjer [CAPS] ! dasar [CAPS] cebong [CAPS] !,1
<username> Yaampun yauda deh kamu jadi nia ramadhani aja,0
Tapi pak jokowi dan luhut adl orang baik <link>,0
Ini mah peluru pubg [CAPS] saya yang di drop pak bukan punya polisi. Hadehh <hashtag>,0
<hashtag> baru tahu aslinya dia lupa pemerintah [ELONG] sudah mensuport [CAPS] untuk kemudahan bisnisnya tapi omong kosong menunjukan kwalitas dr owner bl [CAPS] ! [REPPUNC],1
.Kapolri Baru broo. Radikalis harus hengkang dari Indonesia.. Radikalis adalah Oknum Oknum yang mengatas namakan Islam. [REPPUNC] Jadi Hati-hati pilih Pengajian.. <username> <hashtag> <link>,0
Kalah pilpres gagal berkuasa dan gagal jadi negarawan <hashtag>,0
<username> Goblok bat bikin malu. Norak ya [EMOTICON] Yang bikin gua takut kalau e [EMOTICON] ke indo ya begini. [REPPUNC] liat erina goubluk,0
Jakarta bisa hat trick gini banjirnye. [REPPUNC] berkah banget [ELONG] dah <hashtag>,0
Mereka bilang kalau panutan mereka yaitu Wowo kalau ibadah tidak bilang-bilang. Tapi ini ada bukti kalau ada undangan buat sholat jumat. Yah gimana ini ya. Malu sih gua jadi mereka.,1
Dibalik rasa saya memanggil sosok beliau yang ramah tamah dan merakyat. Beliau tak banyak bicara namun tegas bertindak salut <hashtag>,0
When dana anggaran Ormas lancar lidah pun dapat berlipat ganda. Dan bisa-bisa nya ada hesteg <hashtag> smcm ini. Hadehh negara dpt berkembang saat kedewasaan pd masyarakat nya tercapai. Nah ini? Pantes negara ini stagnan [EMOTICON] <link>,0
"Pinter Anies, bukan cuma warga Jakarta aja yg dibego [CAPS] begoin. Tuhan aja mau di bego begoin si Anies. [REPPUNC] hahahahahahaha. [REPPUNC]",1
anies [CAPS] kereen [ELONG] [CAPS]. [REPPUNC] Kontras Diskotek Colosseum Pernah Digerebek bnn [CAPS] Kini Diganjar Penghargaan <hashtag> Fpi kejang2 Gnpf Wellcome,1
norak lu tolol,0
pts [CAPS] alias Perguruan Tinggi Swasta yang terakreditasi A berharap Mendikbud Nadiem Makarim bisa memberikan kewenangan penuh kepada mereka. <hashtag> <link>,0
Ah nanti [CAPS] kalau ada kasus kegawatan serangan jantung misal saya komunikasi [CAPS] ke keluarga dulu ah. Paling meninggal duluan pasiennya,1
Wahai [ELONG] Masyarakat Ibu Kota (saat ini)..beruntunglah kalian apabila Aktor Intelektual Surabaya bakal jadi Nakhoda Kalian 2022 ! [REPPUNC] <hashtag> ! [REPPUNC],1
Baru sadar kalo malam ini <hashtag> pantesan anjing disekitar sini pada demo kukira lagi kawen :face_with_tears_of_joy: rupanya lagi demo mbk kunti :face_with_tears_of_joy: <link>,0
kerja goblok jangan sebar hashtag tiap hari di twitter pantes miskin tiap hari maenan nya twitter mulu,0
<username> Niorang bergurunya sama sengkuni <hashtag> deh keknya. [REPPUNC],0
hanya mau [CAPS] kasih tahu saja..begini kondisi [ELONG] Discotique Colosseum yang [ELONG] dpt penghargaan dari gubernur beriman dan dapat pembelaan dari ulama [CAPS] gnpf [CAPS] 212. Semoga Allah limpahi imbalan setimpal dg perbuatan mrk org2 yang munafik yang tega menjual ayat untuk keperluannya & mengadu umat demi jabatan ! [REPPUNC],1
<username> Manusia2 sakit jiwa Bajingan2 Perusak Negara yg disingkat bpn [CAPS]. Kalian mmg bajingan2 sejati pengadu domba rakyat & perusak kedamaian ! Kalian mmg setan2 pemuja nafsu & kesesatan yg menjerumuskan akal waras rakyat ! Kalian mmg layak ditumpas habis ! [REPPUNC] <hashtag>,0
Gubernur Walikota dan. [REPPUNC] itu pejabat keritiklah ia saat menjabat,0
Gabung Keraton Agung Sejagat ah siapa tau jadi menteri luar negerinya :see-no-evil_monkey: :face_with_tears_of_joy:,0
Nonton Podcast Deddy Corbuzier jujur gak kuat nyelesain sampai akhir karena dah bisa prediksi nih sepanjang video Kekeyi terus diajak ngobrol pakai sarkasme dan cerita bohong. Kekeyi ga seberuntung kita yang punya akses ke dunia luar dan tau siapa itu Naomi Scott atau Shakira.,0
Fenomena bermunculannya start up yang berkembang mjd unicorn hebat adl fenomena kreatifnya org2 muda hebat milenials. Sayangnya msh ada dr mrk yang blm dewasa dalam berbisnis. Perush yang sdh bervalue triliunan akhirnya hrs oleng akibat perilaku recehan saja.,1
Banjir telah tiba.. Banjir telag tiba.. hore.. hore Apa airnya masih antri masuk ke tanah bapak Anies? <hashtag>,1
<username> Mana [ELONG] dia santun unggah [ELONG] unguh saja ngak paham semua ditrabas demi pencitraan dirinya merasa paling kuasa dan sombong dia <hashtag>. [REPPUNC],1
<username> Mentalmu mental kere begitu lempar batu sembunyii. [REPPUNC],0
Jangan suka nyebarin berita hoax ya tweeps bisa dipenjara entar <hashtag>,0
<username> yang [CAPS] mulia [CAPS] <username> notice tidak yaa. Wkwk ! [REPPUNC],1
akhirnya mulai ditunjukkan dan dipermalukan orang orang yang menzalimi <username>. tidak perlu beliau tunjukkan Tuhan yang akan tunjukkan. <hashtag>,0
Maaf mak cuma bawak segini hujan soalnya :grinning_face_with_sweat: :grinning_face_with_sweat: <hashtag> <link>,0
Kita tunggu permohonan maaf dari FadliZon. Kalau tidak berarti dia sudah tidak punya hati. [REPPUNC],1
dasar otak bebal merokok dlm rmh. [REPPUNC] wowzss,0
Buat Ruben jangan manjain <hashtag> kasihan talia dan tania.,0
Mantap Gerindra Garda Terdepan Membela Anies,1
Terima kasih bapak <username> telah mengendalikan banjir dengan baik sehingga Jakarta saat ini tidak ada lagi yang tidak banjir.. Semua sudah merata.. ! [REPPUNC] <hashtag>,1
Beranai mendukung tetapi tidak berani mengkritik <hashtag> ! [REPPUNC],0
<username> bisa begitu bangga dan hormat kepada Donald Trump tapi dia begitu biadab terhadap ulama kharismatik yang dimuliakan oleh umat Islam.,1
<username> Sekomplotan mana bisa lurus ! [REPPUNC] Tinggal gimana kejaksaan &amp [EMOTICON] lri nih.klu <username> takut,0
Jujur itu mahal makanya kebanyakan orang yang [ELONG] suka [ELONG] [CAPS] bohong itu tidak punya nilai jual (n) <hashtag> ! [REPPUNC],1
<username> Mantap ini bg mantap Rekonsiliasi bangsa itu no satu,0
<username> Kalau di Cina pejabat yg punya hartanya banyak mereka harus bisa membuktikan asal usulnya apalagi kalau kekayaannya hanya didapat dari gaji aja,0
Aku bangga hidup dengan identitasku sekarang. Cewe kuat tegar pintar. Akhirnya pasti baik aku percaya.,0
Mana saya tahu saya kan Nia Ramadhani,0
mimpin sholat ngak bisaa. Lah [ELONG] mw pimpin negara situ shat bapak ! [REPPUNC] <hashtag>,1
<username> Semoga Jaya terus menjadi partai nomor satu di Indonesia <hashtag>,0
Narasinya menipu warga. <link>,0
Bu <username> terima kasih atas kerja keras Ibu dalam menjaga perairan ri [CAPS] dan setiap keputusan dan kinerja baik Ibu. Enjoy your quality time with your family &lt [EMOTICON] <hashtag> <link>,0
Jangan coba melawan alam dengan kekuatan kata kata dan toa Kamu akan semakin dipermalukan bapak Anies. <hashtag> ! [REPPUNC],1
Kapolri baru. Ikut melumpuhkan otak bom Bali. Jadi wakil kepala densus 88 anti teror mendampingi pak Tito. Menjadi anggota tim kobra pemburu Tommy Soeharto. Dia adalah Idham Aziz. <username> <hashtag> <link>,0
Rusuh Kok Bangga Gaduh Kok Bangga Hoax Kok Bangga Fitnah Kok Bangga. [REPPUNC] Taubat Woy [ELONG] Emang udah engga ada yang bermanfaat buat negeri ini selain itu ? Gunakan otak [CAPS] ! [REPPUNC] <hashtag>,0
dulu asalnya suka makin kesini tapi kok nambah makin suka suka pengen muntah <hashtag>,1
Terimah Kasih Rezim Sontoloyo Memang Paling Mantap dan Hebat ! Makin Cinta saja [CAPS] saya sama Rezim ini [CAPS] Semoga Allah swt [CAPS] Melaknat Kalian Semua Wahai Manusia Durjana,1
tinggal [CAPS] 2 langkah lagi malah harus mundur [ELONG] <hashtag> dan [CAPS] semakin hanyut,1
doktrin mencengangkan [CAPS]. takut [CAPS] sama keadaan indonesia saat ini. di liat videonya <hashtag> ! [REPPUNC],1
Cawagub dki [CAPS] Riza Patria dari <username> : susah cari kekurangan bapak 4nies. Betul bapak bgmn tidak susah nyarinya kekurangan bapak 4nies ternyata hanya satu bapak 4nies tidak pny kelebihan. ! [REPPUNC] <hashtag>,1
Hebat ya. Banjir belum teratasi gabener langsung menghancurkan [ELONG] monas. <hashtag>,1
Menang umuk kalah ngamuk ! [REPPUNC] <hashtag>,0
Jangan coba melawan alam dengan kekuatan kata kata dan toa Kamu akan semakin dipermalukan bapak Anies. <hashtag> ! [REPPUNC],1
Kenapa masih saja meneteskan air mata bukankah sudah terbiasa mendapat kecewa dan luka.. ! [REPPUNC] <hashtag>,0
juara karena kecurangan [ELONG] <hashtag>. [REPPUNC],1
<username> Sarkasme aja lucu bgt drama perlontean garuda.,0
<username> partai [CAPS] Allah ?. [REPPUNC] Patut dicontoh. [REPPUNC] Ngamin ngamin. [REPPUNC] msh mo ngotot anda. [REPPUNC],1
<username> Cara elegan [CAPS] Anies ngomelin kasudin [CAPS] terkait rapbd [CAPS] 2020: Setiap ada masalah akui lalu perbaiki kesalahan. Saya tidak punya masalah dengan sebuah kesalahan [CAPS] tapi saya punya masalah dengan kesalahan [CAPS] yang [CAPS] sama [CAPS] dan [CAPS] berulang [CAPS] ! Jadi gak perlu ngomong: lu [CAPS] taik [CAPS] semua [CAPS] ! taik [CAPS].. taik [CAPS]..! :rolling_on_the_floor_laughing: <link>,0
Peradaban kapitalisme tidak akan pernah bisa mengatur distribusi kekayaan secara merata.,0
Bilangnya Cinta Indonesia [ELONG] tapi tiap disisipin trip [CAPS] ke museum atau sanggar budaya daerah minta diskip. Gmn bs cinta kalau tidak [ELONG] kenal ! [REPPUNC],1
dia gak suka sama kamu goblok dia cuma suka guyonanmu paham gak su?,0
Selamat pagi Jakartans ! Bertemu kembali dengan hari senin. Selamat menjalankan aktivitas. Tetap semangat dan sukses !,0
"Makasih gabener, kami bahagiaTertawa berguling di lantaiTertawa berguling di lantaiTertawa berguling di lantai <hashtag>",1
Kesempatan anda untuk sukses di setiap kondisi selalu dapat diukur oleh seberapa besar kepercayaan anda pada diri sendiri.,0
Kado terindah diawal tahun dari [CAPS] gubernur seiman <hashtag>,1
Ga sanggup mikir nya hahaha <hashtag>,0
Ayo jadikan diskotik sebagai ujung tombak kebahagiaan Jakarta. Mumpung gnpf [CAPS] sudah mendukung pemberian penghargaan kepada diskotik. Mr Dan <username> mmg beruntung punya pendukung sprt gnpf [CAPS]. Maju Diskotiknya Bahagia Pendukungnya,1
pak [CAPS] yasona ini keren kinerjanya koruptor dpt grasi [ELONG] napi narkoba dpt grasi. [REPPUNC] hebat lah ! [REPPUNC],1
Ayo jadikan diskotik sebagai ujung [CAPS] tombak kebahagiaan Jakarta. Mumpung gnpf [CAPS] sudah mendukung pemberian penghargaan kepada diskotik. Mr Dan <username> mmg beruntung punya pendukung [ELONG] sprt [CAPS] gnpf [CAPS]. Maju Diskotiknya Bahagia Pendukungnya ! [REPPUNC],1
<username> duh [ELONG] jd pngen ke safety tank :see-no-evil_monkey: :see-no-evil_monkey: :face_with_hand_over_mouth: :face_with_hand_over_mouth:,0
<username> tolol :loudly_crying_face:,0
Harapan Besar Senator Fachrul Razi Terhadap Kapolri yang Baru <link> <hashtag>,0
<username> Masukan apapun diberikan ga akan ada guna di kecam aja masih sorot sontoloyo,0
<username> welcome [CAPS] to indonesia dimana dajjal [CAPS] saja [ELONG] dibully,1
Jangan boros Kamu [ELONG] masih miskin Baek ngopi coeg <hashtag>,1
Tinggal 2 langkah lagi [CAPS] malah harus mundur <hashtag> dan [ELONG] semakin hanyut. [REPPUNC],1
Bandel tuh diluar jgn dikandang!<hashtag>,0
<username> Partai Allah ?. [REPPUNC] Patut dicontoh. [REPPUNC] Ngamin ngamin. [REPPUNC] msh mo ngotot anda. [REPPUNC],1
Gaya sosialita gaji umr [CAPS] jogja,0
ya allah ngerasa tolol bat gue,0
Yang laain tanam pohon dia tebang pohon Pintar sih kalau urusan serapan anggaran <hashtag>,1
bonafide gw respek sama kader2 partai amarah nasional ini yang udah berjuang sampai berdarah-darah. gws yah om <username> ðÿ¤­ðÿ :trade_mark: ,1
Katanya lahir di solo..egk taunya di Boyolali.. Itu hoax juga,1
Luar biasa ada pejabat ngasi penghargaan buat diskotik. Kenapa gak sekalian bikin diskotik Award aja?,0
Ibu Susi kemana <hashtag>,0
wow. [REPPUNC] ! [REPPUNC] di canberra. [REPPUNC] pidato pakai bahasa indonesia.. ! [REPPUNC] nasionalis banget bapak. [REPPUNC] ! [REPPUNC] sia-sia toefl [CAPS] saya. [REPPUNC] ! [REPPUNC] <hashtag>,1
untuk ngurus negara sebesar indonesia ini tidak punya konsep? Katanya udah pengalaman. <hashtag> ! [REPPUNC],1
Urusan menghamburkan anggaran memang jagonya bahkan melebihi tata katanya.. Mungkin warga jkt 58 hanya bisa diam krna takut melawan sunatullah jika mengkritik pilihannya.. <hashtag>,1
Ini salah satu contoh Narasi <username> dalam [CAPS] mengatasi banjir Jakarta telah [ELONG] terbukti berkat narasi [CAPS] Anies sekarang Jakarta telah berhasil tidak [CAPS] bebas [CAPS] dari banjir. [REPPUNC] :clapping_hands: :clapping_hands: :clapping_hands: :clapping_hands: Berenang [ELONG] kita [ELONG] :grinning_face_with_sweat: <hashtag> <link>,1
Dewan oon amat ya. [REPPUNC] memalukan partai sendiri ampoun [ELONG] <username> <link>,0
<username> Iya lah wkwk. Pak bambang kemaren ngomong as pejabat di bnsp [CAPS] doi,0
Gubernur pembohong [CAPS]. [REPPUNC] gunernur [CAPS] yang paling benar BOHONG'nya. ! [REPPUNC] <hashtag>,1
<username> Sukses selalu pak jokowi dan bpk serta keluarga dlm lindungan Tuhan ymk [CAPS] dlm menjalankan umroh dan terimakas… <link>,0
02 efek efek buruk & efek negatif bagi bangsa dan negara <hashtag>,0
Ngaku negarawan tapi ngga legowo menerima kekalahan Pemicu kerusuhan pula yang baegini mau jadi Presiden,0
Musyawarah internal sembilan hakim mk [CAPS] akan mendapatkan dan menghasilkan putusan yang seadil-adilnya untuk kepentingan bangsa negara dan rakyat. <hashtag>,0
Istana Presiden Kebanjiran Luar biasa.. [ELONG] Janji kampanye <username> sudah terealisasi. Sediakan kolam untuk warga Jakarta.! <hashtag> ! [REPPUNC],1
<username> Kabar gembira kawan jangan pesimis ! [REPPUNC] Ekonomi akan meroket tahun 2021 ! [REPPUNC] Tapi kabar buruk nya yang ngomong pembohong ! [REPPUNC] <hashtag>,1
akhirnya terungkap ya mas [ELONG] [CAPS] fatah [CAPS] jangan [ELONG] nangis anak laki harus berkuasa wkwk <hashtag> ! [REPPUNC],1
"andre telah berhasil menorehkan namanya utk dikenang selamanya, andre mana? itu andre psk ðÿ :trade_mark: ˆðÿ :trade_mark: ˆ <hashtag>",1
Keren gubernurnya Jakarta menjadi lautan ! [REPPUNC] salam seiman <username> Bawesdan,1
plus62 hebat [ELONG] [CAPS] <hashtag> ! [REPPUNC],1
Tidak bosannya <hashtag> dibuat <hashtag>. [REPPUNC] Gerombolan mereka saling mendukung dg cara naif yakni kebohongan. Nangis2 agar hati petani panas dan marah. Petani org2 kecil dieksploitasi demi nafsu berkuasa.,0
Welcome to [CAPS] Indonesia yang mana [CAPS] rata2 warganya [ELONG] hobi banget ngurusin selangkangan [ELONG] orang lain ! [REPPUNC],1
Kita harusnya memilih pemimpin yang cakap dan memiliki jiwa yang matang. Secara rasional dan logis kita baiknya memilih juga pemimpin yang berpengalaman. <hashtag>,0
<username> Sesuai pembelaan ulama 212 diskotik itu sudah [CAPS] sesuai nilai nilai agama.. nb [CAPS] tersedia [ELONG] bidadari buat kaum monaslim [CAPS] :grinning_face_with_big_eyes: :rolling_on_the_floor_laughing: :rolling_on_the_floor_laughing: ! [REPPUNC],1
Mari bersama kita jaga keamanan di bumi cenderawasih <hashtag> <link>,0
Selamat ulang tahun bagi negara khusus [CAPS] islam [CAPS] Indonesia. Semoga ke depannya bisa semakin menyudutkan rakyat non-muslim,1
Minta maaf sih bagus tapi tanpa ada pernyataan bahwa salah ngambil data jadi percuma karena malah jadi memperjelas motivasi cuitannya. Another great lesson learned for millenials,1
<username> Welcome to indonesia dimana orang [ELONG] bakal [CAPS] buang otak demi [ELONG] [CAPS] pemes ! [REPPUNC],1
Keberhasilan <hashtag> di bidang teknologi bikin Jokowi yakin dia bisa terapkan standar pendidikan yg sama bgi 300rb sekolah & 50jt pelajar indonesia (Kompas 25/10) <hashtag>,0
<username> Pak jokowi harusnya minta maaf lah karena kasus kemanusiaan di wamena kebakaran hutan di kalimantan dan sumatera. Tidak ada ada satupun agama yg mengajarkan radikal tolong anda ralat mengatakan islam radikal ade armando ! Jangan anda salahkan agamanya ! <hashtag>,0
Jakarta lebih [CAPS] keren [CAPS] kameranya selalu ngikutin Anies. [REPPUNC] [EMOTICON] [EMOTICON] [EMOTICON] [EMOTICON],1
kamaren mngatakan antek aseng skarang malah heppy2 sama orang [ELONG] asing plinpan bgt sihh om [ELONG] g malu apa dgn perkataan sendiri. [REPPUNC],1
Alhamdulillah diskotik Syarie colosseum [CAPS] (Kulsum) semoga [CAPS] Jakarta makin barokah dan bersyari\'ah. [REPPUNC] Untuk LastCar beib [ELONG] <username> ada bonus khusus. [REPPUNC] Latihan dapet bidadari. [REPPUNC],1
<username> please jangan ada yang banding2in hasil badminton sama sepakbola [CAPS] kita [CAPS] jangan. [REPPUNC] tidak level [ELONG] hahaha,1
Tak tahu malu ditegur dengan cara halus masih saja punya akal bulus !,0
Idham Aziz Disetujui dpr [CAPS] Jadi Kapolri <link> <link>,0
Assyem [ELONG]. [REPPUNC] Luar biasa ini presiden. Coba kalo [ELONG] ini acaranya [ELONG] ada berjabat negara. Sudah ampruk ini di <username> :zany_face: <hashtag>,1
wow damai banget ya ! [REPPUNC] <hashtag>,1
Saya curiga Mendikbud Nadim mendapat tekanan dari banyak pihak terutama yang terlibat dan mendapatkan keuntungan dari Ujian Nasional ini kata Ramli <hashtag> <link>,0
<username> Biasanya orang pinter itu suka minter-minterin. Atau jangan-jangan lagi belajar cara mempengaruhi orang saat debat dgn cara membuyarkan lawan bicara dgn tdk memberi kesempatan lawan berbicara.,0
<username> Bayangin aku yang belum diving dari seminggu lebih yang lalu. Dikit lagi keseret ombak terus diculik Nyi Roro Kidul.,0
<username> paling ntar muncul nama baru dgn system yg sama. kebiasaan tinggal ganti nama ga pny inovasi. <hashtag>,0
goblok [CAPS] bgt [CAPS] knpsi [CAPS] ! [REPPUNC],0
Luar biasa jakarta berkahnya tidak abis2. Semoga berkah terus setiap hari. <hashtag>,1
Gampang kok ngukur Nasionalisme mereka dari tweet dan tagar sudah kelihatan-kan mereka pakai produk impor. [REPPUNC],0
Bani kadrun bilang [ELONG] banjir tuh berkah makanya saat banjir datang toa nya [CAPS] mingkem bae <hashtag> ! [REPPUNC],1
Kasus [ELONG] Novel Baswedan sudah mengalami [CAPS] kemajuan Krik. [REPPUNC] Krik. [REPPUNC] Krik. [REPPUNC] Dah setahun lebih tidak ada perkembangan apa [CAPS] pun ! <hashtag> ! [REPPUNC],1
mari bersama-sama kami deklarasikan Kota Manokwari polos saat mengawal persediaan zat asam di tempat <hashtag> <link>,0
Nanya lapangan kerja kurang mulu tapi kualitas diri sendiri kurang sekolah ogah ogahan suruh daftar kerja banyak alesan suruh bikin usaha malah sibuk ngopi sambil ketawa ketiwi.,1
Alhamdulillah gubernur nya bukan dia (ahok) ngomongan saja tidak dijaga omongannya amburadul apalagi kerja nya. gubernur [CAPS] bapak [CAPS] anies top ! [REPPUNC],1
Terimakasih atas pengkhianatan ini [ELONG] Terimakasih atas antipati perjuangan [ELONG] kami Terimakasih atas tidak didengarnya aspirasi kami Saatnyaa. [REPPUNC] <hashtag>,1
Jos [ELONG] bin mantul.. janji bapak Anies Baswedan menyediakan [CAPS] kolam [ELONG] untuk warga ibu kota Jakarta sudah terBUKTI. [REPPUNC],1
Bagus [ELONG] sih. [REPPUNC] Jadi tingkat kemiskinan di Indonesia menurun tapi bukan karena menjadi sederhana atau kaya tapi mati [CAPS] <hashtag>. [REPPUNC],1
kami [CAPS] tidak membayar [CAPS] karena [CAPS] keadilan [CAPS] itu [CAPS] tidak ternilai [CAPS] harganya [CAPS]. dan [CAPS] mereka [CAPS] bisa [CAPS] membeli [CAPS] sesuatu [CAPS] yang [CAPS] dianggap [CAPS] murahan [CAPS] ! paham [CAPS] !,1
<username> Ish [ELONG] ish [ELONG] rasisnya kampungan kali,0
<username> Kabar gembira kawan jangan pesimis ! [REPPUNC] Ekonomi akan meroket tahun 2021 ! [REPPUNC] Tapi kabar buruk nya [CAPS] yang ngomong pembohong [CAPS] ! [REPPUNC] <hashtag>. [REPPUNC],1
<username> Perpres no 75 tahun 2019 telah ditandatangani secara resmi iuran bpjs [CAPS] naik 1 Januari 2020 bukakah bpjs [CAPS] devisit akibat over kuota yg gratis krn sesuai uu hanya rakyat miskin sebayak 9 6% atau 25-30 orang yang berhak menerima bukan 96 6juta orang atau 35%.,0
Makin horror nih negara <hashtag> <link>,0
Perdana Menteri Australia dan Pemimpin Oposisi sibuk kampanye dalam hal isu kesehatan. Mereka main data dan fokus pada peningkatan pelayanan terbaik untuk warga. Siapapun yang kelak terpilih yang menang adalah seluruh warga Australia; bukan hanya 'kecebong' dan 'kampret' [EMOTICON],1
kepala lu gundul.. dasar setan gundul.. wowok aja suruh mundur dr nkri [CAPS].. pergi ke yaman aja <hashtag>,0
terbaik [CAPS] memang [CAPS] kemenag [CAPS] indonesia [CAPS]. [REPPUNC] <hashtag> <link>,0
<username> <hashtag>. [REPPUNC] thank s mom engkau lah srikandi dan kartini masa kini. [REPPUNC] karya dan kerjaMu di kkp [CAPS] sungguh luarbiasa..semoga allah swt tuhan yg maha esa selalu memberikan kesehatan kepada ibu <username>. [REPPUNC],0
<username> Setuju. [REPPUNC] saya dukung 100 % dok. [REPPUNC],0
Kamu memang goblok fel jangan sering sering main <username>,0
Kita Dukung ! <hashtag>,1
<hashtag> adil.. andaikan tdk jujur meugikan diri sendiri lurr.. kesel.e ra umum malah disalah2nee,0
<username> Jubir bapak hanya sekelas ini pak,0
Kalo kalian pada ngerti ya Presiden <username> juga masuk dalam 500 Muslim paling berpengaruh di dunia versi Royal Is <link>,0
Bukti Sikap Mulia kalian2 yang bikin onar tukang hoax fitnah aparat belum sadarkah kalian? tidak malukah kalian? terutama Amien Rais <hashtag>-YutLipu-TaLapan added bareskrim [CAPS] polri [CAPS],1
Selamat untuk Bapak Jokowi :smiling_face_with_smiling_eyes: semoga selalu dilimpahkan rahmat dan petunjuk dari allah [CAPS] dalam mewujudkan indonesia [CAPS] menjadi lebih baik dan semoga amanah dalam bertugas :folded_hands: <hashtag>,0
bahaya deh kalo ada center hoax.. Masyarakat yang pintar jangan sampai kena isue2 bodoh ya.. <hashtag>,0
dia kira masyarakat akan beriktikad pd hoax center di mana pencipta sekaligus merangkap menjadi penangkal hoax ! [REPPUNC],1
<hashtag> Generasi penerus harus lebih dioptimalkan dalam pendidikan mental spiritual yang positif..agar kelak lebih mengutamakan kebaikan.. kejujuran.. keadilan.,0
mk [CAPS] menolak mereka anggap gak adil nanti dibawah ke mahkamah internasional ditolak lg dianggap gak adil nanti mereka gugat ke Tuhan mereka anggap Tuhan gak adil juga kayaknya.,0
tkn [CAPS] & bpn [CAPS] Sepakat <hashtag> Mari bersatu kembali setelah Pilpres,0
Alhamdulillah kemenangan itu anugrah dari Allah. Semoga amanah ya pak. [REPPUNC] <hashtag>,0
Itu lebih cocok <hashtag> Dia cocoknya sebagai kepala rumah tangga karena sering kagetan..,1
Terima [ELONG] kasih [CAPS] pak [ELONG] [CAPS] <username> <hashtag> ! [REPPUNC],1
<username> Mungkin kmarenan dikira abok lem bang ibon :face_with_tears_of_joy: :face_with_tears_of_joy: :face_blowing_a_kiss:,0
Terima kasih kepada Google Translate. Teman setia ngarang-ngarangku. Uwuwuw.,0
namun takut kritikan yang abid didengungkan prabohong tidak pernah punya asal usul yg jelas alias tak berdata ! [REPPUNC],1
<username> block aja sih bangsad ! aduh [CAPS] ah [CAPS] ajg [CAPS] ! [REPPUNC] lemah [CAPS] lo [CAPS] kalo [CAPS] mslh [CAPS] move [CAPS] on [CAPS] begini [CAPS] ! [REPPUNC] udh tau dia begitu ngapa jdi masukin dia lg ke hati lo ! [REPPUNC] gila [CAPS] anjir [CAPS] ! [REPPUNC] tolol bego. kecewa gw sm hati lo bkn li nya tp masa hati lo selemah itu anjing. bersikap [CAPS] dingin [CAPS] se [CAPS],0
<username> Peraturan allah hanya berlaku di negara [CAPS] allah. Disini berlaku peraturan Nyi Roro Kidul ! [REPPUNC],1
<username> Welcome to Indonesia. Presiden wakil presiden. dpr. [CAPS] Dan para menteri. Hobi.nya main sandiwara. Mereka yang bikin [ELONG] mereka pula [ELONG] yang gaduh ! [REPPUNC],1
<username> Paling bacaannya seword,0
<username> please jangan ada yang banding2in hasil badminton sama sepakbola kita jangan. [REPPUNC] tidak level hahaha,1
<username> terus bawa² Agama nya [CAPS] ya [CAPS] seferti Mubahala nda ingat twit yang dulu tentang Jualan Agama nya ya [EMOTICON] ! [REPPUNC],1
<username> Anda bisa apa tom. [REPPUNC],0
"Selamat untuk pak <username> yg sdh melewati rekor banjir dibulan Januari sebanyak tiga kali dgn membuat banjir dibulan Februari sdh sebanyak empat kali. Pertahankan dibulan depan pak kalo [CAPS] bisa sih melewati juga. Doa gubernur Soleh memang hebat, salut saya.Wajah dengan air mata bahagia <hashtag> ! [REPPUNC]",1
<username> Hahahaha. [REPPUNC] Kasih arahan ! [REPPUNC] Bisa aja mimpi jadi mendagri Om Tomp?,0
Dari bungkus <username> bersetuju dewan menteri <username> | bengkarung padang luas makin masalah merusak Negara Kesatuan Republik Indonesia mencupaikan parakuat khilafah isis [CAPS] mereka <hashtag>,0
Bilangnya Cinta Indonesia tapi tiap disisipin trip ke museum atau sanggar budaya daerah minta diskip. gmn [CAPS] bs cinta kalau tidak kenal ! [REPPUNC],1
solak atau tidak solak [ELONG] bapaknya <username> yang harus bertanggung [ELONG] [CAPS] jawab dari semua ini ! [REPPUNC],1
Temenku ibadah jam 16.00 15.47 dia masih ghibahin orang lain Habis dia ghibah langsung minta ampunn tolol emang :rolling_on_the_floor_laughing: :rolling_on_the_floor_laughing: :rolling_on_the_floor_laughing:,0
<username> Maksudnya gimana ini? Bukannya realita itu kumpulan fakta? Lha kalau sudah berdasar realita ya berarti bertumpu pada banyak fakta. Berdasar realita tapi ndak sesuai fakta? Uopoh. :thinking_face:,0
Pengumuman ! [REPPUNC] Running Text Offline kena retas. [REPPUNC] pasti ini kerjaan Sanusi <hashtag>,0
kasian anak jaman sekarang karena ingin menunjukan sesuatu yang dia punya rela melakukan apa aja. Kayak kasus si gundik ya kan ! [REPPUNC] <hashtag>,0
Katanya bukan negara Islam tapi kok [ELONG] makai dana-dana umat [ELONG] Islam ! [REPPUNC],1
Hanya orang bodoh yang menganggap celana cingkrang identik dengan radikal ada bbrp pertimbangan orang milih celana cingkrang Salah satunya spy tdk gampang terkena najis so dia dpt sholat dgn busana yg sama tnp khawatir apa pakaiannya terkena najis atau tdk <hashtag>,0
kenapa korea selatan sekarang menjadi sistem pendidikan terbaik didunia ? Karena [ELONG] tidak ada netizen indonesia <hashtag> ! [REPPUNC],1
<username> Sontoloyo ternyata Saya jg di unfoll sama nih artis pendatang baru :grinning_face:,0
Semoga pihak sebelah make [CAPS] akal sehat dan sadar [CAPS] diri [CAPS].. <hashtag> ! [REPPUNC],1
<username> Amanah ya pak <hashtag>,0
Gara-gara ada yang posting foto pintu mall sepi saat menjelang lebaran seorang manajer marketing mall tersebut dipecat <hashtag>,0
Salah satu alasan kenapa kekuasaan Jokowi harus diakhiri adalah buzzernya yang tak segan memfitnah merusak keluarga orang. Berlindung di balik akun anonim dan kekuasaan yang menghalalkan segala cara. Bila Jokowi menang mereka akan makin pongah.,0
Prestasi hari ini adalah ke cbd [CAPS].,0
Ya begitulah negara [ELONG] yang kaya akan budaya.budaya yang membesar-besarkan nilai negatif tanpa menoleh [ELONG] nilai positif <hashtag> <link> ! [REPPUNC],1
<username> kalau yg ini disebut apa ! [REPPUNC] Anies masih mendingan dia datang belakangan jkw [CAPS] udh dr 6 thn lalu bo ! <link>,0
<username> Kalo gak tolol [CAPS] bukan kadrun [CAPS] namanya,0
<username> bpjs [CAPS] naek 100% Kumaha Iyeu ?,0
<username> kamu [CAPS] anjing [CAPS] bangsat [CAPS] tai [CAPS] bego [CAPS] tolol [CAPS] gila [CAPS] monyet [CAPS],0
<username> jadi presiden 2 priode..? Alamat kegaduhan ini akan berlanjut.. Mereka takan sudi negara ini maju di tangan jkw.. Contoh Pembangunan lrt [CAPS] Dulu ada kecelakaan Mereka kompak caci maki jkw Saat lrt [CAPS] sukses beroperasi.. Mereka hilangkan jasanya. <hashtag>,0
Beasiswa untuk Indonesia Maju. <hashtag> <link>,0
<username> Tompi anda ini siapa sih? Rasanya kebencian anda ke Anies sdh menghilangkan nalar anda. Gelar dokter anda tdk membuat anda lebih bermoral Tompi. Anda tdk lebih penghamba Ahok yg terbutakan mata hatinya.,0
wow. [REPPUNC] ! [REPPUNC] di [CAPS] canberra. [REPPUNC] pidato pakai [CAPS] bahasa indonesia.. ! [REPPUNC] nasionalis banget bapak. [REPPUNC] ! [REPPUNC] sia-sia toefl [CAPS] saya. [REPPUNC] ! [REPPUNC] <hashtag>,1
<hashtag> baru tahu [ELONG] [CAPS] aslinya dia lupa pemerintah sudah mensuport untuk kemudahan bisnisnya tapi [ELONG] omong kosong menunjukan kwalitas dr owner bl [CAPS].,1
<username> Sangat mulia sekali pemerintah [ELONG] [CAPS] untuk semua masyarakat pindah fakultas [ELONG] tata boga biar [CAPS] pada bisa bikin ciloq ! [REPPUNC],1
<username> pejabat apa saya kan satpam,0
Tidak ada handphone yang recommended bagi jomblo sebagus apapun handphonenya kalo ngga ada yang nge chat ya percuma goblk <hashtag>,0
Bagus sih. [REPPUNC] Jadi tingkat [ELONG] kemiskinan di [CAPS] Indonesia menurun tapi bukan karena menjadi sederhana atau [ELONG] kaya tapi mati [CAPS] <hashtag>,1
<username> Tolol ih anjung,0
dengan tidak mengurangi rasa hormat saya kepada [ELONG] bapak prabowo saya minta usul bapak kalau mau sholat [ELONG] [CAPS] jumat gausah di sebar pakai pamflet juga kali. kan ini bukan promosi potongan harga bapak ! [REPPUNC],1
Wis pakde [ELONG] rasah ngoyo2 kerjanya. [REPPUNC] yang hobby nyanyi ma mangkrak kanan kiri ja bisa 2 periode [EMOTICON] [EMOTICON] [EMOTICON] ! [REPPUNC],1
Ya elah g masalah ini keinginan rakyat yg di curangi bukan ke inginan <username>,0
Terima [ELONG] kasih bapak <username> sudah [ELONG] menunaikan janjinya. [REPPUNC] <hashtag> ! [REPPUNC],1
Terimakasih bapak [CAPS] Anies Baswedan. Kini kantor ku punya kolam renang huaAaAh [ELONG] senangnya,1
Alhamdulillah Aku semakin mantab pilih 01. Aku tuh sbnrnya pengin banget ngelayat tapi gimana dong kalau orgnya blm mati <hashtag>,1
anies [ELONG] [CAPS] kereen [ELONG] [CAPS]. [REPPUNC] Kontras Diskotek Colosseum Pernah Digerebek [ELONG] bnn [CAPS] Kini Diganjar penghargaan [CAPS] <hashtag> Fpi kejang2 Gnpf Wellcome ! [REPPUNC],1
Kayanya jalan-jalan bawa bendera isis [CAPS] seru nih. Soalnya kalau bawa atribut pki [CAPS] bisa dihajar.,1
"wow. [REPPUNC] ! [REPPUNC] di canberra. [REPPUNC] pidato pakai [ELONG] bahasa [ELONG] indonesia..ðÿ˜³ chauvinis banget [CAPS] bapak. [REPPUNC] ðÿ¤"" sia-sia toefl sy. [REPPUNC] ðÿ˜"" <hashtag>",1
<username> kan pengusung utama wan aibon <username> moso ga dibelain seh. [REPPUNC] :face_with_tears_of_joy: <link>,0
<username> Mereka mah selalu benar Kang <hashtag>,0
Ini indonesia [CAPS] tercinta ku. [REPPUNC] Kalau khilafah dan kadrun monggo [CAPS] buat negara sendiri sana. [REPPUNC] Berjasa engga [ELONG] buat negara ngerecokin iya.. kadal ! [REPPUNC] <hashtag> ! [REPPUNC],1
<hashtag> pr [CAPS] Nadiem sngt berat.. <username> <link>,0
:rabbit_face: -mending lu langsung cancel. -selamat engga kena macam-macam sarkasme iya -naik motor serasa cobaan dari yang kuasa -suka kabur dari polisi -suka banget ngerjain yg pesan -kalau kamu udah kepepet ngebut=+5k Hadeeh pake gojek gini mah murah lu dh miskin mintanya cepat pula <link>,0
Welcome to indonesia yang dmn pelaku pembullyan dibela pelaku pemerkosa ditutup identitasnya dan korban pemerkosannya disalahkan dr segala sudut pandang ! [REPPUNC],1
<username> <hashtag> Masak aku mesti ngomong hankam gitu sih,0
Ak sudah lelah menyelami isi hatimu saatnya aku menyelami pantai selatan bersama nyi roro kidul.,0
Huuh dasar payah ! [REPPUNC] Beraninya cuma kasih harapan gak berani buat buktikan !,0
Luar biasa ini lah <hashtag> 2020.. Warga jekardah khusus yang Pe'a pasti Heppi krn kecimplung berkah terus.. <hashtag>,1
rajin banget tu orng bikin status ajg [CAPS] kesel saya yang disasar juga tidak peka tolol [CAPS] hshshshshshsh. [REPPUNC],1
Agama itu bukan politik dan bukan landasan untuk [CAPS] berperang [CAPS] bukan [CAPS] agamanya [CAPS] yang [CAPS] salah [CAPS] tapi [CAPS] orangnya [CAPS] <hashtag>,1
<hashtag> Hi..hi.. sejak kapan jkw ada di playstore/app store ! [REPPUNC],0
Wow mantap sekali Bu kalau begitu naikkan lagi saja Bu iuran bpjs [CAPS] nya 3x lipat.,1
<username> woi bapak kolam ! belajar dulu bahasa indonesia yg baik dan benar sblm belajar filsuf baru kamu mengerti kata dungu itu adalah kata dasar !,0
Anies Sebut e-Budgeting Tidak Smart Ahok: Itu Baik Kalau Nggak Niat Maling <link> <hashtag>,0
<hashtag> Kedatangan mereka ke Istana dalam rangka mengikuti proses wawancara dengan Presiden Jokowi untuk dijadikan Wakil Menteri di Kabinet Indonesia Maju. <link>,0
"andre telah berhasil [ELONG] menorehkan namanya utk dikenang selamanya, andre [ELONG] mana? itu andre psk ðÿ :trade_mark: ˆðÿ :trade_mark: ˆ <hashtag> ! [REPPUNC]",1
"<username> ga perlu Bacot lagi sekarang, rekornya sebagai gubernur pengundang banjir sudah ga bisa dipecahkan oleh orang lain. Gitu ya <username> kira2 kehebatan sohibmu itu [ELONG] JempolanSimbol tepuk tangan <hashtag> ! [REPPUNC]",1
<username> Sangat mulia sekali [CAPS] pemerintah untuk semua masyarakat pindah fakultas tata boga biar pada [ELONG] bisa bikin ciloq ! [REPPUNC],1
budayakan [ELONG] membaca isi berita [CAPS] nya [CAPS] bong.. jangan asal komen ! [REPPUNC] goblok di piara ! [REPPUNC],1
<username> <hashtag> saya taulah [CAPS] siapa [CAPS] yang suka [ELONG] [CAPS] teriak2 [CAPS] saya [CAPS] nkri [CAPS] saya [CAPS] pancasila [CAPS] tapi [CAPS] semua [CAPS] dijualin [CAPS] dan [CAPS] mau [ELONG] [CAPS] saja jadi [CAPS] jongos [CAPS] cina [CAPS] ! [REPPUNC],1
<username> <link> urus yang kecil dulu bro :zany_face: :zany_face: :zany_face:,0
<username> manusia kok ingin jadi iblis goblok,0
Terima kasih <username> sudah membuat orang sakit sekarang semakin sengsara.. Cc <username> <hashtag>,1
Dasar otak udang <hashtag> wakil rakyat kok ga punya sopan santun sm Kiai <hashtag>,0
Terima kasih [ELONG] bapak <username> sudah [CAPS] menunaikan janjinya [CAPS]. [REPPUNC] <hashtag> ! [REPPUNC],1
Sudah Kudugem. [REPPUNC] ! [REPPUNC] :thinking_face: :thinking_face: - <hashtag> <link>,0
<username> Gak cocok jadi wanita Sosialita kita tuh :relieved_face:,0
<username> Bang tompi meutuah. [REPPUNC] Sisanya jgan lupa di masukin ke youtube juga ya transJkt yg trbengkalai sumber waras..dan kerja 5 tahun jokowi lalu. Biar jdi manusia yg berguna Untuk bangsa n negara.. Bek karena saket hatee. [REPPUNC] ! [REPPUNC] <link>,0
<username> Semoga Bapak selalu sehat sehat saja sehingga dapat menjalankan Tugas Negara dan beribadah dengan khusyuk.Amin.,0
Terima kasih [CAPS] <hashtag> terbaik [ELONG] <username> mobil jadi <hashtag> ! [REPPUNC],1
<username> Ingat loh.. jas itu pakaian orang eropa. [REPPUNC] ingat,0
mataram [CAPS] tolak [CAPS] neno [CAPS] 2014 Mataram ntb [CAPS] adalah Basis Massa Klowor Alhamdulillah Mataram skrang Sadar Bahwa <hashtag> Dan tinggalkan <hashtag>,0
<username> Kerasukan nyi roro kidul,0
goblok ! <link>,0
Kl aku jd horang kayah kan kubeli 1 pulau terpencil khusus [CAPS] buat [CAPS] habitat [CAPS] kadrun [CAPS] ! Biarin dah kl disana mrk mau dirikan khilafah atau mau saling bunuh2an gak urus dah. Drpd ngerecokin terus di nkri [CAPS] mengganggu kedamaian warga yg lain <hashtag>,0
Darah itu merah jendral ! Kini perkataan mu dahulu telah terbunuh oleh pertemuan [ELONG] hari ini [ELONG] ! <hashtag> ! [REPPUNC],1
<username> bapak Anies makasi kado taon barunya akhirnya Jakarta banjir lagi. 2th lebih menjabat prestasi anda luar binasa [ELONG]. [REPPUNC],1
<hashtag> mereka dg mudah mengatasnamakan dan menjual ayat untuk mengerahkan massa dan membelanya. Korban yang berjatuhan diframing sebagai korban aparat. Miris sekali,0
Terimakasih wan abud <username> Berkat anda ane bisa mancing ikan mas dari depan pager [CAPS] rumah.. <hashtag>,1
Bagaimanakah status Kepesertaan bpjs [CAPS] Ketenagakerjaan untuk karyawan yang sudah memasuki usia pensiun namun tetap bekerja? Hubungi kami di <link> atau +62 21 750 2345. <hashtag>,0
Alhamdulillah [ELONG] air berkah kalau banjir begini anies tidak akan nongol kalau sudah habis [CAPS] baru muncul lalu pengikut sampahnya teriak solusi anies,1
Welcome to Indonesia dimana masker jadi mangsa cari uang. Cari masker sensi 170/box butuh 10 [ELONG] <hashtag>,1
semua [CAPS] politisi sepertinya sama [CAPS] saja. Sama-sama cari kepentingan ! [REPPUNC],1
Hari ini akan tercatat dalam sejarah bahwa ada seseorang yang telah berulang kali mencalonkan diri dan selalu gagal untuk menjadi The Presiden <hashtag>,1
<username> Tukang kerok kan ada. [REPPUNC] nih. :backhand_index_pointing_right: <username> :face_savoring_food:,0
ooh ternyata si hercules sang provokator rusuh semalam <hashtag>,0
vooting seluruh wni [CAPS] pasti menang bapak menteri daripada kadal kebon,1
Terkutuk kau <hashtag>,0
<hashtag> tagar yang menghantam mu bang <username>,0
<username> Rapatkan barisan satukan tekad demi Indonesia Damai. <hashtag>,0
<username> Hallo para wanita sosialita,0
Pdkng jenderal kardus n jenderal baper kampret ngak malu bahas hutang lah sang jenderal sj byk hutang pribadi kengr kok ngak pd ngaca sih ya pdkngnya duh tolol banget bahkan ktnya karyawannya sj blm digaji kok mlh mau mensejahterakan buruh ktnya ngakak guling2 <hashtag>,0
Mengaku salah itu jarang diterapkan pada sebagian orang.Padahal jujur itu gak bayar.. Malah mendatangkan kebaikan.,0
ternyata setelah cari konfirmasi video si <hashtag> dipotong. berbijaklah dalam menerima informasi.,0
Di dalam call center pusat hoax sebaiknya kubu 02 <hashtag> seharusnya untuk lebih fokus membuat program kerja dan memberikan hal positif bukan nya menebar hoax yang aneh dan tidak jelas fakt nya?' 1 ! [REPPUNC],1
Alhamdulillah diskotik Syarie Colosseum (Kulsum) semoga Jakarta makin barokah dan bersyari\'ah. [REPPUNC] Untuk LastCar beib <username> ada bonus khusus. [REPPUNC] Latihan dapet bidadari. [REPPUNC],1
Assyem [ELONG]. [REPPUNC] Luar biasa ini presiden. Coba kalo ini acaranya ada berjabat negara. Sudah ampruk ini di <username> :zany_face: <hashtag>,1
<username> Yg mundur si Zon kabinet akan terus maju. Kalau si Zon kan mulut nya yg maju.,0
<username> partai anti korupsi ya? wkwkwkwk. tai kucing berbau busuk,1
Selamat siang [CAPS] prof. [REPPUNC] dungu <hashtag>. [REPPUNC] <hashtag> ! [REPPUNC],1
<username> Hehe maap ya.besok pg gimana,0
intinya [CAPS] Jokowi menguasai masalah Prabowo menguasai lahan [CAPS] Prabowo salah [CAPS] besar [CAPS] soal Infrastruktur <hashtag>,0
Anies memang mantab setelah mengatakan kaki [ELONG] sebagai alat transportasi sekarang memberi contoh tangan sebagai pengganti sekop n cangkul. [REPPUNC] lanjutkan bapak jadi anggota ppsu [CAPS] ! [REPPUNC],1
Masa anis goblok [CAPS] gak mungkin lahh. [REPPUNC] kalu tukang bohong [ELONG] iyaaIsyarat okeTertawa berguling di lantaiTertawa berguling di lantai <hashtag> ! [REPPUNC],1
Barang bukti rencana <hashtag> Gerindra bikin <hashtag> ala <hashtag>,0
Katanya bukan negara Islam tapi kok makai dana-dana umat Islam.?,1
Kawan kawan [CAPS] disarankan stop bantu gerakan jod [CAPS]. tidak selamanya berniat baik hasilnya baik. Apalagi gerakannya dipenuhi [ELONG] orang-orang pinter semua [ELONG]. Mending urus daerah masing-masing saja. Kata solidaritas hapus saja dari kbbi [CAPS] ! [REPPUNC],1
<username> pintar [CAPS] banget sih [ELONG] fnc Pintar bikin dompet [CAPS] ini kempes [EMOTICON] ! [REPPUNC],1
jangan salah paham. diskotik yang [ELONG] diberi penghargaan sama gubernur pilihan umat itu minumannya air zamzam cemilannya kurma ikhwan dan akhwat [ELONG] jogetnya dipisah.jogetnya pun harus joget unta..syariah beud pokoknya,1
Kita jangan mau dipecah belah oleh org2 yg punya agenda politik busuk ! Skrg saatnya kembali damai & saling merangkul. merdeka [CAPS] ! <hashtag>,0
<username> Mantul pade,0
Wht anda bilang cukup 3 tahun membangun perekonomian. Ngibul ih <hashtag>,1
Waspada hoax banyak bertebaran di Pilpres 2019. Kampret kampret yang menyebarkan banyak hoax yang bikin gaduh [CAPS] netizen ! [REPPUNC],1
Gak ngebayang tuh parabongs kalau jokowi berbaik hubungan dgn Anies kembali. Bisa makin kalap tuh parabongs. Partaipun jadi tambah sontoloyo. <link>,0
dpr [CAPS] indonesia [CAPS] ! [REPPUNC] <hashtag>,0
smg ak baik2 saja dikos ini sendirian tolol bgt njir gapernah takut sm kos sendiri :slightly_smiling_face:,0
sunguh [ELONG] brani [CAPS] bung <username> ini menghina ulama ngaca boss anda siapa ? anda sudah benar apa blm..,1
<username> Peraturan allah [ELONG] hanya berlaku [ELONG] di negara allah. Disini berlaku peraturan Nyi roro [CAPS] Kidul ! [REPPUNC],1
Lah. [REPPUNC] ada yang bilang [ELONG] tiap rupiah melemah Rp100 kita dapat Rp1 7 trilun. sudah berapa ratus [CAPS] rupiah melemah tingglal dikalikan saja bapak lumayan sudah [ELONG] bisa buat nombokin pln [CAPS] yang rugi ! [REPPUNC],1
Jakarta Banjir Lagi dampak penebangan190 pohon di Monas akibatkan jalan Merdeka Barat pintu masuk Monas banjir [CAPS] 25cm an <hashtag>,0
Jos [ELONG] bin mantul.. janji bapak Anies [ELONG] Baswedan menyediakan kolam untuk warga ibu kota Jakarta sudah terbukti [CAPS] ! [REPPUNC],1
Partai Allah Nasion lagi ngajari anak2 tawuran ! [REPPUNC],1
Mas <hashtag> gini lho ribetnya urus pangkat dosen di kemendikbud ibarat mau bersaing dengan Tim F1 negara sebelah namun pembalapnya suruh pasang roda dan isi bensin sendiri di fitstop cc <username> <link>,0
Trending topic tentang tangkap menangkap ada tangkap prabowo ada <hashtag> ada <hashtag> ada <hashtag> Tangkap kriminalisasi pada novel baswedan kapan ne :face_with_tears_of_joy: :face_with_tears_of_joy:,0
Ibadah <hashtag> gak melulu soal pasangan suami istri kan. [REPPUNC] Kasian temen2 gw yg belom nikah. [REPPUNC] termasuk aku :grinning_face_with_sweat: :grinning_face_with_sweat: :grinning_face_with_sweat: Bisanya cuman ngumpul bahas game film dan ceue2 tetangga. [REPPUNC],0
Ngopi dulu yah biar kek sosialita. <link>,0
Bau baunya jakarta utara bakal ujan nihh,0
<username> Yang mulia <username> notice tidak yaa. Wkwk,1
<username> Otak lu mana otak ! [REPPUNC] <hashtag> di perut,0
Sudah 2 minggu saya kkn [CAPS] dan hampir 2 minggu itu pula sya makan tempe terus2an tidak ada tu tempenya setipis atm. Alay banget pakk melebih lebihkann bangett.,1
<username> Masih juga congkak. [REPPUNC] Walaupun ngemis2 jabatan. [REPPUNC] Malu dong. [REPPUNC] ! [REPPUNC],0
Puisi keren dari anak sd [CAPS]. [REPPUNC] <hashtag> <link>,0
<username> Klo hnya senyum yg ingin bpk lht.. westerling pun tersenyum pak..,0
Kita bersyukur mk [CAPS] telah melaksanakan kewajibannya. Kita bersyukur pidato Pak Prabowo bijak dan bermakna.. Selamat untuk warga Indonesia yg cukup dewasa berdemokrasi..,0
Hasil sangat [CAPS] maksimal bapak <username> saya salut dengan anda karna bisa menenggelamkan Kota dki [CAPS] Jakarta sehingga masyarakat sangat antusias nyari [CAPS] posko² buat ngungsi. <hashtag> ! [REPPUNC],1
Kan ku ingat selalu. [REPPUNC] :musical_notes: Kan ku kenang selalu. [REPPUNC] :musical_notes: Senja indah Senja di Kaimana. [REPPUNC] :musical_notes: :musical_notes: :smiling_face_with_heart-eyes: (lagu : Senja di Kaimana - Alfian) Salam Damai untuk warga papua yaa pakdhe <username> yaa. [REPPUNC] :folded_hands: :smiling_face_with_heart-eyes: :folded_hands: <hashtag> <link>,0
Yg ketangkap jgn taruh dipenjara ikat saja di toproof Bawaslu biar kering <hashtag>,0
Hello November ! Welcoming November rain <hashtag>,0
Fadly Zonk ini semakin lama semakin seperti orang tidak waras. Lihat saja komen2 beliau sdh tidak tentu arahnya.,0
Alhamdulillah terimakasih ya Allah masyarakat melihat siapa kandidat yang berpotensi memalukan [EMOTICON] [EMOTICON] <hashtag>,1
<username> emg lo tolol?,0
Sungguh mulia sekali kader Partai Allah ini [EMOTICON] Setelah bagi2 kursi apalagi? Giveaway tiket surga?,1
bener [ELONG] kamu andi sukmana [CAPS] putra bener bener [ELONG] bodoh !,1
<username> Terima kasih bapak Anies Baswedan cebong [CAPS] mah mana ngarti kalau itu mah hanya aer [CAPS] yang lagi ngantri [CAPS] bukan banjer [CAPS] ! dasar [CAPS] cebong [CAPS] ! [REPPUNC],1
Siapakah Kau dalam puisimu <username> jika itu Mbah Moen maka sembrono sekali,1
dalam kapitalisme dg sistem demokrasinya. [REPPUNC] kebohongan adalah keniscayaan..,0
Semua profesi asal halal dan gak merugikan orang lain itu bagus. Disyukuri saja. Hidup di Indonesia ini kurang apa? Driver gojek aja bisa beli Mini Cooper apalagi dokter. Semangat !,0
<username> mulia [CAPS] sekali [CAPS] suami tersebut rela menjual istrinya dgn [ELONG] harga murah demi memenuhi kebutuhan [ELONG] sehari-hari ! [REPPUNC],1
<username> Anis [ELONG] memang pintar [CAPS] pintar memanfaatkan situasi terlaksana atau tidak [ELONG] itu bukan bagian [CAPS] tanggungjawab nya tinggal ngeles saja. [REPPUNC],1
Luar biasa jakarta berkahnya tidak [ELONG] abis2. Semoga berkah terus setiap hari. <hashtag> ! [REPPUNC],1
ohh ini namanya baper yaa ! [REPPUNC] astaga [ELONG] jadi goblok sendiri ya [ELONG],0
<username> bisa begitu bangga dan hormat kepada Donald Trump tapi dia begitu [CAPS] biadab terhadap ulama kharismatik yang dimuliakan oleh umat [ELONG] Islam ! [REPPUNC],1
kok ada younya lagi sih tolol <link>,0
Gubernur terbaik sejagat raya. [REPPUNC] menangulangi [CAPS] banjir dengan beli [ELONG] [CAPS] toa [CAPS].. ! [REPPUNC] <hashtag>,1
Lihat Kondisi Monas Sekarang.. ! [REPPUNC] Mw bilang semakin Bagus.. ! [REPPUNC] gblk [CAPS] anda jangan kebangetan [ELONG] <hashtag>,1
Lhaa. [REPPUNC] Anies itu 100% lhoo. [REPPUNC] ahli tata [CAPS] kata [CAPS] :thumbs_up_medium_skin_tone: :smirking_face:,1
<username> Musuh di masa depan ?,0
doktrin mencengangkan [ELONG]. takut sama [CAPS] keadaan indonesia saat ini. di liat videonya <hashtag> ! [REPPUNC],1
Bukti Sikap Mulia kalian2 yang bikin onar tukang hoax [ELONG] fitnah aparat belum sadarkah kalian? tidak malukah kalian? terutama [CAPS] Amien Rais <hashtag>-YutLipu-TaLapan added bareskrim [CAPS] polri [CAPS] ! [REPPUNC],1
ada yang lebih seram di malam jumat dari chat mantan yang minta maaf dan menyesal ingin balikan ? <hashtag>,0
<username> Maksa saja jadi pinter kasihan setress tidak berujung yaa ! [REPPUNC] lanjutkan deh,1
Ntah kenapa jadi ikutan kesal Padahal udah di dukung tapi malah nyebarin Hoax. Mohon maaf kita sudah tidak cocok lagi,0
Nanya lapangan kerja kurang mulu tapi [ELONG] kualitas diri sendiri kurang sekolah ogah ogahan suruh daftar kerja banyak alesan suruh bikin usaha malah sibuk ngopi [ELONG] sambil [CAPS] ketawa ketiwi.,1
Ex Menteri kkp [CAPS] terdahulu <username> pernah melarang perdagangan lobster di bawah ukuran 200 gram atau yg berupa benih lobster. Menteri <username> yg baru sodara <username> berencana membuka kembali kran ekspor benih lobster itu. ini sontoloyo [CAPS] namanya :thumbs_down:,0
alhamdulillah [CAPS]. [REPPUNC] ibukota [CAPS] jakarta [ELONG] [CAPS] akhirnya punya [CAPS] prestasi [ELONG] mendunia ! <hashtag>,1
Dan Bandung bagiku bukan hanya masalah geografis lebih jauh dari itu melibatkan kekerasan bersama aparat ketika menggusurku. [REPPUNC] <username> <hashtag>,1
Kalian lihat mereka ini saudara kita semua mereka punya anak istri dan keluarga mereka juga ingin tenang dalam melaksanakan ibadah puasa tapi klian sanggup melakukan tindakan biadab hanya kbodohan kalian serta pmpin yang rakus [CAPS] <hashtag>,0
70% wilayah Indonesia adalah perairan. Kapan impor air? Ngaco. [REPPUNC] Mungkin dia lelah apa yg dimaksud air zam zam <hashtag>,0
selamat [CAPS] datang di Indonesia [ELONG] di mana ucapan tidak suka akan selalu dianggap [CAPS] sebagai [ELONG] menyebar kebencian,1
Kaum terdidik [ELONG] [CAPS] itu harusnya [CAPS] mendidik bukan [ELONG] malah menghardik ! [REPPUNC],1
Katanya [ELONG] Pemuka Agama mana Tawadhu? ngeles [CAPS] tidak [CAPS] ada rasa penyesalan urat malu ! [REPPUNC] (sangat disayangkan ! [REPPUNC] ) <hashtag> ! [REPPUNC],1
terimakasih [CAPS] bapak Gubernur di Tahun baru ini kami wargamu mendapat fasilitas [ELONG] Kolam [ELONG] renang pribadi di teras masing2 ! [REPPUNC] tahik [ELONG] ! [REPPUNC],1
Capres cawapres 01 sebar visi [CAPS] misi [ELONG] dan kerja nyata sedang 02 hanya berita bohong dan [ELONG] fitnah,1
Itu lebih [ELONG] cocok <hashtag> Dia cocoknya sebagai kepala rumah tangga [CAPS] karena sering kagetan ! [REPPUNC],1
Terima kasih bapak Anies. [REPPUNC] Goodbener dah ! pbb [CAPS] rumah Rp. 37 jutaan digratiskeun ! [REPPUNC] Banjir sejam dua jam no [CAPS] problemo [CAPS] ! [REPPUNC],1
Negeri yang kaya akan budaya ini sedang sakit [EMOTICON] pesta demokrasi yang harusnya dirayakan ramai ramai penuh kedamaian malah berujung brutal dan barbar. <hashtag> Mari kita hapus kan kubu 01 dan 02.Kita tegakkan kubu 03 persatuan [CAPS] indonesia [CAPS],1
<username> Ga cocok ente ngomong gitu dul cocok nye ente ngobrol ma <username>. [REPPUNC] cucok bo [ELONG] :beaming_face_with_smiling_eyes:,0
kenapa [CAPS] aku [CAPS] Pintar banget [CAPS] kalau stalkingin [CAPS] orang [CAPS] sih [CAPS]. deuh [CAPS]. [REPPUNC],1
Ngeliat orang-orang yang tweet katanya makan babi sifatnya kayak babi saya terharu. Karna kalian [ELONG] gua yakin [ELONG] kalau gua Pintar. Ternyata saya Pintar yaampun ! [REPPUNC] Ternyata otak saya masih bisa diselamatkan. <hashtag>,1
Pergi lu gua udah strowberry mangga apel sorry gak lepel <hashtag> <link>,0
<username> Bisa sedikit saja membayangkan: anggaran 2019 kemarin berarti ga mungkin ga ada salah kan? :smiling_face: Tentu sangat amat naif kalau beranggapan korupsi cm dibawah. [REPPUNC],0
Kata guru saya saya itu orangnya penghambur duit orang tua. ya selagi bisa menghamburkan kenapa tidak. [REPPUNC] sarkasme [CAPS] <hashtag>,0
kalau Ane bilang sbenernya Monas bukan lagi Cagar Budaya Monas sudah jdi Cagar Keimanan sejak laskar 212 ane sering pakai bwat gelar acara Reunian kalau sampai dibatalken ane akan bentuk fpfe [CAPS] (Front Pembela Formula E) dmi mndukung Gubernur jinjingan laskar! <hashtag>,1
<username> Ya harus kerja keras bagai kuda biar bisa beli atau cari crazy rich people biar bisa beli berlian tiap hari ala Nia Ramadhani :grinning_face: :winking_face_with_tongue:,0
Anak zaman now itu makin pintar. [REPPUNC] Makin pintar ilmunya makin pintar bohongnya makin pintar bikin alesan makin pintar. [REPPUNC],1
Jokowi Ngaku Keberhasilannya [ELONG] Divestasi Freeport mencegah [ELONG] [CAPS] Kebakaran Hutan dan Pro E-Commerce. Pdhl semua omong kosong semata ! [REPPUNC],1
<username> Di era presiden sontoloyo,0
Katanya Pemuka Agama mana Tawadhu? Ngeles tidak ada rasa [ELONG] penyesalan [ELONG] [CAPS] urat malu [CAPS] ! [REPPUNC] (sangat disayangkan ! [REPPUNC] ) <hashtag> ! [REPPUNC],1
sosialita [CAPS] yang punya kebutuhan rakyat [CAPS] yang susah. [REPPUNC] <hashtag> ! [REPPUNC],1
<username> Smart dalam mbuang2 anggaran dgn cara pasang-bongkar-pasang? <username> <hashtag> <link>,1
<username> <hashtag> Akankah buat penguasa adil. [REPPUNC] Aku rasa tidak,0
<username> Mira imatges de data center i veuràs rapidament els milers de treballadors que mouen :face_with_tears_of_joy: :face_with_tears_of_joy:. Altra cosa seria que em diguessis que ve Goggle Amazon i Facebook al costat del data center. <link>,0
Payah amat lah orang ini baru minum cek in di tmpt begitu aja di umbar eek. Lucu kampungannya terlalu ditunjukin biar keliatan gaul dan nilai sosialita bnyk temen yg bgtu? anjirr lucu amat orang beginian banyak lagi orangnya,0
alhamdulillah [CAPS]. [REPPUNC] ibukota jakarta [CAPS] akhirnya punya prestasi mendunia ! <hashtag>,1
taik [CAPS] anjing [CAPS] selama 18 tahun belum pernah ngerasain yg namanya pacaran. Gatau mau marah atau bersyukur :loudly_crying_face: aku bersyukur ko ya allah tapi kadang sering iri kalo liat warga yg pacaran disekelilingku :loudly_crying_face:,0
Katanya sayang ulama tapi di datengin ke istana malah di tembakin gas air mata,1
Tetap semangat dan sehat selalu coch semua itu butuh proses <hashtag>,0
kenapa [ELONG] korea selatan sekarang menjadi sistem pendidikan terbaik didunia ? Karena tidak ada netizen indonesia <hashtag>,1
<username> beda [CAPS] ! haha [CAPS]. Yang sama cuma savage dan sarkasme nya,0
<username> Waw..mulia sekali Mr Ex sudah [ELONG] [CAPS] mempersiapkan [ELONG] & ngejagain jodoh [CAPS] orang ! [REPPUNC],1
Jokowi Ngaku Keberhasilannya Divestasi Freeport Mencegah Kebakaran Hutan dan Pro E-Commerce. Pdhl semua omong kosong semata ! [REPPUNC],1
dulu asalnya suka makin kesini tapi kok nambah [ELONG] [CAPS] makin suka suka pengen [CAPS] muntah <hashtag>,1
Berdiri dengan kaki sendiri jatuh bangun sendiri <hashtag>,0
<username> selamat [ELONG] anda layak dapat penghargaan penjilat [CAPS] anies terbaik. [REPPUNC] silahkan ambil di balaikota,1
Saya tidak menyesal memilih Prabowo-Sandi tapi [ELONG] [CAPS] saya menyayangkan sikap Prabowo yang [CAPS] berkompromi dengan bapak Jokowi. Setelah ini Golput adalah jalan terbaik untuk saya pribadi. Good bye Prabowo <hashtag>,1
Siapa [ELONG] bilang <hashtag> ! [REPPUNC] memang [CAPS] iya [CAPS] manipulator kok ! [REPPUNC],1
<username> sadarnya pas udah lulus wah kok dulu gua tolol gini astagfirullah astagfirullah maaf ya ngakak bgt akutu,0
Makanya jangan sok jago waktu bicara nantang Bannser wah. [REPPUNC] Jagoan betul begitu ditangkap melempem kaya krupuk kena air dasar Sontoloyo. [REPPUNC] <link>,0
Capres [ELONG] 01 sudah membuktikan prestasinya sebagai bandar hoax [CAPS] nasional [ELONG].,1
bapak Anies anda Gubernur terhebat [ELONG] dalam sejarah dki [CAPS] Jakarta. Gubernur pertama yang telah memberi hadiah rutin setiap tahun baru kepada seluruh warganya berupa kolam renang [ELONG] yang bisa dinikmati dirumah masing2. Bravo !,1
Selamat kpd Pak <username> atas terpilihnya kembali sbg Presiden Republik Indonesia. Semoga lakek tangan beliau dapek… <link>,0
<hashtag> sapa yg ganggu Anies ! [REPPUNC] cuma bantu pabrik Aibon naikkan omzet,0
Aku seneng banget kalau ada yang lebih goblok dari aku [EMOTICON],1
Akhirnya ada hal yang positif [ELONG] juga [ELONG] dari lucinta luna ! [REPPUNC],1
<username> Baru saya tahu makhluk Tuhan yang ngaku islam paling bener ternyata berjanggut tapi mulut nya kotor ngatain orang anjing seenaknya. Kadrun berjanggut sontoloyo,0
budayakan membaca isi berita nya bong.. jangan asal komen ! [REPPUNC] goblok di piara. [REPPUNC],1
Nia Ramadhani itu artis paling pinter. Pinter nyari suami !,1
Kena Teguran Vidi Aldiano Minta Maaf Pada Melly Goeslaw dan Anto Hoed <link> lewat <username>,0
Habis ada keraton agung sejagad muncul sunda empire. negara [CAPS] lain dah sibuk buat nuklir buat robot [ELONG] motor terbang negara kita malah begini,1
Lain kali jangan yah paslonkuh,0
bonafide gw respek sama kader2 partai amarah nasional ini [ELONG] yang udah berjuang [CAPS] sampai berdarah-darah. gws yah om <username> ðÿ¤­ðÿ :trade_mark:  ! [REPPUNC],1
merasa bodoh [CAPS] itu manusiawi <hashtag>,1
"partai allah"" tidak butuh kursi bahkan mereka [ELONG] ikhlas [CAPS] membagikannya kepada yang lain. heuheuheuheu ! [REPPUNC]",1
<username> Ini <username> koq bias mengeluarkan sertifikat tanah kalua memang itu tanah milik dki? [CAPS] <link>,0
Darah itu merah jendral ! Kini perkataan mu dahulu telah terbunuh oleh pertemuan hari ini ! <hashtag>,1
"terlalu keren bahasanya.koruptor, Bilang aja maling /rampok <username>",1
"Emezing ! Pemenang Tender Penataan Monas Senilai [ELONG] Rp 71 3 Miliar ""Kantor""nya di [CAPS] Rumah Petak <hashtag> ! [REPPUNC]",1
a bebas beroperasi bandela joko widodo dan bandela maruf mem(per)bolehkan <hashtag> <link>,0
<hashtag> Stop ganggu2 gubener kesayangan gw ! [REPPUNC] <link>,0
sibuk membangun [CAPS] jalan [ELONG] tol lupa membangun [CAPS] jalan pikiran,1
<username> Pemimpin Idolah.. :smiling_face_with_open_hands:,0
Susah manusia klo sudah terbiasa berdusta itu sudah menjadi hoby.,0
Berkah buat pendukung wan aibon biar mereka bisa berenang ! [REPPUNC] kan kalau berenang di kolam berenang mahal mereka tidak mampu bayar mumpung <hashtag> mereka bisa berenang gratis. <hashtag>,1
Alhamdulillah semua berkah yang harus kita syukuri [CAPS] semua berkat kepintaran [CAPS] <username> dan doa <username> <hashtag>,1
Namanya demokrasi masa kalau pilihan beda langsung bete begitu. Lebay sekali. Kan memang disediakan pilihan kenapa mesti menuntut untuk sama? Embel-embel BoikotBukalapak serasa ringan saja itu salah satu aset perekonomian karya anak bangsa banyak orang terbantu adanya dia.,1
Ahok meyakinkan dengan sistem e-budgeting semua orang tahu abpd [CAPS] dki [CAPS]. <link> <username> <hashtag>,0
<username> Tolol aja itu mah,0
<username> Mantaabb. [REPPUNC] :thumbs_up: :thumbs_up:,0
<username> Gw banget nih kalo nnton arsenal lawan big 6. Berasa ky gw ny yang bwa beban padahal emg goblok aj,0
Alhamdulillah semua berkah yang harus kita syukuri semua berkat kepintaran <username> dan doa <username> <hashtag>,1
dwp [CAPS] yang nyumbang pajak 10M didemo. [REPPUNC] Diskotik yang dikasih penghargaan Gubernur dibela :rolling_on_the_floor_laughing: <link>,0
memang terbaik dah Indonesia taik anjing bisa jadi trending,1
mikir [CAPS] woy [CAPS] ! mantan [CAPS] dipikirin [CAPS] masa [CAPS] depan [CAPS] lo [CAPS] baru [CAPS] lo [CAPS] pikirin [CAPS] ! [REPPUNC] goblok [CAPS] dipelihara [CAPS],0
adab tapi penyilap ! <hashtag>,1
<username> Kalau Gue lebih gak bangga lagi punya pejabat yg gak bermutu kayak Lu Zonk,0
Bowok lagi produksi hoax terus,0
<username> Alkhamdhulillah ikut merasakan kesejukan dan kedamaian dari pemimpin2 yang menyejukan.semoga pemimpin2 yang begini slalu mendapat perlindungan Nya Amin.,0
Subbhanallah. [REPPUNC] Partai allah [CAPS] rusuh. ! [REPPUNC],1
anies [CAPS] kereen [ELONG] [CAPS]. [REPPUNC] Kontras Diskotek Colosseum [ELONG] pernah [CAPS] Digerebek bnn [CAPS] Kini Diganjar penghargaan [CAPS] <hashtag> Fpi kejang2 Gnpf Wellcome,1
Bukannya masjid itu tempat ibadah ya? terus [ELONG] kalau jumatan mah biasanya tidak pakai undangan [ELONG] kalau tidak dapet undangan tidak boleh jumatan atau gimana nih bapak [EMOTICON] Jumatan kok berasa kayak kondangan ! [REPPUNC],1
daripada ibu kota [ELONG] diurus sama spesialis tata kata <username> mending [CAPS] pindah sekalian ðÿ˜€<hashtag> ! [REPPUNC],1
Kamu itu memang hebat karena kamu tetap bisa membuatku mencintaimu setulus hatiku meskipun kamu jauh [EMOTICON],0
rt [CAPS] <username>: Kita sll optimis melangkah maju bersama bpk Jokowi <hashtag>,0
Yang provokator kau ! [REPPUNC] kau yang memulai kau pula yang sok jadi penengah ! [REPPUNC] Sok jadi malaikat padahal setan ! [REPPUNC],0
Fakta sidang mk [CAPS] yang seperti itu gamblangnya dan [ELONG] kalian [ELONG] tetep <hashtag>. [REPPUNC] Mikir.. ! [REPPUNC],1
<username> di A dia setelah orang tua jemput anaknya ibu ibunya sosialita banget banyak yang ngerumpi gitu perkembangan anaknya juga cuma segitu gitu aja hafalan anaknya gak berkembang pesat beda pas di tk B orang tua masih pada umumnya padahal sama sam,0
akhirnya terungkap ya mas fatah jangan nangis anak laki harus [CAPS] berkuasa [ELONG] wkwk <hashtag> ! [REPPUNC],1
kamaren mngatakan antek aseng skarang malah heppy2 sama orang asing plinpan bgt sihh om [ELONG] g malu apa dgn perkataan sendiri. [REPPUNC],1
Satu lagi masuk bui Bakalan ada demo besar lg tidak ya ? Buni Yani masukin juga dong penjara <hashtag>,1
Dan narasinya skarang adalah Ingin mengadu domba <username> Dengan <username> Semua kampret sama² mengatakn tni [CAPS] lebih Manusiawi daripada Polisi Eh Kampret Aparat Negara Emang Manusiawi smua Elu² aja Yang mirip Dajjal Brmata satu Mirip sama <username> <hashtag>,0
Anies maunya Anggaran di buat berdasarkan ketersediaan dana masukin dana nya dulu belanja buat apaan belakangan. Ahok maunya kebutuhan lo apa tulis detail dananya ngikut.,0
<hashtag> sampah politik indonesia ! tenggelamkan <username> partai muna sejagat !,0
<username> kabar riang kawan jangan [CAPS] pesimis ðÿ'œ ekonomi akan meroket tahun [ELONG] 2021 ðÿ˜‰ tapi [CAPS] kabar buruk nya yg ngomong penyemu ðÿ¤£ <hashtag>,1
Yaa Alloh dapat kabar kaya gini. [REPPUNC] Bener-bener sekarang moto <hashtag> sudah ganti dengan [CAPS] gotong [CAPS] royong [CAPS] semua [CAPS] tertodong [CAPS] :face_screaming_in_fear: <link>,0
Katanya pertemuan Prabowo [ELONG] dan Jokowi bertujuan untuk kebaikan bangsa. sekarang [CAPS] kok minta [ELONG] jatah kursi <hashtag> ! [REPPUNC],1
kpk [CAPS] dan jaksanya keras tp hakimnya sontoloyo. Kalau banding kerjanya hanya mengurangi hukuman. Sejak tdk ada Artijo Alkostar terdakwa selalu pengen banding <link>,0
Terima kasih <hashtag> terbaik <username> mobil jadi <hashtag>,1
Biodata Profil dan Fakta Nadiem Makarim - <hashtag> <link>,0
Wah keren. [REPPUNC] Koruptor saja mau dijadikan [ELONG] kapolri. [REPPUNC] wkwkwk apa kata [ELONG] dunia?,1
novanto [CAPS] 22 kali [ELONG] berobat keluar lapas itu artinya 22 kali pula Novanto jalan jalan bukan untuk berobat tapi plesiran. [REPPUNC] ! [REPPUNC] Penyakit yang paling parah diderita setyanovanto adalah syaraf otaknya [ELONG] kejepit ! [REPPUNC],1
Mulutnya melebihi mulut emak ngoceh muak dah <hashtag>,0
aku <hashtag> dari sekian banyak sifat baik rosul yang diteladani cuma bagian poligaminya,0
Syuram [ELONG] <hashtag> <link>,0
Tinggal 2 langkah lagi malah harus mundur <hashtag> dan semakin hanyut,1
<username> Semoga berkah dan lebih baik lagi aamiin.. <hashtag>,0
<username> Mantap coi. [REPPUNC] jancuker sejati otak [CAPS] waras. [REPPUNC] koruptor anjing [CAPS] di pelihara [ELONG] ! [REPPUNC],1
Ternyata surga itu dekat jakrta Mabuk agama menikmati diskotik <username>,1
Yang pintar tuh cem gerombolan kalian ini drun :rolling_on_the_floor_laughing: :rolling_on_the_floor_laughing: :rolling_on_the_floor_laughing:,1
welcome to indonesia semua hal dikomenin. even sebenernya itu gaperlu & gapenting [CAPS] samsek ! [REPPUNC],1
Kasian banget ketilang [EMOTICON] Padahal lengkap <hashtag> <link>,0
wamenkeu [CAPS] Kenaikan iuaran bpjs [CAPS] kesehatan sesuai perhitungan dari djsn [CAPS] (Dewan Jaminan Sosial Nasional). <hashtag> <link>,0
Bentar lagi bangkrut lu.. <hashtag>,0
Emang klo org goblok jd menteri tuh sulit bu.. <link>,0
Alhamdulillah akhirnya nemu juga proyekan eang bisa bwat ngebantu ngabisin anggaran setelah program kembar sial oke [CAPS] dan oce hanyut [CAPS] kebawa banjir.. Lancar proyeknya Bahagia Pemprop nya Alhamdulillah <hashtag>,1
Hebat juga ya bapak <username> janji kampanye ditepati. [REPPUNC] kolam besar dki [ELONG] Hidup bapak Anies. [REPPUNC] hidup pendukungnya para [ELONG] kadrun,1
Pemilu menentukan [CAPS] masa [CAPS] depan bangsa ? Pret [ELONG] ! Pemilu itu hanya menentukan siapa yang berkuasa itu saja <hashtag> ! [REPPUNC],1
adab [ELONG] tapi [ELONG] penyilap ! <hashtag> ! [REPPUNC],1
Anak zaman now itu makin pintar. [REPPUNC] Makin pintar ilmunya [ELONG] makin pintar [ELONG] bohongnya makin pintar bikin alesan makin pintar. [REPPUNC],1
namun takut kritikan yang abid didengungkan prabohong tidak pernah punya asal [ELONG] usul yg jelas alias tak berdata ! [REPPUNC],1
sudah tau kalah sekarang malah memaksa jokowi untuk turun memang nya kalian siapa ! kalian gak lebih dari sekedar anjing2nya prabowo ! <hashtag>,0
<username> Tolong tuhan jauhkan anies baswedan [ELONG] dari [ELONG] jawa tengah. [REPPUNC],1
Semoga terbaca [CAPS] oleh para elit [CAPS] politik bpn [CAPS] semua jajaran pendukung Prabowo yang mangkir dari faktanya dalang semua ! [REPPUNC],1
Bagi-bagi di bungkus [ELONG] [CAPS] dengan [ELONG] pencitraan. Hmm Makin kelihatan <hashtag> ! [REPPUNC],1
Ternyata surga itu dekat [CAPS] jakrta Mabuk agama menikmati [ELONG] diskotik <username> ! [REPPUNC],1
Novanto 22 kali berobat keluar lapas itu artinya 22 kali pula Novanto jalan jalan bukan untuk berobat tapi plesiran. [REPPUNC] ! [REPPUNC] Penyakit yang paling parah diderita setyanovanto adalah syaraf otaknya kejepit,1
<username> Ho oh. [REPPUNC] sontoloyo bingit. [REPPUNC],0
Mantap Gerindra Garda Terdepan Membela Anies. [REPPUNC],1
<username> pemerintah memang pintar pintar berkilah pintar alesan pntar bohong pintar alibi dll ! [REPPUNC],1
Welcome to Indonesia yang mana rata2 warganya hobi banget ngurusin selangkangan orang lain ! [REPPUNC],1
hebat [ELONG] [CAPS] ya. Banjir belum teratasi gabener [CAPS] langsung [ELONG] menghancurkan monas. <hashtag>,1
terima kasih pak <username> telah mengendalikan sebak dengan salim sehingga jakarta saat ini tidak ada lagi yang tidak sebak.. semua sudah merembet.. ðÿ˜¡ðÿ˜¡ðÿ˜¡ <hashtag>,1
Alhamdulillah terimakasih ya Allah masyarakat melihat siapa kandidat yang [ELONG] berpotensi [ELONG] memalukan [CAPS] [EMOTICON] [EMOTICON] <hashtag>. [REPPUNC],1
peserta yang tidak punya kinerja ya [CAPS] jalannya hanya menjatuhkan lawan dengan bikin hoax. eh punya tidak ya kinerja culik [CAPS] menculik aktivis itu kinerja tidak ya,1
Urusan menghamburkan anggaran memang jagonya bahkan melebihi tata katanya.. Mungkin warga jkt [ELONG] 58 hanya [CAPS] bisa diam [ELONG] krna takut melawan sunatullah jika mengkritik pilihannya.. <hashtag> ! [REPPUNC],1
Jokowi Ngaku Keberhasilannya Divestasi Freeport Mencegah Kebakaran Hutan dan Pro E-Commerce. Pdhl semua omong kosong semata.,1
Saya yakin hal ini menjadi pertanyaan kita semua katanya [CAPS] anti [CAPS] asing [CAPS] tapi [CAPS] kok [CAPS] berkiblat [CAPS] ke [CAPS] barat [CAPS] ?,1
<username> Politik ini sandiwara baik Fadli Zon Prabowo mereka sedang melakukan perannya yg suka berubah2 waspadalah,0
<username> Agency tolol emg,0
"Mantap Pdi selain [ELONG] save alam, juga save koruptor :beaming_face_with_smiling_eyes: :beaming_face_with_smiling_eyes: :beaming_face_with_smiling_eyes:. [REPPUNC]",1
Unicorn negara maju [ELONG] membayar sejumlah kontribusi untuk r&d [CAPS]. bl [CAPS] kasih [ELONG] apa ! [REPPUNC],1
hore [ELONG]. [REPPUNC] ðÿ'ðÿ'ðÿ' mantab [ELONG] ðÿ' sepak terjang bejat andre dengan menjebak nn bakal diseret ke meja hijau. dukung nn dengan: <hashtag>,1
Mahasiswa belajar sesuai dengan kemauannya dan interesnya masing-masing. <hashtag> <link>,0
<username> welcome to indonesia dimana dajjal saja dibully,1
<username> Terima kasih [ELONG] anies [CAPS] eh [CAPS] pemprov ! [REPPUNC],1
Selamat datang [ELONG] di Indonesia. Negara [ELONG] +62 dengan bermacam-macam adat istiadat keindahan alam budaya juga.. Kegoblokan sebagian masyarakatnya [EMOTICON],1
Masril Piliang me-Retweet jurnalis [CAPS] tb tapi otak [ELONG] dia [CAPS] di sol sepatu <hashtag>. [REPPUNC],1
<username> Adakah dengan longgokan kerja di pejabat jalan sesak pergi dan pulang kerja (pagi keluar sebelum matahari keluar balik matahari dah takde) kos sara hidup yang tinggi menjdi salah satu sebab [CAPS] kurangnya masa parents nak jumpe anak2 dirumah,0
<username> Yah kan team pak anies banyak atuh teh bisa di bagi dan klo perlu kan ikut sistem pak ahok dlu di bantu anak magang nyisir anggaran. itu kan udah ada training sebelumnya apalagi kayak asn sering banyak model sosialisai seminar dll.jadi ga ada alasan utk bilang ga bisa.,0
<username> Terlalu cinta dgn om Anies melanggar hukum pun dilakukan [EMOTICON],1
<username> Pantai Selatan kuy lah tantangin Nyi Roro kidul biar ada kerjaan,0
<username> Ngapain juga Dok di channelnya <username> masih byk kok channel yg lebih netral dan pastinya lebih asik (panji sok asik soale). Dan yg penting adalah mau ga <username> belajar ngitung :beaming_face_with_smiling_eyes:,0
Sulit mencari kesalahan anies. Dia penuh [ELONG] [CAPS] dengan diamond playbutton ! [REPPUNC],1
<username> tuh kan.. giliran ada yg komen beras pasukan sontoloyo indonesia ngilang seribu bahasa,0
jangan salah paham. diskotik yang diberi penghargaan sama gubernur pilihan umat itu minumannya air zamzam cemilannya kurma ikhwan dan akhwat jogetnya dipisah.jogetnya pun harus joget unta..syariah beud pokoknya,1
Saya menduga ini kan semacam tanda kutip balas jasa Pak Tito berjasa ikut memenangkan [pemilu] melalui jajaranya ungkapnya <hashtag> <link>,0
Betul sekali itu hak kebebasan beragama. Tetapi negara juga mempunyai kebebasan mengatur pakaian dinas asn [CAPS]. Kalau tak mau diatur juga bebas silahkan keluar. pa [CAPS] 212: Cadar dan Celana Cingkrang Bagian dari Kebebasan Beragama <link>,0
<username> rapbd [CAPS] diajukan setahun sblm pelaksanaan..dilakukan beberapa kali Pembahasa mulai dari tingkat Pemda sampai dprd [CAPS]..setelah disyahkan oleh dprd [CAPS] jadi apbd [CAPS] dan baru boleh dibelanjakan,0
Saya suka membaca komentar2 netijen di sosial media. Tetiba menjadi serba ahli [CAPS]. Ahli teknik ahli sistem ahli politik ahli ilmu ahli hisap dsb. Plus dibumbui rasa dendam sarkasme. :beaming_face_with_smiling_eyes:,0
Sudah diendors baik2 oleh bapak [CAPS] presiden [CAPS] balasanya menyakitkan tidak punya etika <hashtag>,1
Alhamdulillah. [REPPUNC] <hashtag> dibawah pimpinan <hashtag>,1
<username> Maaf tolong hapus komennya. Karena menyertakan banyak macam tagar dan tidak sama dengan tagar kami <hashtag> Bisa meracuni tagar. Terima kasih,0
Yang masih bahagia di tipu [CAPS] itu yang hebat [CAPS].. hebat dungunya ! [REPPUNC] <hashtag> ! [REPPUNC],1
Siapa pun presidennya yg penting negri ini damai :smiling_face_with_open_hands: <hashtag>,0
Sekedar mengingatkan kamu <username> bgmn orang yang kamu [ELONG] anggap ayah ini mendukung [ELONG] bhkn memujimu tapi balasannya kamu lupakan dia. Kamu tidak punya hati [CAPS].,1
Banyak orang yang terlalu pintar menilai [CAPS] orang lain tapi dia terlalu bodoh [CAPS] untuk menilai [ELONG] dirinya [CAPS] sendiri. <hashtag>. [REPPUNC],1
<username> Tul AutoBlock aq kecepatannya TerraByte jk mncium Aroma Bani kali item bin togog Sontoloyo :victory_hand:,0
<username> amerika kita lawan china kita lawan pelanggaran ham di manapun kita lawan kita suarakan yg tolol itu lu dan gerombolan setiap hari menjilat naikin tagar ujung2 nya si jae jgn di usik terdakwa nya itu2 aja fpi dan hti kan goblok,0
<username> Guru honorer udah tgl 31 tapi dana bos [CAPS] blm cair. Jadi belum <hashtag> [EMOTICON],0
Goblok dan bego memang secocok buat kamu. Cam tuttut,0
<username> Hh [ELONG].. Sontoloyo..,0
Bisa ga si nge reset orang yg gue tau dan kenal jadi ga kenal siapa2 deh gue abis org2 tolol dah gapunya hati consciously hurting fak [ELONG] you all r shits,0
<username> Apalagi hanya sekedar kerabat / keluarga pejabat mantan koruptor aja masih bisa terpilih. Jadi gak tau lagi yg dungu ini demokrasinya atau pelaku demokrasinya.,0
Ini hadiah besar dari pa anies [CAPS] 2020 kita dukung bapak anies [CAPS] supaya dapat nobel [CAPS] prize [CAPS] thn [CAPS] 2020 ! [REPPUNC] Dari Jakarta hingga Bekasi Ini Sejumlah Wilayah yang [CAPS] banjir [CAPS].,1
Mari kita luruskan hati mengaji itu untuk beribadah pada Allah bukan kampanye. <hashtag> ! [REPPUNC],1
partai allah is the best. pan agamamu. amien rais tuhanmu. [REPPUNC] gapapa mengganggu yang penting [ELONG] islam dan [CAPS] seiman.. takebeer ! [REPPUNC],1
Para buruh sepakat untuk Rekonsiliasi pasca Pemilu. <hashtag>,0
<username> Partai Allah ?. [REPPUNC] Patut dicontoh. [REPPUNC] Ngamin ngamin. [REPPUNC] msh mo [CAPS] ngotot anda. [REPPUNC],1
<username> Mampir dong ke Istana..baca puisi keq..didepan Bossnya..Bossmu.. Masa ke Menhan ajah..?,0
<username> Pak Menkopolhukam Saya mau urun pikiran. Saat ini hal yg paling urgent adalah Persatuan Anak Bangsa. Polarisasi Pilgub dki [CAPS] Pilpres masih ada sisanya. Kiranya dapat diberikan solusinya yaitu : 1. Tegakkan keadilan kasus terdahulu 2. Pertemuan diskusi berulang antar anak bangsa,0
Assalamualaikum saya imbau saudara saudara sekalian memaklumi saya atas akun kemaren <hashtag>,0
<username> di indonesia kata pk<username> penduduk islam terbesar di dunia.kenapa kok ulama kami difitnah?,1
Apapun ucapan di luar sana kami tetap berada di barisanmu Jenderal. [REPPUNC] allahuakbar [CAPS] ! [REPPUNC] <hashtag> <link>,0
Dukung Buka lapak sebatas tulisan doang [EMOTICON] [EMOTICON] belanja saja kagak [CAPS] pernah sok sokan dukung [EMOTICON] [EMOTICON] [EMOTICON] [EMOTICON],1
plus62 hebat [CAPS] <hashtag>,1
Kedatangan ibu pejabat tanjung selor,0
<username> Betul banget susah [ELONG] sekali nyri kekurangan [CAPS] bapak gub [CAPS] Anies. Berkat beliaulah air bah [ELONG] rasa berkah ! [REPPUNC],1
<username> Hahaha akan kah keluar <hashtag>,0
Hasil karya terbaiks gabener <username> disebabkan kelalaian keangkuhan dan kegengsian melanjutkan kebijakan gubernur terdahulu yang terbukti berhasil menangani banjir <hashtag> ! [REPPUNC],1
Prestasi luarbiasa gubernur <username> mampu memeratakan banjir ke seluruh jakarta. Dulu [ELONG] banjir hanya bisa dinikmati segelintir orang yang tinggal di daerah tertentu tapi sekarang berkat gubernur <username> seluruh rakyat bisa [ELONG] menikmati banjir. Terimakasih bapak gubernur ! [REPPUNC],1
jakarta [CAPS] lebih [CAPS] keren kameranya selalu ngikutin Anies. [REPPUNC] [EMOTICON] [EMOTICON] [EMOTICON] [EMOTICON],1
Saat raga ini tidak bisa bersama mendoakan yang terbaik adalah salah satu bentuk dukungan dari jarak yang harus memisahkan. <hashtag>',0
Temanmu banyak belum tentu mau membantu saat diajak susah tapi saat diajak senang-senang semua pada mau. Haha maka cobalah untuk pahami semua sifat temanmu. Kadang banyak yang pura-pura hanya untuk eksis sekedar diupload disosmed sebagai geng sosialita.,0
<username> Mantap kang dede !,0
kalau [CAPS] ini namanya bukan doa [CAPS] yang ditukar tapi isi otak mu yang ketakar <username> ! [REPPUNC],1
"Indonesia emang keren, koruptor sama [ELONG] teroris di kasi remisi [CAPS] bebas [ELONG] ! [REPPUNC]",1
bapak Anies Baswedan itu orang [CAPS] pintar [CAPS] di [CAPS] atas [CAPS] kertas [CAPS] Pendukung bapak Anies Baswedan juga orang [CAPS] pintar [CAPS] di [CAPS] atas [CAPS] septic [CAPS] tank [CAPS],1
bagaimana menyelesaikan persamaan dan reaksi kimia jika tidak hafal unsur kimia dan sifat-sifatnya..? menghafal itu perlu pak..sesudah di hafal buat pembuktiannya..di lab lalu kalau tidak hafal nama pejuang nasional bagaimana kita mau JasMerah <username> ?,0
Film Keluarga Cendana ini ternyata bercerita tentang keluarga kaya yang jatuh miskin. Baru tahu..,1
Suatu hari nanti kita [CAPS] akan mengingat 14 February bukan [ELONG] hanya [CAPS] sebagai Valentine's Day tapi hari <hashtag> nasional wkwkwkwkwk. [REPPUNC] [EMOTICON],1
<username> Mereka kena prank <username> :face_with_hand_over_mouth: <hashtag>,0
Dia orang baik tolong jaga dia baik-baik~,0
Anak muda harus melatih diri untuk tetap mendorong maju bahkan saat menghadapi ketidak-mungkinan.,0
Om <hashtag> ngmusik lagi saja yuk saya suka sama Republik cinta [CAPS] Management dan artis artisnya [ELONG] dari dulu. Ngapain berpolitik ujung²nya masuk bui. [EMOTICON] <hashtag>,1
Ooh jelas saya pandai dan lihai menasehati orang lain tapi mendadak bodoh kalau menasehati diri sendiri. [EMOTICON],1
Dan kayaknya American Idol season ini bakal lebih kece - kece sih pesertanya. Baru audisi aja banyak yang bagus-bagusnya banyak banget malah. Ngaco [ELONG] ! Keren [ELONG] !,0
suatu kekeliruan bisa saja justru merupakan sesuatu yang diperlukan untuk meraih prestasi yang layak,0
Ke diskotik pake jilbab itu sama kayak makan babi pake bismillah Gak ngaruh..,0
Stlh Kerajaan Kerathon Sejagad kini [CAPS] ada lg [CAPS] sunda [CAPS] empire [CAPS].Ketololan yang hqq [CAPS]. ! [REPPUNC],1
Hambok Twitter tuh ngeluarin fitur autolock buat rang goblo. [REPPUNC] Jadi yang goblo ga bisa ngetwit. Nyusahin idup aja yang goblo2 itu.,0
"Mantap Pdi selain save alam, juga save koruptor :beaming_face_with_smiling_eyes: :beaming_face_with_smiling_eyes: :beaming_face_with_smiling_eyes:",1
Sesuai saran dan masukan dan belajar dari aksi pada 24.09.19 maka berikut ini harus menjadi perhatian serius kalau besok kamu turun lagi :folded_hands_medium-light_skin_tone: :folded_hands_medium-light_skin_tone: <hashtag> 30.09.19 Jakarta dpr [CAPS] ri [CAPS] <link>,0
"partai allah"" tidak butuh kursi bahkan mereka ikhlas membagikannya kepada yang lain. heuheuheuheu. [REPPUNC]",1
<username> Lah ente Islam bukan Ngaku Islam mlah bela penghina Nabi Emang Nabinya dr nu [CAPS] Klau mau bicara adab tanya dulu sama muwafik mana adabnya sama Nabi jgn diputar balik Sontoloyo Ngaku muslim to agamanya d,0
pencetus kalimat partai allah mengedukasi generasi spesies untuk saling berujar kebencian [CAPS] <hashtag>,1
Katanya ulama jangan di hina lha anda nyebut ulama dengan kau.. kau..,1
kenapa [CAPS] aku [CAPS] pintar [CAPS] banget [ELONG] [CAPS] kalau [CAPS] stalkingin [CAPS] orang [CAPS] sih [ELONG] [CAPS]. deuh [CAPS] ! [REPPUNC],1
Make up mahal skin care mahal baju [CAPS] mahal tas mahal [CAPS] sepatu mahal. [REPPUNC] kok anda murahan <hashtag> ! [REPPUNC],1
Anies gubernur Indonesia. Makanya seluruh Indonesia yg di buat responden,1
<username> Bahagia airnya maju bavotnya <hashtag> ! [REPPUNC],1
<username> Manusia sontoloyo [CAPS] pengejar dunia [CAPS].. Siapa yg mau melawan negara lewat agama.. Terlalu murah agama ini untk menghadapi kedholiman [CAPS] kalian..,0
<username> sontoloyo [CAPS] !,0
Udah dibaca yas? Ibu2 sosialita naik pajero nabrak 2orang tewas di tempat 1 tewas di rs 1 ibu sosialitan,0
tidak salah sih menyuarakan pilihan politik nya. Tapi harus siap juga akan konsekuensi nya. jangan cm berani ucap tapi lalu koreksi seolah2 netizen bodoh.,1
Sialan ! Kamu memang gak pernah bisa aku lupakan.,0
<hashtag> Siap [ELONG] dilantik untuk ke dua kali di bulan oktober nanti :smiling_face_with_halo:,0
wooww jawaban [CAPS] yg sangat aksi ðÿ' dulu [CAPS] jaman ahok. smw serba terbuka & transparan.. emang [ELONG] sih beda pemimpin beda gaya. gw pikir gk berlebihan jika kita katakan. selamat datang dimasa mental anti transparansi <username> ðÿ'ðÿ' <hashtag> ! [REPPUNC],1
Satu kata unt indonesia membanggakan [CAPS]. Level demokrasi sdh tinggi yang <hashtag> mhn mf anda akan tertinggal ke dpn negara ini akan maju dn disegani.,1
Perdana Menteri Australia dan Pemimpin Oposisi sibuk kampanye dalam hal isu kesehatan. Mereka main data dan fokus pada peningkatan pelayanan terbaik untuk warga. Siapapun yang kelak terpilih yang menang adalah seluruh warga Australia; bukan hanya 'kecebong' dan 'kampret' [EMOTICON] ! [REPPUNC],1
selamat pak jokowi semoga amanah. Aaminn. <hashtag>,0
Debat saling nge bandingin beban hidup lebih Beratan mana ekwkekkeke kadang kalau org tolol debat kadang suka Seru aja yang bgini segala di bandingin gak sekalian Umbar aib u berdua wkwkwkkwkwkwkww,0
<username> pemerintah memang pintar pintar berkilah pintar alesan pntar bohong pintar alibi dll,1
<username> Moga lebih nyata untuk kontribusi kepentingan bangsa dan negara indonesia [CAPS],0
Ambyar [ELONG]. [REPPUNC] Emaak [ELONG]. [REPPUNC] Nunggu link [ELONG] naik sepeda dari <username> <hashtag>,0
semoga [CAPS] pihak sebelah make akal sehat dan sadar [CAPS] diri [CAPS].. <hashtag>,1
Terus ya aplikasi ecommerce masih belum menjadi kebutuhan utama yang mendesak banget. Beda kalau gojek yang kerja di jakarta pasti kebingungan sendiri kalau mau boikot gojek. hehe.. So ketika ada blunder ini. Saya kira wajar banyak yang mau <hashtag>' 0,0
Bila dari awal mereka bijak akan ke mk [CAPS] maka hal ini tidak perlu terjadi. [REPPUNC] <hashtag>,1
anies mmg [CAPS] punya banyak kelebihan. punya kekebalan hukum [CAPS] punya kunci syurga. namun kelebihan anies yang sangat menonjol hanya satu. [REPPUNC] dia lebih bodo ! [REPPUNC],1
<username> Ashobiyah thdp sesuatu emang merusak nilai2 keadilan dan kejujuran. Ada pejabat berkoar asn [CAPS] yg bercadar dan bercelana cingkrang dituduh radikal. Padahal blm dibuktikan hukum jg kl radikal apakah ente sudah ingatkan/bersuara ke pejabat itu ?,0
Perdana Menteri Australia dan Pemimpin oposisi [CAPS] sibuk kampanye dalam hal isu kesehatan. Mereka main data dan fokus pada peningkatan pelayanan terbaik [ELONG] untuk warga. Siapapun yang kelak [ELONG] terpilih yang menang adalah seluruh warga Australia; bukan hanya 'kecebong' dan 'kampret' [EMOTICON],1
pas kegeledah kemaren malam. polisi nemuin sabu sabu kondom juga seorang wanita. idih kok si <hashtag>,0
<username> Insya Allah Prabowo Sandi menang aamiin,0
Alhamdulillah diskotik Syarie Colosseum (Kulsum) semoga Jakarta makin barokah dan bersyari\'ah. [REPPUNC] Untuk LastCar beib <username> ada bonus khusus. [REPPUNC] Latihan dapet bidadari ! [REPPUNC],1
Orang sehebat <username> bisa [CAPS] tidak punya adab sama ulama. Sekolah adabmu dimana [ELONG] [CAPS] bro ! [REPPUNC],1
Terima kasih <hashtag> terbaik <username> mobil jadi <hashtag> ! [REPPUNC],1
lempar batu sembunyi tangan sebelumnya dicuci dulu biar bersih <username> <hashtag>,0
Alhamdulillah Aku semakin mantab pilih 01. Aku tuh sbnrnya pengin banget ngelayat tapi gimana dong kalau orgnya blm mati <hashtag> ! [REPPUNC],1
<username> Kadang suka pgn jadi Nia Ramadhani gitu ya :face_with_tears_of_joy: :face_with_tears_of_joy:,0
<username> Tangkap dan penjarakan gabener kadrun ! <hashtag>,0
Porno dalam hal suara masih bisa di terima sarkasme nya masih bisa di mengerti kalo artinya sexy. But how about that one last word? semua hal yg berkaitan sama dia porno you drag him sis.,0
daripada ibu kota diurus sama spesialis tata kata <username> mending pindah sekalian ðÿ˜€<hashtag>,1
"yg sabar [CAPS] ya warga dki jakarta pimpinan ada [ELONG] di kelas [CAPS] gubernur [ELONG] hanya kelas kacangan. [REPPUNC] <hashtag>, ! [REPPUNC]",1
Anda tak layak jadi Pemimpin :double_exclamation_mark: Himbauanmu Telat gak akan bisa membangunkan mayat yang menjadi Tumbal Ambisi Inkonstitusional untuk Berkuasa.<hashtag>,0
Dibawah naungan Pak <username> sebagai Kemhan dan dipimpin oleh Pak ia [CAPS] sebagai Kapolri. Semoga :Indonesia: aman dari berbagai ancaman rakyat pun nyaman. Aamiin. [REPPUNC] :folded_hands: <hashtag> <link>,0
Bedakan pemimpi otentik yang tulus [CAPS] dengan pemimpin <hashtag> yang licik ! [REPPUNC],1
<username> Kerasional apa yg bs anda tawarkan jk mlihat pemda dki [CAPS] menganggarkan 82M u lem aibon 123M u pulpen? Jadi mestinya bagaimana kt hrs mnyikapi ini? Menganggap ini (anggaran asal2an) hal yg wajar?,0
Tempe setipis atm [CAPS] mana mungkin konsultan asing ngerti,1
<username> memang mantap kamu nak ! pertahankan,0
<username> kader beneran negur min ! [REPPUNC] Mimin gk tegur balik ! [REPPUNC] :see-no-evil_monkey: :see-no-evil_monkey: :see-no-evil_monkey:,0
<hashtag> Tiap ari ganti kebanyakan politik lagi eneg [CAPS] woi [CAPS] politik [CAPS] tukaran [CAPS] tok [CAPS],0
Astaga gua senoob ini kah ngupas salak sampe berdarah-darah? :face_without_mouth: sianying masa gua segolongan ama Nia Ramadhani ! [REPPUNC] <link>,0
Garang saat menyerang Jokowi Cepat saat Menyebarkan Hoax.. Ternyata Ohh Ternyata Andi Arief adalah seorang Pink Lovers Bahkan Kasur penjara aja di request khusus warna pink.. Uluh..uluh imutnya Om Andi dapat salam Dari Sabu dan Durex.. <hashtag>,0
Pemerintah sudah membuat uu [CAPS] tentang bahaya narkoba. Kadernya jadi pengguna/Pengedar narkoba yg di salahkan pemerintah/Jokowi. Agama/Al-Qur'an juga menjelaskan bahaya narkoba dan mengharamkannya. Kadernya jadi pengguna/Pengedar narkoba yg disalahkan agama dan Al-Qur'an. <hashtag>,0
Terbaik dalam bidang penghancuran Jkt <hashtag>,1
Kaum terdidik itu harusnya mendidik bukan malah menghardik.!,1
Cawagub dki [CAPS] Riza [ELONG] Patria dari <username> : susah cari kekurangan bapak 4nies. Betul bapak bgmn tidak susah nyarinya [CAPS] kekurangan bapak [CAPS] 4nies ternyata [ELONG] hanya satu bapak 4nies tidak pny kelebihan. ! [REPPUNC] <hashtag> ! [REPPUNC],1
<username> Pak <username> mohon segera berlakukan hukuman mati bagi pejabat negara yg merangkap jabatan sebagai koruptor juga,0
Kaum terdidik itu [ELONG] harusnya [CAPS] mendidik bukan malah menghardik ! [REPPUNC],1
<username> Tompi [ELONG] itu dokter? Sayang otaknya [ELONG] [CAPS] tidak dipake [CAPS] ! [REPPUNC],1
Ngandani masalah e uwong sok pinter padahal awake dewe goblok ancok [EMOTICON],0
Pak Nadiem seperti musuh bagi para Boomer yg tdk mau beradaptasi dg perubahan yg ada <link>,0
<username> Knapa mentri perikanan bukan ibu susi lagi kecewa akutu padahal jasa dan prestasi nya begitu gemilang trimakasih atas jasa mu bu <hashtag>,0
Kasasi ditolak Bun yani masuk lagi ke sel,0
special thanks to : <username> for bikinin udangan tolol ini,1
"Makasih gabener, kami [ELONG] [CAPS] bahagiaTertawa berguling di lantaiTertawa berguling [ELONG] di lantaiTertawa berguling [CAPS] di lantai <hashtag> ! [REPPUNC]",1
mimpin sholat [ELONG] ngak bisaa. lah [ELONG] [CAPS] mw pimpin negara situ shat bapak ! [REPPUNC] <hashtag>,1
Gak usah sokan bela kalau makan aja susah apalagi gak kuat nonton video ini. [REPPUNC] beli kuota dulu wkwkwk Ini video tips kalau gak punya uang jangan jadi sok pahlawan kalau cuman nyetatus tapi gak kuat nonton <link> <hashtag> <link>,0
Aku [ELONG] kangen manusia yang dulu. Manusia yang kalau ribut itu tinjunya [CAPS] dikepal bukan hanya pakai jempol ! [REPPUNC],1
Kita tunggu permohonan maaf dari FadliZon. Kalau tidak berarti dia [CAPS] sudah [CAPS] tidak punya hati. [REPPUNC],1
<hashtag> tagar terbaik terkeren bulan ini,0
Dia orang memiliki banyak uang. Karna itulah di mudah menjadi orang baik,1
<username> Kl udah natural dan lahir bathin.. goblok itu terlihat jelas walau dr ribuan kilometer jaraknya,0
Bapak presiden aja minta maaf kamu yg PHPin aku gamau minta maaf ni? <hashtag>,0
Bapak <username> mau jadi presiden ! [REPPUNC] <hashtag>,1
Indonesia itu keren. Koruptor dapet uang pensiun. fak [CAPS],1
Belajar hingga k negeri Cina [ELONG]. [REPPUNC] Cina sekali lagi. [REPPUNC] Cina [ELONG]. <hashtag>,0
Selamat datang di Indonesia dimana [ELONG] murid2 mau uas [CAPS] bukannya disuruh belajar malah disuruh melunaskan bayaran,1
Anda kok sibuk membanggakan cina. Karya anak bangsa Indonesia juga banyak. Kenapa tidak anda promosikan? <hashtag>,0
Nia Ramadhani [ELONG] itu artis paling pinter. Pinter nyari suami [ELONG] ! [REPPUNC],1
<username> Repotnya punya pemimpin tdk [CAPS] ngerti apa². Saya khawatir juga k<username> dikasih masukan itu tau next stepnya seperti apa. Atau jadi malah bingung. Karena tipe org model begini seperti seorang raja yg belum baligh. Beruntung kalo org sekelilingnya peduli sama kesejahteraan rakyat.,0
Menggelikan logika pendukung Jokowi baik timses maupun yang mengaku ilmuwan. Jokowi menyerang personal tidak dianggap negatif bahkan keunggulan Jokowi. Jokowi menyerang personal Prabowo dan ini satu kesalahan besar. Kelihatan aslinya ! <hashtag>,0
Sok pinter lu. Kalo elo yg jadi presiden emang bakal lebih bagus. Bacot,0
Bapak anies [CAPS] sudah membuktikan hasilnya [ELONG] terimakasih [ELONG] bapak anies <hashtag> ! [REPPUNC],1
<username> Emang sebagai apa. [REPPUNC] sih. [REPPUNC],0
Jakarta Lumpuh ! Selamat Tahun Baru & Selamat Datang Banjir Apakah ini Doa dari para Wahabi terkabul. ! [REPPUNC] <hashtag>,1
<username> Semoga bisa turun timbangan ku <hashtag>,0
Pidatonya Prabohong boleh ber api-api namun isi tidak karuan [CAPS] dan Hoax belaka. memang mau mimpin negara bermodal suara lantang doang.,1
Anak2 muda lebih bagus good governance-nya. Nadiem dan Angela mundur dari kursi ceo [CAPS] dan direksi. Orang2 tua di mui [CAPS] gimana? Belum mundur nih pak? <hashtag>,0
Sudah diendors baik2 oleh bapak presiden balasanya menyakitkan tidak punya etika <hashtag>,1
<username> Ini bagaikan ngajarin ikan berenang. Benerin dulu hati lu Tom. Gak enak juga masuk neraka cuma gara2 ngebelain orang yg salah.,0
Korban kadrun sontoloyo <link>,0
Semua yang manual dalam jumlah besar itu berpotensi curang <hashtag>,0
Kita sudah berada pada fase kepemimpinan diktator pemimpin yang memaksakan kehendak.. Dimana dia sudah terbukti kalah [CAPS] Tapi masih ngotot ingin memimpin.. <hashtag>,0
Semua orang waras yang mendengarkan [CAPS] pasti geleng2 kepala ia bukan keras tapi ngawur [CAPS] isi pidatonya tidak [ELONG] karuan ! [REPPUNC],1
Pengumuman.. Pengumuman ada berita baru kantor hoax baru di buka dan di resmikan ! [REPPUNC] Hati2 kejebak strategi Hoax kubu 02. ! [REPPUNC],1
Buat para istri sempatkan memandangi wajah suamimu saat ia terlelap tidur. Lihatlah wajah yang mulai muncul garis-garis halus matanya yang sendu. Bayangkan betapa lelahnya ia yang sepanjang hari menekuri timlen tiada henti. Debat [ELONG] copras capres sampai lupa istri [EMOTICON]. [REPPUNC],1
Gaya hidup sosialita. [REPPUNC] giliran sakit ingin dikasihani. [REPPUNC] ckckckkck,0
Ngumpulin koin buat pembangunan gedung kpk? [CAPS] tidak malu apa? Satu lagi [CAPS] yang sudah menjadi budaya Indonesia. mengemis [CAPS] ! [REPPUNC],1
..Untuk revolusi yang semakin baik dan maju..semoga.. <hashtag> <link>,0
Sebelum uninstallbukalapak coba [ELONG] otak nya [ELONG] di [CAPS] install dulu ! [REPPUNC],1
Terimakasih bapak Anies kamu hebat ! Bisa membuatku tertawa seharian [CAPS] dengan semua ucapanmu ! [REPPUNC] semoga [CAPS] panjang umur sehat selalu ya bapak amin,1
Tadinyebong sekarangjadi boikot. [REPPUNC] hahhaha <hashtag> <link>,0
bener kamu andi [CAPS] sukmana putra bener bener [CAPS] bodoh !,1
Cerdas [ELONG]. [REPPUNC] beruntunglah [CAPS] bagi mereka [ELONG] [CAPS] yg mengenal tanda². [REPPUNC] Tanda ketidakbecusan <username> Memimpin [ELONG] jakarta.. <hashtag>,1
<username> Wkkwkwkwkwkwkwkwkw semngat dong qaqa reporter andalanqu [ELONG] ! [REPPUNC] Ya gitulah namanya hidup kita gabisa ngandelin gadun kan. Eh :grinning_face_with_sweat: :rolling_on_the_floor_laughing: Demi nia ramadhani cabang galek katanya wahahah,0
Hasil sangat maksimal bapak <username> saya salut dengan anda karna bisa menenggelamkan Kota dki [CAPS] Jakarta sehingga masyarakat sangat antusias nyari posko² buat ngungsi. <hashtag>,1
<username> Embuh Bos. [REPPUNC] ngrasakne negoroku dewe wae marai mumet• Yang teriak kopar kapir dikit-dikit haram penistaan tetek bengek Yang lagi hits ngelem Aibon mark up anggaran & pejabat korup Apalagi. [REPPUNC] ormas kadrun monaslimin,0
<username> pake jilbab mulut macam lonte udah gak aneh di jaman Now :smiling_face_with_smiling_eyes:,0
Aq ngikut apa kata Bung Karno aja.. :backhand_index_pointing_right: Jgn jd Arab jika engkau Islam :backhand_index_pointing_right: Jgn jd Yahudi jika engkau Nasrani :backhand_index_pointing_right: Jgn jd India jika engkau Hindu Jati diri Bangsa Indonesia hrs dipertahankan selama Merah Putih berkibar di Bumi Indonesia.. <hashtag> <link>,0
Welcome to indonesia dimana semua ditutup dengan uang,1
Ya mereka teropsesi kemenangan sampai lupa kenyataan <hashtag>,0
Biarkan dia bekerja Kita tunggu hasilnya aja. <hashtag>,0
Bapak bingung [CAPS] anak linglung [ELONG] Anak-anak penjilat maksudnya ! [EMOTICON] <hashtag> ! [REPPUNC],1
<username> mantap [CAPS] coi. [REPPUNC] jancuker sejati otak waras. [REPPUNC] koruptor anjing [CAPS] di pelihara ! [REPPUNC],1
<username> halloo bung Teri.. salam dari wong ndeso.. :grinning_face_with_big_eyes: <link>,0
Tak Segera Selesaikan Masalah bpjs [CAPS] Siap-siap Karam <hashtag> <link>,0
Rakyat sudah pintar [CAPS] kok. Koalisi busuk [CAPS] 02 sudah ketahuan hoax [ELONG] [CAPS] nya ! [REPPUNC],1
<username> Hanya Jokowi yang betul2 pro rakyat serta konsisten dgn janji2-nya terhdp rakyat Papua saudara kita :thumbs_up: :clapping_hands: :clapping_hands: :clapping_hands: <hashtag>,0
Harapan baru Pertanian Indonesia. Syahrul Yasin Limpo dipercaya sebagai menteri pertanian Indonesia. Amin [ELONG]. Foto-foton lama beredar luas dan kembali viral. [REPPUNC] <hashtag>€¦ <link>,0
sengkuni berkepanjangan mengatakan atas nama islam apapun itu. islam yang mana [ELONG] hai bapak tua ! [REPPUNC] sudahkah kau menjalankan,1
Dongarians lagi apa nih? Saya suka lupa kalau jumat saya bertugas. [REPPUNC] t_t [CAPS] modem leletnya mintak di bacok.,1
Apa kabar indonesia ku ? Akankah kita masih merasakan betapa hangatnya hembusan nafas. [REPPUNC] ! [REPPUNC],0
2 kali nyalon lawan Pakde joko kalah terus. Periode berikutnya lawan Gibran. Nextnya lawan Kaesang. Next lg lawan Jan ethes. Gitu aje terus sampe anggun jd duta shampo lain <hashtag>,0
<username> Lebih mulia menjual diri. Sangat hina nya <hashtag> yang menyebar kebencian.,1
Tangkap semua aktor dibalik kerusuhan kemarin <hashtag>,0
Bener juga si Wan Aica Aibon <username> cc [CAPS] <username> <link>,0
Kalau bgtu [ELONG] [CAPS] tempe [ELONG] lebih berharga juga dri pda kau. <hashtag> mu itu membuat kami muak ! [REPPUNC],1
Terima kasih <username> sudah membuat orang sakit sekarang semakin sengsara.. Cc <username> <hashtag> ! [REPPUNC],1
Mendung belum tentu hujan lama chat\'an belum tentu jadian <hashtag> <link>,0
selamat datang di kerasnya sepakbola indonesia [CAPS] takut. <hashtag> ! [REPPUNC],1
Istana Presiden Kebanjiran Luar biasa.. [ELONG] Janji kampanye <username> sudah terealisasi. Sediakan kolam [ELONG] untuk warga Jakarta.! <hashtag>,1
8 Bukti Nia Ramadhani Miliki Jiwa Crazy Rich Nyasar di Rumah Sendiri hingga Tak Bisa Kupas Salak – Tribun Timur <link> <link>,0
Besok btp [CAPS] keluar dari tahanan..biar dia kafir aseng tapi dia hadapin semua prosedur hukum baik dari pemeriksaan sampai ke pengadilan..tidak pakai acara minta penangguhan keringanan apalagi ampe kabur ! [REPPUNC] <hashtag>,1
Dan Bapak ini membuat Rocky Gerung tak berkutik. Sumber: <link> <link>,0
Pilihan beda tidak masalah [CAPS] Tapi saat menghina seseorang yang telah mengangkat derajat hidup itu masalah ! [REPPUNC],1
Allahuakbar <username> pasti [ELONG] bangga dan senang lihat Monas banyak airnya. Ini lah kolam [ELONG] terbesar di Jakarta kebanggaan umat monaslimin. ! [REPPUNC] <hashtag>,1
Mari sudahi cerita cebong dan kampret biar mereka usang dimakan zaman. Dan kembali menjadi satu Indonesia ! <hashtag>,0
Idham Aziz periortitaskan 7 program yang haus di laksanakan dan cpat <username> <hashtag> <link>,0
Mereka benci Arab tapi mesra dengan Komunis. <hashtag>,0
Waspada hoax banyak bertebaran di Pilpres 2019. Kampret kampret yang menyebarkan banyak hoax yang bikin gaduh netizen,1
<username> Hush [ELONG].. Serius ini Bro [ELONG]. [REPPUNC] Agar jelas sejarah bangsa ini. [REPPUNC] Dan bisa Rekonsiliasi yg sebenarnja. [REPPUNC] Agar Tahun2 kedepan kita tak bicara lagi ham [CAPS] yang Sangat Melelahkan dan menghabiskan energi. [REPPUNC] <hashtag>,0
Kuat jawaranya Bahagia warga nya Maju kotanya Habis anggarannya <hashtag>,1
Dokter bisa beli mobil tukang parkir hanya bisa jaga mobil,1
Wow.. banyak akun dungu baru terbit hari ini. Ayo ngeroyok gue lagi. Gue aplot dungu lu.,0
tsumugi: kali ini terdapat dua korban. [REPPUNC] yaitu tenma-kun dan yuki-chan yuki: kok [CAPS] gue [CAPS] juga? [CAPS] bukannya werewolfnya tinggal satu? tsumugi: tenma-kun dpt kartu lover dan kamu dipilih jd pasangannya semua: wo [ELONG] ! [REPPUNC] yuki: bangsat [CAPS] ngapain [CAPS] lo [CAPS] milih [CAPS] gue [CAPS] tenma: gue [CAPS] jg [CAPS] baru [CAPS] tahu [CAPS] yuki: tolol [CAPS],0
Ritwit berirama semua hestek oposan. [REPPUNC] Jangan terlalu nafsu jangan juga terlalu loyo. 4 hestek kita uber. Bisa? jawab [CAPS] ! [REPPUNC] <hashtag>,0
yaa itulah diriku <hashtag> sekjend ku <hashtag> juga ternyata,0
<username> semangat ! [REPPUNC] jakarta hancur ditangan anies. monas digunduli demi formula [ELONG]. [REPPUNC] tragis [ELONG] <hashtag>,1
Mereka bilang kalau panutan mereka yaitu Wowo kalau ibadah tidak bilang-bilang. Tapi ini ada bukti kalau ada undangan buat sholat jumat. Yah gimana ini ya. Malu sih gua jadi [CAPS] mereka.,1
Bela agama sudah bela bapak prabowo sudah sekarang tinggal bela sungkawa [EMOTICON]. <hashtag>,1
<username> Yaelah ada jg dokter nyebong. [REPPUNC],0
<username> Mantap memang kamu admin,0
<username> gubernur paling tolol,0
selamat [ELONG] buat prabowo atas ganjarannya. ganjaran mempertahankan juara runner up di ajang pilpres 2019 dan 2014. <hashtag>,1
Seolah olah tahu tentang [CAPS] pertanian [CAPS] dan sangat peduli dg petani padahal bertani saja malu.,1
Terimakasih bapak Gubernur di Tahun baru ini kami wargamu mendapat fasilitas Kolam renang pribadi di teras masing2 ! [REPPUNC] tahik [ELONG].,1
Boikot boikot and boikot :backhand_index_pointing_down: :backhand_index_pointing_down: :backhand_index_pointing_down: :backhand_index_pointing_down: <hashtag>,0
tidak salah [CAPS] sih menyuarakan pilihan politik [ELONG] nya. Tapi harus siap juga akan konsekuensi nya. jangan cm berani ucap tapi lalu koreksi seolah2 netizen bodoh ! [REPPUNC],1
<username> Welcome to Indonesia yang tidak tahu budi sopan santun asal ketus nuduh sembarangan. Dia yang salah ehh dia yang Galak. Allaah Maha Membalas kog buu,1
<username> Sekalian bilangin pak jangan ngomong radikal radikul melulu. [REPPUNC] Ga bosen apa ya. [REPPUNC] Apa ga terpikir narasi radikal radikul itu justru melukai umat. [REPPUNC],0
<username> Smart [ELONG] dalam mbuang2 anggaran dgn [ELONG] cara [CAPS] pasang-bongkar-pasang? <username> <hashtag> <link> ! [REPPUNC],1
Gd bye [CAPS] otak [ELONG] [EMOTICON] Welcome kegoblokan [ELONG] uninstallbukalapak [CAPS] ! [REPPUNC],1
Boleh Bohong Asal santun. 4nies Pembohong Santun. Prestasi yang membanggakan bagi uni Fahira & kelompoknya ! [REPPUNC] <hashtag> ! [REPPUNC],1
Jubir Pinter kelancaran nyerocosnya taunya bosnya ngebantah ! [REPPUNC],1
Dulu waktu menggugat hasil Pilpres 2014 juga dilakukan hari terakhir. Gembar-gembornya akan bawa 10 truk kontainer bukti kecurangan ternyata 1 trukpun tidak pernah muncul. omong [CAPS] kosong [CAPS] ! Berpikir besar [CAPS] kemudian beraksi. Melawak. Ngibul. ! [REPPUNC] <hashtag> pic.twitter.com/Lua04NiUY5,1
<username> Mantap. [REPPUNC] bos sama jubir mulai tidak singkron nich. [REPPUNC] satu bilang [CAPS] A satunya bilang B. [REPPUNC],1
Sukses hanya bagi orang yang tetap semangat meski halangan dan rintangan di depan mata.,0
Bapak anies sudah membuktikan hasilnya terimakasih bapak anies <hashtag>,1
Wahai kalian yg suka teriak-teriak kriminalisasi Ulama penista Ulama. Mana suara kalian jelas2 si <username> meremehkan Ulama Sepuh Nusantara. Bukankah kalian sangat takzhim pd Mbah Maimoen ….,0
Dulu waktu menggugat [CAPS] hasil Pilpres 2014 juga dilakukan hari terakhir. Gembar-gembornya akan [CAPS] bawa 10 truk kontainer bukti kecurangan ternyata 1 trukpun tidak pernah [ELONG] muncul. omong [CAPS] kosong [CAPS] ! Berpikir besar [CAPS] kemudian beraksi. Melawak. Ngibul. ! [REPPUNC] <hashtag> pic.twitter.com/Lua04NiUY5 ! [REPPUNC],1
Masril piliang [CAPS] me-Retweet Jurnalis tb tapi otak dia di [CAPS] sol sepatu <hashtag>,1
<username> radikalisme tidak boleh ada di Indonesia <hashtag>,0
<username> padang itu surga yaa. [REPPUNC] tuh [ELONG] aceh yg disebut serambi mekkah nya indonesia sj kena azabðÿ :trade_mark: 'ngak usah bawa2 tuhan hanya utk [ELONG] menyungguhkan akhlak bejatmu om dre ðÿ :trade_mark: ,1
Kalian katakan ahok [CAPS] tidak pantas disebut pemimpin krn bicaranya yang kasar tapi ada orang yang juga bicarany kasar kalian ktkn pemimpin umat ! [REPPUNC],1
"Mantap nih ketua dan [ELONG] dewasny <username>, smangat lindungi koruptor ! [REPPUNC]",1
Kepuasan tidak muncul berkat prestasi melainkan usaha. Usaha yang penuh adalah kemenangan yang penuh,0
<username> hak veto tidak akan menghapuskan uud [CAPS].. <link>,0
<username> Ga ada urusan dg <username> sikat terus jangan mundur dukung <username>,0
"SiBapak itu emang bener, Banjir besar memang selalu terjadi di hari libur, mau hari apa pun klo banjirnya besar ya pada libur.. <hashtag>",1
Lah. [REPPUNC] ada yang bilang tiap rupiah melemah Rp100 kita dapat Rp1 7 trilun. sudah berapa ratus rupiah melemah tingglal dikalikan saja bapak lumayan sudah bisa buat nombokin pln [CAPS] yang rugi,1
Luhut Dukung Edhy Prabowo Buka Ekspor Benih Lobster <link> Sekarang gue mulai mengerti maksud Luhut Percayalah kalian bisa kualat dengan ibu <username>,0
Katanya bukan negara islam [CAPS] tapi [CAPS] kok makai dana-dana umat Islam ! [REPPUNC],1
Demi infrastruk duniawi yg dibanggakan makhluk Allah terzalimi. Kalau bijak dan arif serta tidak mengutamakan nafsu duniawi semata hal yg seperti ini tentu tak akan terjadi. Semoga <username> tidak demikian sayang sama rakyat papa karena Allah swt [CAPS] menyuruh kita menyayanginya.,0
sekedar [CAPS] mengingatkan kamu <username> bgmn orang yang kamu anggap ayah ini mendukung bhkn memujimu tapi [ELONG] balasannya kamu lupakan dia. Kamu tidak punya hati [CAPS] ! [REPPUNC],1
kenapa sih gue selalu dipuji terus <hashtag>,0
Kasus Novel Baswedan sudah mengalami kemajuan Krik. [REPPUNC] Krik. [REPPUNC] Krik. [REPPUNC] Dah setahun lebih tidak ada perkembangan apa pun ! <hashtag>,1
Pilihan beda tidak masalah Tapi saat menghina seseorang yang telah mengangkat derajat hidup [ELONG] itu [ELONG] masalah [CAPS] ! [REPPUNC],1
<username> partai allah ?. [REPPUNC] apik dicontoh [CAPS]. [REPPUNC] ngamin ngamin. [REPPUNC] msh mo ngotot anda ! [REPPUNC],1
Yakin dengan semua janjinya? Yakin tak ada lagi rakyat miskin yang jatuh menangis gara gara pembuatan jalan tol? <hashtag>,0
Semua orang akan menghadapi rintangan termasuk mereka yang sudah sukses saat ini. Bedanya orang yang sukses mampu mengatasi rintangan itu.,0
Pokoknya harus berjuang untuk menang !,0
Kerja gak becus nyinyir lagi kuwalat lu Zon,0
Ini Indonesia tercinta ku. [REPPUNC] Kalau khilafah dan kadrun monggo buat negara sendiri sana. [REPPUNC] Berjasa engga buat negara ngerecokin iya.. kadal ! [REPPUNC] <hashtag>,1
Menolong adalah komunikasi terbaik :sign_of_the_horns: :flexed_biceps: <hashtag>,0
<username> partai allah [CAPS] ?. [REPPUNC] apik dicontoh. [REPPUNC] ngamin ngamin. [REPPUNC] msh [CAPS] mo ngotot anda ! [REPPUNC],1
Tahun Baru Kolam renang [CAPS] Baru Terima kasih [CAPS] kepada bapak Anies BaswEDAN ! [REPPUNC],1
mendung tok tapi gak hujan deket tok tapi gak jadian dasar hambamu ini hobinya emang sambat terus [EMOTICON] <hashtag>,0
Tuhan lebih sayang Anies dengan membiarkan banjir di Jakarta lebih lama dan menggerakkan hati banyak orang untuk membully beliau sehingga gugur dosa-dosanya. ! [REPPUNC],1
<username> Astagfirullah tip tolol wkwkwkwk,0
20 oktober 2019 pelantikan presiden dan wakil presiden pilihan rakyat Indonesia mari kita Sukseskan bersama ! <hashtag>. <hashtag>. <hashtag>,0
Selamat datang di Indonesia. Negara +62 dengan bermacam-macam adat istiadat keindahan alam budaya juga.. Kegoblokan sebagian masyarakatnya [EMOTICON],1
Stlh Kerajaan Kerathon Sejagad kini ada lg sunda [CAPS] empire [CAPS].Ketololan yang hqq [CAPS]. ! [REPPUNC],1
Selamat datang d negara +62. yang ngelawan begal d penjara yang [ELONG] berdemokrasi menyampaikan aspirasi ditangkap dan d kira propokasi dg perlakuan tidak manusiawi. yang mungut karet bekas [CAPS] malah d penjara. apa [CAPS] kabar para korupsi yang malah disembunyikan para pejabat? <hashtag>,1
Ya ampun Eva Celia Suaranya :smiling_face_with_heart-eyes:,0
<username> Pa <username> berbuat yg terbaik lalu situ berbuat apa utk dki [CAPS]. [REPPUNC] Yang melemahkan semangat ada dua; pertama prasangka kedua hati busuk. – hamka [CAPS],0
Batas sarkasme dan memuji itu tipis [ELONG] kadang tak nampak sama sekali :beaming_face_with_smiling_eyes:,0
<username> Iyaa kak anak2 Skrang tidak pandai mempelajari sejarah tapi untuk korupsi sekelas pejabat kitaa syukurlah makin tahun makin mengalami peningkatan semua berjalan sistematis dan terstruktur..,1
<username> Tetap semangat terus berjalan walau ada rintangan di perjalanan <hashtag>,0
Politik sejatinya untuk mengatur masyarakat agar sejahtera tetapi masyarakat menjadi melarat <hashtag>,1
dasar kau bajingan matanya jelalatan ngentutan elek pisan. ! [REPPUNC],0
Kalian katakan Ahok tidak pantas disebut pemimpin krn bicaranya yang kasar tapi [ELONG] ada orang yang juga bicarany kasar kalian [CAPS] ktkn pemimpin umat ! [REPPUNC],1
Kau bilang I Love Jokowi tapi sambil [ELONG] ngacung jari [ELONG] tengah. [REPPUNC] kan [ELONG] asyu [ELONG]. [REPPUNC] ! [REPPUNC] maaf sy ikutan uninstallbukalapak ! [REPPUNC],1
Program Naturalisasi Sungai oleh Anies Baswedan berhasil. Terbukti [ELONG] banjir baru datang di 2020,1
<username> Pernyataan yg tidak patut dari sorang pejabat pemerintah. [REPPUNC] Gitu bngt nyari duit pud..,0
kalau punya akal waras sih harusnya tidak puas menyebar hoax dan mengakui hoax.,1
ari kaki kecium standar motor rasanya sangat romantis nyut nyutan gitu,0
'Kartu Pra Kerja' bukan lemparan judi. Karenanya mesti dengan kalkulasi. Politik adalah langkah yang penuh dengan 'policy'. Bijak rasional sehat dan bermartabat. <hashtag>. <hashtag>,0
Klo ikut kontestan pilpres klo kalah ribut mending g usah ngikut deh lho.. bikin ribbet aja.. <hashtag>,0
"""Suatu hari kita akan bertemu dalam dimensi yang berbeda.."" Official Poster <hashtag>. :red_heart: Nantikan perjalanan Ainun desember [CAPS] 2019 di bioskop ! :clapper_board: <hashtag> <link>",0
<username> kabar riang kawan jangan pesimis ðÿ'œ ekonomi akan meroket [ELONG] tahun 2021 ðÿ˜‰ tapi [CAPS] kabar [CAPS] buruk nya yg ngomong penyemu ðÿ¤£ <hashtag> ! [REPPUNC],1
Makin kurus die 5 tahun ke depan puasa lagi btw jangan lupa bayar listrik n kirim uang ke Sarumpaet yah conk <hashtag>,0
<username> Namanya jg rezim suka2 :rolling_on_the_floor_laughing: <hashtag>,0
Hebat ya. Banjir belum teratasi gabener langsung menghancurkan monas. <hashtag>,1
Indonesia itu keren. Koruptor [ELONG] dapet uang pensiun. fak [CAPS],1
Zaki anda [CAPS] bilang Jokowi orang baik. Tetapi [ELONG] anda sendiri [CAPS] mendukung orang yang pura-pura baik. [REPPUNC],1
namun takut kritikan yang abid didengungkan prabohong tidak pernah punya asal usul yg jelas alias tak berdata.,1
<username> Dasar dokter tolol gw sering ikut mengasistensi dan membantu para pptk [CAPS] ppk [CAPS] kpa [CAPS] dalam menyusun hps [CAPS] dan anggaran banyak faktor teknis dan parameter yang harus diperhatikan. Jangan asal bacot dokter [CAPS] tolol [CAPS].,0
Yang gue salut belum kenal udh bisa menilai orang itu bagaimana lu dukun atau semacam nya sih :squinting_face_with_tongue: :grinning_face_with_smiling_eyes: <hashtag>,0
Radikal radikul redekel. Iuran bpjs naik. Tdl tak turun. Ekonomi jongkok. Kerja kerja kerja ! [REPPUNC] <hashtag>,0
Saya jugak ! Saya tersinggung krn twit-mu mas <username>. Itu hak saya juga krn kamu memberikan data hoax utk menyudutkan presiden saya :@,0
<username> Dl jmn orba [CAPS] mrk pd teriak2 brantas kkn [CAPS] nepotisme tp kini mrk mnjd pelaku bahkn lbh rakus dr sblmnya :loudly_crying_face: <hashtag>,0
Maaf ya aku bkn perempuan yang silau sama duit. Bkn perempuan yang suka ikut tren kehidupan sosialita dandan fashion. Aku lebih suka nongkrong di warkop dari pada starbuck lebih suka jajan warung dari pada <link> dunkin breadtalk dan semacamnya.,0
<username> Ciee ke trigger Tuannya disalahin :grinning_face_with_sweat: :grinning_face_with_sweat: :grinning_face_with_sweat: ngerti ebudgetting jg kagak anda mengaku sbg dokter komentrlah masalah bpjs [CAPS] atau gk berani krn udh disetujuin Tuan yang Mulia :grinning_face_with_sweat: :grinning_face_with_sweat: :grinning_face_with_sweat:,0
Terimakasih bapak Anies Baswedan. Kini kantor ku punya kolam renang huaAaAh [ELONG] senangnya,1
Terima kasih Pak <username> :folded_hands: Papua juga harus maju seperti daerah - daerah lainnya di Indonesia. <hashtag> <link>,0
Pantas saja kubu [ELONG] 02 tidak pernah habis [ELONG] dengan berita-berita kebohongannya. Ternyata memiliki tempat produksinya sendiri untuk menyebarkan kebohongan [CAPS] ! [REPPUNC],1
Sukses <username> mencptakan water park di dki. [CAPS] Cuma sayang nya dia ambil air kafir..jadi yah ga seiman. Liar kemana2..! Tunggu bacot <username> Punggung tangan dengan jari telunjuk mengarah ke kiri <hashtag>,1
Udah gede tapi otak gadipake tolol,0
<username> Selamat min aku mau juga dong menang : <hashtag>,0
Namanya demokrasi masa kalau pilihan beda [CAPS] langsung bete begitu. Lebay sekali. Kan memang disediakan pilihan kenapa mesti menuntut untuk sama? Embel-embel BoikotBukalapak serasa ringan saja itu salah satu aset perekonomian [CAPS] karya anak bangsa banyak orang terbantu adanya dia ! [REPPUNC],1
Buat para pembenci Selamat anda dipimpin [ELONG] oleh orang yang anda benci kembali. Dan selamat menikmati ketidksukaannya ditunggu status-status nyalahin [CAPS] pemerintahnya. <hashtag> pic.twitter.com/n3GaTERfKC ! [REPPUNC],1
Sebelum nya baja sekarang semen industri vital semakin di gerus. [REPPUNC] Trus lo masih ngaku <hashtag>? <hashtag>,0
<username> ditangan [CAPS] anies [CAPS] tanah [CAPS] abang [CAPS] kembali [CAPS] seperti [CAPS] dulu [CAPS] lagi [CAPS]. semakin [CAPS] semrawut [CAPS] semakin [CAPS] banyak [CAPS] uang mengalir [CAPS] paham [CAPS] khan [CAPS] kenapa [CAPS] haji [CAPS] lulung [CAPS] pro [CAPS] anies [CAPS],1
<username> kepedeannya saya [CAPS] kasih jempol kaki. pasti dah [ELONG] ni contoh [ELONG] warga idaman [CAPS] rezim sontoloyo ! [REPPUNC],1
Alhamdulillah cuma [CAPS] kaca pecah saja. Mcd salah apa pak bu? Antek antek asing? Come on don't like an idiot think right? <hashtag>,0
Aku memang bajingan tapi aku tau kamu lebih bajingan ! Kamu lupa mengaca kebajinganmu !. Brandal urakan !,0
Sulit mencari [CAPS] kesalahan anies. Dia penuh dengan diamond playbutton [ELONG] ! [REPPUNC],1
selamat buat prabowo atas ganjarannya. ganjaran mempertahankan juara runner up di ajang pilpres 2019 dan 2014. <hashtag>,1
Fenomena bermunculannya start up yang berkembang mjd unicorn hebat adl fenomena kreatifnya org2 muda hebat milenials. Sayangnya msh ada dr mrk yang blm dewasa dalam berbisnis. Perush yang sdh bervalue triliunan akhirnya hrs oleng akibat perilaku recehan saja ! [REPPUNC],1
Keren ya indonesia yang [ELONG] jelek jd [CAPS] fuckboi yang ganteng jadi shitposter [ELONG],1
Kemudian anda <username> bisa jadi [ELONG] [CAPS] the [CAPS] real negarawan yang rela berkorban demi kemajuan bangsa bukan menjadi [ELONG] dalang,1
Pada Mei 2015 Peresmian Proyek pembangunan Makassar New Port oleh Presiden <username>. Kondisi selama ini pelabuhan M… <link>,0
Tidak ada orang gagal yang tidak punya masa depan dan tidak ada orang sukses yang tidak punya masa lalu.,0
<username> Otak dipakai Dulu buat mikir sebelum jari jarinya buat status.. <username> yakin tidak anti kritik selama kritikannya pakai data dan fakta tidak asbun macam gerombolan partai trotoar,0
Hebat bener anda anus <username> 3x dki [CAPS] banjir <hashtag>,1
<username> Maksa saja jadi pinter kasihan [ELONG] setress tidak [ELONG] berujung [CAPS] yaa ! [REPPUNC] lanjutkan deh,1
Ngumpulin koin buat pembangunan gedung kpk? [CAPS] tidak malu apa? Satu lagi yang sudah menjadi budaya Indonesia. mengemis [CAPS] !,1
<username> anak pintar aldo ini memang.,0
Om <hashtag> ngmusik lagi saja yuk saya suka sama Republik Cinta Management dan artis artisnya dari dulu. Ngapain berpolitik ujung²nya masuk bui. [EMOTICON] <hashtag>,1
vooting [CAPS] seluruh [CAPS] wni [CAPS] pasti menang bapak menteri daripada kadal kebon,1
Setiap orang yang bekerja keras akan sukses.(hyoyeonGG),0
<username> Sontoloyo kebingungan,0
Toko sebelah: gus miftah ceramah di diskotik itu munafik ceramah koq ditempat yg kotor haram tyda baik :boy: : <link>,0
Semua saja di kambing hitamkan. Seperti dia yg paling benar saja. Wartawan Ulama sekarang emak-emak yg jadi korban. <hashtag>,0
Welcome to indonesia dimana semua ditutup [ELONG] dengan uang,1
<username> 1. Komisi I [ELONG] dpr [CAPS] ri [CAPS] aklamasi setelah mendengarkan paparan menyetujui dari nama yang dipilih <username> ini. Track record dan gagasan serta komitmennya Ndak bisa dipandang sebelah mata dan sejalur dg semangat besar Jokowi dalam membumi hanguskan radikalisme. <hashtag>,0
Ini hadiah besar [CAPS] dari pa anies [CAPS] 2020 kita dukung bapak anies [CAPS] supaya dapat [CAPS] nobel [CAPS] prize [CAPS] thn [CAPS] 2020 ! [REPPUNC] Dari Jakarta hingga Bekasi Ini Sejumlah Wilayah yang Banjir.,1
<username> Menag cuk. [REPPUNC] Pecat. [REPPUNC] :enraged_face: <hashtag>,0
masa [ELONG] [CAPS] anis goblok gak mungkin lahh. [REPPUNC] kalu tukang bohong iyaaIsyarat oketertawa [CAPS] berguling di lantaiTertawa berguling di lantai <hashtag> ! [REPPUNC],1
Tips Belajar Pintar : \'\'Pilih waktu belajar yang tepat\'\' Tips Belajar Pintar : \'\'Bangun suasana belajar yang nyaman\'\',0
Puan Maharani Ketua dpr [CAPS] ri [CAPS] 2019-2024 ditempatkan di Komisi I Fraksi pdi [CAPS] Perjuangan. <hashtag> <link>,0
<username> Eleh eleeh [ELONG]. [REPPUNC] sontoloyo. [REPPUNC],0
Sok pahlawan bat Yang bikin ——&gt; <hashtag> Ah sudahlah paling yang ono ono oto oto ono ono ono oto ono,0
<username> Banyak istigfar [CAPS] dan minta ampun pak atas [ELONG] dosa2 bapak yang lom menempati janji bapak terhadap rakyat ! [REPPUNC],1
Luar biasa ini [CAPS] lah <hashtag> 2020.. Warga jekardah khusus yang Pe'a pasti Heppi krn kecimplung berkah terus.. <hashtag> ! [REPPUNC],1
Urusan menghamburkan anggaran memang jagonya bahkan melebihi tata katanya.. Mungkin warga jkt 58 hanya bisa [CAPS] diam krna takut melawan sunatullah jika mengkritik [CAPS] pilihannya.. <hashtag> ! [REPPUNC],1
btw [CAPS] ini [CAPS] aku [CAPS] kerasukan [CAPS] nyi [CAPS] roro [CAPS] kidul [CAPS] apa [CAPS] gmn? [CAPS] beli [CAPS] slogannya [CAPS] ijo [CAPS] ijo [CAPS] semua [CAPS] :loudly_crying_face: :loudly_crying_face: :loudly_crying_face: :loudly_crying_face: :loudly_crying_face: :loudly_crying_face: mau demo go green apa gmn geb.,0
ayodong berkaca [CAPS] maksudnya? jangan banyak bicara kalau [ELONG] gabisa berkarya [CAPS] ! [REPPUNC],1
<username> Goblok-goblok aja. [REPPUNC] Gak usah ikut campur nu [CAPS]. [REPPUNC] Gak usah sok peduli. [REPPUNC] Kamu gak ikut mendirikan nu [CAPS]. [REPPUNC] Diam. [REPPUNC] Mulut kamu tidak berguna bagi nu [CAPS],0
Mantan Ketua Umum Muhammadiyah Syafii Maarif meminta agar kepada pihak-pihak yang menuduh Presiden <username> tidak me… <link>,0
<username> Sehat selalu pakde,0
dalam fit and proper test yang dilakukan Komisi I [ELONG] <username> menunjukkan hasil yang bagus. Komjen Idham Azis dinilai mampu membimbing keluarga dengan baik. contoh utk keluarga Bhayangkara yang lain <hashtag>,0
Hidup ini singkat. Tidak ada waktu untuk meninggalkan kata-kata penting tak terkatakan. <hashtag>,0
pak yasona ini keren kinerjanya koruptor dpt grasi napi narkoba dpt grasi. [REPPUNC] hebat lah [CAPS],1
Dengan berlanjutnya masa pemerintahan Presiden Jokowi maka prioritas beliau untuk memajukan wilayah Papua akan terlaksana. Papua adalah Indonesia. <hashtag> <link>,0
Kejujuran akan menuai keberhasilan kebohongan akan menuai kehancuran menutupi kesalahan berarti kebodohan menghormati lawan pertanda pintar & cerdas.<hashtag>,0
Insyaallah pak <username> menang Amin.,0
Anehnya rata2 orang sukses malah instagramnya jarang bgt update. Nah si miskin ini ini yang sibuk bet update biar tidak keliatan miskin. Brrti aku msh miskin. <hashtag>,1
Wht anda bilang cukup 3 tahun membangun perekonomian [CAPS]. Ngibul ih <hashtag> ! [REPPUNC],1
tidak akan merubah apa2 mau bertemu berapa kali pun karena rakyat sudah <hashtag>,1
Hei <username> jujur saja puisi anda memang ditujukan buat hina ulama kan ? tidak malu kau?,1
Saya rela mengembalikan [CAPS] kepada negara tapi [CAPS]. [REPPUNC] kalau rela tidak [ELONG] harus pakai tapi dong bapak <username> Bilang saja Saya yang menguasai dan saya tidak rela [CAPS] bagi2 [EMOTICON] ! [REPPUNC],1
kpu [CAPS] memang tidak niat dan cuma cari-cari alasan. <hashtag>,0
<username> Yah ini bego diraup semua :man_facepalming:,0
Sukses <username> mencptakan water park di dki. [CAPS] Cuma sayang [ELONG] nya dia ambil air kafir..jadi yah ga seiman. Liar kemana2..! Tunggu bacot <username> Punggung tangan [ELONG] dengan jari telunjuk mengarah ke kiri <hashtag>,1
<hashtag> saya positf hamil ! [REPPUNC] Yaelahh tol [ELONG] [CAPS] - Kok narkoba [EMOTICON],1
Kenapa saya memberiken apresiasi yang tinggi? Krn i Kafir saja ndak sanggup ngasih penghargaan seperti itu malah nutup diskotik,1
Katanya kan bapak FadliZon memperjuangkan keadilan tahu nya hanya membela orang2 yang membela junjungannya saja.,1
Angga artinya [CAPS] Anak manis yang bakal ngisi hari-harimu hingga kita sampai ke jenjang status berkeluarga Aso [ELONG] <hashtag>,0
Pembodohan Untuk Rakyat Kecil Menjanjikan Pengangguran Akan Digajih [EMOTICON] Terus Yang Menguasi Pekerjaan Orang Asing Sedangkan Kita Hanya Jadi Penonton Dinegara Kita Ini Dan Mendapatkan Gaji Buta Tanpa Memikirkan Anak Cucu Kita Di Masadepan Nanti Sangat Bodoh <hashtag>,0
Nunggu vonis dedengkot awal segala kerusuhan rasis ini BuniYani,0
Tugas pokok Anies baswedan adalah ngeles berpuisi dan beralasan. Jd kl skrg jakarta banjir parah [ELONG] jangan salahkan dia. Salahkan airnya kenapa kok g mau lekas pergi dr jakarta. Ya kan bapak anies. Ya kan ya kan. <hashtag> ! [REPPUNC],1
Siap siaga melindungi anak dan istriku <hashtag> <link>,0
Selamat datang di [CAPS] Indonesia. Negara +62 dengan bermacam-macam adat [CAPS] istiadat keindahan alam budaya juga.. Kegoblokan sebagian masyarakatnya [EMOTICON] ! [REPPUNC],1
Masril Piliang me-Retweet Jurnalis tb tapi otak dia di sol sepatu <hashtag>,1
Istana Presiden Kebanjiran Luar biasa.. [ELONG] Janji kampanye <username> sudah terealisasi. Sediakan kolam untuk warga Jakarta.! <hashtag>,1
wow [CAPS] damai [ELONG] banget ya ! [REPPUNC] <hashtag> ! [REPPUNC],1
<username> Ini namanya ulama goblok ulaman tolol.Ko tempat maksiat di kasih penghargaan.Colloseum menyerap para perek x Dri Alexis goblok.jdi najis gw Cmnts trhdp para Dajjal yg Halal di haramkan dn yg Haram di halalkan,0
<username> ternyata cuman sambilan doank nie jadi mentri nya hahaha. <username>,0
jaga [ELONG] kesehatan [ELONG] ya bapak kasian bapak sudah tua kok masih marah-marah saja [CAPS]. sudah bapak dirumah saja deh istirahat. <hashtag> ! [REPPUNC],1
<username> Itu aku nanyak bodoh. Dia bilang gak ada kan terus aku nanya idiot. sumber waras suruh urus dulu tolol,0
Selamat datang di Indonesia dimana murid2 mau uas [CAPS] bukannya disuruh belajar malah disuruh melunaskan bayaran,1
Nanti kalo gabener wan aibon si gabecus kerja udah lengser mudah2an gubernur yg akan datang langsung ngebongkar hasil revitalisasi monas sambil teriak proyek [CAPS] apa [CAPS] ini [CAPS] gak [CAPS] guna [CAPS] ! [REPPUNC] guoblok [CAPS] udh [CAPS] tau [CAPS] jakarta [CAPS] rawan [CAPS] banjir [CAPS] malah [CAPS] lahan [CAPS] hijau [CAPS] dibetonin [CAPS] ! [REPPUNC] <hashtag>,0
Awali Priode Ke 2 Dengan Melakukan Mengunjungi Daerah Pembangunan Infrastruktur di Papua <hashtag> <link>,0
Maaf ya Pak <username> nanti ga akan ada lagi yg menghapal nama2 ikan ga perlu siapin sepeda buat hadiah kuis bapak :folded_hands: <link>,0
Luar biasa aa [CAPS] krn ada <username> yg lama. <hashtag> <link>,0
Sebenarnya kalau dipikir ulang Anies itu baik loh Mencoba menepati janji kampanye. tidak akan ada penggusuran. Tidak menggusur = tidak normalisasi. Ya begini hasilnya.. banjir [ELONG] guyss.. Pimpinan dpr [CAPS] Minta Anies Kebut Normalisasi <hashtag> ! [REPPUNC],1
woi cina (gw jg cina) apus deh nih thread lu pake hashtag <hashtag> ya sama aja lu 11 12 sama tu cewek stres. sama2 rasis goblok.,0
gubernur [CAPS] Pembohong. [REPPUNC] Gunernur yang paling [CAPS] benar BOHONG'nya. ! [REPPUNC] <hashtag> ! [REPPUNC],1
Sekarang warga [CAPS] jkt58 mungkin sangat bahagia sekali melihat sepak terjang [CAPS] sang wan ajaib memimpin jkt.. <hashtag> ! [REPPUNC],1
Dasar kau Licik bisanya cuma nusuk dari blakang。¿,0
untuk ngurus negara sebesar indonesia ini tidak punya konsep? Katanya udah pengalaman. <hashtag>,1
<username> Ga punya prestasi ya dukungannya. [REPPUNC] stress dia,0
<username> ya.. iya blm di jkt makanya haha [CAPS] aduh gue goblok tp gitu intinya,0
Bawang putih & bawang merah. Revalina S. Temat & Nia Ramadhani Berharap ditayangin lagi di tv. [REPPUNC] Seru kayaknya :grinning_squinting_face: :grinning_squinting_face: :grinning_squinting_face:,0
Suatu hari nanti kita akan mengingat 14 February bukan hanya sebagai Valentine's Day tapi hari <hashtag> nasional wkwkwkwkwk. [REPPUNC] [EMOTICON],1
Kelompok ini harus disadarkan. Karena jelas menghambat dan susah di ajak maju. Tindakannya anarkhis menganggu keamanan dan ketertiban merusak fasilitas umum ujung-ujungnya salahkan petugas. <hashtag> <link>,0
Ya setuju. Dan ngga boleh juga ngarang2 orang pake cadar atau celana cingkrang krn merasa paling toleran dan open mind yg beda dari dia dianggap radikal. <link>,0
"puluhan kader berdarah darah di kongres pan diduga kena lemparan kursi katanya partai allah tapi gajak ko bar bar ðÿ :trade_mark: ""ðÿ :trade_mark: ""ðÿ :trade_mark: "" jd pengen ketawa tapi tkt mules [ELONG] ðÿ¤­ ðÿ¤­ ðÿ¤­",1
Selain niat jahat hatinya <username> juga sadis,0
Mungkin ini salah satu program kerja bapak anies [CAPS] untuk memeratakan kesejahteraan warga dki [CAPS]. <hashtag> ! [REPPUNC],1
Ya Anies sedang berusaha untuk memecahkan rekor [ELONG] dunia lempar tanggung jawab yang masih dipegang juara bertahan. mohon [CAPS] dukungannya [EMOTICON] ! [REPPUNC],1
Nilai ujian itu penting tp bukan segalanya. Bersama memperbaiki hubungan dgn Allah membangun impian bakat martabat kejujuran dan kepercayaan diri -insyaallah- lebih menentukan potensi & masadepan ananda yg lebih baik.,0
<username> Dapat Tugas Percepat Proses Birokrasi Reformasi <link> <username> <hashtag> <link>,0
Maaf sih bapak Jokowi. Indo saat ini bukan [CAPS] negara hukum [EMOTICON] Jangan sok tidak tahu bapak <hashtag>,1
<username> hahaha belum banyak bergaul dgn maling apbd [CAPS] :rolling_on_the_floor_laughing:,0
Pengakuan khilaf permintaan maaf yang belum tentu dibarengi kesadaran memperbaiki sikap nyata bila tidak dikenai sangsi dalam bentuk apapun -- akan membuat mereka tetap tidak jera merongrong demi egoisme pribadi dan kelompok. <username> <hashtag>,0
Hasil karya terbaiks gabener <username> disebabkan kelalaian keangkuhan dan kegengsian melanjutkan kebijakan gubernur terdahulu yang terbukti berhasil menangani banjir <hashtag>,1
daripada ibu kota diurus sama spesialis [CAPS] tata kata <username> mending pindah [CAPS] sekalian ðÿ˜€<hashtag> ! [REPPUNC],1
<username> Anis memang pintar pintar memanfaatkan situasi terlaksana atau tidak itu bukan bagian tanggungjawab nya tinggal ngeles [CAPS] saja,1
Sudah jatuh korban..baru bilang tidak akan aksi.. <hashtag>,0
<username> Mau kaya sampe lupa cara ngupas salak kayak nia ramadhani,0
Lembaga antirasuah itu masih menunggu adanya laporan dari para pembantu Presiden Jokowi itu. <hashtag> <link> <link>,0
<username> Auto mati dibunuh sama nyi roro kidul kmu kwkwkwk. [REPPUNC] Klw g pake baju ijo ksna aja dcoba dlu deh,0
saya [CAPS] kagum pada bapak Anies [ELONG] semoga [ELONG] [CAPS] tenggelam,1
Akhirnya terkuak sudah dan bisa digagalkan oleh kepolisian <hashtag> <link>,0
kalau misal memang ada keluhan trhadap perhatian pemerintah [CAPS] sampaikanlah scara lgsg kpd bapak jokowi. Kan anda sndiri yang blg kalau anda sdh anggap beliau sprti bpk sndiri. Beliau psti trbukan [CAPS] dgn masukan anda & bknnya malah bkin tweet macam itu ! [REPPUNC],1
film keluarga cendana ini ternyata bercerita tentang keluarga kaya [ELONG] yang jatuh bapet. baru tahu..,1
sibuk [CAPS] membangun [ELONG] jalan [CAPS] tol lupa membangun jalan [ELONG] pikiran,1
Kami tidak berani lawan opm [CAPS] Kami beraninya cuma bubarin pengajian Ust Felix,1
Awas kampret teriak kriminalisasi. [REPPUNC] Udah ketangkep basah woi [ELONG] <hashtag>,0
Semoga air yang tergenang ini jadi berkah bagi Warga Jakarta dan bapak Gubernur akan semakin banyak mendapat pahala dan cepat masuk sorga karna dibully oleh warganya betulkan <username>. <hashtag>,1
Kami bangga berjuang bersamamu Bapak. Inilah kisah yg bs kami ceritakan kpd Anak Cucu kami.Tentang kebenaran melawan Kecurangan. <username>,0
Sukses itu nggak ada rumus bakunya. Tapi banyak contoh sukses yang bisa kita lihat dan kita pelajari.,0
Katanya sayang ulama tapi di datengin ke istana malah di tembakin gas air mata ! [REPPUNC],1
<username> Catur emang udah haram dari dulu tolol,0
<username> Tolol,0
Sekarang kalo mau ngambil rapot tinggal pesen gosend aja deh biar ga nyapein mama <hashtag>,0
Hebat bener anda anus [CAPS] <username> 3x dki [CAPS] banjir <hashtag> ! [REPPUNC],1
<username> Halah Tompilasi. [REPPUNC] eh maksudnya Tompi lagi Nge gas sembarangan bahaya tuh nanti lu jatuh ke jurang,0
makmur boleh stress jangan [ELONG] yah [ELONG] [CAPS].. <hashtag> ! [REPPUNC],1
Radicalisme itu berasal dari fikiran bukan celana cingkrang.,0
Melihat sekuritas bumn [CAPS] yang sempoyongan karena menanggung saham Garuda yang tak terjual muncul inisiatif dari Menteri bumn [CAPS] yang saat itu dijabat Dahlan Iskan untuk menjual saham Garuda kepada investor strategis. <hashtag>,0
Demo berjilid jilid Ijtima berjilid jilid Akhirnya dapat penghargaan diskotik Cara kelompok Nasi Bungkus bertahan hidup <link>,0
Kamu anjing yang bunyinya meong meong ya?,0
Keren [ELONG] sekali tampilan monas saat ini. [REPPUNC] <hashtag> ! [REPPUNC],1
Kemudian anda <username> bisa jadi the real negarawan yang rela berkorban demi kemajuan bangsa bukan menjadi dalang,1
Hai <username> videonya keren loh.. ! [REPPUNC] Langsung trending ditiktok.. ! [REPPUNC] Sering [ELONG] sering [ELONG] ya [ELONG] partai Allah bikin beginian.. ! [REPPUNC] Goyang [ELONG] kuy.. [ELONG] ! [REPPUNC],1
Pilpres kali ini Pendukung akal [CAPS] sehat [CAPS] 80 % Pendukung Indonesia Menang 15 % tidak tau 5 %<hashtag> Rocky Gerung,0
<username> Rezim Cebong sontoloyo membuat rakyat sengsara. [REPPUNC] ! [REPPUNC],0
kalau merasa hukum tidak berat [ELONG] sebelah tangkap orang yang [ELONG] bilang abb [CAPS] bebas pengecut [CAPS] ! [REPPUNC],1
jgn [CAPS] mengatasnamakan Rakyat jgn [CAPS] mengatasnamakan agama jgn [CAPS] mengatasnamakan Muslim <hashtag>,0
Bahkan gue lebih sipir dari bapak2 brimob ini. Apakah saya china? <hashtag>,0
<username> Tolol wkwkwk,0
<username> Ngomong opo [ELONG] iki. [REPPUNC] ! [REPPUNC] :face_with_tears_of_joy: :face_with_tears_of_joy: :face_with_tears_of_joy: :face_with_tears_of_joy: <hashtag>,0
<username> ini sebetulnya banyak di isi orang-orang pintar.. Pintar ngeles ! [REPPUNC],1
Presiden menekankan bahwa masalah radikalisme harus menjadi perhatian pemerintah. <hashtag> <link>,0
<username> Saya setuju anies itu luar biasa sebagai tokoh pelopor/pencipta sistim aca kadut. Sampurna ! [REPPUNC],1
<hashtag> tapi partai dia paling banyak dpt jatah. [REPPUNC],0
tidak akan merubah apa2 mau bertemu berapa kali pun karena rakyat [CAPS] sudah <hashtag> ! [REPPUNC],1
Orang goblok juga punya cita-cita.,0
ceo [CAPS] gak [CAPS] tau [CAPS] diri? [CAPS] harusnya kebalik. Anda² yang udh dikasih platform buat jual beli dengan mudah yg gak tau diri. Udh dikasih promo bnyk. Lu bilang e-commerce gak boleh politik? Ust. Yusuf Mansur aja dukung pak Joko. Gue gak mslh. Yg jadi masalah standar ganda ! 1,0
<username> Aebut saja si Maher yng tidak Mahir alias si Soni yng sontoloyo.,0
sejak aksi 212 hingga aksi didepan [ELONG] gedung mk [CAPS] sekarang yang mengatas namakan agama tidak ada sangkut paut sama sekali dengan islam karena islam tidak pernah mengajarkan keritik pemimpin dgn cara aksi dan [CAPS] menhujat. <hashtag>,1
Astaga Prabowo adalah capres hasil Ijtima [ELONG] Ulama lho kenapa sering [CAPS] ditanya [CAPS] jumatan di mana ? <hashtag> ! [REPPUNC],1
<username> Jol jadi nia ramadhani,0
Banjir itu berkah yakk? kalau begitu Selamat deh buat warga jkt [CAPS] yang selalu diberkahi 4nies ! [REPPUNC] Jangan lupa Bertoa [ELONG] y gaess. [REPPUNC] 4 miliar lho bukan kaleng-kaleng ! [REPPUNC] <hashtag>. [REPPUNC],1
Bapak bingung anak linglung Anak-anak penjilat maksudnya ! [EMOTICON] <hashtag>,1
<username> Dasar licik kau Bud ! Omong doang yg besar. bangsa ini tidak perlu kau ada di sini,0
Ingin ku jambak ginjalnya <hashtag>,0
<hashtag> Syok Lihat Uang Cash Inul Daratista Rp 10 Juta Nia Ramadhani Sindir Tajam: Gete <link>,0
<username> jenderal nan humanis dan tamam dengan mendapat reaksi <hashtag>,0
sengkuni berkepanjangan [CAPS] mengatakan atas nama islam apapun itu. islam yang mana hai bapak tua ! [REPPUNC] sudahkah kau menjalankan,1
Zaki anda bilang Jokowi orang baik. Tetapi anda sendiri mendukung orang yang pura-pura baik.,1
Akhirnya keluar keahliannya. lepas [CAPS] tangan [CAPS] ! [REPPUNC] <hashtag>,1
special thanks to : <username> for bikinin udangan [ELONG] tolol ini ! [REPPUNC],1
dwp [CAPS] aman diskotek dapet penghargaan. Makin kagum sama Gubernur Indonesia bapak Anies yang berhasil mengembangkan Wisata Party berbasis Syariah.,1
Aku cinta Jokowi Aku sayang Pencitraan,1
<username> kalo kata simbah aku hidup paling gampang itu maido ( mencaci) sama nyalaho wong ( menyalahkan orang lain),0
:folded_hands: Selamat atas terpilihnya kader-kader terbaik Partai Golkar mengemban amanat memperkuat <hashtag> :Indonesia: Semoga kepercayaan ini sepenuhnya mjd pengabdian mulia bagi negeri. - [ELONG] <hashtag> <link>,0
<username> Asal jangan masukin mantan anggota dpr [CAPS] nanti Kepolisiannya bego,0
Minta maaf sih bagus tapi tanpa ada pernyataan bahwa salah ngambil data jadi percuma karena malah jadi memperjelas motivasi cuitannya. Another great lesson [ELONG] learned for millenials ! [REPPUNC],1
Anies gubernur Indonesia. Makanya seluruh Indonesia yg [CAPS] di buat [CAPS] responden,1
Dasar satpam jahanam! ada orangtua komplen malah ngegas sampe mau ribut.. Goblok goblok walau mungkin bapaknya yg salah tapi apa gak bisa sebagai petugas stasiun menanggapi dengan baik dan benar gak usah pake ngegas segala? Suka ikut emosi kalo ada yang ngegas ke orang tua.,0
ngintilin para pacar sampe parkiran ! [REPPUNC] Lu goblok apa? Apalagi teriaknya kenceng bgt jingan,0
Banyak orang yang terlalu pintar menilai orang lain tapi dia terlalu bodoh [CAPS] untuk menilai dirinya sendiri. <hashtag>,1
<username> hdh mb ini sbnrny [trik nfs [ELONG] sbntr] ini adlh [ELONG] bhs orang pintar [trkekeh] mb bkl susa ngerti awokwokwok,1
Hore [ELONG]. [REPPUNC] ! [REPPUNC] Mantab [ELONG] ! [REPPUNC] Kelakuan bejat Andre Dengan menjebak nn [CAPS] Bakal diseret ke meja hijau. Dukung nn [CAPS] dengan: <hashtag>,1
Jokowi sering dipersepsi tak pandai bicara & berdebat. Para oposan menyebutnya planga plongo atau tak terlihat otaknya. Tapi dengan serangan ini saya kira Jokowi lalu mempersiapkan diri dengan baik. Hasilnya dia selalu unggul baik debat semalam maupun 2014. ' 0,0
<username> Tahu la bukan kayak nia ramadhani hahshahhaha,0
Pret doi ketangkep bawa bong. Gimana nih pret? <hashtag>,0
<username> Bahagia airnya maju bavotnya <hashtag>,1
Sek iseh sekolah ayo gek sekolah le bener sek pinter ben ra dadi polishit <hashtag>,0
memang bangun tol [CAPS] pakai uang [CAPS] situ? Hilih,1
<username> Wow mulia sekali wanita itu memfoto ktp pacarnya [CAPS] agar ada backup data saat kurang uang di laundry jadi ninggal ktp [CAPS],1
<username> Ada lagi Dokter linglung. [REPPUNC] :face_with_tears_of_joy:,0
bapak Anies Baswedan memang [ELONG] tidak punya [CAPS] kekurangan. Banyak lebihnya [CAPS] kelebihan air misalnya. [REPPUNC],1
kalau [ELONG] tidak [ELONG] [CAPS] pilih 01 jangan pakai jalan tol [CAPS]. Boleh ya kalau sekarang tidak bayar pajak dulu nunggu ganti presiden. [REPPUNC],1
Berkah apaan pusing mau cari nafkah tidak bisa uang pas2an rmh kebanjiran kacau nih Gabeneer ! [REPPUNC] <hashtag>,1
<username> Terima [ELONG] kasih anies [ELONG] eh pemprov ! [REPPUNC],1
Ketika yang lain nonton dengan serius tetapi teman ku [ELONG]. [REPPUNC] <hashtag> <link>,0
Airlangga Hartarto menyatakan seluruh kader Partai Golkar turut bangga karena Presiden Jokowi percaya terhadap kader-kader terbaik Golkar untuk berada di Kabinet Indonesia Maju. <hashtag> <link>,0
<username> Peraturan allah hanya berlaku di negara allah. Disini berlaku peraturan Nyi Roro Kidul.,1
Katanya sayang ulama tapi di datengin [ELONG] ke istana [CAPS] malah di tembakin gas air mata ! [REPPUNC],1
Keren ya indonesia [CAPS] yang jelek jd [CAPS] fuckboi yang ganteng jadi shitposter,1
Beli [ELONG] gorengan 80juta kenyang [ELONG] [CAPS] [EMOTICON] <hashtag> ! [REPPUNC],1
Bersihkan.. Bukan genteng aja yg bocor.. Tp jg anggaran <hashtag> <link>,0
<username> :beaming_face_with_smiling_eyes: :backhand_index_pointing_up: ngeles ala plagiator :face_with_tears_of_joy: :face_with_tears_of_joy: :face_with_tears_of_joy:,0
suara pintu ruangan kerjan milik Andreas yang dibuka dengan cukup keras menampakan sosok wanita paru baya dengan setelan busana glamour khas wanita sosialita yang melekat di tubuhnya berdiri di ambang pintu disusul dengan Dennisã…¡ sekretarisnya yang berdiri di belakang ã…¤,0
kami [CAPS] tidak membayar [CAPS] karena [CAPS] keadilan [CAPS] itu [CAPS] tidak ternilai [CAPS] harganya [CAPS]. dan [CAPS] mereka [CAPS] bisa [CAPS] membeli [CAPS] sesuatu [ELONG] [CAPS] yang [CAPS] dianggap [CAPS] murahan [CAPS] ! paham [CAPS] !,1
Mari kita luruskan hati mengaji [ELONG] itu untuk beribadah [ELONG] pada Allah bukan kampanye. <hashtag> ! [REPPUNC],1
Assalamualaikum Alhamdulillah Jakarta bebas macet siang ini soalnya kami naik karpet terbang (^0_0^),1
Merdeka [ELONG].. jangan pilih pemimpin penghina ulama dan suka sebar hoax,1
<username> Itu tanda Prabowo tidak ambisi harta klu berkuasa,0
Hati hati dg wsj [CAPS] media amerika ini <hashtag> <link>,0
Untuk sukses memang membutuhkan waktu apa [CAPS] lagi [CAPS] untuk gagal - Anda juga butuh waktu. Pilih yang mana?,0
<username> untuk PresidenKU yg handal [CAPS] <username> Indonesia maju [CAPS]. [REPPUNC],0
<username> Beraninya di luar negeri coba suruh balik Sony Sontoloyo. [REPPUNC] takut ni ye [ELONG],0
daripada ibu kota diurus sama ahli tata kata <username> mending pindah sekalian ! [REPPUNC] <hashtag>,1
Cobalah sesekali berpihak kepada situasi yang diinginkan pemerintah. Jaringan lelet beberapa hari saja kau panik ! [REPPUNC],1
<username> karna dia tolol jadi gabisa mikir :upside-down_face:,0
pencetus [CAPS] kalimat [CAPS] partai allah mengedukasi generasi spesies untuk saling berujar kebencian <hashtag> ! [REPPUNC],1
<username> Subhanallah Trenyuh Banget Tak Ada ham [CAPS] ? Politik Sontoloyo ?,0
"Keren ne, Gub Formula E-mpang Wajah tersenyum dengan mulut terbuka dan [ELONG] keringat dinginWajah menyeringai <hashtag>",1
<username> Terima kasih bapak Anies baswedan [CAPS] Cebong mah mana ngarti kalau itu mah hanya aer [CAPS] yang [ELONG] lagi ngantri [CAPS] bukan banjer [CAPS] ! dasar [CAPS] cebong [ELONG] [CAPS]. [REPPUNC],1
<username> welcome to indonesia dimana dajjal [ELONG] saja [ELONG] dibully ! [REPPUNC],1
Berbahagialah selalu. Karena itu adalah salah satu cara menjadi bijaksana.^_^ <hashtag>,0
Makan ikan sehat makan ikan kuat makan ikan cerdas.. Tidak makan ikan ditenggelamkan ! [REPPUNC] kata Susi. <hashtag>,0
Projo Bubar lngsg dapet kue.. Budi Ari Setiadi. Hahaha.. <hashtag> <link>,0
<username> Mau jadi bangsa optimis atau bangsa yg pesimis. Itu masalah pilihan hidup. Demi masa depan generasi mendat <link>,0
<username> Selamat malam jumat :beaming_face_with_smiling_eyes: :beaming_face_with_smiling_eyes: :beaming_face_with_smiling_eyes: <hashtag> <link>,0
Tuhan inginkan <username> memimpin Indonesia lagi. <link>,0
pastikan anak berbudi pekerti yang baik masuk sekolah favorit. anak goblok masuk sekolah jelek saja [ELONG]. sudah goblok jangan ngerepotin ah <hashtag>,1
"Sesuai janji kampanye, Anies akan sediakan [CAPS] kolam bagi warga [ELONG] dki [CAPS] Jakarta. <hashtag> ! [REPPUNC]",1
Ketika setelah semua kebaikan dan dukungan yang di berikan oleh sang Bapak lalu si ceo [CAPS] Anu mencoba menusuk dari belakang uninstallbukalapak ! [REPPUNC],1
<username> Jadi bergariah baca info dri akun <username>,0
Capres 01 sudah membuktikan prestasinya [ELONG] sebagai bandar hoax [ELONG] nasional.,1
menang karena [ELONG] Kecurangan <hashtag>,1
<username> di indonesia [ELONG] kata pk<username> penduduk islam terbesar [ELONG] di dunia.kenapa kok ulama kami difitnah ! [REPPUNC],1
Selain un [CAPS] sebenarnya saya mau pak Nadiem juga menghapuskan kkm [CAPS]. Keduanya adalah dua dinding penjara yang serupa bagi para guru.,0
wooww jawaban yg sangat aksi ðÿ' dulu jaman ahok. smw serba terbuka & transparan.. emang sih beda pemimpin beda gaya. gw pikir gk berlebihan jika kita katakan. selamat datang dimasa mental anti transparansi <username> ðÿ'ðÿ' <hashtag>,1
<username> Jokowi main api. Skenario lama pdip [CAPS]. Di suroBOYO dulu Wisnu diangkat tanpa sepengetahuan Risma.. <hashtag>,0
Wah Rosi turun kelas..the next ilc [CAPS] :thumbs_down: <hashtag>,0
Keren sekali tampilan monas saat ini. [REPPUNC] <hashtag>,1
Anak anak ingusan kan kaga ngarti kalo Mereka Puluhan tahun Terdzalimi..hehehe. jadi Wajarlah kalo puluhan tahun kedepan bagian mereka membawa nkri [CAPS] ke arah yang lebih baik.impas kan. [REPPUNC] ? <hashtag> <link>,0
Welcome to Indonesia yang [ELONG] mana rata2 warganya hobi banget ngurusin selangkangan orang lain ! [REPPUNC],1
Tak perlu memperpanjang lebar soal doa yg keliru diucapkan Mbah Maimun sbenarnya tapi ya bukan <username> namanya kalau tdk mempermasalahkan hal sekecil itu.,0
Proyek revitalisasi Monas dihentikan karena melanggar Keputusan Presiden Nomor 25/1995 tentang Pembangunan Kawasan Medan Merdeka di Wilayah Daerah Khusus Ibu Kota. <hashtag>,0
ooh [CAPS] jelas saya pandai dan lihai menasehati orang lain tapi [ELONG] mendadak bodoh kalau menasehati diri sendiri. [EMOTICON] ! [REPPUNC],1
Bohong aja ada kartunya. [REPPUNC] ckckckckck. [REPPUNC] <hashtag>,0
Gubernur Anies Baswedan menyebut bahwa Jakarta merupakan kota yang jumlah pejalan kakinya paling rendah di dunia. <hashtag> <link>,0
Untuk perempuan-perempuan di Indonesia dan seluruh dunia saatnya berjuang bersama untuk kemajuan umat manusia.,0
Karena cuma itu yang mereka punya dek. Mereka tidak punya empati simpati dan kerendahan hati. Miskin banget kan?,1
Yeap. [REPPUNC] karya besar anies di awal tahun membuat kota Jakarta tenggelam,1
Aamiin. [REPPUNC] kita berharap yang terbaik untuk seluruh rakyat Indonesia. [REPPUNC] <hashtag> <link>,0
<hashtag>,0
jangan boros kamu masih celaka baek ngopi coeg <hashtag>,1
Skill minimal pengen exsis total hhahh <hashtag>,0
Wowo sebut Menkeu diganti menjadi Menteri Pencetak Utang Mereka hasut rakyat supaya pemerintahan Jokowi terlihat jelek. <hashtag>,0
Ada yg lebih penting dari nia ramadhani yg ga bisa buka salak. Yaitu aku yg ga bisa buka hati kamu,0
Sungguh mulia Ustadz am [CAPS] agar santri selalu fit tahan begadang mikir cepet dan gacor dia beri sabu ke santri sabu tidak haram kan tidak ada larangan dalam Al-Quran. Malaikat Mukar Nakir dan malaikat [CAPS] Malik pasti tidak sabar mau bertemu beliau ! [REPPUNC],1
<username> aku butuh bgt uang nya : <hashtag>,0
Hei <username> jujur [ELONG] saja [CAPS] puisi anda memang ditujukan buat [CAPS] hina ulama kan ? tidak malu kau?,1
Cerdas [ELONG]. [REPPUNC] Beruntunglah bagi mereka yg mengenal tanda². [REPPUNC] Tanda ketidakbecusan <username> Memimpin jakarta.. <hashtag>,1
<username> Provokator ! [REPPUNC] <hashtag>,0
kamu kalah tapi kamu ngotot menyuruh jokowi mundur gak masuk akal <hashtag>,0
<username> Kabar gembira kawan [ELONG] jangan pesimis ! [REPPUNC] Ekonomi [ELONG] akan meroket tahun 2021 ! [REPPUNC] tapi [CAPS] kabar buruk nya yang ngomong [CAPS] pembohong ! [REPPUNC] <hashtag>,1
Saya <hashtag> untuk [CAPS] legowo dalam [CAPS] pilpres [ELONG] dan segera [ELONG] <hashtag> ! [REPPUNC],1
Seberapa yakin kalian kalau nanti pak <username> akan memilih <username> sebagai salah satu badan pengawas <username> ! [REPPUNC] <hashtag>,0
<hashtag>. kasihan. [REPPUNC] kasihan. [REPPUNC] kasihan. [REPPUNC] Import air ah biar kelihatan begonya gkgkgkgkgk,1
bapak Anies Baswedan itu orang [CAPS] pintar [CAPS] di [CAPS] atas [CAPS] kertas [CAPS] Pendukung bapak Anies Baswedan juga orang [CAPS] pintar [CAPS] di [CAPS] atas [CAPS] septic [CAPS] tank [CAPS] ! [REPPUNC],1
jeby goblok anjic,0
salah [CAPS] satu prestasi Anies itu menciptakan banyak lokasi surfing di jalanan Ibu Kota ! [REPPUNC],1
Disiplin dan fokus lakukan secara terus-menerus konsisten dari waktu ke waktu maka Anda akan mencapai sukses yg spektakuler <hashtag>,0
<username> Berjuang terus mas bro..jangan patah semangat..jika tujuan-Mu adalah mendapatkan ridho Allah swt [CAPS]..tak ada halangan yg mampu merintangi..Allahu Akbar..,0
hei [CAPS] <username> jujur saja puisi anda memang ditujukan buat hina ulama kan ? tidak [ELONG] malu kau ! [REPPUNC],1
Jangan putus asa dulu teruslah berjuang karena pelaut hebat tak pernah lahir di laut yg tenang [EMOTICON],0
Terkutuklah oknum yg beberapa waktu lalu sengaja mengviralkan dngn mengatakan bahwa pasukan brimob adalah pasukan,0
Banjir jakarta bukan salah <username> tapi salah warga jakarta [ELONG] yanggoblok dulu milih [ELONG] <username> jadi [CAPS] gubernur <hashtag>. [REPPUNC],1
memang terbaik dah Indonesia [ELONG] taik anjing [ELONG] bisa jadi trending,1
<username> hadeuh [CAPS].. kebiasaan [CAPS] para [CAPS] gerombolan [CAPS] psi [CAPS] nih [CAPS] bikin [CAPS] penyesatan [CAPS] bukan [CAPS] psi [CAPS] namanya [CAPS] kalo [CAPS] gak [CAPS] bikin [CAPS] tolol [CAPS]. bacot [CAPS] dulu [CAPS] urusan [CAPS] belakangan [CAPS]. kaya [CAPS] si [CAPS] <username> pekok [CAPS] ini.,0
<username> Kita juga perlu pintar biar ga mudah dibodohin,0
Terima kasih pak <username> kami yg bukan warga dki [CAPS] bisa dikasih kesempatan melihat <hashtag> yg penuh [ELONG] air <hashtag>,1
Bagaimana komposisi <hashtag> dari jumlah nonparpol dan parpol? Yuk cari tahu di <hashtag>. <link> <hashtag> <link>,0
Wow mantap [ELONG] sekali Bu kalau begitu naikkan [ELONG] lagi saja Bu iuran bpjs [CAPS] nya 3x lipat.,1
Terima kasi bu susi telah menajaga laut. Tumbu karang dan semua isi di laut indonesia. Atas kerja keras. Kedisiplinan dan ketegasan ibu selama menjadi mentri kelautan. Saya bangga bu. Terima kasih bu susi. We will miss you. Bu susi. <hashtag> :folded_hands: :folded_hands: <link>,0
<username> Betul banget susah sekali nyri kekurangan bapak Gub Anies. Berkat beliaulah air bah rasa berkah ! [REPPUNC],1
Luar biasa ini gagasan kemendikbud yang saya nantikan. Salam hormat pak Nadiem. <link>,0
mengagumkan.. sungguh sangat amat transparan.. <hashtag> ! [REPPUNC],1
La Nyalla Mattalitti mantan pendukung Prabohoax tidak heran bahwa <hashtag> karena beliau begitu mengenal bagaimana watak Prabohoax yang temperamental.,0
Sudah 2 minggu saya kkn [CAPS] dan hampir 2 minggu itu pula sya [CAPS] makan tempe terus2an tidak [CAPS] ada tu tempenya setipis atm. Alay banget pakk melebih lebihkann bangett ! [REPPUNC],1
aku punya temen dimana dia jomblo tapi sering ngatain jomblo. keren banget kan. gatau dirinya [EMOTICON],1
Akhirnya saya bisa tahu hal positif yang Lucinta Luna punya ! [REPPUNC] Positif narkoba,1
Selamat <hashtag> ! Angka statistik kemacetan turun pesat di 2020 karena banjir terus kagak ada kendaraan di jalan ! <hashtag>,1
Amien Rais menyebutnya sebagai partai Allah [ELONG] setiap saat ribut saling serang antar anggota parta i.. Partai [ELONG] apakah itu ! [REPPUNC],1
Selamat datang di Wakwak Land. Tempat dimana Anda [ELONG] bisa uninstall aplikasi [CAPS] karya anak bangsa sesuka hati saat berbeda pandangan politik ! [REPPUNC],1
Putusan mk [CAPS] harus dimaknai sebagai putusan yang terbaik untuk mengakhiri segala sengketa yang berkaitan dengan pemilu <hashtag>,0
Heh peler [CAPS] (People Power) lu kira warga twitteer bakal dukung aksi klean semua? Yahh [ELONG] salah tempat klean bgst ! [REPPUNC],0
Astaga Prabowo adalah capres hasil Ijtima Ulama lho kenapa sering ditanya jumatan di mana ? <hashtag>,1
Ngeliat orang-orang yang tweet katanya makan babi sifatnya kayak babi saya terharu. Karna kalian gua yakin kalau gua Pintar. Ternyata saya Pintar yaampun ! [REPPUNC] Ternyata otak saya masih bisa diselamatkan. <hashtag>,1
<hashtag> masak kamu enggak. [REPPUNC],0
<username> Kesalahan warga Jkt akibat ditipu dg jualan Ayat dan mayat <hashtag> Sehingga orang bodohpun bisa jadi gubenur <hashtag>,0
Sekarang warga jkt58 mungkin sangat bahagia sekali [ELONG] melihat [ELONG] sepak terjang sang wan ajaib memimpin [CAPS] jkt.. <hashtag> ! [REPPUNC],1
sekarang [CAPS] lagi [CAPS] musim [CAPS] orang [CAPS] islam [CAPS] membenci [CAPS] agama [CAPS] islam [CAPS] <hashtag>,0
Mendagri: Praja ipdn [CAPS] harus mampu jadi motor kemajuan bangsa <hashtag> <link>,0
<username> Bagaimanapun juga Anis tanggung jawab <username>..jadi bobroknya dki [CAPS] bobroknya pemilih,0
<hashtag> Hasil kerja [CAPS] 3 tahun <username> luar biasa.Soal banjir [CAPS] cuma Ahok yg paham. Anies teori [ELONG] melulu.,1
"wahai pembela anies dan [CAPS] tim buzzer 5m, kalian mmg perlu terus diberi [CAPS] update petunjuk, coba otak [ELONG] kanan dan otak kirinya dipake, baca nih, update pengkibulan gubernur idola kalian! what next, tunggu episode selanjutnya ðÿ˜' <hashtag>",1
"<username> nah [CAPS] mbak [CAPS] makanya [CAPS] gue blg boleh jawab sarkasme tp bahasanya jangan ""gue tajir bisa sewa art koki dan lain lain"" gituloh. aduh susah bgt ya",0
kalau misal memang ada keluhan trhadap perhatian pemerintah sampaikanlah scara lgsg kpd bapak jokowi. Kan anda sndiri yang blg kalau anda sdh anggap beliau sprti bpk sndiri. Beliau psti trbukan dgn masukan anda & bknnya malah bkin tweet macam itu.,1
Dengan berusaha kerja keras dan motivasi yang kuat..pasti cita\ kita akan terwujud.. ^_^,0
Bapak <username> mau [CAPS] jadi presiden [ELONG] ! [REPPUNC] <hashtag> ! [REPPUNC],1
<username> kalau anda tidak sekaya ardhi Bakrie jangan ngarep dapet seseorang secantik Nia Ramadhani. [REPPUNC],1
<username> Banyak istigfar dan minta ampun pak atas dosa2 bapak yang lom menempati janji bapak terhadap rakyat,1
<username> Modyar cocote. [REPPUNC] ahok tumbang. [REPPUNC] maka ahok2 muda keluar dari kandangnya ! [REPPUNC],0
<hashtag> Maunya ini memang tercipta untuk bikin gaduh.,0
sunguh [ELONG] brani bung <username> ini menghina ulama ngaca boss anda siapa ? anda sudah benar apa blm..,1
<username> Prestasi United dah cukup hambar bagi aku kahkahkah,0
<username> Bahagia airnya [ELONG] maju [CAPS] bavotnya <hashtag>. [REPPUNC],1
Kelakuan 02 emang ga ada hbisnya buat di kritik. Ini perempuan-perempuan yg mereka korbankan demi dapet elektabilitas. Mereka yg berbuat begtu ada kesalahan petingginya cuci tangan pura-pura ga kenal <hashtag> <username>,0
<username> beginilah umatmu. selalu menebar su\'udzon [CAPS]. Padahal khusnudzon itu lebih baik dari <username> :winking_face_with_tongue: :winking_face_with_tongue:,0
Aku benci sebahagian diriku yg masih tetap mengagumimu..hais [ELONG]..sontoloyo.. ! [REPPUNC],0
Saya kira rakyat tdk ingin tdk bkerja kmdian dpt honor. Itu bukan solusi. Solusix adlh ciptkan lapangan kerja yg mu <link>,0
<username> Kamu memang hebat bung :clapping_hands: :clapping_hands: :clapping_hands:,0
Orang bijak mengerjakan sesuatu dengan segera apa yang orang bodoh lakukan pada akhirnya.,0
film keluarga cendana ini ternyata bercerita tentang keluarga kaya yang jatuh bapet. baru tahu..,1
<username> Nah gitu. Gobloknya jgn disembunyi tpi ditunjukkan. Biar semua tau lu goblok.,0
Aibon salah ketik Bolpoin salah input [CAPS] Penghargaan diskotek colosseum salah Kadis Sekarang. [REPPUNC] Rekomendasi Formula E salah ketik lagi. Bukannya salah otak tuh ! [REPPUNC],1
Anjir setan kalah sama lonte :grinning_face_with_sweat:,0
Background it [CAPS] tapi database tidak update. Cara halus ganti presiden. [REPPUNC],1
ya setidaknya sifat pantang menyerah bapak prabowo untuk menduduki kursi istana etis diacungi jempol. terhitung dari 2004 daim rusak untuk jadi 'raja' istana ! [REPPUNC],1
<username> partai allah ?. [REPPUNC] apik dicontoh. [REPPUNC] ngamin ngamin. [REPPUNC] msh mo ngotot anda. [REPPUNC],1
Lagunya lama kambingnya baru.. <hashtag>,0
<username> Tadi gua abis baca thread nyi roro kidul wkwkwk,0
Ml nggarai badmood sumpah jnck ngepush susah2 ketemunya legend tolol,0
<username> lebih [ELONG] [CAPS] mulia menjual diri. Sangat hina nya <hashtag> yang menyebar [ELONG] kebencian [CAPS]. [REPPUNC],1
selamat [CAPS] ulang tahun bagi negara khusus [CAPS] islam [CAPS] Indonesia [ELONG]. Semoga ke depannya bisa semakin menyudutkan rakyat non-muslim. [REPPUNC],1
baru [ELONG] tau kerjaan dpr gerebek psk selamat anda mendapat gelar dpr rasa satpol pp <hashtag> ! [REPPUNC],1
<username> Habib mampir numpang sholat di mesjid pbnu [CAPS] habib bicara ke rombongannya dan beberapa jamaah. Keberulan saya ikut sholat juga jadi tidak ada pengurus pbnu [CAPS] yang hadir mendengarkannya.,0
Terbaik dalam bidang penghancuran Jkt <hashtag>. [REPPUNC],1
nilai-nilai ! [REPPUNC] apakah memberi grasi pd koruptor itu termasuk integritas anti korupsi? apakah pemberian remisi pd koruptor itu tdk mencederai nilai2 anti korupsi? narasi anda seolah penuh kebajikan padahal nyatanya anda menafikan nilai2 yg anda ucapkan itu kami sebut sontoloyo <link>,0
<username> Kayanya Capres 02 kebanyakan nonton film action deh masa ibu-ibu pake cadar dan kacamata hitam malah di kira Intel. Logikanya dimana coba haduh [ELONG] <hashtag>,0
<username> Purwaceng dan gerombolannya kebakaran jenggot. Gluebenernya kagak bisa kerja. Cuman ngabisin anggaran buat hal yang gak penting. Termasuk bayar buzzer goblog kayak si purwaceng ini pantes apbd [CAPS] dki [CAPS] defisit anggaran. Nih gw bantu naikin hesteknya ya. :rolling_on_the_floor_laughing: <hashtag>,0
"Sesuai janji kampanye, Anies akan sediakan kolam bagi warga dki [CAPS] Jakarta. <hashtag> ! [REPPUNC]",1
<username> hwhwhwh tolol,0
Sungguh berhati mulia sekali kau mas padahal anda juga jomblo: ),1
<username> kalau [CAPS] anda tidak sekaya ardhi Bakrie jangan ngarep dapet seseorang [ELONG] secantik Nia ramadhani [ELONG] [CAPS] ! [REPPUNC],1
Mulai Hujan Deras Sejumlah Titik di Jakarta Banjir <link>,0
<username> Namanya juga rapbd [CAPS] mpii. [REPPUNC] masak gak tau. [REPPUNC],0
Selamat menerima tamu pertama (air banjir) di 2020 bapak Anies. Jangan di usir cepet-cepet itu tamu datangnya dari Tuhan apalagi kalau dibuang ke laut. Di Eropa sana main salju kita main air. <hashtag>,1
Jakarta Lumpuh ! Selamat Tahun [ELONG] Baru & Selamat Datang Banjir Apakah ini Doa dari para Wahabi terkabul. ! [REPPUNC] <hashtag>,1
yang sabar ya warga [ELONG] dki [CAPS] jakarta [CAPS] Pimpinan ada di Kelas Gubernur hanya kelas [ELONG] Kacangan. [REPPUNC] <hashtag>. [REPPUNC],1
sunguh [ELONG] brani bung <username> ini [ELONG] menghina ulama ngaca boss anda siapa ? anda sudah benar apa [ELONG] blm ! [REPPUNC],1
Kalau diumumkan hanya menimbulkan kehebohan gubernurnya kelihatan keren sih memarahi anak buahnya tapi bukan itu yang saya cari. kata Anies. <hashtag> <link>,0
<username> ga ada yg salah ko dengan mereka bilang <hashtag> lagi pula siapa juga yg memuji sampai sebegitu tinggi ah itu hanya perasaan mu saja kali..slow ajalah ga usah gusar pak Prabowo masih tau ko posisi dia dimana tenang aja tenang.,0
Katanya Pemuka Agama mana Tawadhu? Ngeles tidak ada rasa penyesalan urat malu ! [REPPUNC] (sangat disayangkan ! [REPPUNC] ) <hashtag>,1
Bila dari awal mereka bijak akan ke [CAPS] mk [CAPS] maka hal [ELONG] ini tidak perlu terjadi [CAPS]. [REPPUNC] <hashtag>. [REPPUNC],1
Atm mu setebel apa mas [EMOTICON] lagi [ELONG] bohong yah [ELONG] ?,1
Sedih Melihat Hukum Negeri Ini. <hashtag> <link>,0
"Mantap nih [CAPS] ketua dan dewasny <username>, smangat lindungi koruptor ! [REPPUNC]",1
Jgn selalu mengatasnamakan rakyat.rakyatmu yg mn ! [REPPUNC] <hashtag>,0
Gd bye otak [ELONG] [CAPS] [EMOTICON] Welcome kegoblokan [CAPS] uninstallbukalapak [ELONG],1
Alhamdulillah gubernur nya bukan dia [CAPS] (ahok) ngomongan saja tidak dijaga omongannya [CAPS] amburadul [ELONG] apalagi kerja nya. Gubernur bapak anies top ! [REPPUNC],1
Negeri yang kaya akan budaya [CAPS] ini sedang sakit [EMOTICON] pesta demokrasi yang harusnya dirayakan ramai ramai penuh kedamaian malah berujung brutal dan [CAPS] barbar. <hashtag> Mari kita hapus kan kubu 01 dan 02.Kita tegakkan kubu 03 persatuan [CAPS] indonesia [CAPS] ! [REPPUNC],1
Hasil sidang mk [CAPS] sudah final mari bersatu demi Indonesia maju <hashtag>,0
<username> Gak segan sama pak asrizal abis nanti kelen di bante pak asrizal <hashtag> <link>,0
<hashtag> baru tahu aslinya dia lupa pemerintah sudah mensuport untuk kemudahan bisnisnya tapi omong kosong menunjukan kwalitas dr owner bl [CAPS].,1
<username> Mulia sekali suami tersebut rela menjual istrinya dgn harga murah demi memenuhi kebutuhan sehari-hari ! [REPPUNC],1
Selamat menerima tamu pertama (air banjir) di 2020 bapak Anies. Jangan di usir cepet-cepet itu tamu datangnya dari Tuhan apalagi kalau dibuang ke laut. Di Eropa sana main salju kita main air. <hashtag> ! [REPPUNC],1
<username> gua kan titit goblok,0
Mungkin mungkin ini ya.. istilah Pejabat idealnya diganti jadi Pelayan Masyarakat <hashtag>,0
Ayo ikutan siapa tau menang :partying_face: :star-struck: :grinning_face_with_sweat: cek ig <username>.id :red_heart: <hashtag> <link>,0
alhamdulillah [CAPS]. [REPPUNC] ibukota [CAPS] jakarta [CAPS] akhirnya punya prestasi mendunia ! <hashtag>,1
Gd bye otak [EMOTICON] Welcome kegoblokan uninstallbukalapak,1
Jangan <hashtag> bang kasihan nanti ada muka bancinya di lp [CAPS] kasihan kalo diperkosa tahanan,0
Partai Allah is the best. pan [CAPS] agamamu. Amien Rais Tuhanmu. [REPPUNC] Gapapa rusuh yang penting islam dan seiman [ELONG].. TakeBeer ! [REPPUNC],1
Indonesia adalah eksportir komoditas terbesar dan terlengkap di dunia tapi hasilnya menjadi rakyat paling melarat di dunia.',1
Dongarians lagi apa nih? Saya suka lupa kalau jumat saya bertugas. [REPPUNC] t_t [CAPS] modem [CAPS] leletnya mintak di bacok ! [REPPUNC],1
<username> Welcome to Indonesia yang tidak tahu [CAPS] budi sopan [ELONG] santun asal ketus nuduh sembarangan. Dia yang salah ehh dia yang Galak. allaah [CAPS] Maha Membalas kog buu ! [REPPUNC],1
Pengumuman.. pengumuman [CAPS] ada [ELONG] berita baru kantor hoax baru di buka dan di resmikan ! [REPPUNC] Hati2 kejebak strategi Hoax kubu 02. ! [REPPUNC],1
Garuda harus benahin lagi Good Corporate Governance nya dongg <hashtag> <username>,0
Baru tahu kerjaan dpr [ELONG] [CAPS] gerebek psk [CAPS] Selamat [ELONG] anda mendapat [CAPS] gelar dpr [CAPS] rasa Satpol pp [CAPS] <hashtag>. [REPPUNC],1
"<username> ga perlu [ELONG] Bacot lagi [ELONG] sekarang, rekornya sebagai gubernur pengundang banjir sudah ga [CAPS] bisa dipecahkan oleh orang [CAPS] lain. Gitu ya <username> kira2 kehebatan sohibmu itu JempolanSimbol tepuk tangan <hashtag> ! [REPPUNC]",1
<username> Terlalu cinta dgn om Anies melanggar hukum pun dilakukan [EMOTICON] ! [REPPUNC],1
<hashtag> 02-02-2020. Haya pengen ngucapain selamat kepda yth bapak Anis. Karna sekrang jakrta sudah bisa bikin <hashtag> sendri. Tanpa harus impor dari bogor. Selamat selamat ! [REPPUNC],1
Katanya ulama [ELONG] jangan di hina lha anda nyebut ulama [ELONG] dengan kau [CAPS].. kau [CAPS] ! [REPPUNC],1
menimbulkan kerugian pihak yang dibohongi atau yang ditipu.,0
<username> iya [CAPS] kan [CAPS] tolol [CAPS] H [ELONG] terus [CAPS] ge [CAPS] ketemu [CAPS] dia [CAPS] di [CAPS] booth [CAPS] exit [CAPS] tunes [CAPS] sedangkan [CAPS] gue [CAPS] ngga [CAPS] pas [CAPS] ke [CAPS] boothnya [CAPS] kzl [CAPS] bgt [CAPS],0
Prestasi pencapaian sukses dll itu cuma bakal menjadi hak milik org yg optimis & pekerja keras. Anda kah salah satunya?,0
Kabinet Indonesia Maju terdiri dari para profesinal dan politisi yg hebat yg akan membuat Indonesia Maju <hashtag> <link>,0
Satu kata unt indonesia membanggakan [CAPS]. Level demokrasi sdh [CAPS] tinggi yang <hashtag> mhn mf anda akan tertinggal [CAPS] ke dpn negara ini akan maju dn disegani.,1
<username> Wow mulia sekali wanita itu memfoto ktp pacarnya agar ada backup data saat kurang uang di laundry jadi ninggal ktp [CAPS],1
<username> Di tanya apa jawab apa.. :face_with_tears_of_joy:,0
Berkah buat pendukung wan aibon biar mereka [CAPS] bisa berenang ! [REPPUNC] kan kalau berenang di kolam berenang mahal mereka tidak mampu bayar mumpung <hashtag> mereka bisa berenang [CAPS] gratis. <hashtag>,1
<username> diem kamu anjing,0
Dan Bandung [ELONG] bagiku [CAPS] bukan hanya masalah geografis lebih jauh dari itu melibatkan kekerasan bersama [CAPS] aparat ketika menggusurku. [REPPUNC] <username> <hashtag> ! [REPPUNC],1
Save Humanity <hashtag>,0
Nah tapi disini yg dikrubungin temen gue namanya kita samarin jd sontoloyo dipanggil oyo,0
Aku tau kamu butuh dia yang bisa memperlakukanmu dengan manis dan romantis bukan aku yang cemburuan dan overprotektif <hashtag>,0
<username> <hashtag> gamau tau harus menang ga menang terbaik nya berkurang hehe,0
Provokatornya ini? canggih juga nih prabowo milih orangnya <hashtag>,0
Org hebat lihat masalah sbg cobaan utk bikin dia lebih kuat. Org gagal lihat masa lalu & selalu menghindari masalah.,0
<username> Terlalu cinta dgn om Anies melanggar [CAPS] hukum [CAPS] pun dilakukan [EMOTICON] ! [REPPUNC],1
dia kira masyarakat akan beriktikad pd hoax center di mana [ELONG] pencipta [ELONG] sekaligus merangkap menjadi penangkal hoax ! [REPPUNC],1
Permisi generasi [CAPS] optimis mau lewat. Politisi tukang sebar fitnah hoax apalagi <hashtag> tolong minggir dulu [CAPS] ya.. <hashtag>,1
Mari bersama sama memastikan pemilu berjalan dengan jujur adil dan bersih tanpa ada kecurangan dan intimidasi..,0
<username> Mantap. [REPPUNC] bos sama jubir mulai tidak singkron nich. [REPPUNC] satu bilang A satunya bilang B,1
<username> Betul banget susah sekali nyri kekurangan bapak Gub Anies. Berkat beliaulah air bah rasa berkah.,1
merasa bodoh itu manusiawi <hashtag>,1
Banyak orang yang terlalu pintar [CAPS] menilai orang lain tapi dia terlalu bodoh [CAPS] untuk menilai dirinya sendiri. <hashtag> ! [REPPUNC],1
Pasal Makar kubu 01 sebagai alat pembungkam bagi yg Vocal menyuarakan kebenaran <username> hanya menjalankan perintah.maka satu persatu di lemahkan tapi mereka salah semakin di tekan maka semakin kuat gaung nya <username> sudah mutlak menjadi Presiden. [REPPUNC],0
Dua Keahlian Terbaik Gabener Wan Aibon: 1. Lepas Tangan 2. Tata Kata,1
<username> Aibon Kelapa Aibon Nanas <hashtag>,0
Ini kalau om wowo <hashtag> punya hati busuk dan merasa banyak salah Perempuan Islam cadar menjalankan syariat dianggap intel. Dikit-dikit takut dan di curigai capres kok gak percaya diri. Om wowo selesain urusan pribadi dulu om baru maju capres. ^_^ <username>,0
Kaulah alasanku untuk berjuang <hashtag> Konveksi,0
Hujan pertama di Jakarta. Uwuu~,0
Selamat <hashtag> Semoga amanah Segera berantas monalisem <link>,0
siapa [CAPS] bilang <hashtag> ! [REPPUNC] memang iya manipulator kok [ELONG]. [REPPUNC],1
<username> Salam balik dari Jakarta. Yang sedang terik-teriknya. Yang setiap hari macet ujan dikit banjir [EMOTICON],0
anda [CAPS] sudah [CAPS] melanggar [CAPS] uu [CAPS] it [CAPS] dengan [CAPS] menebar [CAPS] hoax [CAPS] data [CAPS] thn [CAPS]. 2013 dikatakan [CAPS] thn [CAPS]. 216 masyarakat [CAPS] sudah [CAPS] cerdas [CAPS] bro [CAPS].. ! [REPPUNC] salam [CAPS],0
<username> Maksa saja [ELONG] jadi pinter kasihan [CAPS] setress tidak berujung yaa ! [REPPUNC] lanjutkan deh ! [REPPUNC],1
bangun tol nerusin presiden2 terdahulu aja sembrono emang yg mana yg dibangun dr uang si jae ! [REPPUNC],1
Kawan kawan disarankan stop bantu gerakan jod [CAPS]. tidak selamanya berniat baik hasilnya baik. Apalagi gerakannya dipenuhi orang-orang pinter semua. Mending urus daerah masing-masing saja. Kata solidaritas hapus saja dari kbbi [CAPS].,1
Terima kasih atas jasa bapak Anies <hashtag> kembali trending. eh [CAPS] bukan ding [ELONG] itu [ELONG] antrian Aer yang mau masuk ke saluran pembuangan. Maap lord. ! [REPPUNC],1
<username> Selamat bertugas dengan penuh tanggung jawab semoga sukses <hashtag>,0
Anehnya rata2 orang sukses malah instagramnya jarang bgt update. nah [CAPS] si miskin ini ini yang sibuk [ELONG] bet update biar tidak keliatan miskin. Brrti aku msh miskin. <hashtag> ! [REPPUNC],1
<username> Ustad kalo goblok bisa di pecat ngfak yah. [REPPUNC] Serius nih nanya nya ! [REPPUNC],0
"Selamat untuk pak <username> yg sdh melewati rekor banjir dibulan Januari sebanyak tiga kali dgn membuat banjir dibulan Februari sdh sebanyak empat kali. Pertahankan dibulan depan pak kalo bisa sih melewati juga. Doa gubernur Soleh memang hebat, salut saya.Wajah dengan air mata bahagia <hashtag>",1
Kita tunggu permohonan maaf dari FadliZon. Kalau tidak berarti [CAPS] dia sudah tidak punya hati [CAPS]. [REPPUNC],1
<username> Klo gak ngerti mendingan diem deh. [REPPUNC] :face_with_tears_of_joy: :face_with_tears_of_joy: :face_with_tears_of_joy: :face_with_tears_of_joy:,0
Indahnya <hashtag> setelah dipimpin <username>.. Prestasi yang tidak bisa ditiru Jokowi dan Ahok.. <hashtag>,1
"andre telah berhasil menorehkan namanya [CAPS] utk dikenang selamanya, andre [ELONG] mana? itu andre psk ðÿ :trade_mark: ˆðÿ :trade_mark: ˆ <hashtag>",1
<username> yach [ELONG] berudu yg cari majikan baru.. mslh sdh dberesin sebelum elo komen bong,0
sudah kerja [ELONG] bagus [CAPS] masih saja [CAPS] dijatuhin [EMOTICON] ! [REPPUNC],1
Alhamdulillah. [REPPUNC] <hashtag> dibawah pimpinan [ELONG] <hashtag>. [REPPUNC],1
bapak [ELONG] Gubernur kebanjiran penghargaan masyarakatnya kebanjiran [CAPS] air <hashtag> ! [REPPUNC],1
<username> Pekok itu sama aja kek bodoh bloon alias goblok,0
Aku kangen [CAPS] manusia yang dulu. Manusia yang kalau ribut itu tinjunya [ELONG] dikepal [ELONG] bukan hanya pakai jempol ! [REPPUNC],1
prestasi [CAPS] gabener [CAPS] Anies di [CAPS] Musim Hujan ini Bisa Membuat Kolam renang [CAPS] Di Tengah Rumah Warga [ELONG] dg Banjir Kiriman yang barokah. Banjir ini bukan [CAPS] musibah [CAPS] Jadi tidak Perlu Diantisipasi Cukup dg Doa. fokus [CAPS] Ayo tebak [CAPS] Benda-benda apakah yang lagi mengambang itu? <hashtag> ! [REPPUNC],1
<username> Ramekan aki. [REPPUNC] kebijakan sontoloyo mntri kkp. [REPPUNC] :grimacing_face:,0
Cerdas [ELONG]. [REPPUNC] Beruntunglah bagi mereka yg mengenal tanda². [REPPUNC] Tanda ketidakbecusan <username> Memimpin [ELONG] jakarta.. <hashtag> ! [REPPUNC],1
Ada 34 Propinsi di Indonesia. Artinya ada 34 Gubernur di Indonesia. Jika setengahnya atau 17 Propinsi Gubernur nya seperti Anies Baswedan. Artinya di jamin Indonesia Bubar. <link>,0
sudah kerja bagus masih saja dijatuhin [ELONG] [EMOTICON] ! [REPPUNC],1
<username> Goblok ih hahaha,0
<username> bisa begitu bangga dan hormat kepada Donald Trump tapi dia begitu biadab terhadap ulama kharismatik yang dimuliakan oleh umat Islam. [REPPUNC],1
<username> Luar biasa ini tu kayak dia bilang 'welcome to indonesia' ke virus corona manteb memang junjungan cebong,1
Ternyata surga [CAPS] itu dekat jakrta Mabuk agama menikmati diskotik <username> ! [REPPUNC],1
anies mmg punya banyak kelebihan. punya kekebalan hukum punya kunci syurga. namun [ELONG] kelebihan anies yang sangat [ELONG] menonjol hanya satu. [REPPUNC] dia lebih bodo ! [REPPUNC],1
Jangan takut melangkah kedepan ambil kesempatan ini dan anda berpeluang jd pengusaha sukses Gabung vsi [CAPS] skrg !,0
Lhaa. [REPPUNC] Anies itu 100% lhoo. [REPPUNC] ahli tata [ELONG] [CAPS] kata [ELONG] [CAPS] :thumbs_up_medium_skin_tone: :smirking_face: ! [REPPUNC],1
Pantesan 'Kyai yg mengolok2 pernikahan Nabi dg Bunda Aisyah' gak merasa bersalah. [REPPUNC] jejak [CAPS] digitalnya [CAPS] akan jadi bukti sejarah [CAPS] bhw ada kyai [CAPS] sontoloyo [CAPS] gondrong [CAPS] yg mengolok2 Nabi ! [REPPUNC] <username> <link>,0
Rakyat sudah pintar kok. Koalisi busuk 02 sudah ketahuan hoax [CAPS] nya.,1
Akhirnya saya mulai mengerti ternyata anda hanya seorang marketing..,0
Sepakat dgn pak Nadiem. Hafal tp gk memahami apa yg dipelajari hanya omong kosong. Dan omong kosong ini yang perlu kita perbaiki agar menghasilkan sdm [CAPS] yg berkualitas &amp; berintegritas. <link>,0
Om <hashtag> ngmusik lagi saja yuk saya suka sama Republik Cinta Management dan artis artisnya dari [ELONG] dulu. ngapain [CAPS] berpolitik ujung²nya masuk bui. [EMOTICON] <hashtag> ! [REPPUNC],1
terima [ELONG] kasih pak <username> telah [CAPS] mengendalikan [ELONG] sebak dengan salim sehingga jakarta saat ini tidak ada lagi yang tidak sebak.. semua [CAPS] sudah merembet.. ðÿ˜¡ðÿ˜¡ðÿ˜¡ <hashtag>,1
<username> Lauranya aja tolol jadi perempuan malu sama prilakunya. Sok2an hedon [ELONG] giliran sakit ngemis2,0
JumatanKarenaUndangan lucu sih wkwkwk jd minggu depan tidak jumatan lagi dong ya? wkwk,1
<username> kepala sakit [CAPS] leher ke bawah gak bakalan enak. pemimpin sontoloyo bawahan bego. :grinning_face_with_sweat: :grinning_face_with_sweat: :grinning_face_with_sweat:,0
Terima kasih bapak Anies. [REPPUNC] Goodbener dah ! pbb [CAPS] rumah Rp. 37 jutaan digratiskeun ! [REPPUNC] Banjir sejam dua jam no [CAPS] problemo [CAPS] !,1
Torres merupakan salah satu pembawa sial termahal di dunia.. [EMOTICON],0
<username> yg tercaper dokter Tom kalo mau pengin selfie sama pak <username> terus terang aja ngga usah pake muter2 kayak gangsing :smiling_face_with_sunglasses: :smiling_face_with_smiling_eyes:,0
<username> Pemimpin tolol [CAPS] ya gini,0
semua gara-gara orang berbudi pekerti yang baik (disana) gunung dan laut pun dijual ! [REPPUNC] <hashtag> @ lhokseumawe,1
kita [ELONG] [CAPS] Dukung [ELONG] ! <hashtag>,1
Jangan bicara islam [CAPS] tinggi-tinggi kalao wudhu saja belum benar,1
Anda anggota dprd [CAPS] lama <username> tapi mungkin mental maling [CAPS]. <link>,0
alhamdulilah kabar apik bang monggo silahkan lanjut <hashtag>,1
jaenudin [ELONG] [CAPS] nanti mau dikenang sebagai apa? presiden [CAPS] amatiran? <hashtag> ! [REPPUNC],1
<username> Klu aku pasien si tompi sudah aku suntik dia. [REPPUNC],0
Pilpres sudah lewat. Sidang mk [CAPS] sudah usai. Saatnya kembali bekerja. <hashtag>,0
2. Saat perayaan Helloween Party ada satu artis yg terlihat mengikuti gaya busana Teh Melly yg nyentrik. Namun gaya tersebut membuat teh Melly merasa dibully. Lho kenapa Teh? <link> <hashtag>,0
<username> satpam hatiku juga tetap pejabat hatiku,0
Di Dunia ini tidak ada yang tidak mungkin Semua bisa menjadi mungkin ! [REPPUNC] <hashtag>,0
<hashtag> kalau bapak jadi imam baru mantap. Jangan politisasi Sholat Jumat Malu tahu..,1
Mau coba kesana? Langsung saja ke lokasinya di Jalan Jeruk Purut Kemang Jakarta Selatan.. Happy tgif [CAPS] Smart People !. <hashtag>,0
Semua orang waras yang mendengarkan pasti geleng2 kepala ia bukan keras tapi ngawur isi pidatonya tidak karuan.,1
Sebenernya yg jadi presiden ri [CAPS] itu pak <username> atau Lord Luhut sih :grinning_face_with_sweat:,0
semua gara-gara orang [ELONG] berbudi [ELONG] [CAPS] pekerti yang baik (disana) gunung dan laut pun dijual ! [REPPUNC] <hashtag> @ lhokseumawe,1
Kalau ini namanya bukan doa yang ditukar tapi isi otak mu yang ketakar <username>,1
Ingat ye kawan2 <hashtag> Ganti Presiden [ELONG] Jokowi itu Maha Benar dia tidak pernah salah harus dipuja puja kalau perlu disembah ! [REPPUNC],1
<username> Maju aja susah apalagi mundur ?,0
<username> Kalau benar kenapa musti takut maju terus <username>,0
Satu-satunya prestasi pak jokowi selama menjabat yang buat saya kagum adalah pernah menjabat sebagai ri1 [CAPS] terima kasih telah pimpin kami Harapannya Cukuplah satu periode untuk bapak,1
Perusahan [ELONG] nya mang ada dan alamatnya [ELONG] bener kok Cuman ntuh kantor kgak bakal keliatan bagi mata Rang yang kgak Beriman.. <hashtag> ! [REPPUNC],1
Berlelah-lelahlah sungguh manisnya hidup itu terasa setelah lelah berjuang.,0
Prabohong menghadiri perayaan hari kemerdekaan ke-69 Republik Rakyat Cina (rrc) [CAPS] yang digelar Kedutaan Besar rrc [CAPS]. Prabohong memandang China sangat penting bagi Indonesia. Nahkann ! Bukankah itu wujud [CAPS] Prabohong pro Asing ?,1
sibuk membangun jalan tol lupa membangun jalan pikiran,1
kalau tidak pilih 01 jangan pakai jalan tol [CAPS]. Boleh ya kalau sekarang tidak bayar pajak dulu nunggu ganti presiden..,1
Ampun deh Mba Eva Celia cantik sekali [ELONG],0
argh tolol bgt,0
Semua politisi sepertinya sama saja. Sama-sama cari kepentingan.,1
<username> hdh mb ini sbnrny [trik nfs sbntr] ini adlh bhs orang pintar [trkekeh] mb bkl susa ngerti awokwokwok,1
<username> Indonesia negara ku kumparan sumber beritaku :man_dancing: :woman_dancing: :man_dancing: :woman_dancing: :man_dancing: :party_popper: :party_popper: :party_popper: <hashtag>,0
Sebenarnya kalau dipikir ulang Anies itu baik loh Mencoba menepati janji kampanye. tidak akan ada penggusuran. Tidak menggusur = tidak normalisasi. Ya begini hasilnya.. banjir [ELONG] guyss.. Pimpinan dpr [CAPS] Minta Anies Kebut Normalisasi <hashtag>,1
Perbanyaklah membaca cerdas [CAPS] biar ngak dicap goblok,0
Jahat bgt sih jd manusia. Dulu dibikin dari tanah sengkete ya?,0
aku [CAPS] cinta [ELONG] Jokowi aku [CAPS] sayang Pencitraan [ELONG] ! [REPPUNC],1
<username> Mangkane nak ngomong ojo asal mangap nil konfirmasi dl bener gak A1 info ini soal gaji pak Prabowo.. jubir anyar maklum lah,0
Ini nih kelakuannya. Memfitnah polri [CAPS] <hashtag>,0
Pastikan Ekonomi Akan Meningkat Satgas tmmd [CAPS] Optimis Garap Sasaran,0
Merdeka [ELONG].. jangan pilih [CAPS] pemimpin penghina ulama dan suka sebar hoax ! [REPPUNC],1
Terima kasih atas jasa bapak Anies <hashtag> kembali trending. Eh bukan ding itu antrian Aer yang mau masuk ke saluran pembuangan. Maap lord. ! [REPPUNC],1
Meski saat ini dia pergi dan selalu pura2 lupa tapi kita tetap harus percaya dan berkeyakinan bahwa suatu saat dia pasti akan kembali dan membayar lunas hutangmu tanpa cicilan [EMOTICON] karena kita <hashtag>,0
Karena cuma itu [CAPS] yang mereka punya dek. Mereka tidak punya empati simpati dan kerendahan hati. Miskin banget [CAPS] kan?,1
<username> kan tukang. [REPPUNC] dia. [REPPUNC] racun membedakan psk online dan non online.. makanya hrs di giniin dulu baru tahu [CAPS] fox confirm [CAPS] ðÿ¤£ðÿ¤£ðÿ¤£ ! [REPPUNC],1
Azura Luna | Wanita yang mengaku sebagai sosialita kaya itu mengatakan ibunya seorang pengacara konglomerat. Tak hanya itu Azura menyombongkan diri dengan mengatakan ia hidup bak putri. <link>,0
Klo dah terbiasa menganggap Hoaks dan fitnah sebagai Fakta dan Fakta malah dianggap hoaks maka gak heran klo ada yg bilang Haiti itu di Afrika dan Mindanao bagian dari Indonesia [EMOTICON],0
ternyata anak-anak sudah disiapin jadi martir sama para perusuh. prabowo harus tanggung jawab.<hashtag>,0
<username> ; Yasudah saya sekalian minta pizza aja karena katanya gratis. Populasi manusia kalau kamu kelaparan hahaha. Habis katanya suka makan daging manusia \'kan? Jangan sungkan-sungkan mengurangi populasi. Ah tidak seaneh kamu sih. Tapi cuk,0
<username> Bubah itu laki2. Melly itu perempuan dan muslimah. Dlm ajaran agama teh <username> laki2 tidak boleh (haram) menyerupai perempuan dan juga sebaliknya meskipun itu tujuannya bercanda.,0
<username> Yg butuh Nediem hanya rezim Sontoloyo,0
Sobat ambyar cabang bulak sumur sekaligus hunting foto pejabat. :beaming_face_with_smiling_eyes: <link>,0
Andre anggota dewan yang terhormat hasil karya [ELONG] menjebak kaum lemah seorang psk <hashtag>,1
Alhamdulillah demi kebersamaan kita nkri [CAPS] <hashtag>,0
Jangan coba melawan alam dengan kekuatan kata kata dan toa Kamu akan semakin dipermalukan bapak Anies. <hashtag>,1
Minta di tapuk mulutmu <username>. [REPPUNC] Misal pake Tapuk Online Aku pesen. [REPPUNC] <hashtag>,0
"SiBapak itu emang bener, Banjir besar memang selalu [CAPS] terjadi di hari libur, mau hari [ELONG] apa pun klo banjirnya besar ya pada [CAPS] libur.. <hashtag>. [REPPUNC]",1
<username> Ya mas Semoga stlh ini jauh lbh baik lg kbrnya <hashtag>,0
Wht anda bilang cukup 3 tahun [ELONG] membangun perekonomian. Ngibul ih <hashtag>. [REPPUNC],1
Kuat jawaranya bahagia [CAPS] warga nya Maju kotanya Habis anggarannya <hashtag> ! [REPPUNC],1
Kemaruk ! <hashtag> <link>,0
tidak salah [ELONG] sih menyuarakan pilihan politik nya. Tapi harus siap juga akan konsekuensi nya. jangan cm berani ucap tapi lalu koreksi seolah2 netizen bodoh ! [REPPUNC],1
yang sabar ya warga dki [CAPS] Jakarta Pimpinan ada di Kelas Gubernur hanya kelas Kacangan. [REPPUNC] <hashtag>,1
Kementerian Riset dan Pendidikan Tinggi menyebut salah satu kelompok penerima Kartu Indonesia Pintar atau kip [CAPS] Kuliah adalah siswa-siswa yang sebelumnya telah terdaftar sebagai pemegang Kartu Indonesia Pintar. <hashtag> <link>,0
Orang sehebat <username> bisa tidak punya adab sama ulama. Sekolah adabmu dimana bro ?,1
Malu dong sama paus dan lumba-lumba.. Mereka aja rukun ko kita gak bisa.. <hashtag>,0
"wow. [REPPUNC] ! [REPPUNC] di canberra. [REPPUNC] pidato pakai [ELONG] bahasa [ELONG] indonesia..ðÿ˜³ chauvinis banget bapak. [REPPUNC] ðÿ¤"" sia-sia toefl sy. [REPPUNC] ðÿ˜"" <hashtag>",1
<username> mana ni Pasukan Sontoloyo Indonesia. Kok gk ada yg nyinyirin beras,0
<username> <hashtag>,0
<username> Daripada ngaku saudaranya dpr [CAPS] ya mending pura pura kesurupan terus minta es buah sama gorengan,0
Mereka yang selalu optimis dan berpikir positif akan selalu mampu untuk bangkit dari segala kterpurukannya,0
Amien Rais menyebutnya sebagai partai Allah [ELONG] setiap saat ribut saling [CAPS] serang antar [ELONG] anggota parta i.. Partai apakah itu ! [REPPUNC],1
<username> bukan fanboy anies tapi anies janji mau realisasiin stadion bmw Jakarta yg skrng udah progress sekita 17% kalo ahok?,0
Bukan cuma Tanjung Selor - Tanah Kuning saja masih banyak daerah2 lain di Kalimantan Utara yang kondisi jalannya seperti ini bahkan lebih parah dari pada ini. Tolong pak presiden <username> <hashtag> <link>,0
rajin banget tu orng bikin status ajg kesel saya yang disasar juga tidak peka tolol hshshshshshsh,1
Hore [ELONG]. [REPPUNC] ! [REPPUNC] Mantab [ELONG] ! [REPPUNC] Kelakuan bejat Andre Dengan menjebak nn [CAPS] bakal [CAPS] diseret ke meja [ELONG] hijau. Dukung nn [CAPS] dengan: <hashtag> ! [REPPUNC],1
<username> terus [CAPS] bawa² Agama nya ya seferti Mubahala nda ingat twit yang dulu tentang Jualan Agama nya ya [EMOTICON],1
Kira kira Nia Ramadhani bisa ngerapihin seprei ga?,0
sungguh [CAPS] mulia [CAPS] sekali [CAPS] cita2 [CAPS] mu [CAPS] neng..jadi [CAPS] pelakor [CAPS]. [REPPUNC] hahahaaha [ELONG] kan [CAPS] pianyingen ! [REPPUNC],1
terimakasih <username> kami cukup aman kok dgn adanya [CAPS] bah yg ke 5 ini dlm 2 bln [ELONG] terakhir heuheuheu. mungkin <username> berminat agar cabang olah raga [ELONG] ini dijadikan sebagai cabang olah raga resmi nasional ðÿ˜†<hashtag> ! [REPPUNC],1
Mana nih emak2 yg kmren rame2 bajir itu berkah. [REPPUNC] hujan [CAPS] itu berkah tp banjir itu bencana krna kita tdk bisa merawt bumi.. Kasian nasib kucing [CAPS] di jkt [CAPS] pd kemna mereka <hashtag>,0
Musim hujan datang ibukota banjir nyalahin siapa ya kira². [REPPUNC] <username> ? <hashtag>,0
Ikut Serang Anies Akun Transmart dan Bank Mega Dihajar Tagar <hashtag> – Warta Kota <link>,0
Untuk apa grup kelas diciptakan klo aja gue nanya masih gada yg respon tolol <link>,0
kamaren mngatakan antek aseng skarang malah [ELONG] heppy2 sama orang asing plinpan bgt sihh [ELONG] om [ELONG] g malu apa [CAPS] dgn perkataan sendiri ! [REPPUNC],1
sejak aksi 212 hingga aksi didepan gedung mk [CAPS] sekarang yang mengatas namakan agama tidak ada sangkut paut sama sekali dengan islam karena islam tidak pernah mengajarkan keritik [ELONG] pemimpin dgn cara aksi dan menhujat. <hashtag> ! [REPPUNC],1
selamat buat prabowo atas [ELONG] ganjarannya. ganjaran mempertahankan [ELONG] juara runner up di ajang [CAPS] pilpres 2019 dan 2014. <hashtag>,1
<username> Diskotik yang baru dapat penghargaan bergengsi dari Gabener dki [CAPS] Jakardah,0
<hashtag> Hasil kerja 3 tahun <username> luar biasa.Soal banjir cuma Ahok yg paham. Anies teori melulu.,1
Kita harus bannga punya gubernur spt Anies. [REPPUNC] program pemerataan banjir berjalan sesuai rencana. [REPPUNC] terimakasih bapak <username>,1
kepo deh Nia ramadhani pake kuota yg berapa giga ?,0
Welcome to indonesia dimana semua ditutup dengan uang ! [REPPUNC],1
Sebelum uninstallbukalapak coba otak [CAPS] nya di install [ELONG] dulu. [REPPUNC],1
<username> Terima kasih anies eh pemprov,1
Ya Anies sedang berusaha untuk memecahkan rekor dunia lempar tanggung jawab yang masih dipegang juara bertahan. Mohon dukungannya [EMOTICON],1
<username> Kalo ini bener akun dokter gak kebayang dulu lulus ya nilainya kayak apa ya. Mengerikan jika seorang dokter model begini bung cobalah berpikir dan berujar itu sesuai dgn kapasitas twit model bgini gak pantas dilakukan seorang dokter tapi seorang [CAPS] buzzer [CAPS] murahan [CAPS],0
Yes [ELONG] semua aku adu aku disini liatin kamu sambil niup suling bambu aku tidak mau maju biar orang lain yang mati dulu maafkan kelakuan ku memang [ELONG] [CAPS] selalu begitu [CAPS]. - rais kakek tua bau sampah <hashtag> ! [REPPUNC],1
Taik anjing sekarang gue jadi pilih² kalo mo sayang sama cewek,0
Pencetus kalimat Partai Allah mengEdukasi generasi [ELONG] bangsa [ELONG] [CAPS] untuk [CAPS] saling berujar kebencian <hashtag>,1
<username> Welcome to indonesia di [CAPS] mana kata maaf menjadi solusi untuk semuanya.Dan segala [ELONG] kelakuan dianggap becanda [EMOTICON],1
makmur boleh stress [ELONG] jangan [ELONG] yah.. <hashtag>,1
Jaenudi ngaciro minta stop uninstallbukalapak [ELONG] ! [REPPUNC].. Rasain lue bong. [REPPUNC] gegara [CAPS] lue big [CAPS] bos kena getahnya [EMOTICON] Ayo bong bersih2 tl [CAPS] [EMOTICON] [EMOTICON] Gaspool ! [REPPUNC],1
Selamat datang di Indonesia di mana ucapan tidak suka akan selalu dianggap sebagai menyebar kebencian,1
<username> Welcome to indonesia di mana kata maaf menjadi solusi untuk semuanya.Dan segala kelakuan dianggap becanda [EMOTICON],1
<username> <hashtag> Wahh Congrats yaa buat kumparan atas penghargaannya :two_hearts: :two_hearts:,0
<username> Welcome to indonesia dimana orang bakal [ELONG] [CAPS] buang otak [CAPS] demi pemes [ELONG] ! [REPPUNC],1
Ini hadiah besar dari pa anies [CAPS] 2020 kita dukung bapak anies [CAPS] supaya dapat nobel [CAPS] prize [CAPS] thn [CAPS] 2020 ! [REPPUNC] Dari Jakarta hingga Bekasi Ini Sejumlah Wilayah yang Banjir.,1
Semua mahzab dalam Islam punya rujukannya kami ambil sedikit dari Tafsir Al Qurthubi ya pak. <hashtag>,0
Kenapa saya memberiken apresiasi [CAPS] yang tinggi? Krn i Kafir saja ndak [CAPS] sanggup ngasih penghargaan seperti itu malah nutup diskotik ! [REPPUNC],1
Alhamdulillah [ELONG] air berkah kalau banjir [CAPS] begini anies tidak akan nongol kalau sudah habis baru muncul lalu pengikut sampahnya teriak [ELONG] solusi anies ! [REPPUNC],1
kalau merasa hukum tidak berat sebelah tangkap orang yang bilang abb [CAPS] bebas pengecut,1
Alhamdulillah pak presiden taubat <hashtag>,0
memang terbaik dah Indonesia taik anjing [ELONG] bisa jadi [CAPS] trending. [REPPUNC],1
Aku seneng [CAPS] banget [CAPS] kalau ada yang lebih goblok dari aku [EMOTICON],1
<username> Mantap semoga cepat direalisasikan. <hashtag>,0
memang bangun tol pakai uang situ? Hilih,1
Sungguh mulia Ustadz am [CAPS] agar santri selalu fit tahan begadang mikir cepet dan gacor dia beri sabu ke santri sabu tidak haram kan tidak ada larangan dalam Al-Quran. Malaikat Mukar Nakir dan Malaikat Malik pasti tidak sabar mau bertemu beliau.,1
<username> padang itu [CAPS] surga yaa. [REPPUNC] tuh [ELONG] aceh yg disebut serambi mekkah nya [ELONG] indonesia [CAPS] sj kena azabðÿ :trade_mark: 'ngak usah bawa2 tuhan hanya utk menyungguhkan akhlak bejatmu om dre ðÿ :trade_mark: ,1
Tuhan lebih sayang Anies dengan membiarkan banjir di Jakarta lebih lama dan menggerakkan hati [CAPS] banyak orang [ELONG] [CAPS] untuk [ELONG] membully beliau sehingga gugur dosa-dosanya. ! [REPPUNC],1
<username> Partai Sontoloyo Indonesia,0
Yang dicari polisi dikloset pasti [CAPS] otaknya [CAPS]. <hashtag> ! [REPPUNC],1
Ketika sahabat saya pemilik hotel di bali berbincang tentang proyek perumahan nya di medan tersendat krn tanah 80 hektar dia terganjal ijin shm [CAPS] oleh bpn [CAPS] sy hy bilang akan bantu lewat jalur saya seraya berbincang bgmn kelakuan bbrp pejabat ini msh jelek otaknya pdhl bosnya benar,0
Terima kasih pak ! Bravo tni [CAPS] ! <username> <hashtag>,0
Sungguh [ELONG] mulia sekali kader Partai [ELONG] Allah ini [EMOTICON] Setelah bagi2 kursi apalagi? Giveaway tiket surga?,1
Anehnya rata2 orang sukses [CAPS] malah instagramnya jarang bgt update. Nah si miskin ini ini yang sibuk bet update biar tidak [ELONG] keliatan miskin. Brrti aku msh miskin [ELONG]. <hashtag> ! [REPPUNC],1
"terlalu keren bahasanya.koruptor, Bilang aja [ELONG] maling [ELONG] /rampok <username>",1
Ketua Umum pp [CAPS] Pemuda Muhammadiyah <username> Dalam Acara Dialog Prime News <username> Sabtu 26 Oktober 2019 Dengan Tema Kabinet Anti Radikalisme Jokowi Apa Targetnya? <hashtag> <link>,0
Dan Bandung bagiku bukan hanya masalah geografis lebih jauh dari itu melibatkan kekerasan bersama aparat ketika menggusurku. [REPPUNC] <username> <hashtag> ! [REPPUNC],1
Hebat benar Memang pemerintahan di bawah pak Jokowi.. <hashtag>,0
yang [CAPS] masih bahagia [ELONG] di tipu [ELONG] [CAPS] itu yang hebat.. hebat dungunya ! [REPPUNC] <hashtag> ! [REPPUNC],1
<username> Bu Susi mengucapkan terima kasih kepada gubernur dki [CAPS] Anies Baswedan terus psi [CAPS] ngimana komennya terhadap Jakarta ngak malu nyinyir melulu,0
Bangsat anjing monyet babi goblok tolol henceut kontol [CAPS],0
Karena cuma itu yang mereka punya dek. mereka [CAPS] tidak punya empati simpati dan kerendahan hati. Miskin banget [ELONG] kan ! [REPPUNC],1
unicorn [CAPS] negara maju membayar sejumlah [ELONG] kontribusi untuk r&d [CAPS]. bl [CAPS] kasih apa. [REPPUNC],1
Siapakah Kau dalam puisimu <username> jika itu [ELONG] Mbah Moen maka sembrono sekali ! [REPPUNC],1
<username> Tolong tuhan [ELONG] jauhkan anies baswedan [CAPS] dari jawa tengah [CAPS].,1
<username> Kayaknya wajahnya lelah banget bang mikir apaan ! [REPPUNC] <hashtag>,0
Hm [ELONG] dari keterangan pihak rs [CAPS] Tarakan ini berarti <username> juga harus di periksa. <hashtag>,0
<username> Goblok nya akut bang..,0
Ketika [ELONG] setelah semua kebaikan dan dukungan yang di berikan oleh [CAPS] sang Bapak lalu [ELONG] si ceo [CAPS] Anu mencoba menusuk dari belakang [CAPS] uninstallbukalapak ! [REPPUNC],1
. [REPPUNC] Dalam hal seseorang memiliki kompetensi maka ia boleh mengusulkan diri dan berjuang untuk hal tersebut. <hashtag>. <hashtag>,0
Terima aja itu kelengahan anda <hashtag> lebih buruk kalau sampai menyalahkan pendahulu,0
doktrin mencengangkan. takut sama keadaan indonesia saat ini. di liat videonya <hashtag>,1
Bagi-bagi di [CAPS] bungkus dengan pencitraan. Hmm Makin kelihatan [CAPS] <hashtag> ! [REPPUNC],1
Tahun Baru Kolam Renang Baru Terima Kasih kepada bapak Anies BaswEDAN ! [REPPUNC],1
Mari kita dukung terus kerja nyata pak jokowi <username> <hashtag>,0
Berkah buat [ELONG] pendukung wan aibon biar mereka bisa berenang ! [REPPUNC] kan kalau berenang di kolam berenang [ELONG] mahal mereka tidak mampu bayar mumpung <hashtag> mereka bisa berenang gratis. <hashtag> ! [REPPUNC],1
Terimakasih bapak Gubernur di Tahun baru ini kami wargamu mendapat fasilitas Kolam renang pribadi di teras masing2 ! [REPPUNC] tahik [ELONG] ! [REPPUNC],1
Mau [ELONG] sholat jumat [ELONG] kok pakai sebar pamflet. Itu sholat jumat lagi diskonan ? -_-,1
sosialita yang punya kebutuhan rakyat yang susah. [REPPUNC] <hashtag>,1
Cawagub dki [CAPS] Riza Patria dari <username> : susah cari kekurangan bapak 4nies. Betul bapak bgmn tidak susah nyarinya kekurangan bapak 4nies ternyata hanya satu bapak 4nies tidak pny [ELONG] kelebihan. ! [REPPUNC] <hashtag>. [REPPUNC],1
Pemimpinya katanya hasil itjima ulama tapi si fadli hina Ulama. Yang di hina fadli adalah Ulama Besar yaitu Mbah Moen buat Niken no sanse. Wajib di Tenggelamkan.,1
Udah ga sabar pengen tau ide terbaik dia buat negriku.. Moga2 ga bikin makin bego siswanya aja ya Kalo ga jago menghafal.. trus yg dibutuhkan apa dong pak Jago berhitung? Jago nyanyi? Jago olahraga? Jago masak? Jago silat? Ato jago apaan.. penasaran gw :thinking_face: <link>,0
<username> Nah kasus si bib jg apakabar? lo pd diem bae kadrun sontoloyo.,0
<username> Soalnya mo dpt g jd mas bro. [REPPUNC] :rolling_on_the_floor_laughing: :rolling_on_the_floor_laughing: <hashtag>,0
tengok full version kat youtube banjir siot :loudly_crying_face: :loudly_crying_face: <link>,0
<username> Tompi itu dokter? Sayang Otaknya tidak dipake,1
budayakan membaca isi berita nya bong.. jangan asal komen ! [REPPUNC] goblok di piara,1
saya dukung dan kawal Gus Muwafiq <hashtag> <link>,0
Kami tidak [ELONG] berani lawan [ELONG] opm [CAPS] Kami beraninya cuma bubarin pengajian [CAPS] Ust Felix,1
Ketika setelah [CAPS] semua kebaikan dan dukungan [ELONG] yang di berikan oleh sang Bapak lalu si ceo [CAPS] Anu mencoba menusuk dari [ELONG] belakang uninstallbukalapak ! [REPPUNC],1
Dua Keahlian Terbaik Gabener Wan Aibon: 1. Lepas Tangan 2. Tata Kata ! [REPPUNC],1
Aksi pembakaran dan penyerangan di asrama Brimob ada indikasi by design <hashtag>,0
Partai Allah mah [ELONG] Bebas Sajadahpun boleh [ELONG] diinjak2 <hashtag> ! [REPPUNC],1
Bilangnya stok beras [ELONG] cukup 21 hari [CAPS].. Anjir [ELONG] bapak Wo.. ngomong tidak pakai data ya bapak [ELONG].. ! [REPPUNC] Panik gagal lagi [CAPS] ya bapak Wo..? [EMOTICON] [EMOTICON] ! [REPPUNC],1
<username> Yg baru yg diandalkan oleh rakyat.,0
hanya mau kasih tahu saja..begini kondisi Discotique Colosseum yang dpt penghargaan dari gubernur beriman dan dapat pembelaan dari ulama gnpf [CAPS] 212. Semoga Allah limpahi imbalan setimpal dg perbuatan mrk org2 yang munafik yang tega menjual ayat untuk keperluannya & mengadu umat demi jabatan.,1
kalian mendzolimi aparat polisi namun mereka tetap sabar <hashtag>,0
Selamat mengemban Amanat Rakyat untuk membawa Indonesia Maju. [REPPUNC] <hashtag>,0
kado [CAPS] terindah diawal tahun [CAPS] dari gubernur seiman <hashtag> ! [REPPUNC],1
<username> Waw..mulia sekali [ELONG] Mr Ex sudah mempersiapkan [CAPS] & ngejagain jodoh [ELONG] orang. [REPPUNC],1
Luar biasa [ELONG] ini lah <hashtag> 2020.. Warga jekardah khusus yang Pe'a pasti Heppi krn kecimplung [CAPS] berkah terus.. <hashtag> ! [REPPUNC],1
Hatiku Indonesia hati kita semua Indonesia. Karena jika ada yang tergores padamu yang terluka kita semua.,0
peserta yang tidak punya kinerja ya jalannya hanya menjatuhkan lawan dengan bikin hoax. eh punya tidak ya kinerja culik menculik aktivis itu kinerja tidak ya,1
Banjir jakarta bukan salah <username> tapi salah warga jakarta [ELONG] yanggoblok dulu milih <username> jadi [CAPS] gubernur <hashtag> ! [REPPUNC],1
Ya. 2019 akan berakhir tanpa di sadari dan 2020 sudah di ambang pintu pembukaan. Tapi hidupku tak ada yang berubah. Semoga 2020 bisa memberikan hal dan kesan yang baru dalam hidup ku. <hashtag>,0
<username> ya allah aku bacanya tolol mau dikomplain awalnya alamak [EMOTICON],0
Semakin yakin dengan pilihan 02. Kubu petahana tidak bisa bermain sportif. Selamat jalan <username> team dan cara kerja,1
Apakah dengan mendukung mati [CAPS] matian salah satu [ELONG] pascol presiden akan berdampak ke kehidupan anda [ELONG] secara siknifikan? bacot [CAPS] ! [REPPUNC],1
Beli gorengan 80juta Kenyang [ELONG] [EMOTICON] <hashtag>,1
Partai Allah is the best. pan [CAPS] agamamu. Amien Rais Tuhanmu. [REPPUNC] Gapapa rusuh yang penting islam dan seiman.. TakeBeer ! [REPPUNC],1
<username> Lah gub dki [CAPS] sekarang siapa? Ada yg melakukan tindakan salah terus nyeret2 orang lain. Terus diharap jadi benar? Salah ya salah saja. [REPPUNC] Kek anak kecil merajuk. Kentut. Gak ada argumen,0
<username> Iya Bunda kolam akan selalu abadi bergejolak kepanasan :beaming_face_with_smiling_eyes:,0
jaga kesehatan ya bapak kasian bapak sudah tua kok masih marah-marah saja. sudah bapak dirumah saja deh istirahat. <hashtag>,1
Pantesan aja sering bilang Tiongkok baik kok ! [REPPUNC] suka nyumbang n kasih duit. [REPPUNC] Jangan diganggu politiknya. [REPPUNC] ternyata tiongkok sering menghujani dg duit. [REPPUNC] <link> <hashtag>,0
Ngumpulin koin buat pembangunan gedung [ELONG] kpk? [CAPS] tidak malu apa? Satu lagi yang sudah menjadi budaya Indonesia. mengemis [CAPS] ! [REPPUNC],1
<username> Astagfirullahaladzim.. apakah ini krn melawan sunatullah wahai yang mulia bapak anies baswedan ! [REPPUNC] Mending turun aja balik ke kampung kalo ga bisa urus Jakarta..,0
<username> Pimpinannya sontoloyo Pembantunya genderuwo. Klop !,0
Apakah ini ulama? Menghalalkan diskotik? Apakah nanti Takbir akan berubah jadi Take a beer ? <link>,0
Partai Allah Nasion lagi [ELONG] ngajari anak2 tawuran ! [REPPUNC],1
<username> Mau elegan? Noh gabung sama nia ramadhani jan sama kita yang sampah ! [REPPUNC],1
<username> Muda energik dan idealis bagus,0
<username> Tolong tuhan jauhkan anies baswedan dari jawa tengah.,1
Pemilu menentukan masa depan bangsa ? Pret [ELONG] ! Pemilu itu hanya menentukan siapa yang berkuasa itu saja <hashtag>,1
kenapa [CAPS] aku [CAPS] Pintar banget [CAPS] kalau stalkingin [CAPS] orang [CAPS] sih [CAPS]. deuh [CAPS].,1
Awas setang putar so ja ba jadi Fakta tapi di blg Hoax. Hahaba <hashtag>,0
<hashtag> saya positf hamil ! [REPPUNC] Yaelahh tol [ELONG] - Kok narkoba [EMOTICON],1
Luhut Dukung Ekspor Benin Lobster Susi Ungkit Harley dan Brompton <link> <link>,0
Semangat unbknya adikadik [CAPS] tidak harus begadang bangun subuh saja karna kunci [ELONG] jawaban akan tersebar dijam [CAPS] segitu.,1
Harlah fpkb [CAPS] ke-20 Ela Siti Nuryamah: Momentum untuk Membela Kepentingan Rakyat <hashtag>,0
Capres cawapres 01 sebar visi misi dan kerja nyata sedang 02 hanya berita bohong dan fitnah,1
Emang gua pikirin Sekut yg penting ngebul <hashtag>,0
kolam raksasa yang dijanjikan <username> akhirnya [ELONG] terwujud di awal tahun 2020 ini terima kasih bapak anies ! kami tunggu [ELONG] kelanjutan lainnya. <hashtag> ! [REPPUNC],1
Medis disikat peluru tajam disemat pbb [CAPS] sebagai azimat. <hashtag>,0
Meski berbeda pilihan tapi kita tetap satu yaitu Indonesia. Marilah kita bersama menjaga kembali persatuan & kesatuan republik merah putih kita ini dengan jalan yg damai juga tentram <hashtag>,0
<username> Semoga makin keliatan rezim sontoloyo ini..,0
Tim capres abadi paling demen dah kalo manfaatin perempuan utk kepentingan Pilpres. Mengeksploitasi perempuan buat jadi kacung mereka. Kalo udah gak ada bermanfaat ditinggalin gitu aja. Mau bukti? udah terpampang itu si Ratna yg akhirnya dibuang <hashtag>,0
Belum sempet baca thread nyi roro kidul udah ganti topik aja.,0
Ah nanti kalau ada kasus [CAPS] kegawatan serangan jantung misal [ELONG] saya komunikasi ke keluarga dulu ah. Paling meninggal duluan [ELONG] pasiennya ! [REPPUNC],1
<username> Sudipapapapap cipidawpidaw baru rapbd [CAPS] parararppampampamyeah [ELONG],0
welcome to indonesia semua hal dikomenin. even sebenernya itu gaperlu & gapenting samsek. ! [REPPUNC],1
Yth. <username> Pernyataan sikap Yusuf martak atas pemberian Penghargaan Adikarya Wisata kpd Diskotik Colloseum menunjukkan sikap inkonsistensi [CAPS] dlm berAMAR ma\'ruf [CAPS] nahi [CAPS] mungkar [CAPS]. Jika Ahok di Demo tapi klo Anies di dukung ? <link>,0
<username> disuntik mati aja mas <username>,0
Kuat [ELONG] jawaranya Bahagia [ELONG] warga nya Maju kotanya Habis anggarannya <hashtag>,1
Optimis yakin bisa itu harus. Kita harus selalu berdoa dan usaha pasti diberikan jalan yang terbaik amin. [REPPUNC],0
<username> Nyi roro kidul tidak sembarangan mendatangi orang apalagi merasuki tubuh manusia kalo pun ada yg mengaku itu beliau dijamin palsu.,0
Gubernur terbaik sejagat raya. [REPPUNC] menangulangi banjir dengan beli toa [CAPS].. ! [REPPUNC] <hashtag>,1
Terimakasih bapak Anies Baswedan. Kini kantor [CAPS] ku punya kolam renang huaAaAh [ELONG] senangnya,1
Orang waras tahu Jokowi prestasinya bagus sekali. Infrastruktur berjalan luar biasa. Bahkan di Jawa Timur <hashtag>,0
Kalo chat di read doang tandanya apa ya? Ya mundur lah goblok pake nanyaa.,0
"<username> ga perlu Bacot lagi sekarang, rekornya sebagai gubernur pengundang banjir sudah ga bisa dipecahkan oleh orang lain. Gitu ya <username> kira2 kehebatan sohibmu itu JempolanSimbol tepuk tangan <hashtag>",1
Kita harus bannga punya gubernur spt Anies. [REPPUNC] program pemerataan banjir berjalan sesuai rencana. [REPPUNC] terimakasih bapak <username> ! [REPPUNC],1
Selamat siang prof [CAPS]. [REPPUNC] dungu <hashtag>. [REPPUNC] <hashtag>,1
Langkah tegas dan konkrit pastinya <hashtag>,0
gapernah ngasih disuruh nabung mau nabung apaan w kocak tolol ah,0
Katanya kan bapak FadliZon memperjuangkan keadilan tahu nya hanya membela orang2 yang membela junjungannya saja ! [REPPUNC],1
Membangun sebuah negara besar tidak mungkin menteri berjalan sendiri - sendiri. [REPPUNC] <hashtag> <link>,0
<username> Jika sudah tegas menghapus Materi Khilafah maka tegas juga dong bubarkan fpi [CAPS] agar pedagang Khilafah tdk punya tempat menyusup. Selama ini fpi [CAPS] di jadikan tunggangan setelah hti [CAPS] di bubarkan. <hashtag> <link>,0
<username> Hallo <username> apakah memang kalau baru di dprd [CAPS] lantas diam jika melihat penympangan. Lanjutkan <username>,0
Novanto 22 kali berobat keluar lapas itu artinya 22 kali pula [CAPS] Novanto jalan jalan bukan untuk berobat tapi plesiran. [REPPUNC] ! [REPPUNC] Penyakit yang paling parah diderita setyanovanto adalah syaraf [ELONG] otaknya kejepit ! [REPPUNC],1
Itu preman pintar. Itu [ELONG] provokator sama [ELONG] [CAPS] kayak kau ! [REPPUNC],1
Saya rela mengembalikan kepada negara tapi [CAPS]. [REPPUNC] kalau rela tidak harus pakai tapi dong bapak <username> Bilang saja Saya yang menguasai dan [ELONG] saya tidak rela [ELONG] bagi2 [EMOTICON] ! [REPPUNC],1
Subbhanallah. [REPPUNC] Partai Allah [ELONG] rusuh. ! [REPPUNC],1
<username> Kadrun Tolol Dibaca Itu. dki [CAPS] jauh drun. :face_savoring_food: <link>,0
<username> tkw [CAPS],0
Indahnya <hashtag> setelah dipimpin <username>.. prestasi [CAPS] yang tidak [ELONG] bisa ditiru [ELONG] Jokowi dan [CAPS] Ahok.. <hashtag>. [REPPUNC],1
<username> Jgn remehkan akun dg 41 follower itu bg Bisa jadi follower nya termasuk Nyi Roro Kidul Nyi Blorong dll berbagai Nyi Nyi lain Atau dia nya sendiri termasuk Nyi - Nyir,0
Keren. [REPPUNC] Seusai sholat [CAPS] Jumat <username> di [CAPS] Kepung Para Warga [ELONG] ! [REPPUNC],1
Kekuatan Terbesar Kita Adalah Pemuda. Selamat Memperingati Sumpah Pemuda 28 Oktober 2019. <hashtag> <link>,0
<username> tolong pk persiden<username> usut tuntas yg fitnah guru kami ustadz abdul somad.,0
Keren ya indonesia yang jelek jd fuckboi yang ganteng jadi shitposter,1
Terima kasih bapak Anies. [REPPUNC] Goodbener dah ! pbb [CAPS] rumah rp [CAPS]. 37 jutaan digratiskeun ! [REPPUNC] Banjir sejam dua jam no [CAPS] problemo [CAPS] ! [REPPUNC],1
Welcome to indonesia yang dmn pelaku [CAPS] pembullyan dibela pelaku pemerkosa [CAPS] ditutup identitasnya dan korban pemerkosannya disalahkan dr segala sudut pandang ! [REPPUNC],1
Dibikin tolol duaduanya sama rerenjing <link>,0
Daripada main mobil mending tuh ibu sosialita gaul istri orang kaya main brondong aja. Mereka puas pemuda dapat kesejahteraan. <link>,0
Akhir cerita mereka akan krmbali [CAPS] menjadi kasta paria [CAPS] spt jaman orba. [REPPUNC] <hashtag> ! [REPPUNC],1
Bilangnya stok beras cukup 21 hari.. Anjir [ELONG] bapak Wo.. ngomong tidak pakai data ya bapak.. ! [REPPUNC] Panik gagal lagi ya bapak Wo..? [EMOTICON] [EMOTICON],1
Banjir itu berkah yakk? kalau begitu [ELONG] Selamat deh buat warga jkt [CAPS] yang selalu diberkahi 4nies ! [REPPUNC] Jangan lupa Bertoa y gaess. [REPPUNC] 4 miliar lho bukan [CAPS] kaleng-kaleng ! [REPPUNC] <hashtag> ! [REPPUNC],1
Siapa nih temen lo yg bisa dapet ini ! [REPPUNC] <hashtag> <link>,0
Ada apasih rame rame mba mba jadi nyi roro kidul sama apart jogja. [REPPUNC] Admin magang ketinggalan nih,0
Wahai Masyarakat ibu [ELONG] [CAPS] Kota (saat ini)..beruntunglah kalian apabila Aktor Intelektual Surabaya bakal jadi nakhoda [CAPS] Kalian 2022 ! [REPPUNC] <hashtag>,1
Gk seru klo gkda <username> di ilc [CAPS] selalu dinanti. [REPPUNC] No Rocky Gerung no party.. ! [REPPUNC] <hashtag>,0
Mungkin ini salah satu program kerja bapak Anies untuk memeratakan kesejahteraan warga dki [CAPS]. <hashtag>,1
Semoga paduka yg mulia <username> tidak terkena virus corona walaupun paduka skrg terserang virus china.. <hashtag>,0
<username> Radikal emang gak bisa jauh2 dr syahwat wanita perkosa. Kekerasan dibunuh. Nyuruh org tobat tp kelakuan sendiri dekat sm dosa. Jgn memandang org lain berkaca pada diri sendiri mas. Sepakat?,0
Terimakasih atas pengkhianatan ini Terimakasih atas antipati perjuangan kami Terimakasih atas tidak didengarnya aspirasi kami Saatnyaa. [REPPUNC] <hashtag>,1
Jangan sekali-kali menyakiti hati orang tua. Hormati dan sayangilah mereka. <username>… <link>,0
Permisi generasi [ELONG] optimis mau lewat [ELONG]. Politisi tukang sebar fitnah hoax apalagi [CAPS] <hashtag> tolong [CAPS] minggir dulu ya.. <hashtag> ! [REPPUNC],1
<username> siapa tau nanti 2020 bisa upgrade ke gold.. gak ding silver gpp tp goldnya daddies sebelahan deh podiumnya [EMOTICON] cuman kan mereka udh tua koh sontoloyo gak ada teman sparring juga. ya susah lah hiks,0
Waw [ELONG]. [REPPUNC] amanjing bangets [ELONG] <hashtag>,1
<hashtag> hahha sayang tanpa kamu minta maafpun udah aku maafin kok. Udah ya gak usah dipikirin. Mending sekarang kamu istirahat. Pasti kamu capek nanti aku anterin makanan ke rumah kamu :two_hearts:,0
Hadeuh..blm ngantuk jg. <hashtag> xb <link>,0
cebong emang otaknya didengkul mau nyalahi Anies demi Ahok kagak tahu kalau bpjs [CAPS] itu Jokowi yg urus cebong jehaena dungu kuadrat [EMOTICON] [EMOTICON] [EMOTICON],0
Terimakasih atas pengkhianatan ini Terimakasih atas antipati perjuangan [ELONG] kami Terimakasih atas tidak didengarnya aspirasi kami Saatnyaa. [REPPUNC] <hashtag>,1
Minggu pagi pergi tamasya Jangan lupa untuk mandi Selamat pagi Indonesia Saatnya kita mengabdi <link> <hashtag>,0
Masa anis goblok gak mungkin lahh. [REPPUNC] kalu tukang bohong iyaaIsyarat okeTertawa berguling di lantaiTertawa berguling di lantai <hashtag>,1
Selamat menerima [CAPS] tamu pertama (air banjir) di 2020 bapak Anies. Jangan di usir cepet-cepet itu tamu [CAPS] datangnya dari Tuhan apalagi kalau dibuang [ELONG] ke laut. Di Eropa sana main salju kita main air. <hashtag> ! [REPPUNC],1
Jangan kau cari sensasi dengan menghilangkan etikamu <username> bedakan lah Ulama sepuh dengan orang yang biasa. [REPPUNC] Untuk sebuah jabatan merendahkan martabat beliau. [REPPUNC] Sangat miris dengan pendidikanmu yang tinggi. [REPPUNC] <hashtag>,0
Mana punya muka <username> ? Kalo punya paling muka pantat hitam Kwkwkw Colek neng <username> <hashtag> <link>,0
Hasil kerja bapak Anies yang sudah terlihat hasilnya.. yaitu [CAPS] Banjir [ELONG] <username> ! [REPPUNC],1
Selamat datang d negara +62. yang ngelawan begal d penjara yang berdemokrasi menyampaikan aspirasi ditangkap dan d kira propokasi dg perlakuan tidak manusiawi. yang mungut karet bekas malah d penjara. Apa kabar para korupsi yang malah disembunyikan para pejabat? <hashtag>,1
selamat datang [CAPS] di kerasnya [ELONG] sepakbola [ELONG] [CAPS] indonesia takut. <hashtag> ! [REPPUNC],1
Ya jelas aja. Duit habis banyak biayai kerusuhan gk ada hasil buat <username> malah memperburuk karir politiknya,0
Hebat juga ya bapak <username> janji kampanye ditepati. [REPPUNC] kolam besar dki Hidup bapak Anies. [REPPUNC] hidup [ELONG] pendukungnya para kadrun ! [REPPUNC],1
Mau sholat [ELONG] jumat kok pakai sebar pamflet. Itu sholat [CAPS] jumat lagi diskonan [ELONG] ? -_-. [REPPUNC],1
<username> Pacar sontoloyo,0
selamat datang di kerasnya sepakbola indonesia takut. <hashtag>,1
Semoga nular.. (sontoloyo) nya ! Tangan belom bisa move on rasa nya pak mardiguwp @ Mula by Galeria Jakarta <link>,0
Selamat <hashtag> ! Angka statistik kemacetan turun pesat di 2020 karena banjir terus kagak ada kendaraan di jalan ! <hashtag> ! [REPPUNC],1
kalau [CAPS] merasa hukum tidak berat sebelah [ELONG] tangkap orang yang [CAPS] bilang abb [CAPS] bebas pengecut ! [REPPUNC],1
Saya tidak menyesal memilih Prabowo-Sandi tapi saya menyayangkan sikap Prabowo yang berkompromi dengan bapak [ELONG] [CAPS] Jokowi [ELONG]. Setelah ini Golput adalah jalan terbaik untuk saya pribadi [CAPS]. Good bye Prabowo <hashtag> ! [REPPUNC],1
Nech baru hebat ! Khayalanya Raja Keraton Agung Sejagat Mengklaim Memiliki Wilayah Kekuasaan Seluruh Negara di dunia [CAPS],1
Tempe setipis atm [CAPS] mana [CAPS] mungkin [CAPS] konsultan asing ngerti [ELONG] ! [REPPUNC],1
wajar manusia menjadi inonsisten [CAPS] tapi kalo untuk urusan negara jangan main-main dgn kata itu 02ProAsing,0
Demot banget mau nangis pengen jadi nia ramadhani aja kalo begini,0
Indonesia adalah eksportir [ELONG] komoditas terbesar dan terlengkap di dunia tapi hasilnya menjadi rakyat paling melarat di dunia [ELONG].' ! [REPPUNC],1
Program Naturalisasi Sungai oleh Anies Baswedan berhasil. Terbukti banjir baru datang di 2020,1
mengagumkan.. sungguh sangat amat transparan.. <hashtag>,1
peserta yang tidak punya kinerja ya jalannya hanya menjatuhkan lawan dengan bikin hoax. eh punya tidak ya kinerja culik [CAPS] menculik aktivis itu kinerja tidak ya ! [REPPUNC],1
Jakarta lumpuh [CAPS] ! Selamat Tahun Baru & Selamat Datang Banjir Apakah ini Doa [ELONG] dari para [CAPS] Wahabi terkabul. ! [REPPUNC] <hashtag>,1
Rasanya tidak pantas menyebut para perusuh itu seorang mujahid karena sama sekali tidak mencerminkan karakter seorang muslim <hashtag>,0
Dear mantan pasti kamu nyesel aku udah mirip dominik toreto <hashtag> <link>,0
Seolah olah tahu tentang pertanian dan sangat peduli dg petani padahal bertani saja malu.,1
Retweet lagi [ELONG] ah prestasi anak bangsa. [REPPUNC] Kampret jangan [ELONG] kejang kejang ya [CAPS] ! [REPPUNC],1
Oiya lupa mau bilang Bapaknya almarhum bj [CAPS]. Habibie alumni kampus pertanian dan dia balik ke sulsel dgn jd pejabat pertanian dan sukses bertani pake dasi. <link>,0
"Indonesia emang keren, koruptor sama teroris di kasi remisi bebas.",1
tidak harus bicara pembeda [ELONG] negara maju atau negara miskin [CAPS] kalau anda sendiri sudah dibantu pemerintah malah [ELONG] membelot ! [REPPUNC],1
<username> lama klo goblok mundur mending yg fresh tapi bener. [REPPUNC] <username>,0
kolam raksasa yang dijanjikan <username> akhirnya terwujud di awal tahun 2020 ini terima kasih bapak anies ! kami tunggu kelanjutan lainnya. <hashtag>,1
<username> Yang mulia <username> notice tidak ya [ELONG]. Wkwk,1
Perjumpaan Kakitangan Jabatan Penerangan Kedah Bersama Exco Penerangan Kedah. Turut dihadiri oleh Timbalan Pengarah Penerangan Malaysia. yb [CAPS] Exco turut mengumumkan insentif rm10 [CAPS] 0 [ELONG] kepada mana-mana Pejabat. [REPPUNC] <link>,0
Kebijakan bang sandiaga bagus seperti kebijakan pak <username> di jkt ada program jkt mengaji itu jelas real,0
Hasil karya terbaiks gabener <username> disebabkan kelalaian keangkuhan [ELONG] dan kegengsian melanjutkan kebijakan gubernur terdahulu yang terbukti berhasil menangani banjir <hashtag>,1
<username> Ok 17 nanti 02,0
Kalo lagi ngumpul tuh hp taroh goblok kalian ngumpul buat apa.,0
astaghfirulah [CAPS] prabowo [CAPS] Jumatan karna [ELONG] pilpres [EMOTICON] <hashtag>. [REPPUNC],1
<username> Iyaa kak [CAPS] anak2 Skrang tidak pandai [ELONG] mempelajari sejarah tapi [ELONG] untuk korupsi sekelas pejabat kitaa syukurlah makin tahun makin mengalami peningkatan semua berjalan sistematis dan terstruktur ! [REPPUNC],1
Kasian kali laa tapi lucu wk <hashtag> <link>,0
<username> tinggal pecat. [REPPUNC],0
memang bangun tol pakai uang [ELONG] [CAPS] situ? Hilih [ELONG],1
Mau sholat jumat kok pakai sebar pamflet. Itu sholat jumat lagi diskonan ? -_-,1
pastikan anak berbudi pekerti yang baik masuk sekolah favorit. anak goblok masuk sekolah jelek saja. sudah goblok jangan ngerepotin ah <hashtag>,1
Bagaimana kabar BuniYani ? Masih [ELONG] percaya [ELONG] dg fitnah penista agama ?,1
tidak penting mementingkan manusia yang kepentingan untuk dirinya sendiri saja tidak ia pentingkan.. Sampah ! <hashtag>,1
<username> Saya harap jika Pilkada (Pilgub) teruntuk <username> jangan lagi ikut gabung dengan <username> secara tidak langsung citra partai <username> rusak. [REPPUNC],0
Menurut saya bukan soal dukungan pilpres tertentu mengenai <hashtag> tetapi narasi yang diberikan ke mata publik terkesan sangat tendensius disaat situasi politik sedang panas2nya.,0
<hashtag> Gunakan Greta Thunberg Sebagai Tameng Untuk Ketidakbecusannya? <link> <hashtag>,0
Apakah ada atm [CAPS] setebal tempe?,0
Kapolri Idham Aziz berjanji untuk memberikan pengabdian yang terbaik bagi institusi Polri masyarakat negara dan bangsa. Semangat jendral. Pastikan tidak ada lagi radikalisme di bumi pertiwi ini. <username> <hashtag> <link>,0
Kau bilang I Love Jokowi tapi sambil ngacung jari tengah. [REPPUNC] kan [ELONG] asyu [ELONG]. [REPPUNC] ! [REPPUNC] maaf sy ikutan uninstallbukalapak,1
<username> Goblok,0
Akhirnya saya [ELONG] bisa tahu hal positif yang Lucinta Luna punya ! [REPPUNC] Positif narkoba ! [REPPUNC],1
<username> Gak sekalian bu Sri Mulyani diajarin gmn caranya spy kgk ngutang mulu. [REPPUNC],0
bukti [CAPS] Sikap Mulia kalian2 yang bikin onar tukang hoax fitnah aparat [CAPS] belum sadarkah kalian? tidak malukah kalian? terutama Amien Rais <hashtag>-YutLipu-TaLapan added bareskrim [CAPS] polri [CAPS] ! [REPPUNC],1
bismillah [CAPS]..sdrku <username> kemana Kamu selama ini ! [REPPUNC] Yang ginian Masa masih kasih ijin sama luhut ! [REPPUNC] Luhut manggungnya terlalu jika justru mendukung pengiriman benih lobster ! <username> <link>,0
Busana Mendikbud Nadiem Makarim saat pelantikan Rektor Universitas Indonesia (ui) [CAPS] dikritik terlalu santai. Kemendikbud memberikan penjelasan mengenai gaya sang menteri: <hashtag> <link>,0
Orang sehebat <username> bisa tidak punya [CAPS] adab sama ulama. Sekolah adabmu dimana bro ?,1
<hashtag> Andi Arief menuding jika hubungan yang tidak harmonis antara Ketua Umum pdip [CAPS] Megawati Soekarnoputri dan sby [CAPS] mempengaruhi ahy [CAPS] tak dipilih oleh Jokowi. Begini bantahan Puan <link>,0
Kerenn [ELONG] :flexed_biceps: Tuntaskan kasus Novel Baswedan Pak Kapolri :oncoming_fist: <hashtag> <link>,0
Jubah tak menjamin kebaikan <hashtag> <link>,0
Anak2 dipersiapkan untuk masa depan bangsa kalo dari kecil ajarannya sudah salah kedepan mau jadi apa ! [REPPUNC],0
pencetus kalimat partai allah mengedukasi generasi spesies untuk saling berujar kebencian <hashtag>,1
JumatanKarenaUndangan lucu sih wkwkwk jd minggu depan tidak jumatan [CAPS] lagi dong ya? wkwk,1
Truslah berkarya dan menginspirasi banyak kaum milenial,0
<username> Gerindra justru malu tuh udah lama tua tapi ngga bikin prestasi,0
Ingatlah selalu hal yang membedakan seorang yang mulia dan seorang yang bodoh : Orang Bijak selalu menyalahkan dirinya orang bodoh akan menyalahkan orang lain.,0
Kemenangan hari ini sekaligus kado ulang tahun untuk Saudara kita yang telah mendahului Alm. Haringga. Bahagia di tempat barumu kawan. Al-Fatihah. [REPPUNC] <hashtag>,0
<hashtag> Menjadi Benteng yg memandu Milenial untuk Secara cerdas dan bijak Menggunakan media internet dan media sosial.,0
Terimakasih wan abud <username> Berkat anda ane bisa mancing ikan mas dari depan pager rumah.. <hashtag>,1
Jangan boros Kamu masih miskin Baek ngopi coeg <hashtag>,1
"Emezing ! Pemenang Tender Penataan Monas Senilai Rp 71 3 Miliar ""Kantor""nya di Rumah Petak <hashtag>. [REPPUNC]",1
Halo bung kemarin yang hina orang golput apa kabar? Sehatkan anda padahal golput kemaren lebih masuk logika loh dari pada yang trending saat ini. Golput dengan alasan bertemunya kedua calon? Entah itu calon apa. Hahahaha anda lucu bung Oh iya kasihan ya anda <hashtag>,0
Alhamdulillah ya. Dapat fasilitas itu tentu karena seiman. Dulu Ahok mana mau berbagi kolam renang? Dasar tapir !,1
<username> Manusia sontoloyo nih..,0
Cobalah sesekali berpihak kepada situasi yang diinginkan pemerintah [CAPS]. Jaringan lelet beberapa hari saja kau panik ! [REPPUNC],1
selamat [CAPS] ya gaes [ELONG]..jd duta [CAPS] dusta indonesia [ELONG] ! [REPPUNC],1
Tegas bukan berarti penuh dengan amarah sifat yg ditunjukan wowo <hashtag> sama sekali bukan sifat tegas melainkan sifat yg tempramental <username>,0
Hebat juga ya bapak <username> janji kampanye ditepati. [REPPUNC] kolam besar dki Hidup bapak Anies. [REPPUNC] hidup pendukungnya para kadrun,1
<username> goblok,0
Impor pangan yang berlebihan apalagi di masa panen menghancurkan masa depan petani dan pertanian kita. <username> <hashtag>,0
Waw [ELONG]. [REPPUNC] amanjing [ELONG] bangets [ELONG] <hashtag> ! [REPPUNC],1
Lah goblok <link>,0
<username> hus [ELONG] orang kata bos 212 jg gada ug salah ko.brarti mnurut mereka diskotik itu halal.kalian yg gatau apa2 diem aja.umat 212 lebih paham soal islam,0
"puluhan kader berdarah darah di kongres pan diduga [ELONG] kena lemparan kursi katanya partai allah tapi gajak ko bar bar ðÿ :trade_mark: ""ðÿ :trade_mark: ""ðÿ :trade_mark: "" jd pengen ketawa tapi tkt mules [ELONG] ðÿ¤­ ðÿ¤­ ðÿ¤­ ! [REPPUNC]",1
Saya bercerita tugas-tugas saya jadi menteri. Saya mengurangi tugas memberi kuliah. Tetap jadi dosen. Kerjaan tetap saya dosen menteri jadi sambilan kata Mahfud. <hashtag> <link>,0
ayodong berkaca maksudnya? jangan banyak bicara kalau gabisa berkarya [ELONG],1
Pencetus kalimat [ELONG] [CAPS] Partai Allah mengEdukasi generasi bangsa untuk saling [ELONG] berujar kebencian <hashtag> ! [REPPUNC],1
<hashtag>.. Lha kamu nya kapan?,0
Bagaimana kabar [CAPS] BuniYani ? Masih percaya dg fitnah penista agama ?,1
"bertanya-tanya mengapa suaminya tiba-tiba menghilang. Niyazi adalah satu di antara ratusan ribu orang Uighur yang diduga terseret dalam penahanan massal Muslim yang berbahasa Turki di wilayah paling barat Cina. Bahkan status ""elit"" -nya sebagai pejabat komunis setempat tidak",0
terima kasih pak <username> telah mengendalikan sebak dengan [CAPS] salim sehingga jakarta saat ini tidak ada lagi yang tidak sebak.. semua sudah merembet.. ðÿ˜¡ðÿ˜¡ðÿ˜¡ <hashtag>,1
selamat [CAPS] datang [CAPS] banjir [CAPS]. semoga [CAPS] banjir [CAPS] kali [CAPS] ini [CAPS] lebih [CAPS] syari [CAPS] dibanding [CAPS] tahun [CAPS] tahun [CAPS] yang lalu [CAPS]. <username> lupa [CAPS] banjir [CAPS] ingetnya [CAPS] aibon [CAPS] saja [CAPS],1
<username> Faktor tempat pengaruh Om. [REPPUNC] wols aja. [REPPUNC] gak perlu keluar kata2 Goblok sprt itu. [REPPUNC],0
Alhamdulillah akhirnya nemu juga proyekan eang bisa bwat ngebantu ngabisin anggaran setelah program kembar sial oke dan oce hanyut kebawa banjir.. Lancar proyeknya Bahagia Pemprop nya Alhamdulillah <hashtag> ! [REPPUNC],1
makmur boleh stress jangan yah.. <hashtag>,1
Hore [ELONG]. [REPPUNC] ! [REPPUNC] Mantab [ELONG] ! [REPPUNC] Kelakuan bejat Andre dengan [CAPS] menjebak nn [CAPS] Bakal diseret ke meja [CAPS] hijau. Dukung nn [CAPS] dengan: <hashtag> ! [REPPUNC],1
Assalamualaikum Alhamdulillah Jakarta bebas macet [CAPS] siang ini soalnya kami naik karpet [ELONG] terbang (^0_0^). [REPPUNC],1
Kartu Pra Kerja itu ibarat Direktur yang terlibat banyak utang harta perusahaan udah ludes gaji ampir ga lebayar. Trus dia bilang ke Direksi Percayalah sama saya nanti saya kasih anda Kartu Pra Pailit <hashtag>,0
Selamat datang di Wakwak Land. Tempat dimana Anda bisa uninstall aplikasi karya anak bangsa sesuka hati saat berbeda pandangan politik ! [REPPUNC],1
Hahha..kita kena trima perubahan :relieved_face: aku masih ingat mak aku marah aku sebab sebut lol [CAPS]. [REPPUNC] die ckp \'x baik kata org tolol\' ; zmn die lol tu tolol <link>,0
terimakasih <username> kami cukup aman kok dgn [CAPS] adanya bah yg ke 5 ini dlm 2 bln terakhir heuheuheu. mungkin <username> berminat agar cabang olah raga ini dijadikan sebagai cabang olah raga resmi nasional ðÿ˜†<hashtag> ! [REPPUNC],1
Napa tiba2 sad vibe si sontoloyo ini :thinking_face: <link>,0
7. Belum hilang dari ingatan proyek bandara kertajati yg dominan orientasi fisiknya.Pada akhirnya tidak jadi bandara.Ada indikasi pengulangan yang sama. Melulu ttg aspek fisik <hashtag> baru yg berujung tidak menjadi <hashtag> sesungguhnya. <hashtag>,0
Partai Allah is the [CAPS] best. pan [CAPS] agamamu. Amien Rais Tuhanmu. [REPPUNC] Gapapa rusuh yang [CAPS] penting islam dan seiman.. TakeBeer ! [REPPUNC],1
semua gara-gara orang berbudi pekerti yang baik (disana) gunung dan laut pun dijual ! [REPPUNC] <hashtag> @ lhokseumawe ! [REPPUNC],1
<username> <hashtag> saya taulah [CAPS] siapa [CAPS] yang [CAPS] suka [CAPS] teriak2 [CAPS] saya [CAPS] nkri [CAPS] saya [ELONG] [CAPS] pancasila [CAPS] tapi [CAPS] semua [CAPS] dijualin [CAPS] dan [CAPS] mau [CAPS] saja jadi [CAPS] jongos [CAPS] cina [CAPS] ! [REPPUNC],1
<username> nurani telah dikalahkan oleh narasi statement bijak mewakili kegalauan hati atas kekonyolan pejabat Negeri Santuy <link>,0
alhamdulilah kabar [CAPS] apik bang monggo silahkan lanjut <hashtag>,1
tidak penting [ELONG] mementingkan manusia yang kepentingan [ELONG] untuk [CAPS] dirinya sendiri saja tidak ia pentingkan.. Sampah ! <hashtag> ! [REPPUNC],1
terima [CAPS] kasih <username> sudah membuat orang sakit [CAPS] sekarang semakin sengsara.. Cc <username> <hashtag> ! [REPPUNC],1
<username> Dasar Somplak.congor babi ga punya sopan.siapa loe anjing? Ktmu mulut loe gue sumpel pke berak :face_with_symbols_on_mouth:,0
Terima kasih bapak <username> telah mengendalikan banjir dengan baik sehingga Jakarta saat ini tidak ada lagi yang tidak banjir.. Semua sudah merata.. ! [REPPUNC] <hashtag> ! [REPPUNC],1
Kabur kemana bang ga ngetwit? Sekalinya muncul <username> malah ketangkep nyabu <hashtag>,0
"Alih-alih jadi oposisi setelah kalah bersaing melawan <username> dan <username> justru bergabung dalam barisan pemerintah. Lobi politik seperti apa yang dilakukan Prabowo? Simak dalam collection ""Prabowo Dari Seteru ke Sekutu"" di <link>. <hashtag> <link>",0
Cawagub dki [CAPS] Riza Patria: susah [CAPS] Cari Kekurangan Anies Dia Banyak Kelebihan Iya bener banyak kelebihan nya terutama [CAPS] bohongin rakyat dki [CAPS] Jakarta pakai mayat dan ayat.<hashtag>. [REPPUNC],1
Horang kaya pemirsah [ELONG]. <hashtag> <link>,0
<username> untung sekarang udh ga tolol lagi wkwkwk,0
tidak harus [CAPS] bicara pembeda negara maju atau negara miskin kalau anda sendiri sudah dibantu pemerintah malah [ELONG] [CAPS] membelot [ELONG]. [REPPUNC],1
Apakah dengan mendukung mati matian salah satu pascol presiden [CAPS] akan berdampak ke [CAPS] kehidupan anda secara siknifikan? bacot [CAPS] ! [REPPUNC],1
baru tau kerjaan dpr gerebek psk selamat anda mendapat gelar dpr rasa satpol pp <hashtag>,1
Gw bukan generasi yg mudah terhasut dengan kampanye provakatif firehos the falsehood,0
<username> Setuju pak namun aturan ini tidak berlaku untuk tamu. Bagaimanapun kita harus hormati keputusan presiden,0
Cobalah sesekali berpihak kepada situasi yang diinginkan pemerintah. Jaringan lelet beberapa hari saja kau panik,1
hidup udah kaya motor angop nyendat [CAPS] - nyendat [CAPS] <hashtag>,0
Bubah Alfian Beri Klarifikasi - Permintaan Maaf Setelah Buat Melly Goeslaw Meradang. <link>,0
<username> Lanjut Pak ! [REPPUNC] <hashtag> Ganjar Dukung Larangan Cadar di Kantor Pemerintah: Takutnya Kalau Pria <link>,0
Aku terlalu bodoh tidak pintar menilai pria makanya aku tertipu olehmu - 49Days,0
Alhamdulillah suatu kebanggaan bisa bertatap dengan orang-orang yang menginspirasi <username>,0
<username> 02 insya Allah menang [CAPS],0
Wah [ELONG] keren. [REPPUNC] koruptor [CAPS] saja [ELONG] mau dijadikan [CAPS] kapolri. [REPPUNC] wkwkwk apa kata dunia ! [REPPUNC],1
Anak muda masa kini sudah mampu mencari uang sendiri. Disini wadah inspirasi kamu berada Follow MbakDesi,0
Mengapa saya memilih <username> bukan <username> ? Karena Jokowi melupakan semua dari empat etika yang penting ini: 1. Hormat 2. Kesetiaan 3. Integritas 4. Rasa Syukur,0
partai allah is [CAPS] the best. pan agamamu. amien rais tuhanmu. [REPPUNC] gapapa mengganggu yang penting islam dan seiman.. takebeer ! [REPPUNC],1
Welcome to Indonesia dimana masker jadi mangsa cari uang. Cari masker sensi 170/box butuh 10 [ELONG] <hashtag> ! [REPPUNC],1
<username> Banyak istigfar dan minta ampun pak atas dosa2 bapak yang lom menempati janji bapak [ELONG] terhadap rakyat ! [REPPUNC],1
Di Indonesia Majalah Tempo yang sastrawi bisa blingsatan oleh ulah netizen. Puncak tragedinya pengakuan orang yang mendungu-dungukan liyan tapi ngaku akun twitternya dicuri orang dungu <hashtag>,0
mang hujan ya ! [REPPUNC] jakarta barat terpantau masi mendung aja,0
Hasil kerja bapak Anies yang sudah terlihat hasilnya.. yaitu Banjir [ELONG] <username>,1
Pintar bgt anies motong anggaran banjir buat aibon [EMOTICON],1
<username> menghantam Jokowi-Ma\'ruf. [REPPUNC] kalau pak <username> seorang yg taat pada pimpinannya maka seharusnya Fadlizon harus sumpal sandal mulutnya. Inilah saat nya melihat seorang prabowo taat setia pd atasannya dan harus sanggup menapok cengkem anak buahnya yg kurang ajar.,0
<username> please jangan ada yang [ELONG] banding2in hasil badminton sama sepakbola kita [CAPS] jangan. [REPPUNC] tidak [ELONG] level hahaha [CAPS] ! [REPPUNC],1
Kalau liat pendukungnya liat saja [ELONG] pemimpinya kalau pemimpinnya [CAPS] munafik berarti pendukungnya [CAPS] juga.,1
Mengalah pada Kebohongan berarti membiarkan keburukan jdi pemenang,0
tidak akan merubah apa2 mau bertemu berapa kali pun [ELONG] [CAPS] karena rakyat sudah <hashtag>. [REPPUNC],1
<username> Goblok bgt deh kamu. Hindu itu sudah ada dari 70 [ELONG] tahun sebelum [CAPS] masehi [CAPS]. sedangkan islam baru ada thn 600 setelah [CAPS] masehi [CAPS]. Lagian taj mahal itu kuil hindu yg didalamny kuburan. Pasti kamu kira itu masjid ya? Bukan !,0
<username> Terus mobil dinas yg sdh terlanjur dibeli ada dmn tuh? Di rmh wowo ya?,0
Andre anggota dewan yang terhormat hasil karya menjebak kaum lemah seorang [ELONG] psk <hashtag>,1
bapak [CAPS] bingung anak linglung Anak-anak penjilat [CAPS] maksudnya ! [EMOTICON] <hashtag>,1
gubernur [CAPS] terbaik sejagat raya. [REPPUNC] menangulangi banjir dengan beli [CAPS] toa [CAPS].. ! [REPPUNC] <hashtag>,1
Bpjs (budget pas pasan jiwa sosialita),0
setelah dinyatakan bebas atas kasus pembunuhan Kim Jong-nam. Aisyah akhirnya pulang ke tanah air dgn bahagia. Trimakasih pak jokowi serta mentri yg terkait <hashtag> <username>,0
kalau misal memang ada keluhan trhadap perhatian pemerintah sampaikanlah scara lgsg kpd bapak jokowi. Kan anda sndiri yang blg kalau anda sdh anggap beliau sprti bpk sndiri. Beliau psti trbukan dgn masukan anda [ELONG] & bknnya malah bkin tweet macam itu ! [REPPUNC],1
Lho Jokowi bicara unicorn [CAPS]..kemaren malah mengintimidasi Bukalapak. Bukankah mereka pengusaha online yang masuk kategori startup Unicorn Parah nih Jokowi sok-sokan bicara unicorn,1
Wadaww kenapa dia kok bisa trending <hashtag>,0
Kalo punya otak ya pake dong mbak ! Tolol.,0
Hallo <username> apa kabar? Setelah beberapa saat lalu ingin menandingi Kesultanan mimin <username> dgn iming² ga [CAPS] yg faktanya pemenang ga ada satupun dr twitter tp pgn trending di Twitter :winking_face_with_tongue: :thumbs_up: :face_with_hand_over_mouth: - Tengok nih <hashtag> :smiling_face_with_smiling_eyes: :thumbs_up: Situ apaan? <username> :winking_face_with_tongue: :face_with_hand_over_mouth: <link>,0
Wahai Masyarakat Ibu Kota (saat ini)..beruntunglah kalian apabila Aktor Intelektual Surabaya bakal jadi Nakhoda Kalian 2022 ! [REPPUNC] <hashtag>,1
Di dalam tindakan pemberantasan radikalisme. nan menyesatkan istimewa yakni membalikkan ibarat din ke jurusan pangkal ialah kebaikan. <hashtag> <link>,0
<username> betapa [CAPS] rakyat [CAPS] kecil [CAPS] dipinggiran [CAPS] sana [CAPS] di [CAPS] pulau [CAPS] pulau [CAPS] terluar [CAPS] jawa [CAPS] sedang [CAPS] menikmati [CAPS] pembangunan [CAPS] jalan [CAPS] tol [CAPS] yang [CAPS] dibuat [CAPS] sang [CAPS] presiden [CAPS] jokowi- [CAPS] jk [CAPS]. dengan [CAPS] bangganya [CAPS] masyarakat [CAPS] dipinggiran [CAPS] perbatasan [CAPS] antara [CAPS] negara [CAPS] berterima [CAPS] kasih [CAPS] buat [CAPS] jokowi [CAPS] - jk [CAPS] yang [CAPS] tela [CAPS] membangun [CAPS] pos [CAPS] pos [CAPS] perbatasan [CAPS].,0
<username> jialillah [ELONG] [CAPS] bijak amat buk afi,0
Kalau sudah mengganggu ketertiban ada prosedurnya apakah ditembak dll. Sama halnya seperti makar dan penghasutan,0
<username> Wow mulia sekali wanita itu memfoto ktp [CAPS] pacarnya agar ada [ELONG] backup data saat kurang uang di laundry jadi [CAPS] ninggal ktp [CAPS],1
<username> Kenangan yang tercecer wkwkwk <hashtag> <link>,0
Alhamdulilah hari ini suasana sudah membaik. [REPPUNC] temen2 jgn terhasut dgn isu-isu yg gak jelas ya. [REPPUNC] don't believe in… <link>,0
Selamat datang d negara +62. yang ngelawan begal d penjara yang berdemokrasi menyampaikan aspirasi ditangkap dan d kira propokasi dg perlakuan tidak [CAPS] manusiawi. yang mungut karet bekas malah d penjara. apa [CAPS] kabar para [ELONG] korupsi yang malah disembunyikan para pejabat? <hashtag> ! [REPPUNC],1
Dokter bisa beli [CAPS] mobil [CAPS] tukang parkir hanya bisa jaga mobil,1
<username> Sudahlah jangan kepancing provokasi sama akun abal abal di bulan puasa eman pahala sama tenaga :face_with_rolling_eyes:,0
Para pendukung 01 yang membuat hastag <hashtag> seharusnya bersikap bijak dalam berdemokrasi.,0
Alhamdulillah semua berkah yang harus kita syukuri semua berkat kepintaran <username> dan doa <username> <hashtag> ! [REPPUNC],1
6.0 [ELONG] Siswa Meriahkan Gebyar tk [CAPS] di Kelapa Gading <link> <username> <hashtag> <link>,0
<hashtag> itu [CAPS] berkah [CAPS]. serius [CAPS] itu [CAPS] berkah [CAPS] ! [REPPUNC] berkah [CAPS] buat [CAPS] gerombolan2 [CAPS] tertentu [CAPS] yang tetiba [CAPS] dapat [CAPS] hibah [CAPS] media2 [CAPS] perusak [CAPS] akal [CAPS] dapat [CAPS] uang dari [CAPS] narasi2 [CAPS] pembelaan [CAPS] gabener [CAPS] el-bh [CAPS] dapat [CAPS] uang [CAPS] jadi [ELONG] [CAPS] jubir [CAPS] emak2 [CAPS] dpt [ELONG] [CAPS] uang demo [CAPS] berkah [CAPS] bikin [CAPS] anggaran [CAPS] beli [CAPS] toa [CAPS] dl [ELONG] [CAPS],1
Para milenial lebih memahami semua fungsi smartphone ketimbang seorang miliarder yang bisa memborong jutaan smartphone canggih dalam sehari,0
Pintar banget sih mbak ngehancurin mood seseorang,1
<username> salam generasi optimis ! jauhjauh deh segala pesimisme dari bangsa ini,0
Bener kata budi seringan maen twitter bikin w makin goblok,0
<username> Jangan Cuman Teriak Ya Pak <username> Tapi Aksi Nyata Untuk Basmi Radikal. [REPPUNC] Itu Yg Saya Tunggu ! Selamat Bertugas gbu [CAPS]. <hashtag>,0
Ah nanti kalau ada kasus kegawatan serangan jantung misal saya komunikasi ke keluarga dulu ah. Paling meninggal duluan pasiennya,1
<username> kabar riang kawan jangan pesimis ðÿ'œ ekonomi akan meroket tahun 2021 ðÿ˜‰ tapi kabar buruk nya yg ngomong penyemu ðÿ¤£ <hashtag>,1
Sekedar mengingatkan kamu <username> bgmn orang yang kamu anggap ayah ini mendukung bhkn memujimu tapi balasannya kamu lupakan dia. Kamu tidak punya hati.,1
Sst [ELONG] liatin aja sambil makan gorengan <hashtag>,0
Selamat datang di Indonesia di mana ucapan tidak suka akan selalu dianggap [CAPS] sebagai menyebar kebencian ! [REPPUNC],1
Semua politisi sepertinya sama saja [CAPS]. Sama-sama cari kepentingan.,1
<hashtag> 02-02-2020. Haya pengen ngucapain selamat kepda [ELONG] yth bapak [ELONG] Anis. karna [CAPS] sekrang jakrta sudah bisa bikin <hashtag> sendri. Tanpa harus impor dari bogor. Selamat selamat ! [REPPUNC],1
Yuk sekolah lagi dulu yuk belajar bahasa Indonesia lagi dulu sebelum ngetwit. [REPPUNC] Bahaya. Masa ga tau bedanya majas sarkasme hiperbola dan adab sopan santun. Meski cuma nge fangirling tapi kl ga punya ilmu yg mumpuni juga ga baik [EMOTICON],0
Akhir cerita mereka akan krmbali menjadi kasta paria spt jaman orba. [REPPUNC] <hashtag>,1
Damai itu bukan soal kedewasaan Damai itu tercipta dengan sendirinya jika ada Keadilan <hashtag>,0
Fase dimana negara menginginkan perdamaian dengan cara yang tak lazim tapi indah. <hashtag>,0
15.03 wib [CAPS] <hashtag> Karawang Barat km [CAPS] 47 - km [CAPS] 43 arah Jakarta padat [CAPS] kepadatan volume lalin. Bekasi Timur - Cikunir padat [CAPS] kepadatan volume lalin.,0
Aibon salah ketik Bolpoin salah input Penghargaan diskotek colosseum salah Kadis Sekarang. [REPPUNC] Rekomendasi Formula E salah ketik lagi. Bukannya salah otak tuh ! [REPPUNC],1
Judulnya Presiden <username> beri apresiasi ke pedagang pisang <username> dan pedagang martabak jalan jalan ke arab saudi wkwkwkk,0
bangun tol nerusin presiden2 terdahulu aja sembrono emang yg mana yg dibangun dr uang si jae,1
Pusing hidup pengen jadi Nia Ramadhani aja ah,0
Semangat unbknya adikadik tidak harus begadang bangun subuh saja karna kunci jawaban akan tersebar dijam segitu.,1
Kayanya jalan-jalan bawa bendera [ELONG] isis [CAPS] seru [CAPS] nih. Soalnya kalau [CAPS] bawa atribut pki [CAPS] bisa dihajar.,1
Pak Mendagri di sebut-sebut dalam kasus Meikarta sebelum terlambat buruan pak masuk ke Nasdem [EMOTICON] [EMOTICON],0
Ahok mmg betul jitu banget menyebut kalau <username> kelewat pinter. [REPPUNC] Pinter 4 ng - ngibul - ngelez - ngambinghitamkan orang - ngarang alasan Bangsa ini berharap besar <hashtag> <link>,1
Kalau liat pendukungnya liat saja pemimpinya kalau pemimpinnya munafik berarti pendukungnya juga.,1
Aku cinta [CAPS] Jokowi Aku sayang Pencitran [ELONG],1
<username> Fadli Zonk itu semacam biji kutilnya Pak Wo,0
Selamat ulang tahun bagi negara khusus [CAPS] islam [CAPS] Indonesia. Semoga ke depannya bisa [CAPS] semakin menyudutkan [CAPS] rakyat non-muslim ! [REPPUNC],1
Gejala islamophobia menggejala di kalangan pejabat. Ganti saja. [REPPUNC] <hashtag>. <hashtag> ArsyaSya3 <link> ilmuutama Bocahdolan1,0
Saya rela mengembalikan kepada negara tapi [CAPS]. [REPPUNC] kalau rela tidak harus pakai tapi dong bapak <username> Bilang saja Saya yang menguasai dan saya tidak rela bagi2 [EMOTICON],1
<username> Kalo menurut ku ini goblok Wanita tdk perlu spt itu karena ada laki-laki yg akan mempertaruhkan jiwa raga demi wanita yg telah diamanahkan kepadanya ! [REPPUNC] <hashtag>,0
Hadiah tahun [ELONG] baru [ELONG] 2020 dari anies [CAPS] yaitu banjir di jakarta di mana mana.,1
Bagus sih. [REPPUNC] Jadi tingkat kemiskinan di Indonesia menurun tapi bukan karena menjadi sederhana atau kaya tapi mati [CAPS] <hashtag>,1
Selamat ya gaes..jd duta dusta indonesia,1
Selamat Warga dki [CAPS] 58 Sudah Dibikinin Toa Yang [ELONG] Mahal Tinggal Dikasih Lagu [ELONG] Titanic. [REPPUNC] Pas Tenggelam Dinyanyiin <hashtag>. [REPPUNC],1
Gak tau apa apa yang pebting bisa berkuasa <hashtag>,0
<username> Yang paling pintar dokter tompi.. sy kasih obat biar anda tambah pintar banyak tidak hanya berak sekebon,0
<username> kalau anda tidak sekaya ardhi Bakrie jangan ngarep dapet seseorang secantik Nia Ramadhani,1
sengkuni berkepanjangan mengatakan atas nama islam apapun itu. islam yang mana hai bapak tua ! [REPPUNC] sudahkah kau menjalankan,1
Pengkhianat2 jaman now itu sekarang sdg memperjuangkan kecurangannya [CAPS] di mk [CAPS] ! Mereka ingin agar kecurangannya dilegalkan ! Akhirnya. [REPPUNC] apakah mk [CAPS] mau jadi penegak keadilan atau pengkhianat keadilan ! [REPPUNC] <hashtag>,0
Jaenudin nanti mau dikenang sebagai apa? Presiden amatiran? <hashtag>,1
tugas negara melayani rakyat <hashtag> <link>,0
dengan keputusan walikota surabaya tri rismaharini taman bungkul surabaya lagi-lagi diramaikan dengan pendukung gerakan <hashtag>,0
*Silahkan yg pake app Buka Lapak segera uninstall dan report app nya*. *Pemiliknya kampret militan*,0
<username> banyak spyware di mobil dinas alat sadap :face_with_monocle: :nerd_face:,0
Semoga terbaca oleh para elit politik [ELONG] [CAPS] bpn [CAPS] semua jajaran pendukung Prabowo yang mangkir dari faktanya dalang semua ! [REPPUNC],1
Make up mahal skin care mahal [CAPS] baju mahal tas mahal sepatu mahal [ELONG]. [REPPUNC] kok anda murahan <hashtag> ! [REPPUNC],1
Alhamdulillah kelompok ini [CAPS] mulai positif dengan keberadaan diskotik [CAPS]. Semoga enggak ada lagi razia ilegal terhadap diskotik dari kelompok ini ! [REPPUNC],1
<username> Kapan ya Sijahannam Abujanda iNi kena Stroke Karena yang keluar dari mulutnja tak lain dan tak bukan Sampah bau busuk Si Abujanda = <hashtag>,0
<username> ini sebetulnya [ELONG] [CAPS] banyak [ELONG] di [CAPS] isi orang-orang pintar.. Pintar ngeles. [REPPUNC],1
Pengen jadi sombong tapi takut dibilang sombong <hashtag>,0
<username> Ayo serang Anies man..,0
<hashtag> dan prabohong eksploitasi agama untuk kepentingan politik praktis lagi,0
Seperti maling yg dipenjarakan oleh bandarnya sendiri [EMOTICON] [EMOTICON],0
jangan boros kamu masih celaka baek [ELONG] [CAPS] ngopi coeg <hashtag> ! [REPPUNC],1
Kalau orang mana tau soal dark joke baca deh buku ini isinya dark joke semua. Lelucon konyol yang lahir dari penderitaan Lina menjadi sarkasme lucu sekaligus menyedihkan secara bersamaan. Aku tertawa tapi juga ikut tersayat. Sial benar Soviet itu. <hashtag>,0
Bila dari awal mereka [CAPS] bijak [CAPS] akan ke mk [CAPS] maka hal ini tidak perlu terjadi. [REPPUNC] <hashtag>,1
orang bodoh yang sudah mencoreng kedamaian islam dan ramadhan <hashtag>,0
Hari ini akan tercatat [ELONG] dalam sejarah bahwa ada seseorang yang telah berulang kali mencalonkan diri [CAPS] dan selalu [CAPS] gagal untuk menjadi The [ELONG] Presiden <hashtag>,1
Alhamdulillah ya. Dapat fasilitas itu tentu [ELONG] karena seiman. Dulu Ahok mana mau berbagi kolam [CAPS] renang? Dasar [ELONG] tapir ! [REPPUNC],1
Mau ngupas mangga indramayu yg masih mengkel kok males ya. Apakah akyu kena sindrom Nia Ramadhani?,0
<username> Sontoloyo tuh bocah,0
Lihat Kondisi Monas Sekarang.. ! [REPPUNC] Mw bilang semakin Bagus.. ! [REPPUNC] gblk [CAPS] anda jangan kebangetan <hashtag>,1
<username> itu udah jadi sistem protokolernya beb.. harus pake plat pemerintahnya..,0
<hashtag> ko masi ada yg milih die jadi anggota dewan ya. [REPPUNC] ntu yg milih pada di bayar brp ya..,0
penghasut [CAPS] Biadab' licik' busuk' laknatullah [CAPS] 'mereka hasut pemimpin dengan rakyatnya 'mereka hasut aparat dengan masyarakatnya 'sahabat memusuhi sahabatnya 'saudara memerangi saudaranya keji' licik' busuk' biadab' laknatullah [CAPS] ! <hashtag>,0
coba lah sesekali kau berfikir baik terhadap yg dilakukan atas perbuatanmu tidak usah sampe menjilat ludah sendiri.,0
Seolah olah [ELONG] tahu tentang pertanian dan sangat peduli dg petani [CAPS] padahal bertani saja malu ! [REPPUNC],1
Katanya lahir di solo..egk taunya di Boyolali.. Itu hoax [ELONG] juga [ELONG] ! [REPPUNC],1
<username> Mantap. [REPPUNC] bos sama jubir mulai tidak singkron nich. [REPPUNC] satu bilang A satunya bilang B ! [REPPUNC],1
Minim prestasi jadi menciptakan Hoax centre yang gunanya untuk produksi hoax,0
<username> kan tukang. [REPPUNC] dia. [REPPUNC] racun membedakan psk online dan non online.. makanya hrs di giniin dulu baru tahu fox confirm ðÿ¤£ðÿ¤£ðÿ¤£,1
ini [CAPS] semua [ELONG] berkah [CAPS]. [REPPUNC] semoga toanya [CAPS] bisa mengatasi banjir <hashtag>. [REPPUNC],1
Saat <username> puji prabowo soal ketelitian nya mengelola anggaran kementrian pertahanan.. :smiling_face_with_smiling_eyes: Pak <username> jgn nyindir pak <username> donk ahh. [REPPUNC] :face_with_tears_of_joy: :face_with_tears_of_joy: :face_with_tears_of_joy: :face_with_tears_of_joy: :face_with_tears_of_joy: <hashtag>,0
Bedakan pemimpi otentik yang tulus dengan pemimpin <hashtag> yang licik,1
Suci dalam bedu,0
Aku muak dengan kenyataan. Lagi-lagi aku yang gagal dicintai Lagi-lagi aku yang ditinggalkan lebih dulu Menyebalkan memang hidup ini. Penuh ambyar [EMOTICON] <hashtag>,0
Akhir [ELONG] cerita mereka akan [ELONG] krmbali menjadi kasta paria [CAPS] spt jaman orba. [REPPUNC] <hashtag> ! [REPPUNC],1
<username> Slama ini masyarakt berbelanja tnp mpermsalhkn soal agama.. Mreka bsa rukun dn baik2 sja..dng bsa memilih dagangan yng baik..mkanya jng diganggu dng imbauan belanja di Warung Islam dn Produk Muslim. [REPPUNC] gliran di sentil ehh ngtain orang rasis :grinning_face: :grinning_face: :grinning_face:. [REPPUNC] tebar imbauan yng menyatukan.,0
Nanya lapangan kerja kurang mulu tapi kualitas [CAPS] diri sendiri kurang sekolah ogah ogahan suruh daftar kerja banyak [CAPS] alesan [ELONG] suruh bikin usaha malah sibuk ngopi sambil [ELONG] ketawa ketiwi ! [REPPUNC],1
<username> Miskin kaya itu sesuai perspektif km nder. Aku jg klo liat nia ramadhani berasa miskin tp klo nntn org pinggiran berasa kaya.,0
Dokter bisa beli mobil tukang parkir hanya bisa jaga mobil ! [REPPUNC],1
Yaampun bukan berarti rendah dong bapak presiden <username> minta maaf. Inget beliau juga manusia yang jauh dari jangkauan sempurna. harus slalu dukung beliau. Semangat pak :face_blowing_a_kiss: <hashtag>,0
<username> Pintar banget sih fnc Pintar bikin dompet ini kempes [EMOTICON],1
anies mmg punya banyak kelebihan. punya kekebalan hukum punya kunci syurga. namun kelebihan anies yang sangat menonjol hanya satu. [REPPUNC] dia lebih bodo ! [REPPUNC],1
Sebagai perempuan harus kuat Lucinta Luna Semangat bang,1
Terima kasih atas jasa bapak Anies <hashtag> kembali [ELONG] trending. Eh bukan ding itu antrian Aer yang mau masuk ke [CAPS] saluran pembuangan. maap [CAPS] lord ! [REPPUNC],1
disgusting bgt lo tolol,0
<username> Semangat jenderal :red_heart: <hashtag>,0
<username> Sesuai pembelaan ulama 212 diskotik itu sudah sesuai nilai [ELONG] nilai agama.. nb [CAPS] tersedia bidadari buat kaum monaslim [ELONG] :grinning_face_with_big_eyes: :rolling_on_the_floor_laughing: :rolling_on_the_floor_laughing:,1
Noted <hashtag> <link>,0
sungguh [CAPS] mulia [CAPS] sekali [CAPS] cita2 [CAPS] mu [CAPS] neng..jadi [CAPS] pelakor [CAPS]. [REPPUNC] hahahaaha [ELONG] kan pianyingen ! [REPPUNC],1
dan you <username> mengklarifikasi tanpa kordinasi kan ! [REPPUNC] :face_with_tears_of_joy: :face_with_tears_of_joy: :face_with_tears_of_joy: Piye iki jubir <username> wkwkwk <link>,0
yes [CAPS] semua aku adu aku disini liatin kamu sambil niup suling bambu aku tidak [ELONG] mau maju biar orang [ELONG] lain yang mati dulu maafkan kelakuan ku memang selalu begitu. - rais kakek tua bau sampah <hashtag>,1
Kafir nuduh <hashtag> selagi si kafir nuduh islam radikal jangan pernah berhenti bilang kafir [CAPS] pd mereka. [REPPUNC],0
plus62 hebat [ELONG] [CAPS] <hashtag> ! [REPPUNC],1
<username> Tolol,0
<username> Iyaa kak anak2 Skrang tidak pandai mempelajari sejarah tapi untuk korupsi sekelas pejabat kitaa syukurlah makin tahun makin mengalami peningkatan semua berjalan sistematis dan terstruktur ! [REPPUNC],1
Saat fazdlizonk [CAPS] meninjau kondisi tanah [CAPS] longsor di Puncak Bogor sambil dipayungi bak raja tanah. Ternyata dia punya vila di situ. Jadi ini meninjau juga ada kepentingan pribadi dong. Dasar penghina Ulama. [REPPUNC],1
Cara ucap unicorn tu yg gagap bikin orang ragu. [REPPUNC] <hashtag>,0
Ketua Dewan Kehormatan pan [CAPS] Amien Rais memberikan pengarahan pada Workshop Nasional Anggota dprd [CAPS] pan [CAPS]. Apa yang disampaikannya? <hashtag> <link>,0
Kasus Novel Baswedan sudah mengalami kemajuan Krik. [REPPUNC] Krik. [REPPUNC] Krik. [REPPUNC] Dah setahun lebih tidak ada [CAPS] perkembangan apa pun [ELONG] ! <hashtag> ! [REPPUNC],1
selamat [CAPS] datang [CAPS] banjir [CAPS]. semoga [CAPS] banjir [CAPS] kali [CAPS] ini [CAPS] lebih [CAPS] syari [CAPS] dibanding [CAPS] tahun [CAPS] tahun [CAPS] yang [CAPS] lalu [CAPS]. <username> lupa [CAPS] banjir [CAPS] ingetnya [CAPS] aibon [CAPS] saja [CAPS],1
<username> Mantab. Bisa terancam dibilang terbelakang nih sama org terbelakang dari kader partai sontoloyo indonesia. Cc <username>,0
capek liat orang tolol semua. <link>,0
<username> Ajarinnya itu mentri biar dipaham Toh selama ini juga banyak asn [CAPS] yg celana cingkrang fine² aja mereka <hashtag>,0
<hashtag> alhamdulillah [ELONG] tidak ada ngaruhnya tiket mahal atau [ELONG] tidak ttp saja aku g pernah naik pesawat <hashtag> ! [REPPUNC],1
menang karena Kecurangan <hashtag>,1
Selamat Warga dki [CAPS] 58 Sudah Dibikinin Toa Yang Mahal Tinggal Dikasih Lagu Titanic. [REPPUNC] Pas Tenggelam Dinyanyiin <hashtag>,1
yeap [ELONG] [CAPS]. [REPPUNC] karya besar anies di awal tahun membuat kota Jakarta tenggelam [ELONG] [CAPS] ! [REPPUNC],1
Saat fazdlizonk [CAPS] meninjau kondisi [CAPS] tanah longsor di Puncak Bogor sambil dipayungi bak raja tanah. Ternyata dia [ELONG] punya vila di situ. Jadi ini meninjau juga ada kepentingan pribadi dong [ELONG]. Dasar penghina Ulama,1
Hebat bener anda anus <username> 3x dki [CAPS] banjir <hashtag> ! [REPPUNC],1
"terlalu keren bahasanya.koruptor, Bilang aja maling /rampok <username> ! [REPPUNC]",1
dia kira masyarakat akan beriktikad pd hoax center di mana pencipta sekaligus merangkap menjadi penangkal hoax?,1
Kalau yang ini sudah bukan lagi menjadi rahasia publik. Publik sudah tahu pelaku yang sengaja menjadikan hoax sebagai alat propaganda menggiring opini.,0
solak atau tidak [CAPS] solak bapaknya <username> yang harus bertanggung [CAPS] jawab dari semua ini ! [REPPUNC],1
<username> wih [ELONG] 3 media yang dukung,0
Mau jadi apa negeri ini kalo di pimpin penyebar hoax,0
<hashtag> itu [CAPS] berkah [CAPS]. serius [CAPS] itu [CAPS] berkah [CAPS] ! [REPPUNC] berkah [CAPS] buat [CAPS] gerombolan2 [CAPS] tertentu [CAPS] yang tetiba [CAPS] dapat [CAPS] hibah [CAPS] media2 [CAPS] perusak [CAPS] akal [CAPS] dapat [CAPS] uang dari [CAPS] narasi2 [CAPS] pembelaan [CAPS] gabener [CAPS] el-bh [CAPS] dapat [CAPS] uang jadi [CAPS] jubir [CAPS] emak2 [CAPS] dpt [CAPS] uang demo [CAPS] berkah [CAPS] bikin [CAPS] anggaran [CAPS] beli [CAPS] toa [CAPS] dl [ELONG] [CAPS],1
juara [ELONG] [CAPS] karena [ELONG] [CAPS] kecurangan <hashtag>. [REPPUNC],1
Soeharto berani [ELONG] bantai 3 juta [ELONG] rakyat Indonesia masa sby [CAPS] tidak berani bantai fpi [CAPS] ? Dududuudu [ELONG] ! [REPPUNC],1
<username> Setuju <hashtag>,0
Indonesia adalah eksportir komoditas terbesar dan terlengkap di dunia tapi hasilnya menjadi rakyat paling melarat [CAPS] di dunia.' ! [REPPUNC],1
Allahuakbar <username> pasti bangga dan senang lihat Monas banyak airnya. ini [CAPS] lah kolam terbesar di Jakarta kebanggaan umat monaslimin. ! [REPPUNC] <hashtag>,1
Ada kalanya menteri dari kalangan pengusaha diperlukan.. karena mereka seringkali berpikir \'out of the bo [EMOTICON] ' dan fleksibel :smiling_face_with_smiling_eyes: <hashtag> <link>,0
Yang dicari polisi dikloset pasti otaknya. <hashtag>. [REPPUNC],1
Amin Pancasila msh sakti di Indonesia. Bhinneka Tunggal Ika msh kokoh di bumi Indonesia. nkri [CAPS] akan selalu berjaya [CAPS],0
Jaenudin nanti [CAPS] mau dikenang sebagai apa? Presiden [ELONG] amatiran? <hashtag> ! [REPPUNC],1
Saya kagum pada bapak [ELONG] Anies semoga [ELONG] tenggelam,1
Ya udah di gas ajaa sekalian ini si jonk <hashtag>,0
<username> Semoga jd partai teladan dan memiliki wakil2 membanggakan di dpr [CAPS] <hashtag>,0
Setelah gnpf [CAPS] bela anies yg beri diskotek penghargaan fix dan sah diskotik itu halal :flexed_biceps: :flexed_biceps: :flexed_biceps:,0
Sebenarnya kalau dipikir ulang Anies itu baik loh Mencoba menepati janji kampanye. tidak akan ada penggusuran. Tidak menggusur = tidak normalisasi. Ya begini hasilnya.. banjir [ELONG] guyss.. Pimpinan dpr [CAPS] Minta Anies Kebut Normalisasi <hashtag> ! [REPPUNC],1
<username> Yg ini ga usah lu cek harga pasarnya ya <link>,0
Haduh [ELONG] Gubernur jago [ELONG] [CAPS] banget ngelesnya [CAPS]. [REPPUNC] <hashtag> ! [REPPUNC],1
Pemimpinya katanya hasil itjima ulama [ELONG] tapi si fadli hina Ulama. Yang di hina fadli adalah Ulama Besar yaitu Mbah Moen buat Niken [ELONG] no sanse. Wajib di tenggelamkan [CAPS] ! [REPPUNC],1
Aku kangen manusia yang dulu. Manusia yang kalau ribut itu tinjunya dikepal bukan hanya pakai jempol.,1
Hadiah tahun baru 2020 dari anies [CAPS] yaitu banjir di jakarta di mana mana.,1
kalau Ane bilang sbenernya Monas bukan lagi Cagar Budaya Monas sudah jdi Cagar Keimanan sejak laskar [ELONG] 212 ane sering pakai bwat gelar acara Reunian kalau sampai dibatalken ane akan bentuk fpfe [CAPS] (Front Pembela Formula E) dmi mndukung Gubernur jinjingan laskar! <hashtag>,1
Hoax di musim politik semakin menjadi-jadi. Banyak kabar yang kerap menyerang Jokowi. Tetapi aku lebih percaya dengan bukti kerja nyata dibandingkan harus pusing-pusing mikiri hoax belaka [EMOTICON],0
Jaenudi ngaciro minta [CAPS] stop uninstallbukalapak ! [REPPUNC].. Rasain lue bong. [REPPUNC] Gegara lue Big bos kena getahnya [EMOTICON] Ayo bong bersih2 tl [CAPS] [EMOTICON] [EMOTICON] Gaspool ! [REPPUNC],1
Noh kan eug ada tuh premium nya sebarin ya ke yang lain kalo mau pamer jangan goblok. <link>,0
<username> Mungkin jadi linglung harus ngapain lagi gara2 ga ada pasien sama sepi job. [REPPUNC] Kasian yah. [REPPUNC] ih. [REPPUNC],0
Panik boleh goblok jangan <hashtag>. <hashtag> <username>,0
<username> Si Zon mulut nya saja yg maju saran saya majukan Indonesia dgn karya dan membangun Zon dan itu akan lebih bermanfaat.,0
Bilangnya [ELONG] stok beras cukup 21 hari.. Anjir [ELONG] bapak Wo.. ngomong tidak pakai data ya bapak.. ! [REPPUNC] Panik gagal lagi [ELONG] ya bapak Wo..? [EMOTICON] [EMOTICON],1
menang kami bangga kalah kami setia :fire: :fire:,0
sumpala nilai uts gua gada yg diatas 50 anjir goblok banget semester 1 aja udah begini gimana kedepannya awokoawkoawkowa,0
<username> Mantap coi. [REPPUNC] jancuker sejati otak waras. [REPPUNC] koruptor anjing di pelihara,1
<username> Kepala kasad [CAPS] harusnya di beri teguran atau Sanaksi agar Tak seenaknya aja mencopot dandim Kan blm ketahuan bersalah istrinya di pengadilan umum.,0
pemimpinya [CAPS] katanya hasil itjima ulama tapi si fadli hina Ulama. Yang di hina fadli adalah ulama [CAPS] Besar yaitu Mbah Moen buat Niken no sanse. Wajib di Tenggelamkan. [REPPUNC],1
<username> Mau ganti smartphone baru <hashtag>,0
<hashtag> alhamdulillah tidak [CAPS] ada ngaruhnya tiket [CAPS] mahal atau tidak ttp saja aku [ELONG] g pernah naik pesawat [ELONG] <hashtag> ! [REPPUNC],1
Indonesia penuh keberagaman <hashtag>,0
Yes semua aku adu aku disini liatin kamu sambil niup suling bambu aku tidak mau maju biar orang lain yang mati dulu maafkan kelakuan ku memang selalu begitu. - rais kakek tua bau sampah <hashtag>,1
habis [CAPS] ada keraton agung [CAPS] sejagad muncul sunda empire. Negara lain dah sibuk buat nuklir buat robot motor terbang negara [ELONG] kita malah begini,1
Wis pakde rasah ngoyo2 kerjanya. [REPPUNC] yang hobby nyanyi ma mangkrak kanan kiri ja bisa 2 periode [EMOTICON] [EMOTICON] [EMOTICON],1
Anjing kamu :angry_face_with_horns: :angry_face_with_horns: :angry_face_with_horns: marah3,0
Sekelas ceo [CAPS] data 2013 dibilang data 2016? Dan Padahal bl [CAPS] sudah dipromosikan sama presiden jokowi baru2 ini [ELONG] tapi balesannya [CAPS] tidak mencerminkan sikap ceo [CAPS]. [EMOTICON] ! [REPPUNC],1
<username> kepedeannya saya kasih jempol kaki. pasti dah ni contoh warga idaman rezim sontoloyo ! [REPPUNC],1
<username> Boleh tapi tidak boleh ganggu kinerja Lembaga Penyelengara Pemilu. Satgas boleh mengawasi bo… <link>,0
Film Keluarga [ELONG] cendana [CAPS] ini ternyata bercerita tentang keluarga kaya yang jatuh miskin. Baru tahu [ELONG] ! [REPPUNC],1
<username> Diskotik surga dunia yakk hha,0
Saya siap [CAPS] pasang badan. Saya siap [CAPS] mati [CAPS] demi membela kepentingan masyarakat Jakarta. Jika ada yang macam-macam saya [CAPS] yang hadapi [CAPS] ! <hashtag>,0
Banjir jakarta bukan salah <username> tapi salah warga jakarta yanggoblok dulu milih <username> jadi gubernur <hashtag>,1
Gerindra ternyata sudah menyiapkan kerusuhan untuk aksi 21 Mei 2019 kemarin <hashtag>,0
Assyem [ELONG]. [REPPUNC] Luar biasa ini presiden. Coba kalo ini acaranya ada berjabat negara. Sudah ampruk ini di <username> :zany_face: <hashtag> ! [REPPUNC],1
<username> Di sini saya berbicara dalam konteks sebagai warga negara non… <link>,0
<username> Hehe Mau di apain aja serah pak prabowo kok sibuk klarifikasi masih ngerasa jubir ya.. Mending saranin nikah lagi aja buat nafkah anak bini lebih berkah..,0
Apakah dengan mendukung mati matian salah satu pascol presiden akan berdampak ke kehidupan anda secara siknifikan? bacot [CAPS] ! [REPPUNC],1
Hadapi revolusi industri 4.0 dengan optimis <hashtag>,0
<username> Thats the point goblok :unamused_face:,0
Sudah cukup lelah dengan kasus Ratna Sarumpaet atau nyinyiran Fadli Zon lagi-lagi kubu Prabowo-Sandi tertimpa isu <link>,0
Sarcasm sarcasm ngarti kaga artinya sarkasme apaan? Kaga ngarti? Lah sama.,0
mengagumkan.. sungguh [ELONG] sangat amat transparan.. <hashtag>,1
Saya yakin hal ini menjadi pertanyaan kita [CAPS] semua katanya [CAPS] anti [CAPS] asing [CAPS] tapi [CAPS] kok [CAPS] berkiblat [CAPS] ke [CAPS] barat [CAPS] ?,1
bapak Anies anda Gubernur terhebat dalam sejarah dki [CAPS] Jakarta. Gubernur pertama yang [ELONG] telah memberi hadiah rutin setiap tahun baru kepada [ELONG] seluruh warganya berupa kolam renang yang bisa dinikmati dirumah [CAPS] masing2. Bravo ! [REPPUNC],1
<username> goblok..,0
<username> pendukung [CAPS] lu [CAPS] bikin [CAPS] malu [CAPS] negara [CAPS] ! [REPPUNC] <hashtag>,0
Terimah Kasih [ELONG] rezim [CAPS] Sontoloyo Memang Paling Mantap dan Hebat ! Makin cinta [CAPS] saja saya sama Rezim ini Semoga Allah swt [CAPS] Melaknat Kalian Semua Wahai [ELONG] Manusia Durjana ! [REPPUNC],1
jadi gini..Semenjak kecil <username> itu sdh punya jiwa kepemimpinan.,0
mantap [CAPS] gerindra [ELONG] [CAPS] Garda Terdepan Membela Anies ! [REPPUNC],1
Banyak suami yg ingin istri seperti Nia Ramadhani tp dia sendiri lupa utk menjadi Ardi Bakrie Kemudian para suami menyinggung balik Banyak istri yg ingin suami seperti Ardi Bakrie tp dia lupa klo dia bukan Nia Ramadhani :neutral_face: :expressionless_face:,0
Agama itu bukan politik dan bukan [CAPS] landasan [ELONG] [CAPS] untuk berperang bukan [CAPS] agamanya [CAPS] yang [CAPS] salah [CAPS] tapi [CAPS] orangnya [CAPS] <hashtag> ! [REPPUNC],1
Terimakasih wan abud <username> Berkat anda ane [CAPS] bisa mancing ikan mas [CAPS] dari depan pager rumah.. <hashtag>,1
<username> 500.0? [ELONG]. [REPPUNC] ada potongan2 lain ga. [REPPUNC] potongan admin. [REPPUNC] buat potokopi. [REPPUNC] biaya jasa. [REPPUNC] trus take [CAPS] home [CAPS] pay [CAPS] brp?. [REPPUNC] bisa2 zonk [CAPS]. [REPPUNC] sontoloyo [CAPS] <hashtag>,0
jangankan Pak jk [CAPS] masyarakat awam pun akan pesimis masalahnya kondisi ekonomi Indonesia yg sedang mengenaskan kalo di tambah seperti ini bisa makin amburadul pak jokowi lupa kalo ini Indonesia bukan Amerika <link>.com/jk-pesimis-dengan-wacana-tunjangan-pengangguran-jokowi/ … <hashtag>,0
Depok. mendung sama geledeknya santuy banget ampe kaga ujan2 <hashtag>,0
Banyak akal sehat yang hilang di negeri ini ! rg [CAPS] : Anjjritt [ELONG].. lu..! 15 tahun mengajar tanpa digaji ! [REPPUNC] Kembalikan akal sehat pada fungsi kampus tradisi akademis adalah menggeleng pada kekuasaan Katakan tidak [CAPS] agar ada dialektika dan tesis-antitesis <hashtag>,0
tangkap [CAPS] provokator [CAPS] <hashtag>,0
Di dunia internasional Jakarta juga mempunyai julukan J-Town,0
sejatinya islam itu bukan yg rahmatan lil alamin tapi yg rahmatan lil monaslimin yg penting semonas maka rahmat bagi kelompoknya. <link>,0
Retweet lagi ah prestasi anak bangsa. [REPPUNC] Kampret jangan kejang kejang ya.,1
Tugas pokok Anies baswedan adalah ngeles berpuisi dan beralasan. Jd kl skrg jakarta [CAPS] banjir parah jangan salahkan dia. Salahkan airnya kenapa kok g mau lekas pergi dr jakarta. Ya kan bapak [CAPS] anies. Ya kan ya kan. <hashtag>,1
Jadi gimana Pak <username> ini jadi boleh gitu ke tempat yang diberikan penghargaan ? kan bagus pasti datang ke tempat yg pernah dikasih penghargaan <hashtag> <link>,0
codot [CAPS] hti [CAPS] lagi ngerong-rong dengan hestek <hashtag>. Mereka tau nu [CAPS] paling depan soal Indonesia.,0
Dengan tegas Presiden Jokowi beri Mendag dan Menlu serta jajaran kerjanya deadline hingga tahun 2020 untuk bentuk perjanjian dagang. <hashtag> <link>,0
<username> Sekali sekali dea pengen punya circle sosialita lin,0
<username> Nia ramadhani y mb ! [REPPUNC],0
Selamat datang di indonesia Dimana orang kaya takut miskin tapi orang miskin tidak takut kaya,1
Capres 01 sudah membuktikan prestasinya sebagai bandar hoax nasional.,1
8 Bukti Nia Ramadhani Seorang Crazy Rich Tetangga Paris Hilton hingga Tak bisa Kupas Salak <link>.,0
Anies Janji Izinkan Reuni 212 Tahun Depan Digelar di Monas <hashtag> <link>,0
Pantes suka halu.. Doyan nyabu sama wadon ternyata. <hashtag>,0
Curang curang curang. Disuruh buktikan malah bawa print [CAPS] out [CAPS] berita [CAPS] online [CAPS]. jangan [CAPS] cuma [CAPS] teriak [CAPS] curang [CAPS] tp [CAPS] ga [CAPS] bisa [CAPS] ka [CAPS] <link>,0
Unicorn negara maju membayar sejumlah kontribusi untuk r&d [CAPS]. bl [CAPS] kasih apa?,1
Saya pasti pilih nomer 1 pak untuk anda <username> Dan indonesia yg lebih hebat..<hashtag>,0
Dukungan untuk 01 <username> - <username> terus bergulir dari kalangan pemuka agama dan santri.,0
Esemka itu Hanyalah Halusinasi Jokowi Belaka Yg Benar itu cina [CAPS] Menyogok Jokowi Lewat Tangan Panjang si Luhut Agar Mobil2 buatan cina [CAPS] bisa Masuk Tanpa cukai [CAPS] <link>,0
Bagaimana mau membuka pengaduan Hoax Center? Calon presiden kubunya saja pada debat capres 17 Januari lalu buat hoax lagi tentang partainya yang paling banyak mengusung caleg dari perempuan? Nyatanya bukan,0
Menteri adu lucu bareng Bedu. Bedu kalah lucu di banding para menteri. [REPPUNC] stop [CAPS] korupsi sekecil apapun korupsi tetaplah korupsi. [REPPUNC] <link>,0
Titel sarjana tapi [CAPS] otak [CAPS] ky ank tk. Dasar [ELONG] <hashtag> ! [REPPUNC],1
Minus <username> yg akan menjadi nia ramadhani wannabe cabang galek [EMOTICON] '),0
<username> Kok jd ngatain mom goblok ! [REPPUNC],0
Pintar bgt anies [CAPS] motong [ELONG] anggaran [CAPS] banjir buat aibon [EMOTICON] ! [REPPUNC],1
Banjir telah tiba [ELONG].. Banjir telag tiba.. hore.. hore Apa airnya masih antri masuk ke tanah bapak Anies? <hashtag>,1
Permisi generasi optimis mau lewat. Politisi tukang sebar fitnah hoax apalagi <hashtag> tolong minggir dulu ya.. <hashtag>,1
Cawagub dki [CAPS] Riza Patria: Susah Cari Kekurangan Anies Dia Banyak Kelebihan Iya bener [ELONG] banyak kelebihan nya [CAPS] terutama bohongin rakyat dki [CAPS] Jakarta pakai mayat dan ayat.<hashtag>,1
Ini salah satu contoh Narasi <username> dalam mengatasi banjir Jakarta telah [CAPS] terbukti berkat narasi Anies sekarang Jakarta telah berhasil tidak [CAPS] bebas [CAPS] dari banjir. [REPPUNC] :clapping_hands: :clapping_hands: :clapping_hands: :clapping_hands: Berenang kita [ELONG] :grinning_face_with_sweat: <hashtag> <link> ! [REPPUNC],1
Kepesertaan bpjs [CAPS] Kesehatan di Sragen Terendah di Wilayah Jateng-DIY <hashtag> <link>,0
<username> Jakarta nyesal tak pilih Ahok.,0
aku [ELONG] punya temen dimana dia jomblo tapi sering [CAPS] ngatain jomblo. keren banget kan. gatau dirinya [CAPS] [EMOTICON],1
Yeap. [REPPUNC] karya besar anies [CAPS] di awal tahun membuat kota Jakarta tenggelam [ELONG] ! [REPPUNC],1
Susunan Menteri Jokowi Itu Kabinet Obesitas <hashtag> <link>,0
<username> Sehat jasmani dan rohani <hashtag>,0
"SiBapak itu emang bener, Banjir besar memang selalu terjadi di hari libur, mau hari apa pun klo banjirnya besar ya pada libur.. <hashtag> ! [REPPUNC]",1
Yg paling banyak korup ternyata pks [CAPS].. Wuiihh,0
Kenapa menjadi soal kalau Menteri bukan dari kalangan atau golongan tertentu? Memangnya nkri [CAPS] ini milik nenek moyang mu sendiri? <hashtag>,0
Politik sejatinya [ELONG] untuk mengatur masyarakat agar sejahtera tetapi masyarakat menjadi melarat <hashtag> ! [REPPUNC],1
Fenomena bermunculannya start up yang berkembang mjd [CAPS] unicorn [ELONG] hebat adl fenomena kreatifnya org2 muda hebat [CAPS] milenials. Sayangnya msh ada [ELONG] dr mrk yang blm dewasa dalam berbisnis. Perush yang sdh bervalue triliunan akhirnya hrs oleng akibat perilaku recehan saja ! [REPPUNC],1
Wis pakde rasah ngoyo2 kerjanya. [REPPUNC] yang hobby nyanyi ma mangkrak kanan [ELONG] kiri ja bisa [ELONG] 2 periode [CAPS] [EMOTICON] [EMOTICON] [EMOTICON] ! [REPPUNC],1
Kawan kawan disarankan stop bantu gerakan jod [CAPS]. tidak selamanya berniat [CAPS] baik hasilnya baik. Apalagi gerakannya dipenuhi orang-orang pinter semua. Mending urus daerah masing-masing saja. Kata solidaritas [ELONG] hapus saja dari kbbi [CAPS] ! [REPPUNC],1
Jubir pinter [CAPS] kelancaran [CAPS] nyerocosnya [ELONG] taunya bosnya [ELONG] ngebantah ! [REPPUNC],1
<username> Emg aku miskin dan suka bergunjing daripada kamu kaya anjing,0
Bagaimana kabar BuniYani ? Masih percaya dg fitnah penista agama ?,1
<username> sosialita manja lom aja kena karma,0
Paduan antara kebodohan dengan keinginan hasut untuk diikuti dan didengar mendorongmu berbicara tanpa ilmu mengatakan suatu perkataan atas nama Allah secara bathil. Itulah kenapa whatsappmu macet. <hashtag>,0
Ketika hal yang sangat rahasia ada dihadapan kita dan mau gak mau harus di buka. <hashtag> <link>,0
Pendekatan Kultural Dan Kemanusiaan Akan Lebih Difokuskan Untuk Menangani Permasalahan Di Papua.. ! [REPPUNC] ~Mahfud md~ [CAPS] <hashtag> <link>,0
Udh muak lihat dia memprovokasi rakyat terus udh saatnya aparat bersikap tegas untuk menangkap sih tukang provokasi <hashtag>,0
Hari ini Persija menang maka tersenyumlah [EMOTICON] <hashtag>,0
taik [CAPS] anjing [CAPS] ! [REPPUNC] aku ldran medan-jakarta ngasi makan dia 7 bulan karena ga dapet kerja disana. malah ngedapetin dia selingkuh. kontol [CAPS] <link>,0
Pantas saja kubu 02 tidak pernah habis dengan berita-berita kebohongannya. Ternyata memiliki [CAPS] tempat produksinya sendiri [CAPS] untuk menyebarkan kebohongan. [REPPUNC],1
Bukannya nunjukin prestasi kok malah bikin <hashtag> Dasar produsen hoax [CAPS] <hashtag> diolah menjadi hoax [CAPS] baku [CAPS] dusta [CAPS] yang dikemas kardus [CAPS].,0
<username> Smg Allah slalu melindungi mu pak.,0
Selamat siang prof. [REPPUNC] dungu <hashtag>. [REPPUNC] <hashtag>,1
"Pinter Anies, bukan cuma warga [CAPS] Jakarta aja yg dibego [ELONG] begoin. Tuhan aja mau [CAPS] di bego begoin [ELONG] si Anies. [REPPUNC] hahahahahahaha ! [REPPUNC]",1
Hasil sangat maksimal bapak <username> saya salut dengan anda karna bisa menenggelamkan Kota dki [CAPS] Jakarta sehingga masyarakat sangat antusias nyari posko² buat ngungsi. <hashtag> ! [REPPUNC],1
Akhirnya saya bisa tahu hal positif yang Lucinta Luna punya ! [REPPUNC] Positif [ELONG] narkoba,1
Akhirnya ada hal yang positif juga dari [ELONG] lucinta [ELONG] luna ! [REPPUNC],1
Kado terindah diawal tahun dari gubernur seiman <hashtag>,1
Semoga para sesepuh terutama para ulama tak lagi menjadi partisan politik yg membela salah satunya tp bisa memand <link>,0
baru [ELONG] tau [ELONG] kerjaan dpr gerebek psk selamat anda [CAPS] mendapat gelar dpr rasa satpol pp <hashtag> ! [REPPUNC],1
Buat para istri sempatkan memandangi wajah suamimu saat ia terlelap tidur. Lihatlah wajah yang mulai muncul garis-garis halus matanya yang sendu. Bayangkan betapa lelahnya ia yang sepanjang hari menekuri timlen tiada henti. Debat copras capres sampai lupa istri [EMOTICON] ! [REPPUNC],1
masa [ELONG] [CAPS] ia kami yang hanya duduk dan [ELONG] main hp saja jadi kena getah'a? <hashtag> ! [REPPUNC],1
Hai <username> videonya keren loh.. ! [REPPUNC] Langsung trending ditiktok.. ! [REPPUNC] Sering sering ya [ELONG] partai Allah bikin beginian.. ! [REPPUNC] Goyang [ELONG] kuy.. [ELONG] ! [REPPUNC],1
Kalau bgtu tempe lebih berharga juga dri pda kau. <hashtag> mu itu membuat kami muak..,1
Muka dua itu ketemu Fans Prabowo nyerang Jokowi. Ketemu Fans Jokowi nyerang Prabowo. [EMOTICON],0
Jaenudi ngaciro minta stop uninstallbukalapak ! [REPPUNC].. Rasain lue bong. [REPPUNC] Gegara lue Big bos kena getahnya [EMOTICON] Ayo bong bersih2 tl [CAPS] [EMOTICON] [EMOTICON] Gaspool ! [REPPUNC],1
. [REPPUNC] tapi setelah un [CAPS] apa yang terjadi bapak-bapak ibu-ibu? Lupa :slightly_smiling_face: ngefans ak sm pak Nadiem <link>,0
Terima Kasih Pak <username> <hashtag>,1
Memang sih edhy prabowo tukang pijitnya prabowo subiantoro itu tamak [CAPS] dan serakah [CAPS] yg = Joker anies baswedan. Pecat segera kedua sampah itu !,0
mereka benar-benar mementingkan kekuasaan dan suara. Sampai tega menghina seorang ulama. Ironi sekali ! [REPPUNC],1
<hashtag> Bersama membangun indonesia,0
<username> semanagt broo.. millenial harus tunjukan kinerja rakyat. [REPPUNC] salah kalo si ketua bilang *anak baru*.. tidak ada namanya senioritas tapi netralitas kita butuhkan. [REPPUNC] anda itu mewakili rakyat bukan pejabat. [REPPUNC] kita dukung,0
Fatal cuitan mu vroh. [REPPUNC] kau gali lubang sendiri..,0
Kapitalis & lembaga riba ! yg membuat umat makin menderita <hashtag>,0
Daripada halu. Mending ikut give away 300k di pinned acc ku. <hashtag>,0
Yang dicari polisi dikloset pasti otaknya. <hashtag>,1
Tuntas kan pak <username> saya ngak rela uang rakyat di kayaginiin. <hashtag> <link>,0
dia kalo jadi presdien. pasti sering diteror bom ama rakyatnya. wkwkwwkwk. abis nya kerjaannya marah marah mele. <hashtag>,0
untuk ngurus negara sebesar indonesia ini tidak punya konsep? Katanya udah pengalaman. <hashtag> ! [REPPUNC],1
<username> kenttir [ELONG] kowe [ELONG] <hashtag>,0
Capres cawapres [ELONG] 01 sebar visi misi [ELONG] dan kerja nyata sedang [CAPS] 02 hanya berita bohong dan fitnah ! [REPPUNC],1
Tugas pokok Anies baswedan adalah ngeles berpuisi dan beralasan. Jd kl skrg jakarta banjir parah jangan salahkan dia. Salahkan airnya kenapa kok g mau lekas pergi dr jakarta. Ya kan bapak anies. Ya kan ya kan. <hashtag>,1
sungguh [CAPS] mulia [CAPS] sekali [CAPS] cita2 [CAPS] mu [CAPS] neng..jadi [CAPS] pelakor [CAPS]. [REPPUNC] hahahaaha [ELONG] kan pianyingen [CAPS] ! [REPPUNC],1
<username> Semoga dengan prestasi beliau sumatera selatan lebih maju dan sejahtera.,0
hidup adalah perjuangan. ayo berjuang ! [REPPUNC],0
"wow. [REPPUNC] ! [REPPUNC] di canberra. [REPPUNC] pidato pakai bahasa indonesia..ðÿ˜³ chauvinis banget bapak. [REPPUNC] ðÿ¤"" sia-sia toefl sy. [REPPUNC] ðÿ˜"" <hashtag>",1
Pengusaha tak tau balas budi lupa akar otak kampret ! Masih banyak aplikasi belanja online lain ! Beralih ke Tokopedia atau Shoppee dll yg masih waras !,0
<username> Anda dokter [CAPS] ! [REPPUNC] ck ck ck.. ! [REPPUNC] Mau nanya dokter spesialis bedah kelamin ya ! [REPPUNC],0
Ambyar [ELONG]..Wayahee <hashtag> mohon doa dari semua korban php [CAPS] tuk perjuangan n pengabdian <username> <hashtag> tuk <hashtag> Ayo Move on brs Para Lebah ! [REPPUNC] <link>,0
Doa dari Kyai dipolitisasi oleh Zonk itu sudah melewati batas. Itulah akibatnya jika menjadi kacung dari junjungannya yg rakus kekuasaan. Kyai Sepuh pun tidak dihormatinya.,0
Anak zaman now itu makin pintar. [REPPUNC] Makin pintar ilmunya makin pintar bohongnya makin pintar bikin alesan makin pintar ! [REPPUNC],1
periode [CAPS] tlh memaksa menangkan dg ribuan tumbal nyawa. Setiap aksi rakyat dihadang olh Pembantaian. Begitupun hari ini <hashtag> dibalas hantaman membabi buta pagar penguasa.. Tdk mustahil bsk lusa giliran kita juga ente :backhand_index_pointing_right: :frog: Bacot ! [REPPUNC] <link>,0
Abdul halim iskandar yang beralatar belakang santri dan anak desa mengisi pos menteri Kementerian Desa pembangunan Daerah Tertinggal dan Transmigrasi di kabinet indonesia maju. <username> <hashtag> <link>,0
Mah ulangan aku dapet 10 | wah pintar kamu nak. Gimana dengan nilai teman-teman mu? | ada yang dapet 80 90 sampe 100 |. [REPPUNC] <hashtag>,0
aku kokoh dukung 01 karna ku tau sang bahadur yang [ELONG] kau bagakkan nyatanya hanyalah [CAPS] seorang yang lemah [ELONG] ! [REPPUNC],1
<username> Ga bapak ga anaknya si hanum kerjaannya cuma bikin. [REPPUNC] aahh sudahlah emangnya dia siapa? masa Pak <username> perlu restu si amien buat jadi Menhan,0
Harusnya tuh kedua pendukung capres <hashtag> bkn malah saling hujat tuduh dan fitnah ini itu.. biar Indonesia aman damai tentram dan sejahtera. [REPPUNC],0
<username> Mau elegan? Noh gabung sama [ELONG] nia ramadhani [CAPS] jan sama kita yang sampah ! [REPPUNC],1
rt [CAPS] <username>: Senang rasanya ke Sukabumi lagi daerah yang sedang menggeliat maju. Dulu menuju ke sini kerap tersendat di jalan biasa.,0
Kini Giliran Gadis di Ciamis Mandi lumpur Protes jalan Rusak Katanya bangun jalan desa Bangun apa nambal Nambal apa bangun Rakyat <hashtag>,0
<username> Saya setuju [CAPS] anies itu [ELONG] luar biasa sebagai [ELONG] tokoh pelopor/pencipta sistim [CAPS] aca kadut. Sampurna ! [REPPUNC],1
Udah sok sedih playing victim lagi. Bilangnya gak tau apa-apa ternyata suka bohong :relieved_face: Punya satu temen toxic bacotnya gede pula Katanya temen tapi klepto :relieved_face: Lu goblok atau gimana? Punya satu temen juga nih udah dikenalin kemana-mana malah gatau diri juga :relieved_face:,0
Akhirnya [ELONG] keluar [CAPS] keahliannya. lepas [ELONG] [CAPS] tangan [CAPS] ! [REPPUNC] <hashtag> ! [REPPUNC],1
<username> Nyi roro kidul e iso pose foto pisan yo,0
Kalau bicara tuh yg sesuai faktanya dong. Apalagi pak sandiakan faham hukum kan?,0
Bodoh ! [REPPUNC] Namanya baru ya beda sama yang lama ! [REPPUNC] Kecuali loe bilang Presiden periode selanjutnya itu bisa Jkw atau ps [CAPS] ! [REPPUNC] Ngeles lu ! [REPPUNC],0
Buat para [CAPS] pembenci Selamat anda dipimpin oleh orang [CAPS] yang anda benci [ELONG] kembali. Dan selamat menikmati ketidksukaannya ditunggu status-status nyalahin pemerintahnya. <hashtag> pic.twitter.com/n3GaTERfKC ! [REPPUNC],1
Gila ya. Bahasa ceo buka lapak. Ga tau diri banget. Pertama dimulai dair kalimat omong [CAPS] kosong [CAPS]. [REPPUNC] Diakhiri dengan presiden [CAPS] baru [CAPS]. [REPPUNC],0
Pembayaran bpjs [CAPS] tk [CAPS] yang praktis dan tanpa ribet ya di loket ppob [CAPS] Nusantara ! :winking_face: :thumbs_up: Belum terdaftar sebagai loket hebat ppob [CAPS] Nusantara? Segera daftar dan nikmati fitur lengkap serta komisi menarik di tiap transaksinya ! <hashtag> <link>,0
Parade Hari Anti Korupsi Pak <username> &amp; pak <hashtag> gokil <link>,0
Aing tolol bangetkan,0
baru [CAPS] tahu [ELONG] kerjaan dpr [CAPS] gerebek psk [CAPS] Selamat anda mendapat gelar dpr [CAPS] rasa [CAPS] Satpol pp [CAPS] <hashtag> ! [REPPUNC],1
Selamat Warga dki [CAPS] 58 Sudah Dibikinin Toa Yang Mahal Tinggal dikasih [CAPS] Lagu titanic [CAPS]. [REPPUNC] Pas Tenggelam Dinyanyiin <hashtag> ! [REPPUNC],1
Hidupnya capres 02 itu selalu diwarnai denga hoax dan hoax,0
<hashtag>. kasihan. [REPPUNC] kasihan. [REPPUNC] kasihan. [REPPUNC] Import air ah biar kelihatan [ELONG] begonya gkgkgkgkgk [ELONG],1
<username> Ha ha ha. [REPPUNC] justru rapbd ini tinggalan koh ahok. Termasuk system koh ahok. Gimana sih?,0
Tetap semangat Berinovasi untuk kemajuan desa. <hashtag> <username>,0
Dana Desa yang yang telah digulirkan Pusat saja menjadi bancaan orang orang pusat dari pemilihan pendamping desa sampai penempatan dan siapa dapat apa. [REPPUNC] ini harus kita lawan. [REPPUNC],0
Terima kasih atas kunjungannya bapak sandiuno [CAPS] maaf kami tetap jokowi Begitu teriak warga Wonogiri. [EMOTICON] [EMOTICON] [EMOTICON] <hashtag>,1
Kenapa gak dikasih pinjem buat bpjs [CAPS] kesehatan Sontoloyo Uang bpjs [CAPS] Rp 100 T Mau Dipakai Program Rumah Jokowi Setuju? <link>,0
Belum menjabat ke-1 di Indonesia saja sudah banyak *sensasi negatif* lebih baik prestasi walaupun negatif daripada sensasi masih negatif pula. Pening pala aku bebi. Diskotik,0
Maaf sih bapak Jokowi. indo [CAPS] saat ini bukan [CAPS] negara hukum [EMOTICON] Jangan sok tidak tahu [CAPS] bapak <hashtag> ! [REPPUNC],1
Anies meyakini bahwa kondisi Jakarta aman <hashtag> <link>,0
<username> Ah [ELONG] Masa sih [ELONG] <username> ? Tuh ada anak calonin jadi pejabat solo. Eh gimana kabar beras Bulog ? Suara kalian mana para makhluk ganjen nan centil ! [REPPUNC],0
Sungguh [ELONG] mulia sekali kader Partai Allah ini [EMOTICON] Setelah bagi2 kursi apalagi? giveaway [CAPS] tiket surga ! [REPPUNC],1
Wihh ! jkt48 [CAPS] keren juga nih Lipsyncnya. Jaya terus permusikan Indonesia.,1
Buat para istri sempatkan memandangi wajah suamimu saat ia terlelap tidur. Lihatlah wajah yang mulai muncul garis-garis halus matanya yang sendu. Bayangkan betapa lelahnya ia yang sepanjang hari menekuri timlen tiada henti. Debat copras capres sampai lupa istri [EMOTICON],1
Terimakasih banyak pak presiden. <hashtag>,0
<username> Luar biasa ini tu kayak dia bilang 'welcome to indonesia' ke virus corona manteb memang junjungan cebong ! [REPPUNC],1
Saya berjanji akan akan menyelesaikan membacanya sampai tuntas hingga bikin para pendukung paham <hashtag> <link>,0
<username> Kamu keren banget sih :red_heart: Ga sulit untuk mengucap maaf. Mengerti juga kalau penjelasan hanya akan dianggap defensif oleh orang yang ga akan mau ngerti keadaan kamu. Duh pria idaman banget :red_heart: :red_heart:,0
Melly Goeslaw Marah dan Merasa Dibully soal Kostum Halloween Vidi: Ga Ada Intensi untuk Menyinggung <link> lewat <username>,0
Semangat unbknya adikadik tidak harus begadang bangun subuh saja [ELONG] karna [CAPS] kunci jawaban akan [CAPS] tersebar dijam [ELONG] segitu. [REPPUNC],1
Td aku liat mobil pejabat nomor platnya ri 14,0
Jakarta lebih keren kameranya selalu ngikutin Anies. [REPPUNC] [EMOTICON] [EMOTICON] [EMOTICON] [EMOTICON],1
alhamdulilah kabar [CAPS] apik bang [ELONG] monggo silahkan [CAPS] lanjut <hashtag> ! [REPPUNC],1
<username> semangat ! [REPPUNC] jakarta hancur ditangan anies. monas digunduli demi formula. [REPPUNC] tragis <hashtag>,1
hore [ELONG]. [REPPUNC] ðÿ'ðÿ'ðÿ' mantab [ELONG] ðÿ' sepak terjang bejat [ELONG] andre dengan [CAPS] menjebak nn bakal diseret [ELONG] ke meja hijau. dukung nn [CAPS] dengan: <hashtag>,1
JumatanKarenaUndangan lucu sih wkwkwk jd minggu depan tidak jumatan lagi dong ya? wkwk [CAPS],1
Main codm dpt team tolol smua klo gk bisa main y gosah main gtlohh bujang [ELONG],0
Bapak [ELONG] <username> mau [ELONG] jadi [CAPS] presiden ! [REPPUNC] <hashtag> ! [REPPUNC],1
Setidaknya kami telah menyaksikan 2 orang yang tulus buat bangsa ini yang di zholimi habis2an saya bangga berada dibarisan bapak :backhand_index_pointing_up: <hashtag>,0
Di dalam call center pusat hoax sebaiknya kubu 02 <hashtag> seharusnya untuk lebih fokus membuat program kerja dan memberikan hal positif bukan nya menebar hoax yang aneh dan tidak jelas fakt nya?' 1. [REPPUNC],1
<username> di indonesia kata pk<username> penduduk islam terbesar di dunia.kenapa kok ulama kami difitnah ! [REPPUNC],1
stop [CAPS] Kerusuhan ! Jangan sampai aksi sekelompok orang seperti kalian justru membuat seluruh rakyat Indonesia menderita karena Indonesia tidak damai. tolak [CAPS] kejadian [CAPS] 21/22 Mei <hashtag>,0
Subbhanallah. [REPPUNC] Partai Allah rusuh. ! [REPPUNC],1
<username> emg lu tolol,0
Alhamdulillah Jum'atan sudah berdo'a demi kebaikan semua sudah cek tagar <hashtag> di Trending Topic dunia ehh turun dari 4 ke 6 geber lagi bro jgn kasih kendor ! Serempak dan semangat masif dari sekarang sambil makan siang pun jadi ya Bro ! Go ! Go ! Go !,0
Semoga [ELONG] air yang tergenang ini jadi berkah bagi Warga Jakarta dan [ELONG] bapak Gubernur akan semakin banyak mendapat pahala dan cepat masuk sorga karna dibully oleh warganya betulkan <username>. <hashtag>,1
bapak Anies Baswedan memang tidak punya kekurangan. Banyak lebihnya [CAPS] kelebihan [CAPS] air misalnya.,1
Polri: Tangkap Provokator Elite & larang keluar negri. - Tandatangani Petisi !,0
Di dalam call center pusat hoax sebaiknya kubu 02 <hashtag> seharusnya untuk lebih fokus membuat program kerja dan memberikan hal positif bukan nya menebar hoax yang aneh dan tidak jelas fakt nya?' 1,1
<username> Yg survei Genderuwo Sontoloyo,0
<username> Emang ada yg salah pakai baju sma? [CAPS] Masih mending pak penggangguran pakai baju putih abu untuk demo.. ketimbang manusia berpakaian pejabat tapi malah nyuri uang rakyat ! [REPPUNC],0
Weh anjeng newbie gausa sok sok an ceramahin gue suru jaga mulut goblok lo anak bawang makanya sekola yg bener biar bahasa Indonesia lo dapet nilai A biar tau bagaimana tulisan yang sesuai dgn intonasi dongo kezel bet gue di ceramahin newbie -_-,0
Alhamdulillah akhirnya nemu juga proyekan eang bisa bwat ngebantu ngabisin anggaran setelah program kembar sial oke dan oce hanyut kebawa banjir.. Lancar proyeknya Bahagia Pemprop nya Alhamdulillah <hashtag>,1
keren [CAPS] gubernurnya Jakarta menjadi lautan ! [REPPUNC] salam seiman <username> Bawesdan,1
Siapakah Kau dalam puisimu <username> jika itu Mbah [ELONG] Moen [ELONG] maka sembrono sekali,1
Haduh [ELONG] Gubernur jago banget ngelesnya. [REPPUNC] <hashtag> ! [REPPUNC],1
welcome to indonesia semua hal [ELONG] dikomenin. even sebenernya itu gaperlu & gapenting samsek ! [REPPUNC],1
Waspada hoax banyak [CAPS] bertebaran di Pilpres 2019. Kampret kampret yang menyebarkan banyak hoax yang bikin gaduh netizen ! [REPPUNC],1
<username> Klo orang pinter bilang beda pasti kasih alasan nya. [REPPUNC] nah klo cuma bisa ngomong beda tp gx ngsih bukti itu namanya si goblok [CAPS] berwajah [CAPS] monyet [CAPS],0
ya setidaknya sifat pantang menyerah bapak prabowo untuk menduduki kursi istana etis diacungi jempol. terhitung dari 2004 daim rusak untuk jadi 'raja' istana,1
bener kamu andi sukmana putra bener bener bodoh !,1
Yang laain tanam pohon [ELONG] dia tebang pohon Pintar sih kalau urusan serapan anggaran <hashtag> ! [REPPUNC],1
kita [CAPS] harus bannga [ELONG] punya gubernur spt Anies. [REPPUNC] program pemerataan banjir berjalan sesuai rencana. [REPPUNC] terimakasih bapak <username> ! [REPPUNC],1
<hashtag> kalau bapak jadi [ELONG] imam baru mantap. Jangan politisasi Sholat jumat [CAPS] Malu [ELONG] tahu. [REPPUNC],1
<username> pemerintah memang pintar pintar berkilah pintar alesan pntar bohong pintar alibi dll [CAPS],1
Akibat Gagal Nyaleg Otak Ditinggal Dikolam <hashtag>,0
Bagaimana bisa Mendikbud yang diangkat dari kalangan ceo [CAPS] pebisnis online? <hashtag> <link>,0
Retweet lagi ah prestasi anak bangsa [ELONG]. [REPPUNC] Kampret jangan kejang kejang ya.,1
wan [CAPS] Abud kasih penghargaan sama diskotik panti pijatnya kapan pak ditunggu sertifikat nya biar adil pak jangan pilih kasih dan tebang pilih. [REPPUNC] sekalian kasih undangan buat pengikut bapak yang setia itu. [REPPUNC] biar tau dan gak protes juga kasih tau jangan di demo ya. [REPPUNC],0
prestasi [CAPS] yang membanggakan [CAPS] Peluncuran Pesawat [ELONG] Luar angkasa [CAPS] Indonesia. [REPPUNC] ! [REPPUNC].. Indonesiaku Makin santuy [CAPS].. <hashtag> ! [REPPUNC],1
Ini semua berkah [CAPS]. [REPPUNC] semoga toanya bisa mengatasi banjir <hashtag>,1
Kenapa saya memberiken apresiasi [CAPS] yang tinggi? krn [CAPS] i Kafir saja ndak sanggup ngasih penghargaan seperti [ELONG] itu malah nutup diskotik ! [REPPUNC],1
Bukan hidup yang menjadi lebih mudah tetapi anda yang harus tumbuh menjadi lebih kuat. Jangan pernah menyerah dalam hidup temukanlah alasan dan teruslah berjuang untuk mencoba. <hashtag>,0
Indonesia adalah negara dgn persentase tertinggi dunia di mana penduduknya memilih menjadi lebih kreatif drpd lebih pintar.,0
Deuhh [ELONG] itu yang kemaren demo-demo kayanya kebanyakkan makan mecin <hashtag>,0
anjing gue jelek bat bgsd,0
Indonesia itu keren. Koruptor dapet [CAPS] uang [CAPS] pensiun. fak [CAPS] ! [REPPUNC],1
film keluarga cendana ini ternyata bercerita tentang [ELONG] keluarga kaya yang jatuh bapet. baru [CAPS] tahu ! [REPPUNC],1
Bukan pesimis dgn keadaan tapi kapan aku bisa buat org keluarga bangga ! [REPPUNC] <hashtag>,0
terimakasih [CAPS] bapak Anies kamu hebat ! Bisa membuatku tertawa seharian dengan semua ucapanmu ! [REPPUNC] semoga panjang umur sehat selalu ya bapak amin [ELONG] ! [REPPUNC],1
Emang sy harus bersikap seperti apa agar sesuai dgn muslim yg sholat 5wkt. Seperti riziek bahar sugik atau seperti wowo yg ga bisa nahan emosi dan suka merendahkn orang atau seperti kalian yg suka menghina pemimpin sebar hoax bhkn sebar fitnah? <hashtag>,0
<username> Klo sbg tim ahli seharusnya dia mundur dr keanggotaan dpr [CAPS] klo dia terpilih lagi periode skr,0
akhirnya terungkap ya mas fatah jangan nangis anak laki harus berkuasa wkwk <hashtag>,1
<username> nantang <username> Semoga direalisasikan oleh <username> :folded_hands: :folded_hands: :folded_hands:,0
ya setidaknya sifat pantang menyerah bapak [ELONG] prabowo [CAPS] untuk menduduki kursi istana etis diacungi jempol. terhitung dari 2004 daim rusak untuk [ELONG] jadi 'raja' istana,1
Sukarelawan berkumpul bantu bersihkan rumah mangsa banjir <link> <link>,0
â € â € hikmah [CAPS] hari [CAPS] ini [CAPS] Ketahuilah bahwasanya wewangian yg paling wangi itu bukanlah apa yg engkau pakaikan pada tubuhmu dan pakaianmu Akan tetapi apa yg ada pada lisanmu dan wangi itu di rasakan oleh yg lain Wanginya ucapan baik <hashtag> <link>,0
special thanks to : <username> for bikinin udangan [ELONG] tolol ini [CAPS],1
Gerakan anak2 mogok sekolah tiap Jumat demi masa depan mereka sendiri Menurutmu? Jika kamu masih anak sekolah apa ikut juga? <hashtag>,0
Kendati sukses dirikan Gojek sejumlah pihak pesimis Nadiem Makarim akan berhasil sebagai Mendikbud. Bagaimana pandangan Alamanda mantan emak programer Gojek? <hashtag> via <username> <link>,0
<username> Welcome to indonesia di mana kata maaf menjadi [ELONG] solusi [CAPS] untuk semuanya.Dan segala kelakuan dianggap becanda [ELONG] [EMOTICON],1
Ini semua [CAPS] berkah [ELONG] [CAPS]. [REPPUNC] semoga toanya bisa mengatasi banjir <hashtag>,1
<username> hdh mb ini sbnrny [trik nfs sbntr] ini adlh bhs orang pintar [trkekeh] mb bkl susa ngerti [ELONG] awokwokwok ! [REPPUNC],1
Lho Jokowi bicara unicorn [CAPS]..kemaren malah mengintimidasi bukalapak [CAPS]. Bukankah mereka pengusaha online [ELONG] yang masuk kategori startup Unicorn Parah nih Jokowi sok-sokan bicara unicorn ! [REPPUNC],1
Partai Allah mah Bebas Sajadahpun boleh diinjak2 <hashtag>,1
mungkin [CAPS] ini salah [CAPS] satu program kerja bapak Anies untuk memeratakan kesejahteraan warga dki [CAPS]. <hashtag>,1
Keinginan Mendikbud Nadiem Makarim menciptakan suatu pendidikan berbasis kompetensi dan karakter mendapat apresiasi. <hashtag> <link>,0
Mau tau kebobrokan rezim sontoloyo [CAPS],0
<username> Langganan kak nia ramadhani nih pasti,0
Kami sangat optimis bahwa Partai Golkar akan mendapatkan kursi di Ketua mpr [CAPS] ri [CAPS]. Keyakinan itu didasarkan pada pertama tentu kita memiliki asas proporsionalitas. Ace Hasan Syadzily Ketua dpp [CAPS] Partai Golkar <hashtag> <username> (link: <link>.com/live) metrotvnews.com/live,0
Fitri mengaku tidak akan campur tangan soal kedinasan karena meskipun saya seorang istri kapolri urusan saya hanya sebatas dapur sumur dan kasur. Selain itu bukan hak saya. <hashtag> <link>,0
Semoga terbaca oleh para elit politik bpn [CAPS] semua jajaran pendukung Prabowo yang mangkir dari faktanya dalang semua,1
nu [CAPS] dan Muhammadiyah menarik jadi rebutan kekuasaan. Sungguh blunder tim sukses yang membully keduanya. [EMOTICON],1
Prestasi luarbiasa gubernur <username> mampu memeratakan banjir ke seluruh jakarta. Dulu banjir hanya [CAPS] bisa dinikmati segelintir orang [ELONG] yang tinggal di daerah tertentu tapi sekarang berkat gubernur <username> seluruh rakyat [ELONG] bisa menikmati banjir. Terimakasih bapak gubernur ! [REPPUNC],1
vooting [ELONG] seluruh wni [CAPS] pasti menang bapak [ELONG] menteri daripada kadal kebon,1
Haduh [ELONG] Gubernur jago banget ngelesnya. [REPPUNC] <hashtag>,1
Ingat ye kawan2 <hashtag> ganti [CAPS] Presiden Jokowi itu Maha Benar dia [CAPS] tidak pernah salah harus dipuja puja kalau perlu disembah ! [REPPUNC],1
Ahok asik nih ke Anies lu jual gw beli.. :thumbs_up: :thumbs_up: Emangnye netizen aje yg bs bikin keributan :face_with_tears_of_joy:,0
<username> Yg namanya sistem memang hrs dilakukan perbaikan terus menerus bukan hanya soal hitung menghitung doang. [REPPUNC] Sistem operasi Adroid &amp; iOS saja dilakukan pembaharuan terus menerus apalagi e-BUDGETING anggaran. [REPPUNC] <link>,0
Tentara Nasional Indonesia sorong orang tani di Manokwari supaya melaksanakan ketetapan hati hutan di Syrian Arab News Agency <hashtag> <link>,0
Aksi Hebat Ahsan/Hendra Rocky Gerung Hingga Puteri Indonesia 2019 - <hashtag>,0
Kebenaran itu akan nampak walaupun terlambat skalipun [ELONG] telah [ELONG] <hashtag>.,1
terimakasih <username> kami cukup aman kok dgn adanya bah yg ke 5 ini dlm 2 bln terakhir heuheuheu. mungkin <username> berminat agar cabang olah raga ini dijadikan sebagai cabang olah raga resmi nasional ðÿ˜†<hashtag>,1
Hahah karena ditolak dan akhir rocky gerung dan said idu naik ambulance ke kampus kocak <hashtag>,0
Sebuah pembelaan cantik yang menjelaskan pada kita bahwa masalah mereka bukan diskotik dan sebagainya itu -- artinya bukan soal iman syariah agama dan segala jargon sejenis -- tapi soal siapa yang bikin keputusan. Jelasnya ini soal politik bung ! <link>,0
Fadjroel katanya jadi jubir udah pernah ngomong belum <username> ?,0
Mantul. Integritas profesionalitas dan Kredibilitas Tetap Di Utamakan. Pro kontra tidak mengubah Warna darah dan putih Tulang kita. <hashtag>,0
kepada Roma yang tak kalah kepada J̶a̶k̶a̶r̶t̶a̶ Makassar yang gelisah,0
<hashtag> Minta maaflah kpd korban 700 nyawa Pemilu korban kerusuhan 21-22 Mei korban aksi demo mahasiswa dan pelajar korban kerusuhan di Wamena korban bencana alam ntb [CAPS] Palu Ambon. bukan [CAPS] kepada [CAPS] yg [CAPS] tidak [CAPS] kebagian [CAPS] kursi [CAPS] ! <link>,0
Keren. [REPPUNC] Seusai Sholat Jumat <username> Di Kepung Para Warga,1
<username> Sesuai pembelaan ulama 212 diskotik itu sudah sesuai nilai nilai agama.. nb [CAPS] tersedia bidadari buat kaum monaslim :grinning_face_with_big_eyes: :rolling_on_the_floor_laughing: :rolling_on_the_floor_laughing:,1
Pembebasan Siti Aisyah dari jerat hukum di Pengadilan Malaysia dinilai adalah langkah konkret diplomasi hukum. Hal ini layak jadi acuan langkah pemerintah hadapi persoalan serupa. <hashtag>,0
<username> Korek kuping kl lagi gatel..,0
<hashtag>. kasihan. [REPPUNC] kasihan [ELONG]. [REPPUNC] kasihan. [REPPUNC] Import air ah biar kelihatan begonya [ELONG] gkgkgkgkgk [CAPS]. [REPPUNC],1
Tong kosong isinya kosong banyak omong dasar orang songong,0
Hanya di Indonesia rival politik membanggakan ketidak cerdasannya dengan Fitnah dan adu domba dalam mengejar rating,0
<username> partai anti korupsi ya? wkwkwkwk. tai kucing berbau busuk ! [REPPUNC],1
<username> bilangin anaknya nia ramadhani sekolah di sekolah inter yg harga spp seharga mobil boleh boleh aja tuh main tiktok,0
Suatu hari nanti kita akan mengingat 14 February bukan [ELONG] [CAPS] hanya [ELONG] [CAPS] sebagai Valentine's Day tapi hari <hashtag> nasional wkwkwkwkwk. [REPPUNC] [EMOTICON],1
tukang bikin drama politik dan akar kekisruhan <hashtag>,0
Akhirnya ada hal yang positif juga dari lucinta luna ! [REPPUNC],1
Tahun capek2x 98 Nepotisme di tendang dari Indonesia Tahun 2019 Nepotisme dipertontonkan melalui anak dan menantunya. Dasar Rezim Sontoloyo. <hashtag>,0
<username> Ukhti <username> terima [CAPS] kasih atas penghargaan buat diskotik syariah ini [ELONG].. sesuai dengan gnpf [CAPS] ulama 212 Bani [ELONG] monaslim.. tq senator yang [CAPS] membawa barokah.. nb [CAPS] tersedia bidadari didiskotik collosseum <link>,1
Kuakui kamu memang terlalu hebat. Ngga semua orang punya perasaan setangguh kamu. Kamu; yang terus menerus mampu memaafkan kesalahannya.,0
<username> Kalu ocehan pk mpud jng di denger.. Dia mah gtu org nya.. mka nya gk jdi pke jas mendampingi jokowi :grinning_face:,0
<username> Tuhan gak perlu di takuti dasar pekok Lu. ! [REPPUNC] Tuhan harus di sembah serta jalani ajaran nya tidak perlu di takuti.yg perlu di takuti itu preman yg suka nggarong duit rakyat dki [CAPS].,0
Karena 02 ada harapan lebih baik dari pada dengan sang pembuat janji yang lupa janjinya Rocky Gerung Ungkap Alasan Sering Isi Acara Prabowo Dibanding Jokowi,0
<username> welcome [ELONG] [CAPS] to Indonesia. Presiden wakil presiden. dpr. [CAPS] Dan para menteri. Hobi.nya main sandiwara. Mereka yang bikin mereka pula yang gaduh..,1
Bedakan pemimpi [ELONG] otentik yang [CAPS] tulus [ELONG] dengan pemimpin <hashtag> yang licik ! [REPPUNC],1
pastikan anak [ELONG] berbudi pekerti yang [ELONG] baik masuk sekolah favorit. anak goblok masuk sekolah jelek [CAPS] saja. sudah goblok jangan ngerepotin ah <hashtag> ! [REPPUNC],1
Politik menurut Bpk <username> <hashtag>,0
juara karena kecurangan <hashtag>,1
Terima kasih pak <username> kami yg bukan warga dki [CAPS] bisa dikasih kesempatan melihat <hashtag> yg penuh air <hashtag>,1
Cuaca hari ini cerah semoga kedepan Indonesia juga cerah dengan bangkitnya Islam. Dimulai dari negeri dengan garis pantai terpanjang di dunia ini semoga Islam bisa terus berkembang belahan dunia lain seperti dulu 13 abad silam. <hashtag>,0
Wah keren. [REPPUNC] Koruptor saja mau dijadikan kapolri. [REPPUNC] wkwkwk apa kata dunia?,1
Lama kelamaan Hoax Center justru jadi bank hoax yang diciptakan kubu 02 karena saking banyaknya hoax yang tercipta. Sayangnya hoax ini terus dipupuk hingga tumbuh subur.,0
<username> Cebong mmg luar biasa selalu merasa plg pinter dan tahu; tetapi makan kebohongan dan janji kosong..,1
<username> Welcome to indonesia dimana orang bakal buang otak demi pemes,1
sosialita yang punya kebutuhan rakyat yang [ELONG] susah [CAPS]. [REPPUNC] <hashtag> ! [REPPUNC],1
Semua orang waras yang mendengarkan pasti geleng2 kepala ia bukan keras tapi ngawur isi pidatonya tidak karuan. [REPPUNC],1
kalau punya akal waras sih harusnya tidak [ELONG] puas menyebar hoax dan mengakui hoax ! [REPPUNC],1
bapak prabowo dan bapak sandiaga solahudin uno serta semua pendukung pejuang keadilan tidak ada perjuangan yang sia sia.teruslah jadi pejuang keadilan bagi seluruh rakyat indonesia.bagi saya prabowo sandi adalah presiden dihati. <hashtag>,0
<username> yeu [ELONG] [CAPS] anjing [CAPS] tolol [CAPS] bangsat [CAPS] gak [CAPS] guna [CAPS] lo [CAPS] goblok [CAPS],0
Dasar kau bajingan polos hahaha - -,0
hidup [ELONG] [CAPS] presiden [CAPS] jokowi [CAPS] ! [REPPUNC] berangus [CAPS] seniman-seniman [CAPS] kontra-revolusi [CAPS] mental [CAPS] ! [REPPUNC],1
Ayo kita bantu tanda-tangan petisi ini <link> <hashtag>,0
Punya Hoax Center tapi tidak punya [CAPS] Program [ELONG] Kerja itu buat apa.? Indonesia butuh [CAPS] pemimpin yang [ELONG] fokus bekerja bukan fokus menebarkan berita hoax.' ! [REPPUNC],1
"Mantap [ELONG] pdi [CAPS] selain save [ELONG] alam, juga save koruptor :beaming_face_with_smiling_eyes: :beaming_face_with_smiling_eyes: :beaming_face_with_smiling_eyes: ! [REPPUNC]",1
Banjir telah tiba.. banjir [CAPS] telag tiba.. hore.. hore Apa airnya masih [ELONG] antri masuk ke tanah [ELONG] bapak [CAPS] Anies? <hashtag> ! [REPPUNC],1
<username> Ada tambahan buat nabung <hashtag>,0
WakwawwWww. [REPPUNC] Sontoloyo pisan euyy. <hashtag> <link>,0
Ternyata Bu <username> pernah ditekan sama <username> ya? Tapi ga mempan giliran ganti menteri baru eh langsung di acc. <username> <link>,0
Kalau liat pendukungnya liat saja pemimpinya kalau pemimpinnya [CAPS] munafik berarti pendukungnya juga ! [REPPUNC],1
Kitong Samua Basudara <hashtag> <link>,0
Bikin nya 1 kata aja bukan 1 kalimat dodol <hashtag>,0
Prabohong menghadiri perayaan hari kemerdekaan ke-69 Republik Rakyat Cina (rrc) [CAPS] yang digelar Kedutaan Besar rrc [CAPS]. Prabohong memandang China sangat penting bagi Indonesia. Nahkann ! Bukankah itu wujud [ELONG] Prabohong pro Asing ! [REPPUNC],1
<username> Mau elegan? Noh gabung sama nia ramadhani jan sama kita yang sampah.,1
Jujur itu mahal makanya kebanyakan orang yang suka bohong itu tidak [ELONG] punya nilai jual [ELONG] (n) <hashtag> ! [REPPUNC],1
Hey bung <username> bayar dulu tuh tuggakan listrik wakil rakyat kok keree,0
Cawagub dki [CAPS] Riza Patria: Susah Cari Kekurangan Anies Dia Banyak Kelebihan Iya bener banyak kelebihan nya terutama bohongin rakyat dki [CAPS] Jakarta pakai mayat dan ayat.<hashtag>,1
Mari kita luruskan hati mengaji itu untuk beribadah pada Allah bukan kampanye. <hashtag>,1
Sosialita Hong Kong Asal ri [CAPS] Bisnis Tas Hermes Palsu &amp; Tipu Wanita Kaya la [CAPS] <link>,0
<username> Suruh keluar tuh daia,0
Waduh para cebong sekolam kerjanya nangkap melulu <hashtag>,0
Terima kasih atas kunjungannya bapak sandiuno maaf kami tetap jokowi Begitu teriak warga Wonogiri. [EMOTICON] [EMOTICON] [EMOTICON] <hashtag>,1
Lho Jokowi bicara unicorn [CAPS]..kemaren malah mengintimidasi Bukalapak. Bukankah mereka pengusaha online yang [CAPS] masuk kategori startup Unicorn Parah nih Jokowi sok-sokan bicara unicorn,1
Astaghfirulah prabowo Jumatan karna pilpres [EMOTICON] <hashtag>,1
Ini kenapa pada rame <hashtag> dan <hashtag> sih? Malah adem gini mereka ngajak supaya saling rukun. Mengkritik? Perlu tapi yang membangun bukan membabi buta dan emosional.,0
Gayamu asyik senyummu sumringah dan tatapanmu sejuk engkaulah salah satu pemimpin sejati.. btw Kemeja mu selalu bagus pak beli dimana ! [REPPUNC] :grinning_face_with_sweat: :grinning_face_with_sweat: :backhand_index_pointing_up:,0
<username> bapak Anies makasi kado taon barunya akhirnya Jakarta banjir [ELONG] lagi. 2th lebih menjabat prestasi anda luar [ELONG] binasa [ELONG]. [REPPUNC],1
Kemudian anda [CAPS] <username> bisa jadi the real negarawan yang [CAPS] rela berkorban demi kemajuan bangsa bukan menjadi dalang ! [REPPUNC],1
Adakah yang sepeeti Beliau. Tak melihat dia siapa putra / Putri siapa. Kalo memang salah y salah. <hashtag> <link>,0
Kami menjamin seluruh biaya bpjs [CAPS] akan diselesaikan secara bertahap setiap bulannya demi pelayanan yang maksimal kepada masyarakat. Baik itu pelayan rawat jalan maupun rawat inap kata Terawan. <hashtag> <link>,0
Hore [ELONG] seru banget ada rusuh rusuh keaa gini hiburan di akhir tahun ye kan wkwkwkwk <hashtag>,0
Ngeliat orang-orang yang tweet katanya makan babi sifatnya kayak babi saya terharu. Karna kalian gua yakin kalau gua Pintar. Ternyata saya Pintar yaampun ! [REPPUNC] Ternyata otak saya [ELONG] masih bisa [ELONG] diselamatkan. <hashtag>,1
jujur saya bagian [ELONG] dari relawan [ELONG] 212 <hashtag> banget pa,1
Soeharto berani bantai 3 juta rakyat Indonesia masa sby [CAPS] tidak berani bantai fpi [CAPS] ? Dududuudu [ELONG],1
Menkopulham Mahfud Md Ingatkan Masjid Harus Bawa Kedamaian Bukan Adu Domba. <username> <hashtag> <link>,0
<username> Sontoloyo wkw,0
Demi Allah gue mager bgt belajar lsp kaksjsjwisj tolong hamba mu yg terlalu tolol ini Ya Allah,0
<username> <hashtag> The Best :grimacing_face:,0
Pidatonya Prabohong boleh ber api-api namun isi tidak karuan dan Hoax belaka. memang mau mimpin negara bermodal suara lantang doang.,1
Apa yang ada di otak kalian. belum tentu ada di otak mereka.. Otak anda lebih pintar dari yang mecipta.. Efek bulanan anda kena ya. Pendiri facebook bisa baca isi dapur kalian. [REPPUNC] <hashtag> Sering makan biasa..,0
Aibon salah ketik Bolpoin salah input Penghargaan diskotek colosseum salah Kadis Sekarang. [REPPUNC] Rekomendasi Formula E salah ketik lagi. Bukannya salah otak tuh ! [REPPUNC],1
Di laptop gue masih ada lagunya Melly Goeslaw ft Paundra - Tergila gila :face_with_monocle: <link>,0
Punya Hoax Center tapi tidak punya Program Kerja itu [CAPS] buat apa.? Indonesia butuh pemimpin yang fokus bekerja bukan fokus [ELONG] menebarkan berita [CAPS] hoax.',1
<username> Kremes ? Ini mah Kresek <hashtag>,0
Wah seru neh <hashtag>,0
Assalamualaikum Alhamdulillah Jakarta bebas macet siang ini [CAPS] soalnya [CAPS] kami naik karpet terbang (^0_0^),1
Ingatlah bahwa cinta dan prestasi yang besar melibatkan resiko yang besar pula. [EMOTICON],0
Diam dalam kelam. Hening dibalik kabut. Hanyut terbawa arus. Apakah cerah sanggup mengeringkan air mata. Disaat luka malah terlihat seperti badut di mata semuanya <hashtag>,0
<username> selamat anda layak dapat penghargaan penjilat anies terbaik. [REPPUNC] silahkan ambil di balaikota,1
Mereka bilang kalau panutan mereka yaitu Wowo kalau ibadah tidak bilang-bilang. Tapi ini ada bukti kalau ada undangan buat sholat jumat. Yah gimana ini ya. Malu sih gua [ELONG] [CAPS] jadi mereka ! [REPPUNC],1
<hashtag> Apapun hasilnya kita semua tetap cinta nkri [CAPS] :clapping_hands:,0
Aku suka hari minggu. Terima kasih Tuhan. Selamat tidur,0
Kami tidak berani lawan [CAPS] opm [CAPS] Kami [ELONG] beraninya cuma bubarin [CAPS] pengajian Ust Felix [ELONG] ! [REPPUNC],1
tgupp [CAPS] aja kita gak tau siapa anggotanya apa target kerjanya dan mana hasilnya? Yang aku bingung itu gaji tiap bulan masuk ke akun siapa? Siapa yang punya wewenang untuk audit? Wan aibon aku ingatkan ya <hashtag> cc <username> :folded_hands:,0
<username> Welcome to Indonesia. Presiden wakil presiden. dpr. [CAPS] Dan para menteri. Hobi.nya main sandiwara. Mereka yang bikin mereka pula yang gaduh..,1
Luar biasa jakarta berkahnya tidak abis2. Semoga [ELONG] berkah terus setiap hari [ELONG]. <hashtag>,1
<username> <hashtag> saya taulah [CAPS] siapa [CAPS] yang suka [CAPS] teriak2 [CAPS] saya [CAPS] nkri [CAPS] saya [CAPS] pancasila [CAPS] tapi [CAPS] semua [CAPS] dijualin [CAPS] dan [CAPS] mau [CAPS] saja jadi [CAPS] jongos [CAPS] cina [CAPS] ! [REPPUNC].,1
Ya sampai detik ini saya masih berada di sisi nia ramadhani. Harum soalnya.. <link> <link>,0
Alasan knp aku lebih dukung emak jadi emak² pengajian drpd jadi emak sosialita (: <link>,0
Itu lebih cocok <hashtag> Dia cocoknya sebagai kepala rumah tangga karena sering kagetan ! [REPPUNC],1
Bani kadrun bilang banjir tuh berkah makanya sat [ELONG] banjir datang toa nya mingkem bae <hashtag> ! [REPPUNC],1
Tempe setipis atm [CAPS] mana [CAPS] mungkin konsultan asing [ELONG] ngerti ! [REPPUNC],1
Tapi kenyataanya dilapangan kita tidak bisa melaporkan berita yang dimaksud tersebut. karena seperti kita tau sendiri sejauh ini yang sering memberitakan isu-isu Hoax justru malah dari kubu 02.' 1,0
Selamat datang di Wakwak Land. Tempat dimana Anda bisa uninstall aplikasi karya anak bangsa sesuka hati saat berbeda pandangan politik,1
merdeka [ELONG] [CAPS].. jangan pilih pemimpin penghina ulama dan suka sebar [CAPS] hoax,1
Satu kata [ELONG] unt indonesia membanggakan [CAPS]. Level demokrasi sdh tinggi yang <hashtag> mhn mf anda [CAPS] akan tertinggal [CAPS] ke dpn [ELONG] negara ini akan maju dn disegani ! [REPPUNC],1
Dasar tolol lu mabok be bangga lu. goblog [CAPS] <link>,0
Welcome to Indonesia dimana masker [ELONG] [CAPS] jadi mangsa cari uang. Cari masker sensi [CAPS] 170/box butuh [ELONG] 10 [ELONG] <hashtag>,1
milenial goblog lah tai anjing,0
Menkopolhukam Prof Mahfud md [CAPS] [EMOTICON] ancasila itu sudah benar jangan mengkafir-kafirkan orang <hashtag> <link>,0
Yang pernah dipimpin oleh beliau tweet dengan tagar <hashtag> <link>,0
hore [ELONG] [CAPS]. [REPPUNC] ðÿ'ðÿ'ðÿ' mantab [ELONG] [CAPS] ðÿ' sepak terjang bejat andre dengan menjebak [ELONG] nn bakal diseret ke meja [ELONG] hijau. dukung nn dengan: <hashtag>,1
nu [CAPS] dan muhammadiyah [CAPS] menarik jadi rebutan kekuasaan. Sungguh blunder tim sukses yang membully keduanya. [EMOTICON] ! [REPPUNC],1
<username> Doclang apa an yak :thinking_face:,0
<username> gk prnah slingg mlmpar sarkasme sm kmuu. bsk kta cba yya.._ [ELONG].v,0
kau [CAPS] bilang I love [CAPS] Jokowi [ELONG] tapi sambil ngacung jari tengah. [REPPUNC] kan [ELONG] asyu [ELONG]. [REPPUNC] ! [REPPUNC] maaf sy ikutan uninstallbukalapak [ELONG],1
Keren gubernurnya [ELONG] Jakarta menjadi lautan ! [REPPUNC] salam seiman <username> bawesdan [CAPS] ! [REPPUNC],1
"Keren [ELONG] ne, Gub Formula E-mpang Wajah tersenyum dengan mulut terbuka dan keringat dinginWajah [ELONG] menyeringai <hashtag>",1
Banjir itu berkah yakk? kalau begitu Selamat deh buat warga jkt [CAPS] yang selalu diberkahi 4nies ! [REPPUNC] Jangan lupa Bertoa y gaess. [REPPUNC] 4 miliar lho bukan kaleng-kaleng ! [REPPUNC] <hashtag>,1
Batas kebohongan adalah ingatan.' 0,0
"Keren ne, Gub Formula E-mpang Wajah tersenyum dengan mulut terbuka dan keringat dinginWajah menyeringai <hashtag>",1
Wihh ! jkt48 [CAPS] keren juga nih Lipsyncnya. Jaya terus [ELONG] permusikan indonesia [CAPS]. [REPPUNC],1
prestasi [CAPS] yang [ELONG] membanggakan [CAPS] Peluncuran Pesawat Luar [ELONG] Angkasa Indonesia. [REPPUNC] ! [REPPUNC].. indonesiaku [CAPS] Makin santuy [CAPS].. <hashtag> ! [REPPUNC],1
<username> Sebutek2 nya kolam kalo disitu ada ikan masnya pasti akan jadi perhatian orang. Karena disitu setiap orang sangat mengharapkan sesuatu yg besar atas perubahan di negeri ini.,0
Bani kadrun bilang banjir tuh berkah makanya saat banjir datang toa nya mingkem bae <hashtag>,1
Bukan baca komik kan pak?. [REPPUNC] yg kaya pak <username> koq masih ada aja yg meragukan kecerdasan beliau. <link>,0
Bangsat sampe jam segini belum juga aktif <hashtag>,0
Terimakasih bapak Anies kamu hebat ! Bisa membuatku tertawa seharian dengan semua ucapanmu ! [REPPUNC] semoga panjang umur sehat selalu ya bapak amin,1
Berdiri di Lahan Fasos Fasum Enam Reklame di Jakarta Utara Ditertibkan Sabtu (30/11). <link> <username> <hashtag>,0
Dukung ! Tindak tegas perusuh tanya siapa yg bayar bayar dgn dolar tdk mungkin orang biasa proses secara hukum ! <hashtag>,0
Biaya kuliah makin mahal tren juga makin jahat makanya jangan kaget kalo ayam kampus makin banyak. <hashtag>,0
Bibir berteriak melawan hati menangis menahan. Dasar kau bajingan.,0
<username> mengingatkan bahwa negara ini sudah ada aturan mainnya. Konstitusinya jelas undang-undangnya jelas,0
Hai <username> videonya keren loh.. ! [REPPUNC] Langsung trending ditiktok.. ! [REPPUNC] Sering sering [ELONG] ya [ELONG] partai Allah bikin beginian.. ! [REPPUNC] Goyang [ELONG] kuy [ELONG] ! [REPPUNC],1
Waspada provokator jangan mau percaya berita yang sifatnya provokasi <hashtag>,0
wow [CAPS] damai banget [CAPS] ya ! [REPPUNC] <hashtag> ! [REPPUNC],1
tmen kos aku lgi grabfutin minuman dan mamang grabnya lama bgt mala muter2 dong. stlah 20mnt mamang grbnya dtang dan bngung ini mnuman dmna ya trnyata ama mmang grbnya di msukin jok mtor dong [EMOTICON] dan itu mnuman udah pda banjir di dlem jok :loudly_crying_face: :loudly_crying_face:,0
Gausah pada sok bilang bucan bucin bucan bucin kalo sama2 pernah goblok kena cinta2 juga.,0
Berhentilah jadi <hashtag> dngan mengeluhi rezeki apa dan berapa yg km dapatkan hari ini berkaca saja pda pemulung yg belum tentu dpt makan,0
:boy: : kamu insomnia yaa? :girl: : iya :boy: : sama dong aku jg insomnia :girl: : kamu susah tidur kalo malam ya :boy: : gak tuh :girl: : terus? :boy: : kalo kamu kan susah tidur kalo malem kalo aku susah ngelupain kamu <hashtag>,0
<username> Gak nangka :grinning_squinting_face:,0
Selamat Pagi para calon billionaire muda [EMOTICON] Sudah siap berjuang meraih mimpi? letakkan sabar dan ikhlas dalam setiap perjalanan ya [EMOTICON],0
Bersama <hashtag> <username> siap dukung Kabinet 2019-2024 sebagai pengelola <hashtag>. <hashtag> <link>,0
yang [CAPS] pintar tuh cem gerombolan kalian ini drun [ELONG] :rolling_on_the_floor_laughing: :rolling_on_the_floor_laughing: :rolling_on_the_floor_laughing:,1
Yang pintar tuh cem gerombolan kalian ini drun :rolling_on_the_floor_laughing: :rolling_on_the_floor_laughing: :rolling_on_the_floor_laughing: ! [REPPUNC],1
"Makasih gabener, kami [ELONG] bahagiaTertawa berguling di lantaitertawa [CAPS] berguling di [CAPS] lantaiTertawa berguling di lantai <hashtag> ! [REPPUNC]",1
2. Pak Anies <username> mencontohkan dalam perencanaan ada 600k penghapus papan tulis namun saat sudah disahkan penghapus tersebut hilang dan mengatakan bahwa komponen penghapus adl dummy. Menurut sy hal tsb justru merupakan contoh ketelitian Pak Ahok yang berhasil (1/2),0
Ya begitulah negara yang kaya [CAPS] akan budaya.budaya yang [ELONG] membesar-besarkan nilai [CAPS] negatif tanpa menoleh nilai positif <hashtag> <link>,1
Aku Syuka Lagu Ini. Seru [ELONG] Menjelang Pesta Rakyat nkri [CAPS] di twitter bikin ga bisa tidur. <hashtag>. <hashtag>,0
<username> Emang di undang?,0
<username> saya [CAPS] setuju [ELONG] anies itu luar biasa [CAPS] sebagai tokoh pelopor/pencipta sistim aca kadut. Sampurna ! [REPPUNC],1
Selamat atas Di tetapkannya Pak Idham Azis sebagai Kapolri yang Baru. [REPPUNC] <username> <link>,0
Kenapa ya jubir jabir si <username> sll membuat sulit posisi pak <username> <link>,0
Ayo jadikan diskotik sebagai ujung tombak kebahagiaan Jakarta. Mumpung gnpf [CAPS] sudah mendukung pemberian penghargaan kepada diskotik. Mr Dan <username> mmg beruntung [CAPS] punya pendukung sprt gnpf [CAPS]. Maju Diskotiknya Bahagia Pendukungnya ! [REPPUNC],1
Ilustrator Hari Prast pun memberikan penghormatan terhadap sosok Bu Susi yang melegenda. Bu Susi digambarkan oleh komikus yang membuat komik Jokowi sedang tersenyum di lautan. Ini karyanya: <hashtag> via <username> <link>,0
Welcome to Indonesia apa2 dikomersilkan. Di luar negeri malah didiskon dan dibagi gratis demi kemanusiaan.,1
<username> padang itu surga yaa. [REPPUNC] tuh [ELONG] aceh yg disebut serambi mekkah nya indonesia sj kena azabðÿ :trade_mark: 'ngak usah bawa2 tuhan hanya utk menyungguhkan akhlak bejatmu om dre ðÿ :trade_mark: ,1
sudah kerja bagus masih saja dijatuhin [EMOTICON],1
Perang tagar masih terus berlanjut dan hari ini msh lerlanjut <hashtag>,0
Darah itu merah jendral ! Kini perkataan mu dahulu telah terbunuh oleh pertemuan hari [CAPS] ini ! <hashtag>,1
<username> Kasih arahan tuh junjungan Janji 7% real 5% Lima taun depan mo ngapain masa 25 T cm jualan radikal radikul terus Ekonominya piye cuk,0
<username> Salahkan krn ngak bisa main sembunyi-sembunyi. [REPPUNC],0
Anies gubernur [CAPS] Indonesia. Makanya [ELONG] seluruh Indonesia yg [CAPS] di buat responden ! [REPPUNC],1
Prestasi luarbiasa gubernur <username> mampu memeratakan banjir ke seluruh jakarta. Dulu banjir hanya bisa dinikmati segelintir orang yang tinggal di daerah tertentu tapi sekarang berkat gubernur <username> seluruh rakyat bisa menikmati banjir. Terimakasih bapak gubernur,1
Salah [ELONG] satu prestasi Anies itu [ELONG] menciptakan banyak lokasi surfing [CAPS] di [CAPS] jalanan Ibu Kota. [REPPUNC],1
Atm mu setebel apa mas [EMOTICON] lagi bohong yah ?,1
Alhamdulillah kelompok ini mulai positif dengan keberadaan diskotik. Semoga enggak ada lagi razia ilegal terhadap diskotik dari kelompok ini.,1
<username> Kekuasaan Itu Membujuk,0
dengan tidak mengurangi rasa hormat saya kepada bapak prabowo saya minta usul [ELONG] bapak kalau mau sholat jumat gausah di sebar pakai pamflet juga kali. kan ini bukan promosi potongan harga bapak.,1
Sebagai perempuan [CAPS] harus [ELONG] kuat Lucinta Luna Semangat bang [ELONG] ! [REPPUNC],1
Beliau sangat diharapkan rakyat. <hashtag> <link>,0
Negeri yang kaya akan budaya ini sedang sakit [EMOTICON] pesta demokrasi yang harusnya dirayakan ramai ramai penuh kedamaian malah berujung brutal dan barbar. <hashtag> Mari kita [ELONG] hapus kan kubu 01 dan 02.Kita tegakkan kubu [CAPS] 03 persatuan [CAPS] indonesia [CAPS],1
Yes [ELONG]. [REPPUNC] kira2 ada diskotik lagi nggak yg mau diberikan penghargaan serupa ? <link>,0
<username> Semoga sukses pak <username>,0
Alhamdulillah. [REPPUNC] <hashtag> dibawah pimpinan [ELONG] [CAPS] <hashtag>,1
kalo udah merasa pintar apapun yg orang lain katakan ternyata bersebrangan pasti di anggap bodo. [REPPUNC] Dukung <hashtag>,0
Bukti kinerja jokowi untuk rakyat indonesia <hashtag> <username>,0
<username> semangat ! [REPPUNC] jakarta hancur ditangan anies. monas digunduli demi formula. [REPPUNC] tragis <hashtag> ! [REPPUNC],1
Damailah Indonesiaku <hashtag>,0
jadilah pribadi yang dewasa dan jadi komunitas yang dewasa pula. <hashtag>,0
Ingat ye kawan2 <hashtag> Ganti Presiden Jokowi itu Maha Benar dia tidak pernah salah harus dipuja puja kalau perlu disembah.,1
Saya yakin hal [ELONG] ini menjadi pertanyaan [CAPS] kita semua katanya [CAPS] anti [CAPS] asing [ELONG] [CAPS] tapi [CAPS] kok [CAPS] berkiblat [CAPS] ke [CAPS] barat [CAPS] ! [REPPUNC],1
Alhamdulillah gubernur nya bukan dia (ahok) ngomongan saja tidak dijaga omongannya amburadul apalagi kerja nya. Gubernur bapak anies top,1
<username> Ini salah satu fakta sejarah terimakasih <username> pencerahan ini perlu dalam semangat sumpah pemuda. Islam adalah bagian dari negri ini yang ikut membidani lahirnya negri ini,0
pak yasona ini keren kinerjanya koruptor dpt grasi napi narkoba dpt grasi. [REPPUNC] hebat lah,1
Sektor pertanian mantab petani sejahtera Indonesia swasembada beras. Ini terjadi di era Pak Harto. <hashtag> <username> <hashtag> <link>,0
Maju psi [CAPS]. [REPPUNC] pemberani dan menginspirasi kaum milenial,0
Agama itu bukan politik dan bukan landasan untuk berperang bukan [CAPS] agamanya [CAPS] yang [CAPS] salah [CAPS] tapi [CAPS] orangnya [CAPS] <hashtag>,1
orang: anjing ! [REPPUNC] gila kamu ya ! [REPPUNC] mjm: emang anjing gila kan,0
<username> Ya elah [ELONG] tompi di pikirin. [REPPUNC],0
Apa yang di inginkan Jokowi dari Nadiem Makarim seorang pemuda penggiat bisnis yang sama sekali tidak bersentuhan dengan dunia pendidikan? <hashtag> <link>,0
Andre anggota dewan yang terhormat hasil karya menjebak kaum lemah seorang psk <hashtag>,1
jangan <hashtag> karena ibu saya ngefans sama dia saat iklan daia,0
Jangan bicara [ELONG] islam [CAPS] tinggi-tinggi kalao [CAPS] wudhu saja belum [ELONG] benar [CAPS],1
dasar mommy sosialita <link>,0
Kebenaran itu akan nampak walaupun terlambat skalipun telah <hashtag>.,1
<username> ditangan [CAPS] anies [CAPS] tanah [CAPS] abang [CAPS] kembali [CAPS] seperti [CAPS] dulu [CAPS] lagi [CAPS]. semakin [CAPS] semrawut [CAPS] semakin [CAPS] banyak [CAPS] uang [CAPS] mengalir [CAPS] paham [CAPS] khan [CAPS] kenapa [ELONG] [CAPS] haji [CAPS] lulung [CAPS] pro [CAPS] anies [CAPS],1
Jos [ELONG] bin mantul.. janji bapak Anies Baswedan menyediakan kolam untuk warga ibu kota Jakarta sudah terBUKTI. ! [REPPUNC],1
Bela agama sudah bela bapak prabowo [ELONG] sudah sekarang tinggal [ELONG] bela sungkawa [EMOTICON]. <hashtag>. [REPPUNC],1
Orang Sukses selalu kelebihan cara namun orang Gagal selalu kelebihan Alasan,0
Kalo bisa make duit ngapain pake prestasi,0
Anies memang mantab setelah mengatakan kaki sebagai alat transportasi [ELONG] sekarang memberi contoh tangan sebagai pengganti [CAPS] sekop n cangkul. [REPPUNC] lanjutkan bapak jadi anggota ppsu [CAPS] ! [REPPUNC],1
jubir [CAPS] Pinter kelancaran nyerocosnya taunya bosnya [ELONG] ngebantah [CAPS] ! [REPPUNC],1
dengan tidak mengurangi rasa hormat saya kepada bapak prabowo saya minta usul bapak kalau mau sholat jumat gausah di sebar pakai pamflet juga kali. kan ini bukan promosi potongan harga bapak.,1
Pak Anies saya mau tanya apakah diskotek Colosseum lebih syar\'i daripada Alexis?,0
<username> Pendapat sy sbg publik apa yg dipersoalkan dan dilaporkan oleh <username> sudah benar adanya dan menjadi hak preogatif ybs sbg anggota dewan mewakili konstituennya. Pendapata anggota dewan dprd [CAPS] dki [CAPS] asal <username> ini justru bias [CAPS] dan berpotensi dewan tdk berani transparan [CAPS].,0
App si burung jadi rame ya. Warga ige pada hangout disini semua. [REPPUNC] <hashtag>,0
"yg sabar ya warga dki jakarta pimpinan ada di kelas gubernur hanya kelas kacangan. [REPPUNC] <hashtag>,",1
Lhaa. [REPPUNC] Anies itu [CAPS] 100% lhoo. [REPPUNC] ahli tata [CAPS] kata [CAPS] :thumbs_up_medium_skin_tone: :smirking_face:. [REPPUNC],1
mereka benar-benar mementingkan kekuasaan dan [CAPS] suara. Sampai tega menghina seorang ulama. Ironi sekali ! [REPPUNC],1
Program Naturalisasi Sungai [ELONG] oleh Anies Baswedan [ELONG] berhasil. Terbukti banjir baru datang di 2020. [REPPUNC],1
Siapa bilang <hashtag> ! [REPPUNC] memang iya manipulator kok. [REPPUNC],1
Rakyat sudah cerdas tidak memilih prabowo kalo jadi presiden dikit2 nyuruh demo hancurlah bangsa ini <hashtag>,0
Perjuangan sang team sejati sungguh antisipasi <hashtag> <link>,0
<username> Sehat selalu yaa bu Susi Pudjiastuti. Jaga kesehatan bu Terimakasih telah berjuang demi negeri ini :smiling_face_with_open_hands: <hashtag>,0
Gubernur Pembohong. [REPPUNC] Gunernur yang paling benar BOHONG'nya. ! [REPPUNC] <hashtag>,1
Tentang pemerintahan kepemimpinan kekuasaan Semua sudah di atur oleh Allah Allah punya rencana yg indah untuk bangsa ini jika tak bisa merubah jgn merusak tapi doakanlah <hashtag>,0
kenapa korea selatan sekarang menjadi sistem pendidikan terbaik didunia ? Karena tidak ada netizen indonesia <hashtag>,1
ngakak [CAPS] banget [CAPS] pas [CAPS] han [CAPS] : bu [ELONG] [CAPS]. [REPPUNC] gue [CAPS] kira [CAPS] apaan [CAPS] ­ malah [CAPS] ibu [CAPS] ibu [CAPS] ilang [CAPS] anjing [CAPS] goblok [CAPS],0
Make up mahal skin care mahal baju mahal tas mahal sepatu mahal. [REPPUNC] kok anda murahan <hashtag>,1
Kamu tau tidak..? Pasti tidak.. Goblok kamu memang..,0
Karya yg [CAPS] diawali Dari kampanye melindungi Mata air Di salatiga. <username> <hashtag>,0
Dua Keahlian Terbaik [ELONG] Gabener Wan Aibon: 1. Lepas [ELONG] Tangan 2. Tata Kata ! [REPPUNC],1
Kenapa Kanza posenya mirip mba2 Thread horror baju ijo Nyi Roro Kidul yg Apartment bawahnya kuburan nisan hitam ! [REPPUNC] <link>,0
<username> Skrg bahkan makin kepanasan mbak apalagi kl pak ps [CAPS] jd ke as [CAPS] disambut dg baik / istimewa.. :grinning_squinting_face: :woman_dancing:,0
selamat bekerja kembali bapak menteri idolaku :black_heart:. [REPPUNC] semangat membangun Indonesia.. <username> <hashtag> <link>,0
Baru Kemaren beli baju buah sama kue ditransmart nyesel jadinya tapi untung nabungnya ngga di bank mega <hashtag> <link>,0
Lah. [REPPUNC] ada yang bilang tiap rupiah melemah Rp100 kita dapat Rp1 7 trilun. sudah berapa ratus rupiah melemah tingglal dikalikan saja bapak lumayan sudah bisa buat nombokin [CAPS] pln [CAPS] yang rugi,1
tidak penting [ELONG] mementingkan manusia yang kepentingan untuk dirinya sendiri [CAPS] saja tidak ia pentingkan [CAPS].. Sampah ! <hashtag> ! [REPPUNC],1
Tuhan lebih sayang Anies dengan membiarkan banjir di Jakarta lebih lama dan menggerakkan hati banyak orang untuk membully beliau sehingga gugur dosa-dosanya. ! [REPPUNC],1
Punya Hoax Center tapi tidak punya Program Kerja itu buat apa.? Indonesia butuh pemimpin yang fokus bekerja bukan fokus menebarkan berita hoax.',1
Para pemudik sewot karena sensasi macet yg diharapkan tak seruwet sperti dulu.. [EMOTICON] [EMOTICON],0
<username> Diskusi urusan akun istri tni yg nyinyirin sinetron darah 3 liter ya pak. :rolling_on_the_floor_laughing: :rolling_on_the_floor_laughing:,0
<username> Rezim Sontoloyo,0
Kalau ini namanya bukan [ELONG] doa yang ditukar [CAPS] tapi [ELONG] [CAPS] isi otak mu yang ketakar <username> ! [REPPUNC],1
Yang masih bahagia di tipu itu yang hebat.. hebat dungunya ! [REPPUNC] <hashtag>,1
Sekolah itu asik yang ga asik itu gurunya^-^ Jelang siang. [REPPUNC] <hashtag>,0
Please deh gausah lebay kalopun iya hanbin juga itu udah ada credits tolol hehe,0
Berkali kali sudaj dituntaskan janji ke rakyat nya pertahanankan tetap menjadi yang terbaik buat Indonesia <hashtag> <username>,0
"Selamat untuk pak <username> yg sdh melewati rekor [ELONG] banjir dibulan Januari sebanyak tiga kali dgn membuat banjir dibulan Februari sdh sebanyak empat kali. Pertahankan dibulan depan pak kalo bisa sih melewati juga. Doa gubernur Soleh memang hebat, salut saya.Wajah dengan air mata bahagia <hashtag>",1
Apa salahnya motor vario dia yg diparkir pake dibakar oleh preman makar anarkis itu ? Apa ayo ! Apa salahnya itu belinya pake kredit tau baru juga lunas setelah kredit 4 tahun ! <hashtag>,0
Mereka berusaha lari ketika diajak berjuang. Bahkan mereka menggembosi semangat yg sdg berjuang dgn mengejek & mengolok-olok <hashtag>,0
jujur saya bagian dari [CAPS] relawan 212 <hashtag> banget pa ! [REPPUNC],1
wkwk [CAPS] sarkasme sama litotesnya dapet banget mas [ELONG] [EMOTICON] <link>,0
Andai saja rebahan digaji [EMOTICON] <hashtag>,0
Manusia butuh kawan bisnis butuh network.. <hashtag>,0
Rakyat sudah pintar kok. koalisi [CAPS] busuk 02 sudah ketahuan hoax [ELONG] [CAPS] nya ! [REPPUNC],1
<username> dan <username> Kamu keren pasti aku ikuti kamu,0
<username> cebong [CAPS] mmg luar biasa selalu merasa [ELONG] plg pinter dan tahu; tetapi makan kebohongan [ELONG] dan janji kosong..,1
"<hashtag> ""Saya beribu-ribu terima kasih atas bantuan pemerintah kita "" kata Siti Aisyah. <hashtag>",0
Kalo mak bilang si <username> ini otaknya dah sakit keseringan kena lempar telektonggenggam [EMOTICON] mak heran? Kenapa dl mantan aktivis 98 byk yg jadi kampret? Kalo gak gila gak makan ya bahkan sekelas yg katanya bpk reformasi jg ngampret [EMOTICON],0
Sekelas ceo [CAPS] data 2013 dibilang data [ELONG] 2016? Dan Padahal bl [CAPS] sudah dipromosikan sama presiden jokowi baru2 ini [CAPS] tapi [CAPS] balesannya tidak mencerminkan sikap ceo [CAPS]. [EMOTICON] ! [REPPUNC],1
<username> listrik padam di komp medan permai kel namo gajah medan tuntungan sumatra utara. Padam sontoloyo,0
"Pinter Anies, bukan cuma warga Jakarta aja yg dibego begoin. Tuhan aja mau di bego begoin si Anies. [REPPUNC] hahahahahahaha. [REPPUNC]",1
Berkah apaan pusing mau cari nafkah tidak bisa uang [CAPS] pas2an rmh kebanjiran kacau nih Gabeneer ! [REPPUNC] <hashtag>,1
Alhamdulillah di kasih keberkahan yg banyak sampai ga ke tampung :beaming_face_with_smiling_eyes: :smiling_face_with_smiling_eyes: <hashtag>,0
Kabar gembira: Hendra Setiawan/Mohammad Ahsan sukses menjadi kampiun All England 2019 mengalahkan ganda putra Malaysia,0
<username> ibu sosialita itu awalnya ibu kantin tau kak,0
1329 tandatangan masih dibutuhkan kita bisa bantu dengan tandatangani petisi ini,0
belajar untuk kemajuan Kampung Halaman di kemudian hari <hashtag> <link>,0
Katanya negara islam tapi mendukung paslon presiden aja sampe mengancam tuhan nya indonesia mah gitu <hashtag>,0
Soeharto berani [CAPS] bantai 3 juta rakyat Indonesia masa sby [CAPS] tidak [CAPS] berani bantai fpi [CAPS] ? Dududuudu [ELONG],1
<username> Colek <username>,0
Cerita Belum Habis Arogansi Selir Kesayangan Ari Askhara Kian Terbongkar » <link> via <hashtag> Besok 12.12 <hashtag> 11 Desember 201i,0
tidak harus bicara pembeda negara maju atau negara miskin kalau anda sendiri sudah dibantu pemerintah malah membelot,1
<username> Alhamdulillah prabowotelah diberi hidayah menjadi kecebong. [REPPUNC],0
jangan boros kamu [ELONG] masih celaka baek ngopi [ELONG] coeg <hashtag> ! [REPPUNC],1
Debat belom di mulai kok sudah bikin tagar PrabowoMenangDebat Waras Kalian terlalu nafsu. Giliran pas main sudah ko [CAPS] duluan [EMOTICON] [EMOTICON],0
Pintar [ELONG] banget sih [ELONG] mbak ngehancurin mood seseorang ! [REPPUNC],1
<username> ini sebetulnya [ELONG] banyak [CAPS] di isi orang-orang pintar [ELONG] [CAPS].. Pintar ngeles ! [REPPUNC],1
<username> penyanyi [CAPS] tolol [CAPS],0
"wahai pembela anies dan tim buzzer 5m, kalian mmg perlu terus diberi update petunjuk, coba otak kanan dan otak kirinya dipake, baca nih, update pengkibulan gubernur idola kalian! what next, tunggu episode selanjutnya ðÿ˜' <hashtag> ! [REPPUNC]",1
<username> Mulia sekali suami tersebut rela menjual istrinya dgn harga murah demi memenuhi kebutuhan sehari-hari.,1
bapak Anies anda Gubernur terhebat dalam sejarah dki [CAPS] Jakarta. Gubernur pertama yang telah memberi hadiah rutin setiap tahun baru kepada seluruh warganya berupa kolam renang yang bisa dinikmati dirumah masing2. Bravo !,1
Terima Kasih bl [CAPS] yang baik. [REPPUNC] Gak papa Pramel ini menjadi motivasi untuk menjadi lebih baik lagi yaktities [ELONG],0
<hashtag> alhamdulillah tidak ada ngaruhnya tiket mahal atau tidak ttp saja aku g pernah naik pesawat <hashtag>,1
<username> terus bawa² Agama nya ya seferti Mubahala nda ingat twit yang dulu tentang Jualan Agama nya ya [EMOTICON],1
<username> Ini ya sosialita Indonesia yang jadi buronan karena menipu di tiga benua. <link>,0
<username> Anis memang pintar pintar memanfaatkan situasi terlaksana atau tidak itu bukan bagian tanggungjawab nya tinggal ngeles saja,1
daripada [CAPS] ibu kota diurus sama [ELONG] ahli tata kata <username> mending [ELONG] pindah sekalian ! [REPPUNC] <hashtag> ! [REPPUNC],1
<username> Haha.. lagian kamu nulis di bio anti orang tolol. [REPPUNC],0
kami [CAPS] tidak membayar [CAPS] karena [CAPS] keadilan [CAPS] itu [CAPS] tidak ternilai [CAPS] harganya [CAPS]. dan [ELONG] [CAPS] mereka [CAPS] bisa [ELONG] [CAPS] membeli [CAPS] sesuatu [CAPS] yang [CAPS] dianggap [CAPS] murahan [CAPS] ! paham [CAPS] !,1
Itu preman [CAPS] pintar. Itu provokator sama kayak [CAPS] kau ! [REPPUNC],1
Alih-alih mereda konflik lahan ini makin memanas di area konsesi pkp2b [CAPS] Adaro Indonesia. <hashtag>,0
<username> Tompi itu dokter? Sayang Otaknya tidak dipake [CAPS] ! [REPPUNC],1
<username> Ujung2nya curhat terus dapet jawaban yg itu itu aja sampe nia ramadhani bisa kupas durian pake tangan :sleepy_face:,0
Buat para pembenci Selamat anda dipimpin oleh orang yang anda benci kembali. Dan selamat menikmati ketidksukaannya ditunggu status-status nyalahin pemerintahnya. <hashtag> pic.twitter.com/n3GaTERfKC,1
Astaghfirulah prabowo [ELONG] [CAPS] Jumatan karna pilpres [ELONG] [EMOTICON] <hashtag> ! [REPPUNC],1
<username> Siapapun Putra Putri bangsa [CAPS] terbaik harusnya di fasilitasi <username> agar da… <link>,0
<username> ngaku muslim tapi benci Arab. Giliran haji dan umroh ke Arab juga. Kan mantap.. :upside-down_face: Sontoloyo nya :rolling_on_the_floor_laughing: :rolling_on_the_floor_laughing:,0
Boleh Bohong Asal santun. 4nies Pembohong [ELONG] Santun. Prestasi yang membanggakan bagi [ELONG] uni Fahira & kelompoknya ! [REPPUNC] <hashtag> ! [REPPUNC],1
bapak walikota semarang kalau nanti bapak [ELONG] jokowi gagal dua periode mohon [ELONG] jalan tol nya di bungkus ya [CAPS] atau tidak di gulung saja. [REPPUNC],1
<username> Sarkasme bang biar ente makin dicari,0
Dukung Buka lapak sebatas tulisan doang [EMOTICON] [EMOTICON] belanja saja kagak pernah sok sokan dukung [EMOTICON] [EMOTICON] [EMOTICON] [EMOTICON],1
Terima kasih pak [ELONG] <username> kami yg bukan warga dki [CAPS] bisa dikasih kesempatan [ELONG] [CAPS] melihat <hashtag> yg penuh [CAPS] air <hashtag> ! [REPPUNC],1
Masa ia kami yang hanya duduk dan main hp saja jadi kena getah'a? <hashtag>,1
Terima kasih bapak <username> sudah menunaikan janjinya. [REPPUNC] <hashtag>,1
<hashtag> saya positf hamil [CAPS] ! [REPPUNC] yaelahh [CAPS] tol [ELONG] - Kok narkoba [EMOTICON] ! [REPPUNC],1
<username> Bubar jalan. [REPPUNC],0
kalau Ane [ELONG] bilang sbenernya Monas bukan lagi Cagar Budaya Monas sudah jdi Cagar Keimanan sejak laskar 212 ane sering pakai bwat [CAPS] gelar acara Reunian kalau sampai dibatalken ane akan bentuk fpfe [CAPS] (Front Pembela [ELONG] Formula E) dmi mndukung Gubernur jinjingan laskar! <hashtag> ! [REPPUNC],1
Sungguh berhati [CAPS] mulia sekali kau mas padahal [CAPS] anda juga jomblo: ),1
<username> kan tukang. [REPPUNC] dia. [REPPUNC] racun membedakan psk online dan non online.. makanya hrs di giniin dulu baru tahu fox confirm ðÿ¤£ðÿ¤£ðÿ¤£ ! [REPPUNC],1
<hashtag> Hasil kerja 3 tahun [ELONG] <username> luar biasa.Soal banjir cuma Ahok yg paham. anies [CAPS] teori melulu ! [REPPUNC],1
Bukannya masjid itu tempat ibadah ya? terus kalau jumatan mah biasanya tidak pakai undangan kalau tidak dapet undangan tidak boleh jumatan atau gimana nih bapak [EMOTICON] Jumatan kok berasa kayak kondangan,1
<username> Harus ditegur itu bpk bpk <username> krn sudah matiin rezeki baru 2 thn mulai menikmati apbd lagi stlh Ahok berhasil di lengserkan eh skr muncul lagi <username> jadi sandungan,0
Budaya kita harus tetap terjaga dan terus dilestarikan. <hashtag> <link>,0
<username> Nah. Jadi sstem/software itu hny tool untuk membantu manusia. Sistem sebagus apapun akan utilize/berguna tergantung penggunanya. Sistem memang smart [CAPS] (Specific Measurable Aggressive Realistic Time-bound) tetapi mestinya manusia lebih smart. <hashtag>,0
Pintar banget sih mbak ngehancurin mood seseorang ! [REPPUNC],1
Ada aja yang manfaatin untuk pansos dan ngebanyol pake hastag <hashtag>. Hedeuuh [ELONG],0
dulu asalnya suka [CAPS] makin [ELONG] [CAPS] kesini [ELONG] tapi kok nambah makin suka suka pengen muntah <hashtag> ! [REPPUNC],1
ayodong berkaca maksudnya? jangan banyak bicara kalau gabisa berkarya,1
partai allah is the best. pan agamamu. amien rais tuhanmu. [REPPUNC] gapapa mengganggu yang penting islam dan seiman.. takebeer ! [REPPUNC],1
Hai anjing jangan kamu kaya bangsat dasar anjing :thumbs_up: :loudly_crying_face:,0
selamat [CAPS] <hashtag> ! Angka statistik kemacetan turun pesat di 2020 karena banjir terus kagak ada kendaraan di jalan ! <hashtag> ! [REPPUNC],1
Jujur itu mahal makanya kebanyakan orang yang suka bohong itu tidak punya nilai jual (n) <hashtag>,1
Selamat datang di indonesia Dimana orang kaya takut [ELONG] miskin tapi orang [CAPS] miskin tidak takut kaya ! [REPPUNC],1
Tabrak Aturan Susi soal Lobster Edhy Prabowo Disebut Menteri Sontoloyo - <link> <hashtag> <link>,0
Semakin yakin dengan pilihan 02. Kubu petahana tidak bisa bermain sportif. Selamat jalan <username> team dan cara kerja [ELONG] ! [REPPUNC],1
<username> Katanya negara menjamin kebebasan beragama kok di larang celana cingkrang sama cadar kan sunnah. Katanya negara mayoritas muslim,0
Nangis [ELONG] apotek banjir :loudly_crying_face: :loudly_crying_face: :loudly_crying_face: :loudly_crying_face: :loudly_crying_face: :loudly_crying_face: :loudly_crying_face:,0
Jngn bodoh ya yg di un install itu aplikasi bukan orang [EMOTICON],0
<username> Oh jd <username> tujuanya apa ada di dpr [CAPS] menutupi markup anggaran biar bisa mabok lem rame2 ! [REPPUNC] Ayo <username> hajar semua perampok2 anggaran mungkin si inggkar ini takut ketahuan pula boroknya.,0
Sudah 2 minggu saya kkn [CAPS] dan hampir [ELONG] 2 minggu itu pula sya makan tempe terus2an tidak [ELONG] ada tu tempenya setipis atm. Alay banget pakk melebih lebihkann bangett.,1
Stop jangan suka memprovokasi sesama bangsa Indonesia <hashtag>,0
Ini [ELONG] Indonesia tercinta ku. [REPPUNC] Kalau khilafah [CAPS] dan kadrun monggo buat negara sendiri sana. [REPPUNC] Berjasa engga [CAPS] buat negara ngerecokin iya [ELONG].. kadal ! [REPPUNC] <hashtag> ! [REPPUNC],1
Partai Allah mah [ELONG] Bebas Sajadahpun boleh diinjak2 <hashtag>,1
<username> Welcome to Indonesia yang [CAPS] tidak tahu budi sopan [CAPS] santun asal ketus nuduh sembarangan. Dia yang salah ehh dia yang Galak. Allaah Maha Membalas kog buu,1
Ini buzzernya siapa sih pada pake <hashtag> pasti pada syirik aja lihat Erick Tohir jadi menteri,0
Satu-satunya prestasi pak jokowi selama menjabat yang buat saya kagum adalah pernah menjabat sebagai ri1 [CAPS] terima kasih telah pimpin kami Harapannya Cukuplah satu periode untuk bapak ! [REPPUNC],1
bapak Anies Baswedan memang tidak punya kekurangan. Banyak lebihnya kelebihan air misalnya.,1
Kementerian Agama akan menyisir masjid-masjid dan memberi peringatan kepada pengurus masjid. selengkapnya [CAPS] <link> <hashtag>,0
<username> :grinning_face: :grinning_face: :grinning_face: Maaf tadi ada tante yg jput Salah siapa coba nia tlp ga di angkatin <hashtag>,0
<username> Sangat mulia sekali pemerintah untuk semua masyarakat pindah fakultas tata boga biar pada bisa bikin ciloq,1
kamu tuh lebih beruntung dari Ardhi Bakrie Iya tapi kamu ga seberuntung Nia Ramadhani dan Ardhi Bakrie sayang&amp;manjain Nia bgt tanpa perlu Nia ngelist apa aja yg dia bisa :rolling_on_the_floor_laughing: Nia Ramadhani 1 - 0 Ibu2 insekyur yg menggunakan kekurangan orang lain utk merasa lebih <link>,0
jangan cepet-cepet jadi orang gede deh. ntar ribet. mau nyeludupin cowok ke kossan sampe pagi aja dek-dekan banget. - dari teater yang ada bedu nya wkwk,0
Ini salah satu contoh Narasi <username> dalam mengatasi banjir Jakarta telah terbukti berkat narasi Anies sekarang Jakarta telah berhasil tidak [CAPS] bebas [CAPS] dari banjir. [REPPUNC] :clapping_hands: :clapping_hands: :clapping_hands: :clapping_hands: Berenang kita [ELONG] :grinning_face_with_sweat: <hashtag> <link>,1
<username> tolol jangan diborong. :grinning_face:,0
Terima kasih atas kunjungannya bapak sandiuno maaf kami tetap jokowi [CAPS] Begitu teriak [CAPS] warga Wonogiri. [EMOTICON] [EMOTICON] [EMOTICON] <hashtag>,1
Background it [CAPS] tapi database tidak [ELONG] update. Cara halus [CAPS] ganti presiden. [REPPUNC] ! [REPPUNC],1
Partai Allah Nasion lagi ngajari anak2 tawuran ! [REPPUNC],1
aku dikatain bucin dan tanpa sadar dia nya dulu pernah cerita ke aku kalo dia pernah bucin juga sampe goblok banget bangsat sia anjing,0
Hasil kerja bapak Anies yang sudah [ELONG] terlihat hasilnya [CAPS].. yaitu [ELONG] [CAPS] Banjir [ELONG] <username>,1
<username> Jgnkan buka salak kak makan salak aja aku g bisa tapi g viral juga. [REPPUNC] Maklum beda nasib sama nia ramadhani,0
Minta maaf sih bagus tapi tanpa ada pernyataan bahwa salah ngambil data jadi percuma karena malah jadi memperjelas motivasi cuitannya. Another great lesson learned for millenials ! [REPPUNC],1
Sukses <username> mencptakan [CAPS] water park [ELONG] di dki. [CAPS] Cuma sayang nya dia ambil air kafir..jadi yah ga seiman. Liar kemana2..! Tunggu [ELONG] bacot <username> Punggung tangan dengan jari telunjuk mengarah ke kiri <hashtag> ! [REPPUNC],1
Amien Rais menyebutnya sebagai partai Allah setiap saat ribut saling serang antar anggota parta i.. Partai apakah itu ! [REPPUNC],1
dulu kalian milih Anis kan bukan karna program kerjanya karna kalian seagama. Mampus lahh kao skrg punya [ELONG] gubernur tidak punya program kerja. Aku tidak suka [CAPS] ya agama dijadiin [CAPS] embel2 dalam politik. Nanti [ELONG] Allah marah. kalau tidak nepatin janjinya. <hashtag> ! [REPPUNC],1
Salam hangat dari kami salam wonderful indonesia <hashtag>,0
<hashtag> kalau bapak jadi imam [CAPS] baru mantap. Jangan politisasi [CAPS] Sholat Jumat Malu tahu ! [REPPUNC],1
<username> Bagus bos.tapi biar dak jadi gado gado.tugasnya sbg menhan dinomer satukan.manteb pak prabowo.,0
pintar [ELONG] [CAPS] bgt [ELONG] anies motong anggaran banjir buat aibon [EMOTICON],1
<username> bpjs [CAPS] Budget pas-pasan jiwa sosialita,0
katanya [CAPS] pertemuan Prabowo dan Jokowi bertujuan untuk kebaikan bangsa. sekarang kok minta jatah kursi <hashtag>,1
<username> selamat anda layak dapat penghargaan penjilat anies terbaik. [REPPUNC] silahkan ambil di balaikota ! [REPPUNC],1
-imf yg nonton itzy dom jakarta barengan yukk aku sendirian,0
Jangan menjadi biadab hingga tak punya adab !,0
Kalo org pinter yg ngmong ya.. semua pasti ada isinya. Love pak ahok <link>,0
Tetap tegar and berani ya jagoan [CAPS] muda [CAPS] gua wahai bro-sis [CAPS] <username> di sarang pemyamun [CAPS] dki [CAPS]. [REPPUNC] - Biarin Loe dibilang nyari [CAPS] panggung [CAPS] sama gabener [CAPS] yang gawenya manggung [CAPS]. - Biarin Loe dibilang gak punya etika [CAPS] sama politikus [CAPS] bangkotan [CAPS] yg tak [CAPS] beretika [CAPS]. Bagi gua Loe. [REPPUNC] :thumbs_up:,0
Background it [CAPS] tapi [CAPS] database tidak update [ELONG]. Cara halus ganti presiden [CAPS]. [REPPUNC] ! [REPPUNC],1
aku kokoh dukung [ELONG] 01 karna ku tau sang bahadur yang kau bagakkan nyatanya hanyalah seorang yang lemah ! [REPPUNC],1
Ooh jelas saya pandai [ELONG] dan lihai menasehati orang lain tapi mendadak bodoh [ELONG] kalau menasehati diri sendiri. [EMOTICON],1
Jangan sampek bpjs [CAPS] budget [CAPS] paspasan [CAPS] jiwa [CAPS] sosialita [CAPS],0
Tenang tidak akan bosan sampai habis. [REPPUNC] <hashtag> <link>,0
aku punya temen dimana dia jomblo tapi [ELONG] sering ngatain [CAPS] jomblo [CAPS]. keren banget kan. gatau dirinya [EMOTICON] ! [REPPUNC],1
"partai allah"" tidak butuh [ELONG] kursi bahkan mereka ikhlas membagikannya [CAPS] kepada yang lain. heuheuheuheu. [REPPUNC]",1
kalau punya akal waras sih harusnya [CAPS] tidak puas menyebar hoax dan mengakui [CAPS] hoax ! [REPPUNC],1
untun prabowo kalah lagi dan lagi <hashtag>,0
1. Hari ini gw lagi ada perlu ke Bogor dan karena gw males kena macet gw milih naik kereta ke Bogor pas di Stasiun Tanjung Barat ada sosok yang kayak gw kenal. Eh gw lihat-lihat ternyata Pak <username> Presiden kita. Gokil ! <hashtag>,0
<username> Eh [ELONG] para wortel ku :see-no-evil_monkey: Iya [ELONG] iya [ELONG] besok aku jd Nia Ramadhani part 2 yg gk bs ngupas wortel. Bakal dinikahi konglomerat jg gak yaa,0
Pakai baju seringnya begini. Kapan bisa masuk geng sosialita. <link>,0
Ga tau pura-pura go-blok atau idiot beneran. Tolol nya itu loh ga ketulungan. Makanya otak kemana-mana dibawa jangan buat pajangan doang :kiss_mark:,0
Alhamdulillah Aku semakin mantab pilih 01. Aku tuh sbnrnya pengin banget ngelayat tapi gimana [CAPS] dong kalau orgnya [ELONG] blm mati [CAPS] <hashtag> ! [REPPUNC],1
<username> Sama ini aja dia mau ngeluangin waktu buat manusia model kalian <link>,0
Semoga air [CAPS] yang tergenang ini jadi berkah bagi Warga Jakarta dan bapak Gubernur akan semakin banyak mendapat pahala dan cepat masuk sorga [CAPS] karna dibully oleh warganya betulkan <username>. <hashtag>,1
Yang lain [ELONG] tanam pohon dia tebang pohon Pintar sih [CAPS] kalau urusan serapan [ELONG] anggaran [CAPS] <hashtag> ! [REPPUNC],1
Itu emak emak lagi kalah bandar arisan nggak masuk pake duit negara gaya sosialita agagagag. <link>,0
Memang kita ini tdk ada lg kata maaf ya? Sy gk pernah instal bl [CAPS] bahkan make jg gk tp gara2 beda pilihan sampe hilang sdh kasih itu..' 0,0
<username> Luar biasa ini tu kayak [ELONG] dia bilang 'welcome to indonesia' ke virus [CAPS] corona manteb memang junjungan cebong [ELONG] ! [REPPUNC],1
Sehat terus Bung Ferry Tetaplah jadi panutan kami <hashtag>,0
Kita pnya cerita untuk cucu cicit kita di masa yg akan datang. Bhwa di zaman ini ada seorang bapak dari <username> yg membuat bangsa ini terbelah dan kerusuhan terjadi lg. Semua itu karena haus kekuasaan sejak zaman reformasi sampe skrg yg tdk bsa dia dapatkan. <hashtag>,0
<username> Mana dia santun unggah unguh saja ngak paham semua ditrabas demi pencitraan dirinya merasa paling kuasa dan sombong dia <hashtag>,1
"yg sabar ya warga dki jakarta pimpinan ada di kelas gubernur hanya kelas kacangan. [REPPUNC] <hashtag>, ! [REPPUNC]",1
<username> ditangan [CAPS] anies [CAPS] tanah [CAPS] abang [CAPS] kembali [CAPS] seperti [CAPS] dulu [CAPS] lagi [CAPS]. semakin [CAPS] semrawut [CAPS] semakin [CAPS] banyak [CAPS] uang [ELONG] [CAPS] mengalir [CAPS] paham [CAPS] khan [CAPS] kenapa [CAPS] haji [ELONG] [CAPS] lulung [CAPS] pro [CAPS] anies [CAPS]. [REPPUNC],1
Alhamdulillah [ELONG] air berkah kalau banjir begini anies tidak akan nongol kalau sudah habis baru muncul lalu pengikut sampahnya teriak solusi anies,1
nu [CAPS] dan Muhammadiyah menarik jadi rebutan kekuasaan. Sungguh [ELONG] blunder tim sukses yang membully [ELONG] keduanya. [EMOTICON] ! [REPPUNC],1
<username> Lah ahok ngapain aja selain dbui? Hahahaha,0
Tipu lah dunia ini dengan senyum biar orang tidak ada yang tau betapa buruknya hidup ini. [REPPUNC] <hashtag> <link>,0
<username> Pidato Akademis katanya Tapi malah marahin perempuan pake cadar. Namanya juga capres 02 <hashtag>,0
<username> Jenderal tolol [CAPS]. Jumlah suara sah <username>+<username>+<username>+<username>+<username> saja ga nyampe segitu di pemilu legislatif kemarin. Kalau aku jadi pki [CAPS] dengan angka segitu aku bikin gulung tikar tuh pdip [CAPS].,0
Bu <username> tolong bertanggungjawab atas ulah dan amanah netizen ini :grimacing_face: :face_blowing_a_kiss: Yang 2% abaikan saja karena akan selalu ada pasir ditelapak kaki yang bersih. <hashtag> <link>,0
Sekali mereka akan turun gelanggang Setelah stgh abad lebih. [REPPUNC] mereka mnjadi yg trgarang mmberantas pki [CAPS] Dan sekarang. [REPPUNC] mereka akan menjadi yg tergarang pula menjadi pemberantas hti [CAPS] (eks) dan kroni2nya [CAPS] <hashtag> <link>,0
Hari ini akan tercatat dalam sejarah bahwa ada seseorang yang telah berulang kali mencalonkan diri dan selalu gagal untuk menjadi The Presiden <hashtag> ! [REPPUNC],1
bapak walikota semarang kalau nanti bapak jokowi gagal dua periode mohon jalan tol nya di bungkus ya atau tidak di gulung saja.,1
Penghargaan sebesar-sebesarnya kepada para wanita yang rela bekerja mencari nafkah. Buat para pria soal menjemput rezeki kita tak ada apa-apanya. Jika mau wanita bisa dapatkan puluhan juta dalam semalam tapi itu ia tinggalkan demi rezeki halal meski berpanas-panas di jalanan.,0
Syahwat Politikmu Besar tapi Syhawat Birahimu sudah Pudar Wahai Pak Pleciden 02. [REPPUNC] <hashtag>,0
<username> gaenak sbnrnya woee. tp serem. mana abis baca thread yg nyi roro kidul itu :loudly_crying_face: :thumbs_up:,0
Sungguh mulia Ustadz am [CAPS] agar santri selalu fit tahan begadang mikir cepet dan gacor dia beri sabu [CAPS] ke santri sabu tidak [ELONG] haram kan tidak ada larangan dalam Al-Quran. Malaikat Mukar Nakir dan Malaikat Malik pasti tidak [CAPS] sabar mau bertemu beliau [ELONG]. [REPPUNC],1
Ya begitulah negara yang kaya akan budaya.budaya yang membesar-besarkan nilai negatif tanpa menoleh nilai positif <hashtag> <link>,1
wahai [CAPS] Kaum Muda Millenials Kita Berjuang tidak perlu demo turun ke jalan seperti tahun 1998.,0
dwp [CAPS] aman diskotek dapet penghargaan. Makin kagum sama [CAPS] Gubernur Indonesia bapak Anies yang [ELONG] berhasil mengembangkan Wisata Party berbasis Syariah ! [REPPUNC],1
solak atau tidak solak bapaknya <username> yang harus bertanggung jawab dari semua ini,1
Ternyata kabinet itu lebih mewakili partai daripada rakyat. Apakah ini kematian atau kebangkitan? <hashtag>,0
<hashtag> 02-02-2020. Haya pengen ngucapain selamat kepda yth bapak Anis. Karna sekrang jakrta sudah bisa bikin <hashtag> sendri. Tanpa harus impor dari bogor. Selamat selamat.,1
Selamat ya gaes [ELONG]..jd duta dusta [ELONG] indonesia ! [REPPUNC],1
Terimah Kasih Rezim Sontoloyo Memang Paling Mantap dan Hebat ! Makin Cinta saja saya sama Rezim ini Semoga Allah swt [CAPS] Melaknat Kalian Semua Wahai Manusia Durjana,1
Beneran pengen tau tanggapan mereka. <username> Gerakan <hashtag> dan acara tadi pagi ditaman bungkul <link>,0
Dulu waktu menggugat hasil Pilpres 2014 juga [ELONG] dilakukan hari terakhir. Gembar-gembornya akan bawa 10 truk kontainer bukti kecurangan ternyata 1 trukpun tidak [CAPS] pernah [CAPS] muncul. omong [CAPS] kosong [CAPS] ! Berpikir besar [CAPS] kemudian beraksi. Melawak. Ngibul. ! [REPPUNC] <hashtag> pic.twitter.com/Lua04NiUY5 ! [REPPUNC],1
otaknya gaada kan lu <username> gak pernah nyantri apa sampai Ulama kau hina hina <hashtag>,0
Banyak politikus di tim ekonomi Jokowi. Kondisi itu menimbulkan pertanyaan apakah mereka mampu mendorong investasi seperti yang diinginkan Jokowi? <hashtag> <link>,0
Kita nanati akan segera mempotret secara serius apa problem-problem pedesaan kita karena menurut data bps [CAPS] tahun 2020 itu perbandingan penduduk desa dan kota itu sekitar 56% banding 44 % untuk kota dan desa. Budi Arie Setiadi <hashtag> <username> <link>,0
Alhamdulillah kelompok ini mulai positif dengan keberadaan [ELONG] diskotik. Semoga enggak ada lagi razia ilegal [ELONG] terhadap diskotik dari kelompok ini [CAPS].,1
Ahok mmg betul jitu banget menyebut kalau <username> kelewat pinter. [REPPUNC] Pinter 4 ng [CAPS] - ngibul - ngelez - ngambinghitamkan orang - ngarang alasan Bangsa ini [ELONG] berharap besar [ELONG] <hashtag> <link> ! [REPPUNC],1
<username> karena lu keliatan tolol udh ah bye,0
<username> Semoga yang diminta mundur masih punya urat malu ya Bang <hashtag>,0
Sekarang warga jkt58 mungkin sangat bahagia sekali melihat sepak terjang sang wan ajaib memimpin jkt.. <hashtag>,1
Semakin yakin [ELONG] dengan pilihan 02. Kubu petahana tidak bisa bermain sportif. Selamat jalan <username> team dan cara kerja,1
Salah satu prestasi Anies itu menciptakan banyak lokasi surfing di jalanan Ibu Kota ! [REPPUNC],1
wow. [REPPUNC] ! [REPPUNC] di canberra. [REPPUNC] pidato pakai [CAPS] bahasa [ELONG] [CAPS] indonesia.. ! [REPPUNC] nasionalis banget bapak. [REPPUNC] ! [REPPUNC] sia-sia toefl [ELONG] [CAPS] saya. [REPPUNC] ! [REPPUNC] <hashtag> ! [REPPUNC],1
<hashtag> Jokowi Sang negarawan sejati..! Kami tdk punya potongan diktator/otoriter kami tdk punya rekam jejak melanggar ham [CAPS] masalah kekerasan dan korupsi,0
<username> Yg begini mereka bungkam sontoloyo iblis itu lur,0
Tetap semangat jangan lelah mengawal tanah kelahiran !,0
garing lu tolol,0
"Emezing ! Pemenang Tender Penataan Monas Senilai Rp 71 3 Miliar ""Kantor""nya di Rumah Petak <hashtag>",1
Mbokan lah sibuk kaya pejabat <link>,0
<username> Rocky gerung mulutmu nyinyir kayak perempuan dan itu karena otakmu buntu. Prestasi apa yg telah kau torehkan di Indonesia ? Bandingkan dirimu dgn Jokowi bagaikan bumi dan langit karena kau tidak ada apa2nya.,0
Katanya indonesia itu negara toleransi tapi perkara nyerempet trus mobil beset langsung bikin tagar <hashtag>. Dimana toleransinya katanya turun dengan itikad baik untuk menyelesaikan masalah secara daimai tapi bikin tagar nya <hashtag> yg salah 1 orang yg kena semua,0
Kita semua sama-sama manusia tapi kali ini kita sama dengan <hashtag>,0
<hashtag> cerdas dan selalu mau belajar,0
( [ELONG] semburan [CAPS] dusta [CAPS] ) [ELONG] Tapi iya sih,0
<username> Gagal deh jd Cawalkot Medan <username> :grinning_face: :grinning_face: :grinning_face: <hashtag>,0
Saya tidak menyesal memilih Prabowo-Sandi tapi saya menyayangkan sikap Prabowo yang berkompromi dengan bapak Jokowi. Setelah ini Golput adalah jalan terbaik untuk saya pribadi. Good bye Prabowo <hashtag>,1
Plt Dirut Garuda Indonesia Fuad Rizal menghentikan anak perusahaan pt [CAPS] Garuda. Cc : <username> <hashtag> <link>,0
indahnya [CAPS] <hashtag> setelah dipimpin <username>.. Prestasi yang tidak [CAPS] bisa [ELONG] ditiru Jokowi dan Ahok.. <hashtag> ! [REPPUNC],1
Ketika semua sadboi [ELONG] <username> <hashtag> <link>,0
<username> Smart dalam mbuang2 anggaran dgn cara pasang-bongkar-pasang? <username> <hashtag> <link> ! [REPPUNC],1
Tak ada tempat buat kamu songong Babu Cukong kayak mereka di Tanah bertuah. <hashtag> <link>,0
Politik Nyinyir utk dapat Jabatan saat ini sudah mulai basi tapi masih ada yg mencoba. [REPPUNC] <hashtag>,0
<username> Dikenal sebagai partai yg ga diterima di Sumbar. [REPPUNC] <hashtag>,0
adab tapi penyilap ! <hashtag>. [REPPUNC],1
daripada ibu kota diurus sama ahli tata kata <username> mending pindah sekalian ! [REPPUNC] <hashtag> ! [REPPUNC],1
Saya harus memuji susunan kabinet baru ini. Berarti saya harus memuji yang menyusunnya: Presiden Joko \'Jokowi\' Widodo kata Dahlan. <hashtag> via <username> <link>,0
Budi Arie diberi tugas oleh Presiden Jokowi mengawal alokasi anggaran yang besar dari apbn [CAPS] untuk pembangunan desa dan daerah tertinggal. <hashtag>-Ma\'ruf <link>,0
Kementerian Kelautan dan Perikanan (kkp) [CAPS] menggelar upacara serah terima jabatan (sertijab) dari Susi Pudjiastuti ke Edhy Prabowo (Sumber: Okezone). <hashtag> <link>,0
"Mantap nih ketua dan dewasny <username>, smangat lindungi koruptor ! [REPPUNC]",1
Terbaik dalam [ELONG] bidang [ELONG] [CAPS] penghancuran jkt [CAPS] <hashtag> ! [REPPUNC],1
Katanya kan bapak FadliZon memperjuangkan keadilan tahu nya hanya membela orang2 yang membela junjungannya saja ! [REPPUNC],1
Prabohong menghadiri perayaan hari kemerdekaan ke-69 Republik Rakyat Cina (rrc) [CAPS] yang digelar Kedutaan Besar rrc [CAPS]. Prabohong memandang China sangat penting bagi Indonesia. Nahkann ! Bukankah itu wujud Prabohong pro Asing ?,1
Aku memang begini saat orang istirahat aku mulai memahami materi yang harus aku pahami dan memaksakan aku jatuh Cinta pada materi. [REPPUNC] Oh psikologi abnormal aku kira aku akan terhindar dari abnormal nyatanya aku mulai mendekati abnormal. [REPPUNC] <hashtag>,0
kata kaum milenial semoga pakde <username> memberikan Pendidikan yang lebih layak lagi seperti memperbanyak beasiswa.,0
bapak walikota semarang kalau nanti bapak jokowi gagal dua [CAPS] periode mohon jalan tol nya di bungkus ya atau tidak di gulung saja. [REPPUNC],1
<username> Tompi ini berperan sebagai apa sih,0
Nech baru hebat ! Khayalanya Raja Keraton Agung Sejagat Mengklaim Memiliki Wilayah Kekuasaan Seluruh Negara di Dunia,1
Langkah bagus utk pariwisata. [REPPUNC] giatkan kegiatan di diskotik yg sesuai syariah. [REPPUNC] (ada gak ya. [REPPUNC] ) <link>,0
Satu lagi masuk bui Bakalan ada demo [ELONG] besar lg tidak ya ? Buni Yani masukin juga dong penjara <hashtag> ! [REPPUNC],1
Nia ramadhani [CAPS] itu artis paling pinter. Pinter nyari suami ! [REPPUNC],1
<username> hash tahik kamu anjing,0
mimpin sholat ngak bisaa. Lah [ELONG] mw pimpin negara situ shat bapak ! [REPPUNC] <hashtag> ! [REPPUNC],1
<hashtag> Itu yg yg slalu iri dgn prestasimu dan menyebar fitnah,0
Pencetus kalimat Partai Allah mengEdukasi generasi bangsa untuk saling berujar kebencian <hashtag>,1
<username> sok tw ah pa doktel,0
<username> Kebalik [ELONG]. [REPPUNC],0
<username> kepedeannya saya kasih jempol kaki. pasti dah ni contoh warga idaman rezim sontoloyo,1
Stlh Kerajaan kerathon [CAPS] Sejagad [ELONG] kini ada [CAPS] lg sunda [CAPS] empire [CAPS].Ketololan yang hqq [CAPS] ! [REPPUNC],1
Membuat Rakyat semakin tak bersimpati pada Gerindra <hashtag>.,0
Tidak bisa dipungkiri dari awal 02 dan anteknya lah penyebab semua ini. [REPPUNC] <hashtag>,0
Bekerjalah sampai rekening bank kita terlihat seperti sebuah nomor telepon. di <username> kita bisa follow arti favorit kita <username> <hashtag> Yuk Dengarkan Lagu ppap [CAPS] ( punya [CAPS] pacar [CAPS] anak [CAPS] pejabat) [CAPS] by yati [CAPS] amarra [CAPS] ! [REPPUNC] <link> <link>,0
dulu kalian milih Anis kan bukan karna program kerjanya karna kalian seagama. Mampus lahh kao skrg punya gubernur tidak punya program kerja. Aku tidak suka ya agama dijadiin embel2 dalam politik. Nanti Allah marah. kalau tidak nepatin janjinya. <hashtag>,1
Baiklah kalau mau dakwah di diskotik. <link>,0
Bukannya masjid itu tempat ibadah ya? terus kalau jumatan mah biasanya tidak [CAPS] pakai undangan kalau tidak dapet [ELONG] undangan tidak boleh jumatan atau gimana nih bapak [EMOTICON] Jumatan kok [CAPS] berasa kayak [ELONG] kondangan ! [REPPUNC],1
Terkuak sosok selir yg terlibat skandal asmara dgn eks dirut Garuda <hashtag> <link>,0
Alhamdulillah ya. Dapat fasilitas [ELONG] itu tentu karena [CAPS] seiman. Dulu [ELONG] Ahok mana mau berbagi kolam renang? Dasar tapir. [REPPUNC],1
Anies memang mantab setelah mengatakan kaki sebagai alat transportasi sekarang memberi contoh tangan sebagai pengganti sekop n cangkul. [REPPUNC] lanjutkan bapak jadi anggota ppsu [CAPS],1
Satu-satunya prestasi pak jokowi selama menjabat yang buat saya kagum adalah pernah menjabat sebagai ri1 [CAPS] terima kasih telah pimpin kami Harapannya Cukuplah [ELONG] satu periode untuk bapak,1
Saat fazdlizonk [CAPS] meninjau kondisi tanah longsor di Puncak Bogor sambil dipayungi bak raja tanah. Ternyata dia punya vila di situ. Jadi ini meninjau juga ada kepentingan pribadi dong. Dasar penghina Ulama,1
Lo segampang itu ngomong gitu hello gue kelihatan kek orang se tolol apaan menurut lo gausah sok paling ngerti.,0
jaga kesehatan ya bapak [ELONG] kasian bapak sudah tua kok masih marah-marah saja. sudah bapak dirumah [ELONG] saja deh istirahat. <hashtag>,1
merasa bodoh [ELONG] [CAPS] itu [CAPS] manusiawi [ELONG] <hashtag> ! [REPPUNC],1
Susah kalo janji temu sama para pejabat <username> &amp; ust. Burhan. Minus Bang Dhio yg pulang duluan <link>,0
hidup [CAPS] presiden [CAPS] jokowi [CAPS] ! [REPPUNC] berangus [CAPS] seniman-seniman [CAPS] kontra-revolusi [CAPS] mental [CAPS] ! [REPPUNC],1
<username> cebong [CAPS] mmg luar [ELONG] biasa selalu merasa plg pinter dan tahu; tetapi makan [ELONG] kebohongan dan janji kosong ! [REPPUNC],1
Kesurupan satpam yg jaga di istana nyi roro kidul <link>,0
Sudahlah mengenang masalalu hanya membuatmu kecewa. Namun sambutlah masadepan dengan penuh pengharapan [EMOTICON],0
Allahuakbar <username> pasti bangga dan senang lihat Monas banyak airnya. Ini lah kolam terbesar di Jakarta kebanggaan umat monaslimin. ! [REPPUNC] <hashtag>,1
aku kokoh dukung 01 karna ku tau sang bahadur yang kau bagakkan nyatanya hanyalah seorang yang lemah.,1
Politik sejatinya untuk mengatur masyarakat agar [ELONG] sejahtera [CAPS] tetapi [CAPS] masyarakat menjadi melarat <hashtag>,1
Saya <hashtag> untuk [CAPS] legowo dalam pilpres [CAPS] dan segera <hashtag> ! [REPPUNC],1
Besok btp [CAPS] keluar [CAPS] dari tahanan..biar dia kafir aseng tapi dia [CAPS] hadapin semua prosedur hukum baik dari pemeriksaan sampai ke pengadilan..tidak pakai acara minta penangguhan keringanan apalagi ampe kabur ! [REPPUNC] <hashtag>,1
<username> G usah bawa2 surga n neraka bos..kyak km takmir aj wkwkwkkckckck [ELONG],0
Tambah goblok ! Followers 5 doang mau diandelin hilih asw,0
Dukung Buka lapak [CAPS] sebatas tulisan doang [EMOTICON] [EMOTICON] belanja saja [CAPS] kagak pernah sok sokan dukung [ELONG] [EMOTICON] [EMOTICON] [EMOTICON] [EMOTICON] ! [REPPUNC],1
<username> Setingan <hashtag> untuk pencitraan. [REPPUNC] Bhuahahha Gobloknya dipelihara pendukungnya bangga gak sadar kalo digoblokin. [REPPUNC] <hashtag>,0
goblok bgt ga si,0
<username> Gaberner yg jahat berawal dari mentri yg di pecat. [REPPUNC] :face_with_hand_over_mouth: :face_with_hand_over_mouth:,0
Bela agama sudah bela bapak [CAPS] prabowo sudah [ELONG] sekarang [CAPS] tinggal bela sungkawa [EMOTICON]. <hashtag> ! [REPPUNC],1
Bilangnya Cinta Indonesia tapi tiap disisipin trip ke museum atau sanggar budaya daerah minta diskip. Gmn bs cinta kalau tidak kenal?,1
<username> ya Allah goblok bgt bukannya itu duit buat senengin orang tua.,0
Salut untuk Jajaran Polri. Semoga berkah Ramadan tahun ini berlimpah untuk kalian. <username>… <link>,0
kalau tidak pilih 01 jangan pakai jalan tol [CAPS]. Boleh ya [CAPS] kalau sekarang tidak bayar pajak dulu nunggu ganti presiden ! [REPPUNC],1
Pengumuman.. Pengumuman ada berita baru kantor hoax baru di [CAPS] buka dan di resmikan ! [REPPUNC] Hati2 kejebak [CAPS] strategi Hoax kubu 02. ! [REPPUNC],1
Yang Kecewa biarlah Kecewa. Karena akan terlihat siapa yang jadi penghianat dan pada intinya mereka berdua adalah satu [CAPS] untuk Indonesia. <hashtag>,0
<username> memang mantul chef arnold kalo clap back,0
Fakta sidang mk [CAPS] yang seperti itu gamblangnya dan kalian tetep <hashtag>. [REPPUNC] Mikir.. ! [REPPUNC],1
Duh jd inget pas w ke elizabeth ada kumpulan emak2 sosialita yg ngeborong [ELONG] trus foto2 didepan pintu ngalangin jalan wkwk mau pamer abis belanja banyak,0
Zaki [ELONG] anda bilang Jokowi orang [CAPS] baik. Tetapi anda sendiri mendukung [ELONG] orang yang pura-pura baik ! [REPPUNC],1
<username> Itu sebelahmu cleopatra atau nyi roro kidul?,0
kami [CAPS] tak [CAPS] sudi [CAPS] mempunyai [CAPS] wakil [CAPS] rakyat [CAPS] atau [CAPS] anggota [CAPS] dpr [CAPS] ri [CAPS] yang [CAPS] menjadi [CAPS] dalang [CAPS] provokator [CAPS] aksi [CAPS] 22 mei [CAPS] ! kami [CAPS] tak [CAPS] akan [CAPS] sudi [CAPS] mengakui [CAPS] mereka [CAPS] ! arena [CAPS] mereka [CAPS] hanya [CAPS] benalu [CAPS] yang [CAPS] ingin [CAPS] menghancurkan [CAPS] kedaulatan [CAPS] nkri [CAPS] ! <hashtag>,0
<username> Mantap. [REPPUNC] Tarikh [ELONG] mang,0
Maaf sih bapak Jokowi. Indo saat ini bukan [CAPS] negara hukum [EMOTICON] Jangan sok tidak tahu bapak <hashtag> ! [REPPUNC],1
Bagi-bagi di bungkus dengan pencitraan. Hmm Makin kelihatan <hashtag>,1
Sebagai perempuan [CAPS] harus [CAPS] kuat Lucinta Luna Semangat [ELONG] bang ! [REPPUNC],1
Masih banyak yang beban nya lebih besar di luar sana gapapa namanya juga belajar menghadapi kerasanya dunia luar.,0
kerja [CAPS] nabung [CAPS] goblok [CAPS] bukan [CAPS] retweet [CAPS] <link>,0
<username> Semoga bisa wujudin keinginan yg belum tercapai <hashtag>,0
Tidak selalu orang menjadi <hashtag> karena <hashtag> dan <hashtag> tapi karena <hashtag> orang yang tidak memberi <hashtag> dan <hashtag> kepada orang lain. Ada orang yang menjadi <hashtag> dengan cara memiskinkan orang lain. Tuhan melihat semua perbuatanmu,0
Katanya ulama [CAPS] jangan [ELONG] di hina lha anda nyebut ulama dengan kau.. kau [CAPS]. [REPPUNC],1
<username> bikin [CAPS] keluhan [CAPS] via [CAPS] twitter/facebook [CAPS] tapi [CAPS] nggak [CAPS] ada [CAPS] jawaban [CAPS] <hashtag>,0
Kalau berantem lempar-lemparan dalil. [EMOTICON],0
<username> Semoga sukses selalu ya [ELONG],0
<username> Mungkin memang dari ngebuzzer lebih seksi daripada sekedar jadi dokter. Apalagi bisa cawe2 sama penguasa dan mantan penguasa.,0
Waw [ELONG]. [REPPUNC] amanjing bangets [ELONG] <hashtag> ! [REPPUNC],1
Mendikbud Nadiem Makarim tetap santai sembari terus melemparkan senyum khasnya saat bertemu para guru. <hashtag> <link>,0
Pidatonya Prabohong boleh [ELONG] ber api-api namun isi tidak karuan [ELONG] dan Hoax belaka. memang mau mimpin negara bermodal suara lantang [CAPS] doang.,1
Katanya sekolah tapi otaknya mana ribut ko bawa² agama <hashtag>,0
Kalian katakan Ahok tidak pantas disebut pemimpin krn bicaranya yang kasar tapi ada orang yang juga bicarany kasar kalian ktkn pemimpin umat,1
Saya kagum pada bapak Anies semoga tenggelam,1
selamat [CAPS] datang [CAPS] banjir [CAPS]. semoga [CAPS] banjir [CAPS] kali [CAPS] ini [CAPS] lebih [CAPS] syari [CAPS] dibanding [ELONG] [CAPS] tahun [ELONG] [CAPS] tahun [CAPS] yang [CAPS] lalu [CAPS]. <username> lupa [CAPS] banjir [CAPS] ingetnya [CAPS] aibon [CAPS] saja [CAPS] ! [REPPUNC],1
Kulihat banyak teman seperjuanganku yang mulai maju dan berkreasi jujur aku bangga,0
Hal ini diperparah dengan kepo nya emak-emak sosialita istri teman2 Rajata yang menyudutkan Ruby hanya karena dia tidak melahirkan secara normal dan Gendhis diberi susu formula sebagai penambah asi [CAPS] yang belum keluar banyak. <hashtag>,0
<username> wan [CAPS] Abud penyokong <hashtag>,0
Dia orang memiliki banyak uang. Karna itulah [ELONG] di mudah menjadi [CAPS] orang baik ! [REPPUNC],1
jujur saya bagian dari relawan 212 <hashtag> banget pa,1
Biadab kau ! Dimana kedaulatan rakyatnya? Bajingan ! [REPPUNC] Ini kah yg kau mau wahai presiden Kertanegara ! [REPPUNC] <username>,0
kita [CAPS] dukung [CAPS] ! <hashtag>,1
kolam raksasa yang dijanjikan <username> akhirnya terwujud di awal tahun [CAPS] 2020 ini terima kasih bapak anies ! kami tunggu kelanjutan lainnya. <hashtag>,1
Jaman dulu waktu gua masih sekolah pas puasa gini seluruh negeri aman nyaman tentram makmur serta sentosa. Rasa ramadhannya kerasa banget. Lah sekarang? Perang Perang Perang Ujungnya sambat karna nyesel - Mending ngehasilin uang ini hasilnya luka -. <hashtag>,0
Pingin ketawa gwe liat anak sarjana tapi otak anak tk [CAPS] so yang salah bukan univ nya tapi otak sih ontong nih geserek <hashtag>,0
"Indonesia emang [ELONG] keren, koruptor sama teroris di kasi remisi [ELONG] bebas.",1
<username> Yg tdk berkepentingan harap keluar,0
Pantas saja kubu 02 tidak pernah habis dengan berita-berita kebohongannya. Ternyata memiliki tempat produksinya sendiri untuk menyebarkan kebohongan.,1
Alhamdulillah terimakasih ya [CAPS] Allah masyarakat melihat siapa kandidat yang [CAPS] berpotensi memalukan [EMOTICON] [EMOTICON] <hashtag> ! [REPPUNC],1
<username> Ini lagi makin salah jelas2 itu anggaran buat 2020 skr 2019 aja blm beres bro bro mending lu bnyk istigfar deh,0
dia [CAPS] orang memiliki banyak [ELONG] uang. Karna itulah [CAPS] di mudah menjadi orang baik,1
Wow mantap sekali Bu kalau begitu [ELONG] [CAPS] naikkan lagi [ELONG] saja Bu iuran bpjs [CAPS] nya 3x lipat.,1
Halunya gue sbg istri yg udh di tinggalin :red_heart: Nda kita pergi nonton yuk mau cgv [CAPS] or xxi [CAPS] terserah nda mau nonton film apa pkoknya yg nda suka :red_heart: Langsung jejingkrakan kalau ini kenyataan :face_with_tears_of_joy: :rolling_on_the_floor_laughing: <hashtag>,0
Sudah diendors baik2 oleh bapak presiden balasanya menyakitkan tidak [ELONG] punya etika [ELONG] <hashtag>,1
kebenaran [CAPS] itu akan [ELONG] nampak [ELONG] walaupun terlambat skalipun telah [CAPS] <hashtag> ! [REPPUNC],1
Kaminingin hidup di jaman pra sejarah makanya <hashtag>,0
jangan salah paham. diskotik yang [ELONG] diberi penghargaan sama gubernur pilihan umat itu minumannya air zamzam cemilannya kurma ikhwan dan akhwat jogetnya dipisah.jogetnya pun harus joget unta..syariah beud pokoknya ! [REPPUNC],1
<username> Tompel Mabuk kacang panjang..,0
bonafide gw respek sama [ELONG] kader2 partai amarah nasional ini [ELONG] yang udah berjuang sampai berdarah-darah. gws yah om <username> ðÿ¤­ðÿ :trade_mark:  ! [REPPUNC],1
Namanya demokrasi masa kalau pilihan beda langsung bete [CAPS] begitu. Lebay sekali. Kan memang disediakan pilihan kenapa mesti menuntut [CAPS] untuk sama? Embel-embel BoikotBukalapak serasa ringan saja itu salah satu [ELONG] aset perekonomian [ELONG] karya anak bangsa banyak orang terbantu adanya dia ! [REPPUNC],1
<username> Doa tambahan di tiap sujud ku kepada Allah di bulan puasa ini agar rezi… <link>,0
Malam tak berbintang eh ternyata bintangnya ada di kulkas. <hashtag> <link>,0
<username> Kalau luka gak usah pakai bpjs [CAPS].,0
Terima kasih [ELONG] bapak <username> telah mengendalikan banjir dengan baik sehingga Jakarta saat ini tidak ada lagi yang tidak banjir.. Semua sudah merata.. ! [REPPUNC] <hashtag>,1
<username> Justru krna saya gak tau makanya nanya apa arti guk. Krna beda daerah beda makna. Drpdp sotoy nebak2. Klo kamu mikir mencla mencle ya monggo tp klo saya agak ragu dg ucapan sas [CAPS] tetep kok masih ragu makanya tunggu aja tindakan berikutnya.,0
Astaga prabowo [CAPS] adalah capres hasil Ijtima Ulama lho kenapa sering ditanya jumatan di mana ? <hashtag> ! [REPPUNC],1
<username> Lonte lu anjir. Pura Bego lagi. Bahasa konten lu sarkasme banget. Sok ga bersalah lagi lu.,0
Mereka bersikeras ingin mencampur kecap manis dgn oli bekas walaupun wujudnya sama tdk akan pernah menyatu massa jenisnya berbeda. Begitu jg yg haq dan yg bhatil selamanya tdk akan bisa disatukan. <hashtag>,0
<username> yang bajingan bangsat itu yang beli lahan milik pemda dki [CAPS] sendiri.,0
selamat [CAPS] datang [CAPS] di indonesia Dimana orang kaya takut miskin tapi orang miskin tidak takut kaya ! [REPPUNC],1
"puluhan kader berdarah darah di kongres pan diduga kena lemparan kursi [ELONG] katanya partai allah tapi gajak ko bar bar ðÿ :trade_mark: ""ðÿ :trade_mark: ""ðÿ :trade_mark: "" jd pengen ketawa tapi tkt mules [ELONG] ðÿ¤­ ðÿ¤­ ðÿ¤­",1
<username> bapak [ELONG] Anies makasi kado taon barunya akhirnya Jakarta banjir [CAPS] lagi. 2th lebih menjabat [ELONG] prestasi anda luar binasa [ELONG] ! [REPPUNC],1
<username> dokter [ELONG]. [REPPUNC] Mancrabs [ELONG] :thumbs_up: :thumbs_up:,0
Soalnya kadrun sering klaim merekalah awal dari segala agama. Termasuk aliran kepercayaan Original Indonesia ini berawal dri kadrun [CAPS]. Jgn kan agama sorga aja di klaim sendiri padahal yg punya aja ga sebutin nama kadrun [CAPS]. :rolling_on_the_floor_laughing: :rolling_on_the_floor_laughing: :rolling_on_the_floor_laughing: <hashtag> krn kejujuran <username> <link>,0
<username> Iya nanti di atas sosialita pasti,0
dulu kalian milih Anis kan bukan karna program kerjanya karna kalian seagama [ELONG]. Mampus lahh kao skrg punya gubernur tidak punya program kerja. Aku tidak suka ya agama dijadiin embel2 dalam politik. nanti [CAPS] Allah marah. kalau tidak nepatin janjinya. <hashtag> ! [REPPUNC],1
Sekarang ada yang menerima hasil dari tuduhannya sendiri terlalu picik memang.,0
Kepada Pak Nadiem Makarim terima kasih karena anda sudah berani memperbaiki sistem pendidikan Indonesia yang (agak) kacau. Tidak ada hafalan tidak ada un [CAPS]. Indah sekali hidup ini.,0
Kalau mempersoalkan cadar dan celana cingkrang itu dampaknya malah kegaduhan dan tidak substantif. Tapi kalau Pak Menag mampu mendorong ruu [CAPS] Miras disahkan itu baru terobosan. Umat menunggu gebrakan Pak Menag soal regulasi miras tutur Fahira. <link>,0
Kalau bgtu tempe lebih [CAPS] berharga juga [CAPS] dri pda kau. <hashtag> mu itu membuat kami muak..,1
Semoga pihak sebelah make akal sehat dan sadar [CAPS] diri [CAPS].. <hashtag>,1
Menandai 20 tahun resolusi dk [CAPS] pbb [CAPS] pertama tentang Perlindungan Masyarakat Sipil dalam Konflik Bersenjata,0
dwp [CAPS] aman diskotek dapet penghargaan. Makin kagum sama Gubernur Indonesia bapak Anies yang berhasil mengembangkan Wisata Party berbasis Syariah. [REPPUNC],1
<username> Hooh seneni kono sekolah ra pinter malah goblok ndang ! [REPPUNC],0
jangan [CAPS] boros [ELONG] Kamu masih miskin baek [CAPS] ngopi coeg [ELONG] <hashtag> ! [REPPUNC],1
Main dengan semangat dan menang ! [REPPUNC] <hashtag>,0
Itu preman pintar. Itu provokator sama kayak kau.,1
Baru tahu kerjaan dpr [CAPS] gerebek psk [CAPS] Selamat anda mendapat gelar dpr [CAPS] rasa Satpol pp [CAPS] <hashtag>,1
Lihat Kondisi Monas Sekarang.. ! [REPPUNC] Mw bilang semakin Bagus.. ! [REPPUNC] gblk [ELONG] [CAPS] anda jangan kebangetan <hashtag>,1
sejak aksi 212 hingga aksi didepan gedung mk [CAPS] sekarang yang mengatas namakan agama tidak ada sangkut paut sama sekali dengan islam karena islam tidak pernah mengajarkan keritik pemimpin dgn cara aksi dan menhujat. <hashtag>,1
<username> Pingin peluk [ELONG]. [REPPUNC] :face_with_tears_of_joy: :face_with_tears_of_joy: :face_with_tears_of_joy: :face_with_tears_of_joy:,0
elite nya udah damai nih. mari yang dibawah juga damai :relieved_face: :relieved_face: <hashtag>,0
<username> Itu pak <username> ngapain ikut nimbrung? Emang dia punya kontribusi apa buat negara? Hadehh,0
<username> Mana dia santun [ELONG] unggah unguh saja ngak paham semua ditrabas demi pencitraan dirinya merasa paling kuasa dan sombong [ELONG] dia <hashtag> ! [REPPUNC],1
Hobi banget ngebacot di sosmed padahal dirumah mah kalem <hashtag>,0
Menag: Cadar dan Celana Cingkrang Bukan Ukuran Ketakwaan <link>,0
<username> Staf Khusus hehehhehee,0
Aku juga minta <hashtag> <link>,0
prestasi [CAPS] gabener [CAPS] Anies Di Musim Hujan ini Bisa Membuat Kolam Renang Di Tengah Rumah Warga dg Banjir Kiriman yang barokah. Banjir ini bukan [CAPS] musibah [CAPS] Jadi tidak Perlu Diantisipasi Cukup dg Doa. fokus [CAPS] Ayo tebak [CAPS] Benda-benda apakah yang lagi mengambang itu? <hashtag>,1
