content,label
<username> Di sini saya berbicara dalam konteks sebagai warga negara non… <link>,0
Beneran pengen tahu tanggapan mereka. <username> Gerakan <hashtag> dan acara tadi pagi ditaman bungkul <link>,0
Anda anggota dprd [CAPS] lama <username> tapi mungkin mental maling [CAPS]. <link>,0
<username> Sekali sekali dea pengen punya circle sosialita lin,0
Kamu tahu tidak..? Pasti tidak.. Goblok kamu memang..,0
Anies Janji Izinkan Reuni 212 Tahun Depan Digelar di Monas <hashtag> <link>,0
Terimakasih atas pengkhianatan ini Terimakasih atas antipati perjuangan kami Terimakasih atas tidak didengarnya aspirasi kami Saatnyaa. [REPPUNC] <hashtag>,1
setelah Kerajaan Kerathon Sejagad kini ada lagi sunda [CAPS] empire [CAPS].Ketololan yang hqq [CAPS]. ! [REPPUNC],1
Hore [ELONG]. [REPPUNC] ! [REPPUNC] Mantab [ELONG] ! [REPPUNC] Kelakuan bejat Andre Dengan menjebak nn [CAPS] Bakal diseret ke meja hijau. Dukung nn [CAPS] dengan: <hashtag>,1
Partai Allah mah Bebas Sajadahpun boleh diinjak <hashtag>,1
Sst [ELONG] liatin saja sambil makan gorengan <hashtag>,0
Berhentilah jadi <hashtag> dngan mengeluhi rezeki apa dan berapa yang km dapatkan hari ini berkaca saja pda pemulung yang belum tentu dapat makan,0
menang kami bangga kalah kami setia :fire: :fire:,0
<username> Dasar licik kau Bud ! Omong doang yang besar. bangsa ini tidak perlu kau ada di sini,0
<username> Fadli Zonk itu semacam biji kutilnya Pak Wo,0
<username> Mangkane nak ngomong ojo asal mangap nil konfirmasi dulu bener tidak A1 info ini soal gaji pak Prabowo.. jubir anyar maklum lah,0
Buat para pembenci Selamat anda dipimpin oleh orang yang anda benci kembali. Dan selamat menikmati ketidksukaannya ditunggu status-status nyalahin pemerintahnya. <hashtag> pic.twitter.com/n3GaTERfKC,1
Kapolri Idham Aziz berjanji untuk memberikan pengabdian yang terbaik bagi institusi Polri masyarakat negara dan bangsa. Semangat jendral. Pastikan tidak ada lagi radikalisme di bumi pertiwi ini. <username> <hashtag> <link>,0
Dokter bisa beli mobil tukang parkir hanya bisa jaga mobil,1
wkwk [CAPS] sarkasme sama litotesnya dapet banget mas [ELONG] [EMOTICON] <link>,0
Seberapa yakin kalian kalau nanti pak <username> akan memilih <username> sebagai salah satu badan pengawas <username> ! [REPPUNC] <hashtag>,0
Sekarang ada yang menerima hasil dari tuduhannya sendiri terlalu picik memang.,0
<username> salam generasi optimis ! jauhjauh deh segala pesimisme dari bangsa ini,0
<username> Halah Tompilasi. [REPPUNC] eh maksudnya Tompi lagi Nge gas sembarangan bahaya tuh nanti kamu jatuh ke jurang,0
<username> Faktor tempat pengaruh Om. [REPPUNC] wols saja. [REPPUNC] tidak perlu keluar kata Goblok seperti itu. [REPPUNC],0
pas kegeledah kemaren malam. polisi nemuin sabu sabu kondom juga seorang wanita. idih kok si <hashtag>,0
<username> ya allah aku bacanya tolol mau dikomplain awalnya alamak [EMOTICON],0
<username> semanagt broo.. millenial harus tunjukan kinerja rakyat. [REPPUNC] salah kalau si ketua bilang *anak baru*.. tidak ada namanya senioritas tapi netralitas kita butuhkan. [REPPUNC] anda itu mewakili rakyat bukan pejabat. [REPPUNC] kita dukung,0
Awas setang putar so ja ba jadi Fakta tapi di blg Hoax. Hahaba <hashtag>,0
<username> Perpres no 75 tahun 2019 telah ditandatangani secara resmi iuran bpjs [CAPS] naik 1 Januari 2020 bukakah bpjs [CAPS] devisit akibat over kuota yang gratis karena sesuai uu hanya rakyat miskin sebayak 9 6% atau 25-30 orang yang berhak menerima bukan 96 6juta orang atau 35%.,0
Sekelas ceo [CAPS] data 2013 dibilang data 2016? Dan Padahal bl [CAPS] sudah dipromosikan sama presiden jokowi baru ini tapi balesannya tidak mencerminkan sikap ceo [CAPS]. [EMOTICON],1
Kerenn [ELONG] :flexed_biceps: Tuntaskan kasus Novel Baswedan Pak Kapolri :oncoming_fist: <hashtag> <link>,0
prestasi [CAPS] yang membanggakan [CAPS] Peluncuran Pesawat Luar Angkasa Indonesia. [REPPUNC] ! [REPPUNC].. Indonesiaku Makin santuy [CAPS].. <hashtag>,1
jaga kesehatan ya bapak kasian bapak sudah tua kok masih marah-marah saja. sudah bapak dirumah saja deh istirahat. <hashtag>,1
Jaman dulu waktu gua masih sekolah pas puasa gini seluruh negeri aman nyaman tentram makmur serta sentosa. Rasa ramadhannya kerasa banget. Lah sekarang? Perang Perang Perang Ujungnya sambat karena nyesel - Mending ngehasilin uang ini hasilnya luka -. <hashtag>,0
Manusia butuh kawan bisnis butuh network.. <hashtag>,0
<username> tidak prnah slingg mlmpar sarkasme sama kmuu. bsk kta cba yya.._ [ELONG].v,0
<username> Wow mulia sekali wanita itu memfoto ktp pacarnya agar ada backup data saat kurang uang di laundry jadi ninggal ktp [CAPS],1
Ternyata Bu <username> pernah ditekan sama <username> ya? Tapi tidak mempan giliran ganti menteri baru eh langsung di acc. <username> <link>,0
Aku tahu kamu butuh dia yang bisa memperlakukanmu dengan manis dan romantis bukan aku yang cemburuan dan overprotektif <hashtag>,0
<username> yang namanya sistem memang harus dilakukan perbaikan terus menerus bukan hanya soal hitung menghitung doang. [REPPUNC] Sistem operasi Adroid &amp; iOS saja dilakukan pembaharuan terus menerus apalagi e-BUDGETING anggaran. [REPPUNC] <link>,0
<username> Pimpinannya sontoloyo Pembantunya genderuwo. Klop !,0
<username> Ha ha ha. [REPPUNC] justru rapbd ini tinggalan koh ahok. Termasuk system koh ahok. Gimana sih?,0
<username> Jubir bapak hanya sekelas ini pak,0
Terima kasih bapak <username> telah mengendalikan banjir dengan baik sehingga Jakarta saat ini tidak ada lagi yang tidak banjir.. Semua sudah merata.. ! [REPPUNC] <hashtag>,1
Dibalik rasa saya memanggil sosok beliau yang ramah tamah dan merakyat. Beliau tidak banyak bicara namun tegas bertindak salut <hashtag>,0
<username> Sehat selalu yaa bu Susi Pudjiastuti. Jaga kesehatan bu Terimakasih telah berjuang demi negeri ini :smiling_face_with_open_hands: <hashtag>,0
Pengusaha tidak tahu balas budi lupa akar otak kampret ! Masih banyak aplikasi belanja online lain ! Beralih ke Tokopedia atau Shoppee dan lain lain yang masih waras !,0
<username> pemerintah memang pintar pintar berkilah pintar alesan pntar bohong pintar alibi dan lain lain,1
Satu kata unt indonesia membanggakan [CAPS]. Level demokrasi sudah tinggi yang <hashtag> mhn mf anda akan tertinggal ke dpn negara ini akan maju dn disegani.,1
<username> Diskusi urusan akun istri tni yang nyinyirin sinetron darah 3 liter ya pak. :rolling_on_the_floor_laughing: :rolling_on_the_floor_laughing:,0
<username> Yang mulia <username> notice tidak yaa. Wkwk,1
Wahai kalian yang suka teriak-teriak kriminalisasi Ulama penista Ulama. Mana suara kalian jelas si <username> meremehkan Ulama Sepuh Nusantara. Bukankah kalian sangat takzhim pada Mbah Maimoen ….,0
"Selamat untuk pak <username> yang sudah melewati rekor banjir dibulan Januari sebanyak tiga kali dengan membuat banjir dibulan Februari sudah sebanyak empat kali. Pertahankan dibulan depan pak kalau bisa sih melewati juga. Doa gubernur Soleh memang hebat, salut saya.Wajah dengan air mata bahagia <hashtag>",1
Kebijakan bang sandiaga bagus seperti kebijakan pak <username> di jkt ada program jkt mengaji itu jelas real,0
Yang dicari polisi dikloset pasti otaknya. <hashtag>,1
Bandel tuh diluar jangan dikandang!<hashtag>,0
<username> rapbd [CAPS] diajukan setahun sblm pelaksanaan..dilakukan beberapa kali Pembahasa mulai dari tingkat Pemda sampai dprd [CAPS]..setelah disyahkan oleh dprd [CAPS] jadi apbd [CAPS] dan baru boleh dibelanjakan,0
Optimis yakin bisa itu harus. Kita harus selalu berdoa dan usaha pasti diberikan jalan yang terbaik amin. [REPPUNC],0
tidak salah sih menyuarakan pilihan politik nya. Tapi harus siap juga akan konsekuensi nya. jangan cm berani ucap tapi lalu koreksi seolah netizen bodoh.,1
sudah sok sedih playing victim lagi. Bilangnya tidak tahu apa-apa ternyata suka bohong :relieved_face: Punya satu temen toxic bacotnya gede pula Katanya temen tapi klepto :relieved_face: kamu goblok atau gimana? Punya satu temen juga nih sudah dikenalin kemana-mana malah gatau diri juga :relieved_face:,0
<username> Salam balik dari Jakarta. Yang sedang terik-teriknya. Yang setiap hari macet ujan dikit banjir [EMOTICON],0
akhirnya terungkap ya mas fatah jangan nangis anak laki harus berkuasa wkwk <hashtag>,1
<username> Goblok bat bikin malu. Norak ya [EMOTICON] Yang bikin gua takut kalau e [EMOTICON] ke indo ya begini. [REPPUNC] liat erina goubluk,0
Duh jadi inget pas w ke elizabeth ada kumpulan emak sosialita yang ngeborong [ELONG] terus foto didepan pintu ngalangin jalan wkwk mau pamer abis belanja banyak,0
Istana Presiden Kebanjiran Luar biasa.. [ELONG] Janji kampanye <username> sudah terealisasi. Sediakan kolam untuk warga Jakarta.! <hashtag>,1
taik [CAPS] anjing [CAPS] ! [REPPUNC] aku ldran medan-jakarta ngasi makan dia 7 bulan karena tidak dapet kerja disana. malah ngedapetin dia selingkuh. kontol [CAPS] <link>,0
Pengusaha yang sukses itu wajib [CAPS] harus \tahan banting\! Justru saat gagal ia harus banyak belajar dari kegagalannya itu.,0
Kenapa tidak dikasih pinjem buat bpjs [CAPS] kesehatan Sontoloyo Uang bpjs [CAPS] Rp 100 T Mau Dipakai Program Rumah Jokowi Setuju? <link>,0
<username> Hh [ELONG].. Sontoloyo..,0
Harapan Besar Senator Fachrul Razi Terhadap Kapolri yang Baru <link> <hashtag>,0
Makan ikan sehat makan ikan kuat makan ikan cerdas.. Tidak makan ikan ditenggelamkan ! [REPPUNC] kata Susi. <hashtag>,0
Terima kasih pak ! Bravo tni [CAPS] ! <username> <hashtag>,0
.Kapolri Baru broo. Radikalis harus hengkang dari Indonesia.. Radikalis adalah Oknum Oknum yang mengatas namakan Islam. [REPPUNC] Jadi Hati-hati pilih Pengajian.. <username> <hashtag> <link>,0
<username> Nia ramadhani y mb ! [REPPUNC],0
Ya sampai detik ini saya masih berada di sisi nia ramadhani. Harum soalnya.. <link> <link>,0
Film Keluarga Cendana ini ternyata bercerita tentang keluarga kaya yang jatuh miskin. Baru tahu..,1
Cara ucap unicorn tu yang gagap bikin orang ragu. [REPPUNC] <hashtag>,0
La Nyalla Mattalitti mantan pendukung Prabohoax tidak heran bahwa <hashtag> karena beliau begitu mengenal bagaimana watak Prabohoax yang temperamental.,0
Kuakui kamu memang terlalu hebat. tidak semua orang punya perasaan setangguh kamu. Kamu; yang terus menerus mampu memaafkan kesalahannya.,0
norak kamu tolol,0
Daripada main mobil mending tuh ibu sosialita gaul istri orang kaya main brondong saja. Mereka puas pemuda dapat kesejahteraan. <link>,0
Bagaimana bisa Mendikbud yang diangkat dari kalangan ceo [CAPS] pebisnis online? <hashtag> <link>,0
kamu kalah tapi kamu ngotot menyuruh jokowi mundur tidak masuk akal <hashtag>,0
Biarkan dia bekerja Kita tunggu hasilnya saja. <hashtag>,0
Ini Indonesia tercinta ku. [REPPUNC] Kalau khilafah dan kadrun monggo buat negara sendiri sana. [REPPUNC] Berjasa tidak buat negara ngerecokin iya.. kadal ! [REPPUNC] <hashtag>,1
Oiya lupa mau bilang Bapaknya almarhum bj [CAPS]. Habibie alumni kampus pertanian dan dia balik ke sulsel dengan jadi pejabat pertanian dan sukses bertani pakai dasi. <link>,0
kalau kalian pada mengerti ya Presiden <username> juga masuk dalam 500 Muslim paling berpengaruh di dunia versi Royal Is <link>,0
dan you <username> mengklarifikasi tanpa kordinasi kan ! [REPPUNC] :face_with_tears_of_joy: :face_with_tears_of_joy: :face_with_tears_of_joy: Piye iki jubir <username> wkwkwk <link>,0
Waspada provokator jangan mau percaya berita yang sifatnya provokasi <hashtag>,0
Bikin nya 1 kata saja bukan 1 kalimat dodol <hashtag>,0
<hashtag> baru tahu aslinya dia lupa pemerintah sudah mensuport untuk kemudahan bisnisnya tapi omong kosong menunjukan kwalitas dari owner bl [CAPS].,1
Kalau bicara tuh yang sesuai faktanya dong. Apalagi pak sandiakan faham hukum kan?,0
mimpin sholat tidak bisaa. Lah [ELONG] mw pimpin negara situ shat bapak ! [REPPUNC] <hashtag>,1
15.03 wib [CAPS] <hashtag> Karawang Barat km [CAPS] 47 - km [CAPS] 43 arah Jakarta padat [CAPS] kepadatan volume lalin. Bekasi Timur - Cikunir padat [CAPS] kepadatan volume lalin.,0
<hashtag> Itu yang yang slalu iri dengan prestasimu dan menyebar fitnah,0
intinya [CAPS] Jokowi menguasai masalah Prabowo menguasai lahan [CAPS] Prabowo salah [CAPS] besar [CAPS] soal Infrastruktur <hashtag>,0
Terima saja itu kelengahan anda <hashtag> lebih buruk kalau sampai menyalahkan pendahulu,0
Ini buzzernya siapa sih pada pakai <hashtag> pasti pada syirik saja lihat Erick Tohir jadi menteri,0
<username> hahaha belum banyak bergaul dengan maling apbd [CAPS] :rolling_on_the_floor_laughing:,0
kpk [CAPS] dan jaksanya keras tapi hakimnya sontoloyo. Kalau banding kerjanya hanya mengurangi hukuman. Sejak tidak ada Artijo Alkostar terdakwa selalu pengen banding <link>,0
Semua mahzab dalam Islam punya rujukannya kami ambil sedikit dari Tafsir Al Qurthubi ya pak. <hashtag>,0
alhamdulillah [CAPS]. [REPPUNC] ibukota jakarta [CAPS] akhirnya punya prestasi mendunia ! <hashtag>,1
Kementerian Agama akan menyisir masjid-masjid dan memberi peringatan kepada pengurus masjid. selengkapnya [CAPS] <link> <hashtag>,0
Wht anda bilang cukup 3 tahun membangun perekonomian. Ngibul ih <hashtag>,1
Sek iseh sekolah ayo gek sekolah le bener sek pinter ben ra dadi polishit <hashtag>,0
<username> Anda dokter [CAPS] ! [REPPUNC] ck ck ck.. ! [REPPUNC] Mau nanya dokter spesialis bedah kelamin ya ! [REPPUNC],0
kalau merasa hukum tidak berat sebelah tangkap orang yang bilang abb [CAPS] bebas pengecut,1
kalau aku jadi horang kayah kan kubeli 1 pulau terpencil khusus [CAPS] buat [CAPS] habitat [CAPS] kadrun [CAPS] ! Biarin dah kalau disana mereka mau dirikan khilafah atau mau saling bunuh2an tidak urus dah. Drpd ngerecokin terus di nkri [CAPS] mengganggu kedamaian warga yang lain <hashtag>,0
<username> saya banget nih kalau nnton arsenal lawan big 6. Berasa ky saya ny yang bwa beban padahal memang goblok aj,0
Pendekatan Kultural Dan Kemanusiaan Akan Lebih Difokuskan Untuk Menangani Permasalahan Di Papua.. ! [REPPUNC] ~Mahfud md~ [CAPS] <hashtag> <link>,0
Bau baunya jakarta utara bakal ujan nihh,0
Hadapi revolusi industri 4.0 dengan optimis <hashtag>,0
<username> tinggal pecat. [REPPUNC],0
Biaya kuliah makin mahal tren juga makin jahat makanya jangan kaget kalau ayam kampus makin banyak. <hashtag>,0
Ketika yang lain nonton dengan serius tetapi teman ku [ELONG]. [REPPUNC] <hashtag> <link>,0
Orang Sukses selalu kelebihan cara namun orang Gagal selalu kelebihan Alasan,0
Jadi gimana Pak <username> ini jadi boleh gitu ke tempat yang diberikan penghargaan ? kan bagus pasti datang ke tempat yang pernah dikasih penghargaan <hashtag> <link>,0
<username> ditangan [CAPS] anies [CAPS] tanah [CAPS] abang [CAPS] kembali [CAPS] seperti [CAPS] dulu [CAPS] lagi [CAPS]. semakin [CAPS] semrawut [CAPS] semakin [CAPS] banyak [CAPS] uang mengalir [CAPS] paham [CAPS] khan [CAPS] kenapa [CAPS] haji [CAPS] lulung [CAPS] pro [CAPS] anies [CAPS],1
App si burung jadi rame ya. Warga ige pada hangout disini semua. [REPPUNC] <hashtag>,0
Tips Belajar Pintar : \'\'Pilih waktu belajar yang tepat\'\' Tips Belajar Pintar : \'\'Bangun suasana belajar yang nyaman\'\',0
<username> Ada lagi Dokter linglung. [REPPUNC] :face_with_tears_of_joy:,0
<username> Jenderal tolol [CAPS]. Jumlah suara sah <username>+<username>+<username>+<username>+<username> saja tidak nyampe segitu di pemilu legislatif kemarin. Kalau aku jadi pki [CAPS] dengan angka segitu aku bikin gulung tikar tuh pdip [CAPS].,0
Jakarta Lumpuh ! Selamat Tahun Baru & Selamat Datang Banjir Apakah ini Doa dari para Wahabi terkabul. ! [REPPUNC] <hashtag>,1
Ngaku negarawan tapi tidak legowo menerima kekalahan Pemicu kerusuhan pula yang baegini mau jadi Presiden,0
<username> Smg Allah slalu melindungi mu pak.,0
Bpjs (budget pas pasan jiwa sosialita),0
Debat belom di mulai kok sudah bikin tagar PrabowoMenangDebat Waras Kalian terlalu nafsu. Giliran pas main sudah ko [CAPS] duluan [EMOTICON] [EMOTICON],0
20 oktober 2019 pelantikan presiden dan wakil presiden pilihan rakyat Indonesia mari kita Sukseskan bersama ! <hashtag>. <hashtag>. <hashtag>,0
Judulnya Presiden <username> beri apresiasi ke pedagang pisang <username> dan pedagang martabak jalan jalan ke arab saudi wkwkwkk,0
Baru tahu kerjaan dpr [CAPS] gerebek psk [CAPS] Selamat anda mendapat gelar dpr [CAPS] rasa Satpol pp [CAPS] <hashtag>,1
<username> Tolol,0
Kalau diumumkan hanya menimbulkan kehebohan gubernurnya kelihatan keren sih memarahi anak buahnya tapi bukan itu yang saya cari. kata Anies. <hashtag> <link>,0
Politik menurut Bpk <username> <hashtag>,0
<username> please jangan ada yang banding2in hasil badminton sama sepakbola kita jangan. [REPPUNC] tidak level hahaha,1
Luar biasa ini lah <hashtag> 2020.. Warga jekardah khusus yang Pe'a pasti Heppi karena kecimplung berkah terus.. <hashtag>,1
<username> bukan fanboy anies tapi anies janji mau realisasiin stadion bmw Jakarta yang skrng sudah progress sekita 17% kalau ahok?,0
Anies meyakini bahwa kondisi Jakarta aman <hashtag> <link>,0
<username> Boleh tapi tidak boleh ganggu kinerja Lembaga Penyelengara Pemilu. Satgas boleh mengawasi bo… <link>,0
Apakah dengan mendukung mati matian salah satu pascol presiden akan berdampak ke kehidupan anda secara siknifikan? bacot [CAPS] ! [REPPUNC],1
<username> Sudahlah jangan kepancing provokasi sama akun abal abal di bulan puasa eman pahala sama tenaga :face_with_rolling_eyes:,0
Jangan mengkambing hitamkan agama <hashtag>,0
<username> Slama ini masyarakt berbelanja tnp mpermsalhkn soal agama.. Mreka bsa rukun dn baik sja..dng bsa memilih dagangan yng baik..mkanya jng diganggu dng imbauan belanja di Warung Islam dn Produk Muslim. [REPPUNC] gliran di sentil ehh ngtain orang rasis :grinning_face: :grinning_face: :grinning_face:. [REPPUNC] tebar imbauan yng menyatukan.,0
Aku suka hari minggu. Terima kasih Tuhan. Selamat tidur,0
Suci dalam bedu,0
<username> Pemimpin tolol [CAPS] ya gini,0
Pakai baju seringnya begini. Kapan bisa masuk geng sosialita. <link>,0
<username> Manusia sontoloyo nih..,0
Pemimpinya katanya hasil itjima ulama tapi si fadli hina Ulama. Yang di hina fadli adalah Ulama Besar yaitu Mbah Moen buat Niken no sanse. Wajib di Tenggelamkan.,1
<username> Mungkin kmarenan dikira abok lem bang ibon :face_with_tears_of_joy: :face_with_tears_of_joy: :face_blowing_a_kiss:,0
Mungkin ini salah satu program kerja bapak Anies untuk memeratakan kesejahteraan warga dki [CAPS]. <hashtag>,1
Kami bangga berjuang bersamamu Bapak. Inilah kisah yang bisa kami ceritakan kepada Anak Cucu kami.Tentang kebenaran melawan Kecurangan. <username>,0
<username> kalau tidak tolol [CAPS] bukan kadrun [CAPS] namanya,0
Ingat ye kawan <hashtag> Ganti Presiden Jokowi itu Maha Benar dia tidak pernah salah harus dipuja puja kalau perlu disembah.,1
1329 tandatangan masih dibutuhkan kita bisa bantu dengan tandatangani petisi ini,0
Lah goblok <link>,0
<username> Ayo serang Anies man..,0
kamaren mngatakan antek aseng skarang malah heppy sama orang asing plinpan banget sihh om [ELONG] g malu apa dengan perkataan sendiri. [REPPUNC],1
Radicalisme itu berasal dari fikiran bukan celana cingkrang.,0
Kaulah alasanku untuk berjuang <hashtag> Konveksi,0
Nangis [ELONG] apotek banjir :loudly_crying_face: :loudly_crying_face: :loudly_crying_face: :loudly_crying_face: :loudly_crying_face: :loudly_crying_face: :loudly_crying_face:,0
Kalian katakan Ahok tidak pantas disebut pemimpin karena bicaranya yang kasar tapi ada orang yang juga bicarany kasar kalian ktkn pemimpin umat,1
Masril Piliang me-Retweet Jurnalis tb tapi otak dia di sol sepatu <hashtag>,1
dwp [CAPS] yang nyumbang pajak 10M didemo. [REPPUNC] Diskotik yang dikasih penghargaan Gubernur dibela :rolling_on_the_floor_laughing: <link>,0
cebong emang otaknya didengkul mau nyalahi Anies demi Ahok kagak tahu kalau bpjs [CAPS] itu Jokowi yang urus cebong jehaena dungu kuadrat [EMOTICON] [EMOTICON] [EMOTICON],0
Saya berjanji akan akan menyelesaikan membacanya sampai tuntas hingga bikin para pendukung paham <hashtag> <link>,0
sudah dibaca yas? Ibu sosialita naik pajero nabrak 2orang tewas di tempat 1 tewas di rs 1 ibu sosialitan,0
Hatiku Indonesia hati kita semua Indonesia. Karena jika ada yang tergores padamu yang terluka kita semua.,0
<username> kan pengusung utama wan aibon <username> moso tidak dibelain seh. [REPPUNC] :face_with_tears_of_joy: <link>,0
Provokatornya ini? canggih juga nih prabowo milih orangnya <hashtag>,0
Kita Dukung ! <hashtag>,1
<username> Mantap coi. [REPPUNC] jancuker sejati otak waras. [REPPUNC] koruptor anjing di pelihara,1
WakwawwWww. [REPPUNC] Sontoloyo pisan euyy. <hashtag> <link>,0
<username> Sontoloyo ternyata Saya juga di unfoll sama nih artis pendatang baru :grinning_face:,0
Kerja tidak becus nyinyir lagi kuwalat kamu Zon,0
Narasinya menipu warga. <link>,0
<hashtag>.. Lha kamu nya kapan?,0
kalau punya akal waras sih harusnya tidak puas menyebar hoax dan mengakui hoax.,1
<username> semangatin apaan? wkwkwkwk caranya dia salah tolol. kamu yang dongo laki ngapain julid disini. emang gabisa gt ngasi tahu secara pribadi? harus banget di umbar yang bikin perspektif orang ke laura malah makin jelek? mikir bego junjungan kamu k,0
Ternyata surga itu dekat jakrta Mabuk agama menikmati diskotik <username>,1
<username> Ini ya sosialita Indonesia yang jadi buronan karena menipu di tiga benua. <link>,0
Hadeuh..blm ngantuk juga. <hashtag> xb <link>,0
ternyata anak-anak sudah disiapin jadi martir sama para perusuh. prabowo harus tanggung jawab.<hashtag>,0
kalau ikut kontestan pilpres kalau kalah ribut mending g usah ngikut deh lho.. bikin ribbet saja.. <hashtag>,0
Makin kurus die 5 tahun ke depan puasa lagi btw jangan lupa bayar listrik n kirim uang ke Sarumpaet yah conk <hashtag>,0
Lembaga antirasuah itu masih menunggu adanya laporan dari para pembantu Presiden Jokowi itu. <hashtag> <link> <link>,0
Sehat terus Bung Ferry Tetaplah jadi panutan kami <hashtag>,0
Jangan coba melawan alam dengan kekuatan kata kata dan toa Kamu akan semakin dipermalukan bapak Anies. <hashtag>,1
Kamu memang goblok fel jangan sering sering main <username>,0
<username> Lonte kamu anjir. Pura Bego lagi. Bahasa konten kamu sarkasme banget. Sok tidak bersalah lagi kamu.,0
<username> Mulia sekali suami tersebut rela menjual istrinya dengan harga murah demi memenuhi kebutuhan sehari-hari.,1
<username> Modyar cocote. [REPPUNC] ahok tumbang. [REPPUNC] maka ahok muda keluar dari kandangnya ! [REPPUNC],0
Semua orang akan menghadapi rintangan termasuk mereka yang sudah sukses saat ini. Bedanya orang yang sukses mampu mengatasi rintangan itu.,0
Depok. mendung sama geledeknya santuy banget ampe tidak ujan <hashtag>,0
Banyak pihak ln [CAPS] sebenarnya yang menginginkan ps [CAPS] menang pilpres lalu. Kesempatan jadi Menhan sebenarnya salah satu cara pihak asing untuk ingin tahu kondisi nyata di tanah air baik Poleksosbud Hankamrata <username> <link>,0
tugas negara melayani rakyat <hashtag> <link>,0
Kalah pilpres gagal berkuasa dan gagal jadi negarawan <hashtag>,0
Alhamdulillah [ELONG] air berkah kalau banjir begini anies tidak akan nongol kalau sudah habis baru muncul lalu pengikut sampahnya teriak solusi anies,1
Untuk perempuan-perempuan di Indonesia dan seluruh dunia saatnya berjuang bersama untuk kemajuan umat manusia.,0
<username> Rapatkan barisan satukan tekad demi Indonesia Damai. <hashtag>,0
aku kokoh dukung 01 karena ku tahu sang bahadur yang kau bagakkan nyatanya hanyalah seorang yang lemah.,1
Katanya sekolah tapi otaknya mana ribut ko bawa² agama <hashtag>,0
Bu <username> tolong bertanggungjawab atas ulah dan amanah netizen ini :grimacing_face: :face_blowing_a_kiss: Yang 2% abaikan saja karena akan selalu ada pasir ditelapak kaki yang bersih. <hashtag> <link>,0
<username> 1. Komisi I [ELONG] dpr [CAPS] ri [CAPS] aklamasi setelah mendengarkan paparan menyetujui dari nama yang dipilih <username> ini. Track record dan gagasan serta komitmennya tidak bisa dipandang sebelah mata dan sejalur dengan semangat besar Jokowi dalam membumi hanguskan radikalisme. <hashtag>,0
Tetap semangat Berinovasi untuk kemajuan desa. <hashtag> <username>,0
<username> Jokowi main api. Skenario lama pdip [CAPS]. Di suroBOYO dulu Wisnu diangkat tanpa sepengetahuan Risma.. <hashtag>,0
Tidak bisa dipungkiri dari awal 02 dan anteknya lah penyebab semua ini. [REPPUNC] <hashtag>,0
Wowo sebut Menkeu diganti menjadi Menteri Pencetak Utang Mereka hasut rakyat supaya pemerintahan Jokowi terlihat jelek. <hashtag>,0
<username> Ngapain juga Dok di channelnya <username> masih byk kok channel yang lebih netral dan pastinya lebih asik (panji sok asik soale). Dan yang penting adalah mau tidak <username> belajar ngitung :beaming_face_with_smiling_eyes:,0
Mendagri: Praja ipdn [CAPS] harus mampu jadi motor kemajuan bangsa <hashtag> <link>,0
Dasar otak udang <hashtag> wakil rakyat kok tidak punya sopan santun sama Kiai <hashtag>,0
kerja goblok jangan sebar hashtag tiap hari di twitter pantes miskin tiap hari maenan nya twitter mulu,0
Semua profesi asal halal dan tidak merugikan orang lain itu bagus. Disyukuri saja. Hidup di Indonesia ini kurang apa? Driver gojek saja bisa beli Mini Cooper apalagi dokter. Semangat !,0
<username> Beraninya di luar negeri coba suruh balik Sony Sontoloyo. [REPPUNC] takut ni ye [ELONG],0
Truslah berkarya dan menginspirasi banyak kaum milenial,0
Saya rela mengembalikan kepada negara tapi [CAPS]. [REPPUNC] kalau rela tidak harus pakai tapi dong bapak <username> Bilang saja Saya yang menguasai dan saya tidak rela bagi [EMOTICON],1
Sosialita Hong Kong Asal ri [CAPS] Bisnis Tas Hermes Palsu &amp; Tipu Wanita Kaya la [CAPS] <link>,0
Para pendukung 01 yang membuat hastag <hashtag> seharusnya bersikap bijak dalam berdemokrasi.,0
<username> Maksa saja jadi pinter kasihan setress tidak berujung yaa ! [REPPUNC] lanjutkan deh,1
Jubir Pinter kelancaran nyerocosnya taunya bosnya ngebantah ! [REPPUNC],1
Hasil sangat maksimal bapak <username> saya salut dengan anda karena bisa menenggelamkan Kota dki [CAPS] Jakarta sehingga masyarakat sangat antusias nyari posko² buat ngungsi. <hashtag>,1
kasian anak jaman sekarang karena ingin menunjukan sesuatu yang dia punya rela melakukan apa saja. Kayak kasus si gundik ya kan ! [REPPUNC] <hashtag>,0
ngintilin para pacar sampe parkiran ! [REPPUNC] kamu goblok apa? Apalagi teriaknya kenceng banget jingan,0
â € â € hikmah [CAPS] hari [CAPS] ini [CAPS] Ketahuilah bahwasanya wewangian yang paling wangi itu bukanlah apa yang engkau pakaikan pada tubuhmu dan pakaianmu Akan tetapi apa yang ada pada lisanmu dan wangi itu di rasakan oleh yang lain Wanginya ucapan baik <hashtag> <link>,0
Sudah cukup lelah dengan kasus Ratna Sarumpaet atau nyinyiran Fadli Zon lagi-lagi kubu Prabowo-Sandi tertimpa isu <link>,0
Terima kasih bapak <username> sudah menunaikan janjinya. [REPPUNC] <hashtag>,1
Mas <hashtag> gini lho ribetnya urus pangkat dosen di kemendikbud ibarat mau bersaing dengan Tim F1 negara sebelah namun pembalapnya suruh pasang roda dan isi bensin sendiri di fitstop cc <username> <link>,0
<username> kalau menurut ku ini goblok Wanita tidak perlu spt itu karena ada laki-laki yang akan mempertaruhkan jiwa raga demi wanita yang telah diamanahkan kepadanya ! [REPPUNC] <hashtag>,0
Saya pasti pilih nomer 1 pak untuk anda <username> Dan indonesia yang lebih hebat..<hashtag>,0
<username> Maaf tolong hapus komennya. Karena menyertakan banyak macam tagar dan tidak sama dengan tagar kami <hashtag> Bisa meracuni tagar. Terima kasih,0
Luar biasa aa [CAPS] karena ada <username> yang lama. <hashtag> <link>,0
Trending topic tentang tangkap menangkap ada tangkap prabowo ada <hashtag> ada <hashtag> ada <hashtag> Tangkap kriminalisasi pada novel baswedan kapan ne :face_with_tears_of_joy: :face_with_tears_of_joy:,0
Hari ini Persija menang maka tersenyumlah [EMOTICON] <hashtag>,0
Idham Aziz Disetujui dpr [CAPS] Jadi Kapolri <link> <link>,0
Pidatonya Prabohong boleh ber api-api namun isi tidak karuan dan Hoax belaka. memang mau mimpin negara bermodal suara lantang doang.,1
Alhamdulillah Jum'atan sudah berdo'a demi kebaikan semua sudah cek tagar <hashtag> di Trending Topic dunia ehh turun dari 4 ke 6 geber lagi bro jangan kasih kendor ! Serempak dan semangat masif dari sekarang sambil makan siang pun jadi ya Bro ! Go ! Go ! Go !,0
<username> Semoga makin keliatan rezim sontoloyo ini..,0
<username> Tolol saja itu mah,0
<hashtag> sampah politik indonesia ! tenggelamkan <username> partai muna sejagat !,0
02 efek efek buruk & efek negatif bagi bangsa dan negara <hashtag>,0
<username> memang mantap kamu nak ! pertahankan,0
Halunya saya sebagai istri yang sudah di tinggalin :red_heart: Nda kita pergi nonton yuk mau cgv [CAPS] or xxi [CAPS] terserah nda mau nonton film apa pkoknya yang nda suka :red_heart: Langsung jejingkrakan kalau ini kenyataan :face_with_tears_of_joy: :rolling_on_the_floor_laughing: <hashtag>,0
Bagaimana mau membuka pengaduan Hoax Center? Calon presiden kubunya saja pada debat capres 17 Januari lalu buat hoax lagi tentang partainya yang paling banyak mengusung caleg dari perempuan? Nyatanya bukan,0
<username> Dasar Somplak.congor babi tidak punya sopan.siapa loe anjing? Ktmu mulut loe saya sumpel pke berak :face_with_symbols_on_mouth:,0
Kalau ini namanya bukan doa yang ditukar tapi isi otak mu yang ketakar <username>,1
Alhamdulillah di kasih keberkahan yang banyak sampai tidak ke tampung :beaming_face_with_smiling_eyes: :smiling_face_with_smiling_eyes: <hashtag>,0
ternyata setelah cari konfirmasi video si <hashtag> dipotong. berbijaklah dalam menerima informasi.,0
<username> Ho oh. [REPPUNC] sontoloyo bingit. [REPPUNC],0
<username> Kamu keren banget sih :red_heart: tidak sulit untuk mengucap maaf. Mengerti juga kalau penjelasan hanya akan dianggap defensif oleh orang yang tidak akan mau mengerti keadaan kamu. Duh pria idaman banget :red_heart: :red_heart:,0
Weh anjeng newbie gausa sok sok an ceramahin saya suru jaga mulut goblok kamu anak bawang makanya sekola yang bener biar bahasa Indonesia kamu dapet nilai A biar tahu bagaimana tulisan yang sesuai dengan intonasi dongo kezel bet saya di ceramahin newbie -_-,0
Ampun deh Mba Eva Celia cantik sekali [ELONG],0
Ngopi dulu yah biar kek sosialita. <link>,0
mikir [CAPS] woy [CAPS] ! mantan [CAPS] dipikirin [CAPS] masa [CAPS] depan [CAPS] kamu [CAPS] baru [CAPS] kamu [CAPS] pikirin [CAPS] ! [REPPUNC] goblok [CAPS] dipelihara [CAPS],0
bapak Anies Baswedan memang tidak punya kekurangan. Banyak lebihnya kelebihan air misalnya.,1
Alhamdulillah Aku semakin mantab pilih 01. Aku tuh sbnrnya pengin banget ngelayat tapi gimana dong kalau orgnya belum mati <hashtag>,1
<username> Langganan kak nia ramadhani nih pasti,0
<username> Sehat selalu pakde,0
<username> Tolol ih anjung,0
Wis pakde rasah ngoyo kerjanya. [REPPUNC] yang hobby nyanyi ma mangkrak kanan kiri ja bisa 2 periode [EMOTICON] [EMOTICON] [EMOTICON],1
Katanya sayang ulama tapi di datengin ke istana malah di tembakin gas air mata,1
<username> Mau ganti smartphone baru <hashtag>,0
aku <hashtag> dari sekian banyak sifat baik rosul yang diteladani cuma bagian poligaminya,0
Jangan menjadi biadab hingga tidak punya adab !,0
<username> Adakah dengan longgokan kerja di pejabat jalan sesak pergi dan pulang kerja (pagi keluar sebelum matahari keluar balik matahari dah takde) kos sara hidup yang tinggi menjdi salah satu sebab [CAPS] kurangnya masa parents nak jumpe anak dirumah,0
<username> <hashtag> saya taulah [CAPS] siapa [CAPS] yang suka [CAPS] teriak [CAPS] saya [CAPS] nkri [CAPS] saya [CAPS] pancasila [CAPS] tapi [CAPS] semua [CAPS] dijualin [CAPS] dan [CAPS] mau [CAPS] saja jadi [CAPS] jongos [CAPS] cina [CAPS] ! [REPPUNC].,1
Di Dunia ini tidak ada yang tidak mungkin Semua bisa menjadi mungkin ! [REPPUNC] <hashtag>,0
tidak Segera Selesaikan Masalah bpjs [CAPS] Siap-siap Karam <hashtag> <link>,0
Polri: Tangkap Provokator Elite & larang keluar negri. - Tandatangani Petisi !,0
Perjuangan sang team sejati sungguh antisipasi <hashtag> <link>,0
Selamat Warga dki [CAPS] 58 Sudah Dibikinin Toa Yang Mahal Tinggal Dikasih Lagu Titanic. [REPPUNC] Pas Tenggelam Dinyanyiin <hashtag>,1
<username> jadi presiden 2 priode..? Alamat kegaduhan ini akan berlanjut.. Mereka takan sudi negara ini maju di tangan jkw.. Contoh Pembangunan lrt [CAPS] Dulu ada kecelakaan Mereka kompak caci maki jkw Saat lrt [CAPS] sukses beroperasi.. Mereka hilangkan jasanya. <hashtag>,0
Semua orang waras yang mendengarkan pasti geleng kepala ia bukan keras tapi ngawur isi pidatonya tidak karuan.,1
<username> Mira imatges de data center i veuràs rapidament els milers de treballadors que mouen :face_with_tears_of_joy: :face_with_tears_of_joy:. Altra cosa seria que em diguessis que ve Goggle Amazon i Facebook al costat del data center. <link>,0
Berbahagialah selalu. Karena itu adalah salah satu cara menjadi bijaksana.^_^ <hashtag>,0
<username> <hashtag> Wahh Congrats yaa buat kumparan atas penghargaannya :two_hearts: :two_hearts:,0
<username> Goblok-goblok saja. [REPPUNC] tidak usah ikut campur nu [CAPS]. [REPPUNC] tidak usah sok peduli. [REPPUNC] Kamu tidak ikut mendirikan nu [CAPS]. [REPPUNC] Diam. [REPPUNC] Mulut kamu tidak berguna bagi nu [CAPS],0
yang paling banyak korup ternyata pks [CAPS].. Wuiihh,0
Kelakuan 02 emang tidak ada hbisnya buat di kritik. Ini perempuan-perempuan yang mereka korbankan demi dapet elektabilitas. Mereka yang berbuat begtu ada kesalahan petingginya cuci tangan pura-pura tidak kenal <hashtag> <username>,0
Idham Aziz periortitaskan 7 program yang haus di laksanakan dan cpat <username> <hashtag> <link>,0
Kedatangan ibu pejabat tanjung selor,0
Gila ya. Bahasa ceo buka lapak. tidak tahu diri banget. Pertama dimulai dair kalimat omong [CAPS] kosong [CAPS]. [REPPUNC] Diakhiri dengan presiden [CAPS] baru [CAPS]. [REPPUNC],0
Aku memang bajingan tapi aku tahu kamu lebih bajingan ! Kamu lupa mengaca kebajinganmu !. Brandal urakan !,0
bahaya deh kalau ada center hoax.. Masyarakat yang pintar jangan sampai kena isue bodoh ya.. <hashtag>,0
Puan Maharani Ketua dpr [CAPS] ri [CAPS] 2019-2024 ditempatkan di Komisi I Fraksi pdi [CAPS] Perjuangan. <hashtag> <link>,0
:boy: : kamu insomnia yaa? :girl: : iya :boy: : sama dong aku juga insomnia :girl: : kamu susah tidur kalau malam ya :boy: : tidak tuh :girl: : terus? :boy: : kalau kamu kan susah tidur kalau malem kalau aku susah ngelupain kamu <hashtag>,0
<username> tidak sekalian bu Sri Mulyani diajarin bagaimana caranya spy kgk ngutang mulu. [REPPUNC],0
<username> Yah ini bego diraup semua :man_facepalming:,0
Presiden menekankan bahwa masalah radikalisme harus menjadi perhatian pemerintah. <hashtag> <link>,0
*Silahkan yang pakai app Buka Lapak segera uninstall dan report app nya*. *Pemiliknya kampret militan*,0
Mengaku salah itu jarang diterapkan pada sebagian orang.Padahal jujur itu tidak bayar.. Malah mendatangkan kebaikan.,0
<username> Hanya Jokowi yang betul pro rakyat serta konsisten dengan janji-nya terhdp rakyat Papua saudara kita :thumbs_up: :clapping_hands: :clapping_hands: :clapping_hands: <hashtag>,0
:rabbit_face: -mending kamu langsung cancel. -selamat tidak kena macam-macam sarkasme iya -naik motor serasa cobaan dari yang kuasa -suka kabur dari polisi -suka banget ngerjain yang pesan -kalau kamu sudah kepepet ngebut=+5k Hadeeh pakai gojek gini mah murah kamu dh miskin mintanya cepat pula <link>,0
<username> yang tercaper dokter Tom kalau mau pengin selfie sama pak <username> terus terang saja tidak usah pakai muter kayak gangsing :smiling_face_with_sunglasses: :smiling_face_with_smiling_eyes:,0
<username> Lah ahok ngapain saja selain dbui? Hahahaha,0
<username> Kayanya Capres 02 kebanyakan nonton film action deh masa ibu-ibu pakai cadar dan kacamata hitam malah di kira Intel. Logikanya dimana coba haduh [ELONG] <hashtag>,0
Noted <hashtag> <link>,0
wow. [REPPUNC] ! [REPPUNC] di canberra. [REPPUNC] pidato pakai bahasa indonesia.. ! [REPPUNC] nasionalis banget bapak. [REPPUNC] ! [REPPUNC] sia-sia toefl [CAPS] saya. [REPPUNC] ! [REPPUNC] <hashtag>,1
<username> Kerasional apa yang bisa anda tawarkan jk mlihat pemda dki [CAPS] menganggarkan 82M u lem aibon 123M u pulpen? Jadi mestinya bagaimana kt harus mnyikapi ini? Menganggap ini (anggaran asal2an) hal yang wajar?,0
<username> Tetap smgt dan optimis..sang kuasa semoga selalu meridhoi setiap langkahmu. Amin,0
..Untuk revolusi yang semakin baik dan maju..semoga.. <hashtag> <link>,0
Kenapa saya memberiken apresiasi yang tinggi? karena i Kafir saja tidak sanggup ngasih penghargaan seperti itu malah nutup diskotik,1
<username> Anis memang pintar pintar memanfaatkan situasi terlaksana atau tidak itu bukan bagian tanggungjawab nya tinggal ngeles saja,1
dia kalau jadi presdien. pasti sering diteror bom ama rakyatnya. wkwkwwkwk. abis nya kerjaannya marah marah mele. <hashtag>,0
Bapak anies sudah membuktikan hasilnya terimakasih bapak anies <hashtag>,1
Semua saja di kambing hitamkan. Seperti dia yang paling benar saja. Wartawan Ulama sekarang emak-emak yang jadi korban. <hashtag>,0
sekarang [CAPS] lagi [CAPS] musim [CAPS] orang [CAPS] islam [CAPS] membenci [CAPS] agama [CAPS] islam [CAPS] <hashtag>,0
<username> ini sebetulnya banyak di isi orang-orang pintar.. Pintar ngeles ! [REPPUNC],1
<username> Iyaa kak anak Skrang tidak pandai mempelajari sejarah tapi untuk korupsi sekelas pejabat kitaa syukurlah makin tahun makin mengalami peningkatan semua berjalan sistematis dan terstruktur..,1
<hashtag> tapi partai dia paling banyak dapat jatah. [REPPUNC],0
Bukan Indonesianya legislatifnya saja yang tolol <link>,0
Sebenarnya kalau dipikir ulang Anies itu baik loh Mencoba menepati janji kampanye. tidak akan ada penggusuran. Tidak menggusur = tidak normalisasi. Ya begini hasilnya.. banjir [ELONG] guyss.. Pimpinan dpr [CAPS] Minta Anies Kebut Normalisasi <hashtag>,1
jangan [CAPS] mengatasnamakan Rakyat jangan [CAPS] mengatasnamakan agama jangan [CAPS] mengatasnamakan Muslim <hashtag>,0
Horang kaya pemirsah [ELONG]. <hashtag> <link>,0
kok ada younya lagi sih tolol <link>,0
<username> kalau yang ini disebut apa ! [REPPUNC] Anies masih mendingan dia datang belakangan jkw [CAPS] sudah dari 6 tahun lalu bo ! <link>,0
Terima kasih <hashtag> terbaik <username> mobil jadi <hashtag>,1
<username> Tahu la bukan kayak nia ramadhani hahshahhaha,0
garing kamu tolol,0
<username> setuju.. tahun depan pun masih ada ump 1 7 jt. bayangkan bila dia anak 2..sdh 140 rb an sama adminnya bayar. ap tidak dipikir ya. kenapa tidak disisir dulu peserta pbi [CAPS]. seperti banyak yang tidak layak dapat,0
Banjir jakarta bukan salah <username> tapi salah warga jakarta yanggoblok dulu milih <username> jadi gubernur <hashtag>,1
<username> Mungkin jadi linglung harus ngapain lagi gara tidak ada pasien sama sepi job. [REPPUNC] Kasian yah. [REPPUNC] ih. [REPPUNC],0
<username> tolol :loudly_crying_face:,0
<username> Siap presiden [CAPS] <hashtag>,0
Semangat unbknya adikadik tidak harus begadang bangun subuh saja karena kunci jawaban akan tersebar dijam segitu.,1
Mana saya tahu saya kan Nia Ramadhani,0
<username> pendukung [CAPS] kamu [CAPS] bikin [CAPS] malu [CAPS] negara [CAPS] ! [REPPUNC] <hashtag>,0
Kemenangan hari ini sekaligus kado ulang tahun untuk Saudara kita yang telah mendahului Alm. Haringga. Bahagia di tempat barumu kawan. Al-Fatihah. [REPPUNC] <hashtag>,0
wajar manusia menjadi inonsisten [CAPS] tapi kalau untuk urusan negara jangan main-main dengan kata itu 02ProAsing,0
Hoax di musim politik semakin menjadi-jadi. Banyak kabar yang kerap menyerang Jokowi. Tetapi aku lebih percaya dengan bukti kerja nyata dibandingkan harus pusing-pusing mikiri hoax belaka [EMOTICON],0
<username> Radikal emang tidak bisa jauh dari syahwat wanita perkosa. Kekerasan dibunuh. Nyuruh orang tobat tapi kelakuan sendiri dekat sama dosa. jangan memandang orang lain berkaca pada diri sendiri mas. Sepakat?,0
<username> Pingin peluk [ELONG]. [REPPUNC] :face_with_tears_of_joy: :face_with_tears_of_joy: :face_with_tears_of_joy: :face_with_tears_of_joy:,0
<username> Mentalmu mental kere begitu lempar batu sembunyii. [REPPUNC],0
Bagaimanakah status Kepesertaan bpjs [CAPS] Ketenagakerjaan untuk karyawan yang sudah memasuki usia pensiun namun tetap bekerja? Hubungi kami di <link> atau +62 21 750 2345. <hashtag>,0
Amin Pancasila masih sakti di Indonesia. Bhinneka Tunggal Ika masih kokoh di bumi Indonesia. nkri [CAPS] akan selalu berjaya [CAPS],0
rajin banget tu orng bikin status ajg kesel saya yang disasar juga tidak peka tolol hshshshshshsh,1
Welcome to Indonesia apa dikomersilkan. Di luar negeri malah didiskon dan dibagi gratis demi kemanusiaan.,1
"wow. [REPPUNC] ! [REPPUNC] di canberra. [REPPUNC] pidato pakai bahasa indonesia..ðÿ˜³ chauvinis banget bapak. [REPPUNC] ðÿ¤"" sia-sia toefl saya. [REPPUNC] ðÿ˜"" <hashtag>",1
Tidak selalu orang menjadi <hashtag> karena <hashtag> dan <hashtag> tapi karena <hashtag> orang yang tidak memberi <hashtag> dan <hashtag> kepada orang lain. Ada orang yang menjadi <hashtag> dengan cara memiskinkan orang lain. Tuhan melihat semua perbuatanmu,0
<username> kalau ini bener akun dokter tidak kebayang dulu lulus ya nilainya kayak apa ya. Mengerikan jika seorang dokter model begini bung cobalah berpikir dan berujar itu sesuai dengan kapasitas twit model bgini tidak pantas dilakukan seorang dokter tapi seorang [CAPS] buzzer [CAPS] murahan [CAPS],0
<username> Klu aku pasien si tompi sudah aku suntik dia. [REPPUNC],0
Selamat datang di Indonesia. Negara +62 dengan bermacam-macam adat istiadat keindahan alam budaya juga.. Kegoblokan sebagian masyarakatnya [EMOTICON],1
Halo bung kemarin yang hina orang golput apa kabar? Sehatkan anda padahal golput kemaren lebih masuk logika loh dari pada yang trending saat ini. Golput dengan alasan bertemunya kedua calon? Entah itu calon apa. Hahahaha anda lucu bung Oh iya kasihan ya anda <hashtag>,0
Pengumuman.. Pengumuman ada berita baru kantor hoax baru di buka dan di resmikan ! [REPPUNC] Hati kejebak strategi Hoax kubu 02. ! [REPPUNC],1
Dan Bapak ini membuat Rocky Gerung tidak berkutik. Sumber: <link> <link>,0
Kepuasan tidak muncul berkat prestasi melainkan usaha. Usaha yang penuh adalah kemenangan yang penuh,0
Para milenial lebih memahami semua fungsi smartphone ketimbang seorang miliarder yang bisa memborong jutaan smartphone canggih dalam sehari,0
7. Belum hilang dari ingatan proyek bandara kertajati yang dominan orientasi fisiknya.Pada akhirnya tidak jadi bandara.Ada indikasi pengulangan yang sama. Melulu ttg aspek fisik <hashtag> baru yang berujung tidak menjadi <hashtag> sesungguhnya. <hashtag>,0
Welcome to Indonesia yang mana rata warganya hobi banget ngurusin selangkangan orang lain ! [REPPUNC],1
Indonesia adalah eksportir komoditas terbesar dan terlengkap di dunia tapi hasilnya menjadi rakyat paling melarat di dunia.',1
Permisi generasi optimis mau lewat. Politisi tukang sebar fitnah hoax apalagi <hashtag> tolong minggir dulu ya.. <hashtag>,1
Kaum terdidik itu harusnya mendidik bukan malah menghardik.!,1
mendung tok tapi tidak hujan deket tok tapi tidak jadian dasar hambamu ini hobinya emang sambat terus [EMOTICON] <hashtag>,0
<username> tidak segan sama pak asrizal abis nanti kelen di bante pak asrizal <hashtag> <link>,0
<username> Pantai Selatan kuy lah tantangin Nyi Roro kidul biar ada kerjaan,0
<username> Amin ! [REPPUNC] Semoga mereka kuat menghadapi banyaknya birokrat dan pejabat korup yang terganggu sumber keuangannya.,0
kalau punya otak ya pakai dong mbak ! Tolol.,0
Prestasi luarbiasa gubernur <username> mampu memeratakan banjir ke seluruh jakarta. Dulu banjir hanya bisa dinikmati segelintir orang yang tinggal di daerah tertentu tapi sekarang berkat gubernur <username> seluruh rakyat bisa menikmati banjir. Terimakasih bapak gubernur,1
kepada Roma yang tidak kalah kepada J̶a̶k̶a̶r̶t̶a̶ Makassar yang gelisah,0
<username> Smart dalam mbuang anggaran dengan cara pasang-bongkar-pasang? <username> <hashtag> <link>,1
Parade Hari Anti Korupsi Pak <username> &amp; pak <hashtag> gokil <link>,0
dalam fit and proper test yang dilakukan Komisi I [ELONG] <username> menunjukkan hasil yang bagus. Komjen Idham Azis dinilai mampu membimbing keluarga dengan baik. contoh untuk keluarga Bhayangkara yang lain <hashtag>,0
<username> Kadang suka pgn jadi Nia Ramadhani gitu ya :face_with_tears_of_joy: :face_with_tears_of_joy:,0
6.0 [ELONG] Siswa Meriahkan Gebyar tk [CAPS] di Kelapa Gading <link> <username> <hashtag> <link>,0
Azura Luna | Wanita yang mengaku sebagai sosialita kaya itu mengatakan ibunya seorang pengacara konglomerat. tidak hanya itu Azura menyombongkan diri dengan mengatakan ia hidup bak putri. <link>,0
<hashtag> Bersama membangun indonesia,0
<username> tidak cocok jadi wanita Sosialita kita tuh :relieved_face:,0
<username> anak pintar aldo ini memang.,0
Wow mantap sekali Bu kalau begitu naikkan lagi saja Bu iuran bpjs [CAPS] nya 3x lipat.,1
<username> bisa begitu bangga dan hormat kepada Donald Trump tapi dia begitu biadab terhadap ulama kharismatik yang dimuliakan oleh umat Islam.,1
Rakyat sudah cerdas tidak memilih prabowo kalau jadi presiden dikit nyuruh demo hancurlah bangsa ini <hashtag>,0
Bubah Alfian Beri Klarifikasi - Permintaan Maaf Setelah Buat Melly Goeslaw Meradang. <link>,0
Orang sehebat <username> bisa tidak punya adab sama ulama. Sekolah adabmu dimana bro ?,1
Fadjroel katanya jadi jubir sudah pernah ngomong belum <username> ?,0
Gerakan anak mogok sekolah tiap Jumat demi masa depan mereka sendiri Menurutmu? Jika kamu masih anak sekolah apa ikut juga? <hashtag>,0
"puluhan kader berdarah darah di kongres pan diduga kena lemparan kursi katanya partai allah tapi gajak ko bar bar ðÿ :trade_mark: ""ðÿ :trade_mark: ""ðÿ :trade_mark: "" jadi pengen ketawa tapi tkt mules [ELONG] ðÿ¤­ ðÿ¤­ ðÿ¤­",1
Ada kalanya menteri dari kalangan pengusaha diperlukan.. karena mereka seringkali berpikir \'out of the bo [EMOTICON] ' dan fleksibel :smiling_face_with_smiling_eyes: <hashtag> <link>,0
<hashtag> kalau bapak jadi imam baru mantap. Jangan politisasi Sholat Jumat Malu tahu..,1
tidak perlu memperpanjang lebar soal doa yang keliru diucapkan Mbah Maimun sbenarnya tapi ya bukan <username> namanya kalau tidak mempermasalahkan hal sekecil itu.,0
Tambah goblok ! Followers 5 doang mau diandelin hilih asw,0
<username> Mantap. [REPPUNC] Tarikh [ELONG] mang,0
Putusan mk [CAPS] harus dimaknai sebagai putusan yang terbaik untuk mengakhiri segala sengketa yang berkaitan dengan pemilu <hashtag>,0
Selamat kepada Pak <username> atas terpilihnya kembali sebagai Presiden Republik Indonesia. Semoga lakek tangan beliau dapek… <link>,0
:folded_hands: Selamat atas terpilihnya kader-kader terbaik Partai Golkar mengemban amanat memperkuat <hashtag> :Indonesia: Semoga kepercayaan ini sepenuhnya mjd pengabdian mulia bagi negeri. - [ELONG] <hashtag> <link>,0
dasar kau bajingan matanya jelalatan ngentutan elek pisan. ! [REPPUNC],0
anjing saya jelek bat bgsd,0
<username> nurani telah dikalahkan oleh narasi statement bijak mewakili kegalauan hati atas kekonyolan pejabat Negeri Santuy <link>,0
Gubernur Anies Baswedan menyebut bahwa Jakarta merupakan kota yang jumlah pejalan kakinya paling rendah di dunia. <hashtag> <link>,0
Kita tunggu permohonan maaf dari FadliZon. Kalau tidak berarti dia sudah tidak punya hati. [REPPUNC],1
<username> memang kamu tolol,0
Fitri mengaku tidak akan campur tangan soal kedinasan karena meskipun saya seorang istri kapolri urusan saya hanya sebatas dapur sumur dan kasur. Selain itu bukan hak saya. <hashtag> <link>,0
<hashtag> ko masi ada yang milih die jadi anggota dewan ya. [REPPUNC] ntu yang milih pada di bayar brp ya..,0
<username> Gaberner yang jahat berawal dari mentri yang di pecat. [REPPUNC] :face_with_hand_over_mouth: :face_with_hand_over_mouth:,0
Bekerjalah sampai rekening bank kita terlihat seperti sebuah nomor telepon. di <username> kita bisa follow arti favorit kita <username> <hashtag> Yuk Dengarkan Lagu ppap [CAPS] ( punya [CAPS] pacar [CAPS] anak [CAPS] pejabat) [CAPS] by yati [CAPS] amarra [CAPS] ! [REPPUNC] <link> <link>,0
"Sesuai janji kampanye, Anies akan sediakan kolam bagi warga dki [CAPS] Jakarta. <hashtag>",1
<username> Selamat malam jumat :beaming_face_with_smiling_eyes: :beaming_face_with_smiling_eyes: :beaming_face_with_smiling_eyes: <hashtag> <link>,0
Alasan knp aku lebih dukung emak jadi emak² pengajian drpd jadi emak sosialita (: <link>,0
Tapi kenyataanya dilapangan kita tidak bisa melaporkan berita yang dimaksud tersebut. karena seperti kita tahu sendiri sejauh ini yang sering memberitakan isu-isu Hoax justru malah dari kubu 02.' 1,0
Baiklah kalau mau dakwah di diskotik. <link>,0
<username> Lauranya saja tolol jadi perempuan malu sama prilakunya. Sok2an hedon [ELONG] giliran sakit ngemis,0
Mereka berusaha lari ketika diajak berjuang. Bahkan mereka menggembosi semangat yang sdg berjuang dengan mengejek & mengolok-olok <hashtag>,0
<username> Pidato Akademis katanya Tapi malah marahin perempuan pakai cadar. Namanya juga capres 02 <hashtag>,0
sungguh [CAPS] mulia [CAPS] sekali [CAPS] cita [CAPS] mu [CAPS] neng..jadi [CAPS] pelakor [CAPS]. [REPPUNC] hahahaaha [ELONG] kan pianyingen ! [REPPUNC],1
Minta maaf sih bagus tapi tanpa ada pernyataan bahwa salah ngambil data jadi percuma karena malah jadi memperjelas motivasi cuitannya. Another great lesson learned for millenials,1
Partai Allah Nasion lagi ngajari anak tawuran ! [REPPUNC],1
Deuhh [ELONG] itu yang kemaren demo-demo kayanya kebanyakkan makan mecin <hashtag>,0
<username> Kayaknya wajahnya lelah banget bang mikir apaan ! [REPPUNC] <hashtag>,0
Sudah diendors baik oleh bapak presiden balasanya menyakitkan tidak punya etika <hashtag>,1
dasar otak bebal merokok dalam rmh. [REPPUNC] wowzss,0
<username> Semoga bahagia <hashtag>,0
Zaki anda bilang Jokowi orang baik. Tetapi anda sendiri mendukung orang yang pura-pura baik.,1
Kenapa kekurangan bendungan yang disalahkan gagalnya swasembada beras? Zaman Pak Harto kita sudah swasembada dengan bendungan yang ada Persoalannya keberpihakan kepada petani dan berkurangnya lahan pertanian' 0,0
<username> block saja sih bangsad ! aduh [CAPS] ah [CAPS] ajg [CAPS] ! [REPPUNC] lemah [CAPS] kamu [CAPS] kalau [CAPS] mslh [CAPS] move [CAPS] on [CAPS] begini [CAPS] ! [REPPUNC] sudah tahu dia begitu ngapa jadi masukin dia lagi ke hati kamu ! [REPPUNC] gila [CAPS] anjir [CAPS] ! [REPPUNC] tolol bego. kecewa saya sama hati kamu bukan li nya tapi masa hati kamu selemah itu anjing. bersikap [CAPS] dingin [CAPS] se [CAPS],0
Bukan baca komik kan pak?. [REPPUNC] yang kaya pak <username> koq masih ada saja yang meragukan kecerdasan beliau. <link>,0
argh tolol banget,0
<username> Semoga Bapak selalu sehat sehat saja sehingga dapat menjalankan Tugas Negara dan beribadah dengan khusyuk.Amin.,0
<username> Bang tompi meutuah. [REPPUNC] Sisanya jgan lupa di masukin ke youtube juga ya transJkt yang trbengkalai sumber waras..dan kerja 5 tahun jokowi lalu. Biar jadi manusia yang berguna Untuk bangsa n negara.. Bek karena saket hatee. [REPPUNC] ! [REPPUNC] <link>,0
Apa kabar indonesia ku ? Akankah kita masih merasakan betapa hangatnya hembusan nafas. [REPPUNC] ! [REPPUNC],0
Bibir berteriak melawan hati menangis menahan. Dasar kau bajingan.,0
<username> Setingan <hashtag> untuk pencitraan. [REPPUNC] Bhuahahha Gobloknya dipelihara pendukungnya bangga tidak sadar kalau digoblokin. [REPPUNC] <hashtag>,0
<hashtag> dan prabohong eksploitasi agama untuk kepentingan politik praktis lagi,0
<username> <hashtag> Wajar <hashtag> *zero* toleransi aparatus [CAPS] yang py sifat Amoral kepala [CAPS] negara [CAPS] tidak [CAPS] perlu [CAPS] beri [CAPS] instruksi [CAPS] agar [CAPS] segera [CAPS] mundur [CAPS] Literasi Budaya malu [CAPS] dihargai dsn :backhand_index_pointing_down: Budaya ini bisa berlaku juga Di <hashtag> :backhand_index_pointing_right: <hashtag> :backhand_index_pointing_down: ex <hashtag> <link>,0
Yaampun bukan berarti rendah dong bapak presiden <username> minta maaf. Inget beliau juga manusia yang jauh dari jangkauan sempurna. harus slalu dukung beliau. Semangat pak :face_blowing_a_kiss: <hashtag>,0
ohh ini namanya baper yaa ! [REPPUNC] astaga [ELONG] jadi goblok sendiri ya [ELONG],0
Nunggu vonis dedengkot awal segala kerusuhan rasis ini BuniYani,0
Goblok dan bego memang secocok buat kamu. Cam tuttut,0
Mulai Hujan Deras Sejumlah Titik di Jakarta Banjir <link>,0
ari kaki kecium standar motor rasanya sangat romantis nyut nyutan gitu,0
Pret doi ketangkep bawa bong. Gimana nih pret? <hashtag>,0
bismillah [CAPS]..sdrku <username> kemana Kamu selama ini ! [REPPUNC] Yang ginian Masa masih kasih ijin sama luhut ! [REPPUNC] Luhut manggungnya terlalu jika justru mendukung pengiriman benih lobster ! <username> <link>,0
jangan boros kamu masih celaka baek ngopi coeg <hashtag>,1
Katanya lahir di solo..egk taunya di Boyolali.. Itu hoax juga,1
Torres merupakan salah satu pembawa sial termahal di dunia.. [EMOTICON],0
Arteria Dahlan: Jokowi Tunjuk Idham Aziz Sebagai Kapolri Keputusan Tepat <hashtag> <username> Link :down_arrow: <link> <link>,0
dpr [CAPS] indonesia [CAPS] ! [REPPUNC] <hashtag>,0
Main codm dapat team tolol smua kalau tidak bisa main y gosah main gtlohh bujang [ELONG],0
Namanya demokrasi masa kalau pilihan beda langsung bete begitu. Lebay sekali. Kan memang disediakan pilihan kenapa mesti menuntut untuk sama? Embel-embel BoikotBukalapak serasa ringan saja itu salah satu aset perekonomian karya anak bangsa banyak orang terbantu adanya dia.,1
Bu <username> terima kasih atas kerja keras Ibu dalam menjaga perairan ri [CAPS] dan setiap keputusan dan kinerja baik Ibu. Enjoy your quality time with your family &lt [EMOTICON] <hashtag> <link>,0
<username> yang survei Genderuwo Sontoloyo,0
Anies gubernur Indonesia. Makanya seluruh Indonesia yang di buat responden,1
Dewan oon amat ya. [REPPUNC] memalukan partai sendiri ampoun [ELONG] <username> <link>,0
bapak Anies Baswedan itu orang [CAPS] pintar [CAPS] di [CAPS] atas [CAPS] kertas [CAPS] Pendukung bapak Anies Baswedan juga orang [CAPS] pintar [CAPS] di [CAPS] atas [CAPS] septic [CAPS] tank [CAPS],1
<hashtag> saya positf hamil ! [REPPUNC] Yaelahh tol [ELONG] - Kok narkoba [EMOTICON],1
Demot banget mau nangis pengen jadi nia ramadhani saja kalau begini,0
Saya curiga Mendikbud Nadim mendapat tekanan dari banyak pihak terutama yang terlibat dan mendapatkan keuntungan dari Ujian Nasional ini kata Ramli <hashtag> <link>,0
Kemudian anda <username> bisa jadi the real negarawan yang rela berkorban demi kemajuan bangsa bukan menjadi dalang,1
<username> Politik ini sandiwara baik Fadli Zon Prabowo mereka sedang melakukan perannya yang suka berubah waspadalah,0
Td aku liat mobil pejabat nomor platnya ri 14,0
Lagunya lama kambingnya baru.. <hashtag>,0
<username> kalau orang pinter bilang beda pasti kasih alasan nya. [REPPUNC] nah kalau cuma bisa ngomong beda tapi gx ngsih bukti itu namanya si goblok [CAPS] berwajah [CAPS] monyet [CAPS],0
Aq ngikut apa kata Bung Karno saja.. :backhand_index_pointing_right: jangan jadi Arab jika engkau Islam :backhand_index_pointing_right: jangan jadi Yahudi jika engkau Nasrani :backhand_index_pointing_right: jangan jadi India jika engkau Hindu Jati diri Bangsa Indonesia harus dipertahankan selama Merah Putih berkibar di Bumi Indonesia.. <hashtag> <link>,0
Huuh dasar payah ! [REPPUNC] Beraninya cuma kasih harapan tidak berani buat buktikan !,0
Minggu pagi pergi tamasya Jangan lupa untuk mandi Selamat pagi Indonesia Saatnya kita mengabdi <link> <hashtag>,0
Amien Rais menyebutnya sebagai partai Allah setiap saat ribut saling serang antar anggota parta i.. Partai apakah itu ! [REPPUNC],1
menimbulkan kerugian pihak yang dibohongi atau yang ditipu.,0
Selamat mengemban Amanat Rakyat untuk membawa Indonesia Maju. [REPPUNC] <hashtag>,0
<username> Semoga sukses selalu ya [ELONG],0
<username> sadarnya pas sudah lulus wah kok dulu gua tolol gini astagfirullah astagfirullah maaf ya ngakak banget akutu,0
<username> pejabat apa saya kan satpam,0
Luar biasa ini gagasan kemendikbud yang saya nantikan. Salam hormat pak Nadiem. <link>,0
Kepada Pak Nadiem Makarim terima kasih karena anda sudah berani memperbaiki sistem pendidikan Indonesia yang (agak) kacau. Tidak ada hafalan tidak ada un [CAPS]. Indah sekali hidup ini.,0
Tidak ada handphone yang recommended bagi jomblo sebagus apapun handphonenya kalau tidak ada yang nge chat ya percuma goblk <hashtag>,0
<username> di A dia setelah orang tua jemput anaknya ibu ibunya sosialita banget banyak yang ngerumpi gitu perkembangan anaknya juga cuma segitu gitu saja hafalan anaknya tidak berkembang pesat beda pas di tk B orang tua masih pada umumnya padahal sama sam,0
Makanya jangan sok jago waktu bicara nantang Bannser wah. [REPPUNC] Jagoan betul begitu ditangkap melempem kaya krupuk kena air dasar Sontoloyo. [REPPUNC] <link>,0
Siapakah Kau dalam puisimu <username> jika itu Mbah Moen maka sembrono sekali,1
wow damai banget ya ! [REPPUNC] <hashtag>,1
<hashtag> Hasil kerja 3 tahun <username> luar biasa.Soal banjir cuma Ahok yang paham. Anies teori melulu.,1
<username> Itu pak <username> ngapain ikut nimbrung? Emang dia punya kontribusi apa buat negara? Hadehh,0
Capres 01 sudah membuktikan prestasinya sebagai bandar hoax nasional.,1
<hashtag> hahha sayang tanpa kamu minta maafpun sudah aku maafin kok. sudah ya tidak usah dipikirin. Mending sekarang kamu istirahat. Pasti kamu capek nanti aku anterin makanan ke rumah kamu :two_hearts:,0
Budaya kita harus tetap terjaga dan terus dilestarikan. <hashtag> <link>,0
Pembebasan Siti Aisyah dari jerat hukum di Pengadilan Malaysia dinilai adalah langkah konkret diplomasi hukum. Hal ini layak jadi acuan langkah pemerintah hadapi persoalan serupa. <hashtag>,0
<hashtag> Kedatangan mereka ke Istana dalam rangka mengikuti proses wawancara dengan Presiden Jokowi untuk dijadikan Wakil Menteri di Kabinet Indonesia Maju. <link>,0
2 kali nyalon lawan Pakde joko kalah terus. Periode berikutnya lawan Gibran. Nextnya lawan Kaesang. Next lagi lawan Jan ethes. Gitu aje terus sampe anggun jadi duta shampo lain <hashtag>,0
Fatal cuitan mu vroh. [REPPUNC] kau gali lubang sendiri..,0
Soalnya kadrun sering klaim merekalah awal dari segala agama. Termasuk aliran kepercayaan Original Indonesia ini berawal dri kadrun [CAPS]. jangan kan agama sorga saja di klaim sendiri padahal yang punya saja tidak sebutin nama kadrun [CAPS]. :rolling_on_the_floor_laughing: :rolling_on_the_floor_laughing: :rolling_on_the_floor_laughing: <hashtag> karena kejujuran <username> <link>,0
Bukan hidup yang menjadi lebih mudah tetapi anda yang harus tumbuh menjadi lebih kuat. Jangan pernah menyerah dalam hidup temukanlah alasan dan teruslah berjuang untuk mencoba. <hashtag>,0
<username> Maju saja susah apalagi mundur ?,0
Kalau orang mana tahu soal dark joke baca deh buku ini isinya dark joke semua. Lelucon konyol yang lahir dari penderitaan Lina menjadi sarkasme lucu sekaligus menyedihkan secara bersamaan. Aku tertawa tapi juga ikut tersayat. Sial benar Soviet itu. <hashtag>,0
Saya <hashtag> untuk legowo dalam pilpres dan segera <hashtag> ! [REPPUNC],1
napa sih anjir liat dia makan saja ketawa gua tolol,0
Emang kalau orang goblok jadi menteri tuh sulit bu.. <link>,0
Ketua Umum pp [CAPS] Pemuda Muhammadiyah <username> Dalam Acara Dialog Prime News <username> Sabtu 26 Oktober 2019 Dengan Tema Kabinet Anti Radikalisme Jokowi Apa Targetnya? <hashtag> <link>,0
<username> Lah ente Islam bukan Ngaku Islam mlah bela penghina Nabi Emang Nabinya dari nu [CAPS] Klau mau bicara adab tanya dulu sama muwafik mana adabnya sama Nabi jangan diputar balik Sontoloyo Ngaku muslim to agamanya d,0
sunguh [ELONG] brani bung <username> ini menghina ulama ngaca boss anda siapa ? anda sudah benar apa belum..,1
Kado terindah diawal tahun dari gubernur seiman <hashtag>,1
<username> Pak jokowi harusnya minta maaf lah karena kasus kemanusiaan di wamena kebakaran hutan di kalimantan dan sumatera. Tidak ada ada satupun agama yang mengajarkan radikal tolong anda ralat mengatakan islam radikal ade armando ! Jangan anda salahkan agamanya ! <hashtag>,0
<username> partai anti korupsi ya? wkwkwkwk. tai kucing berbau busuk,1
Agama itu bukan politik dan bukan landasan untuk berperang bukan [CAPS] agamanya [CAPS] yang [CAPS] salah [CAPS] tapi [CAPS] orangnya [CAPS] <hashtag>,1
untun prabowo kalah lagi dan lagi <hashtag>,0
Maaf ya aku bukan perempuan yang silau sama duit. bukan perempuan yang suka ikut tren kehidupan sosialita dandan fashion. Aku lebih suka nongkrong di warkop dari pada starbuck lebih suka jajan warung dari pada <link> dunkin breadtalk dan semacamnya.,0
Masa anis goblok tidak mungkin lahh. [REPPUNC] kalu tukang bohong iyaaIsyarat okeTertawa berguling di lantaiTertawa berguling di lantai <hashtag>,1
Ada yang lebih penting dari nia ramadhani yang tidak bisa buka salak. Yaitu aku yang tidak bisa buka hati kamu,0
kami [CAPS] tidak [CAPS] sudi [CAPS] mempunyai [CAPS] wakil [CAPS] rakyat [CAPS] atau [CAPS] anggota [CAPS] dpr [CAPS] ri [CAPS] yang [CAPS] menjadi [CAPS] dalang [CAPS] provokator [CAPS] aksi [CAPS] 22 mei [CAPS] ! kami [CAPS] tidak [CAPS] akan [CAPS] sudi [CAPS] mengakui [CAPS] mereka [CAPS] ! arena [CAPS] mereka [CAPS] hanya [CAPS] benalu [CAPS] yang [CAPS] ingin [CAPS] menghancurkan [CAPS] kedaulatan [CAPS] nkri [CAPS] ! <hashtag>,0
Harlah fpkb [CAPS] ke-20 Ela Siti Nuryamah: Momentum untuk Membela Kepentingan Rakyat <hashtag>,0
'Kartu Pra Kerja' bukan lemparan judi. Karenanya mesti dengan kalkulasi. Politik adalah langkah yang penuh dengan 'policy'. Bijak rasional sehat dan bermartabat. <hashtag>. <hashtag>,0
<username> Selamat Pagi Pak Fadlizon :red_heart:,0
Kenapa ya jubir jabir si <username> sll membuat sulit posisi pak <username> <link>,0
Kita sudah berada pada fase kepemimpinan diktator pemimpin yang memaksakan kehendak.. Dimana dia sudah terbukti kalah [CAPS] Tapi masih ngotot ingin memimpin.. <hashtag>,0
<username> paling ntar muncul nama baru dengan system yang sama. kebiasaan tinggal ganti nama tidak pny inovasi. <hashtag>,0
Terima kasih atas kunjungannya bapak sandiuno maaf kami tetap jokowi Begitu teriak warga Wonogiri. [EMOTICON] [EMOTICON] [EMOTICON] <hashtag>,1
Ketika setelah semua kebaikan dan dukungan yang di berikan oleh sang Bapak lalu si ceo [CAPS] Anu mencoba menusuk dari belakang uninstallbukalapak ! [REPPUNC],1
pastikan anak berbudi pekerti yang baik masuk sekolah favorit. anak goblok masuk sekolah jelek saja. sudah goblok jangan ngerepotin ah <hashtag>,1
Kesurupan satpam yang jaga di istana nyi roro kidul <link>,0
sejatinya islam itu bukan yang rahmatan lil alamin tapi yang rahmatan lil monaslimin yang penting semonas maka rahmat bagi kelompoknya. <link>,0
<username> Welcome to indonesia dimana orang bakal buang otak demi pemes,1
<username> kalau tidak mengerti mendingan diem deh. [REPPUNC] :face_with_tears_of_joy: :face_with_tears_of_joy: :face_with_tears_of_joy: :face_with_tears_of_joy:,0
<username> Woi dongo baca neh pakai otak bukan pakai pantat : <link>,0
Welcome to Indonesia dimana masker jadi mangsa cari uang. Cari masker sensi 170/box butuh 10 [ELONG] <hashtag>,1
bagaimana menyelesaikan persamaan dan reaksi kimia jika tidak hafal unsur kimia dan sifat-sifatnya..? menghafal itu perlu pak..sesudah di hafal buat pembuktiannya..di lab lalu kalau tidak hafal nama pejuang nasional bagaimana kita mau JasMerah <username> ?,0
Saya bukan siapa Saya kuliah di Muhammadiyah tapi mahasiswa/i nya (maaf) masih ada yang belum sholat. Beberapa teman saya ada yang nu [CAPS] sekali lagi (maaf) dari mereka ada yang suka menjustifikasi kalau selain nu [CAPS] berarti salah <hashtag> Jadi sikap saya seharusnya bagaimana?,0
<username> Suruh keluar tuh daia,0
Nonton Podcast Deddy Corbuzier jujur tidak kuat nyelesain sampai akhir karena dah bisa prediksi nih sepanjang video Kekeyi terus diajak ngobrol pakai sarkasme dan cerita bohong. Kekeyi tidak seberuntung kita yang punya akses ke dunia luar dan tahu siapa itu Naomi Scott atau Shakira.,0
Andre anggota dewan yang terhormat hasil karya menjebak kaum lemah seorang psk <hashtag>,1
Dibikin tolol duaduanya sama rerenjing <link>,0
<username> jenderal nan humanis dan tamam dengan mendapat reaksi <hashtag>,0
<username> padang itu surga yaa. [REPPUNC] tuh [ELONG] aceh yang disebut serambi mekkah nya indonesia sj kena azabðÿ :trade_mark: 'ngak usah bawa tuhan hanya untuk menyungguhkan akhlak bejatmu om dre ðÿ :trade_mark: ,1
<username> kalau anda tidak sekaya ardhi Bakrie jangan ngarep dapet seseorang secantik Nia Ramadhani,1
Indonesia adalah negara dengan persentase tertinggi dunia di mana penduduknya memilih menjadi lebih kreatif drpd lebih pintar.,0
<username> Rakyat dibawah kendali mereka jadi bebas saja mereka mua ngapain juga. Nangis dipojokan. [REPPUNC] <hashtag>,0
Aamiin. [REPPUNC] kita berharap yang terbaik untuk seluruh rakyat Indonesia. [REPPUNC] <hashtag> <link>,0
Belum sempet baca thread nyi roro kidul sudah ganti topik saja.,0
<username> yang tidak etis itu angaran [ELONG] blnja Barjasnya di luar batas kewajaran hrga satuan. [REPPUNC] :face_with_hand_over_mouth: <hashtag>,0
Dia orang baik tolong jaga dia baik-baik~,0
<username> tidak bapak tidak anaknya si hanum kerjaannya cuma bikin. [REPPUNC] aahh sudahlah emangnya dia siapa? masa Pak <username> perlu restu si amien buat jadi Menhan,0
<username> dan <username> Kamu keren pasti aku ikuti kamu,0
Kapitalis & lembaga riba ! yang membuat umat makin menderita <hashtag>,0
Keren sekali tampilan monas saat ini. [REPPUNC] <hashtag>,1
"<username> ""Pasar Senen dimana?"" - Nia Ramadhani",0
tkn [CAPS] & bpn [CAPS] Sepakat <hashtag> Mari bersatu kembali setelah Pilpres,0
Sudah jatuh korban..baru bilang tidak akan aksi.. <hashtag>,0
<hashtag> Siap [ELONG] dilantik untuk ke dua kali di bulan oktober nanti :smiling_face_with_halo:,0
<username> Thats the point goblok :unamused_face:,0
Aku seneng banget kalau ada yang lebih goblok dari aku [EMOTICON],1
Barang bukti rencana <hashtag> Gerindra bikin <hashtag> ala <hashtag>,0
<username> Namanya juga rapbd [CAPS] mpii. [REPPUNC] masak tidak tahu. [REPPUNC],0
Selamat ulang tahun bagi negara khusus [CAPS] islam [CAPS] Indonesia. Semoga ke depannya bisa semakin menyudutkan rakyat non-muslim,1
Bukannya nunjukin prestasi kok malah bikin <hashtag> Dasar produsen hoax [CAPS] <hashtag> diolah menjadi hoax [CAPS] baku [CAPS] dusta [CAPS] yang dikemas kardus [CAPS].,0
<username> listrik padam di komp medan permai kel namo gajah medan tuntungan sumatra utara. Padam sontoloyo,0
Bapak <username> mau jadi presiden ! [REPPUNC] <hashtag>,1
Aksi Hebat Ahsan/Hendra Rocky Gerung Hingga Puteri Indonesia 2019 - <hashtag>,0
Nech baru hebat ! Khayalanya Raja Keraton Agung Sejagat Mengklaim Memiliki Wilayah Kekuasaan Seluruh Negara di Dunia,1
Buat para istri sempatkan memandangi wajah suamimu saat ia terlelap tidur. Lihatlah wajah yang mulai muncul garis-garis halus matanya yang sendu. Bayangkan betapa lelahnya ia yang sepanjang hari menekuri timlen tiada henti. Debat copras capres sampai lupa istri [EMOTICON],1
Esemka itu Hanyalah Halusinasi Jokowi Belaka yang Benar itu cina [CAPS] Menyogok Jokowi Lewat Tangan Panjang si Luhut Agar Mobil buatan cina [CAPS] bisa Masuk Tanpa cukai [CAPS] <link>,0
Sungguh mulia sekali kader Partai Allah ini [EMOTICON] Setelah bagi kursi apalagi? Giveaway tiket surga?,1
<username> Musuh di masa depan ?,0
Semua politisi sepertinya sama saja. Sama-sama cari kepentingan.,1
<username> Siapapun Putra Putri bangsa [CAPS] terbaik harusnya di fasilitasi <username> agar da… <link>,0
Unicorn negara maju membayar sejumlah kontribusi untuk r&d [CAPS]. bl [CAPS] kasih apa?,1
Bahkan saya lebih sipir dari bapak brimob ini. Apakah saya china? <hashtag>,0
Pengen jadi sombong tapi takut dibilang sombong <hashtag>,0
<username> Kekuasaan Itu Membujuk,0
Tim capres abadi paling demen dah kalau manfaatin perempuan untuk kepentingan Pilpres. Mengeksploitasi perempuan buat jadi kacung mereka. kalau sudah tidak ada bermanfaat ditinggalin gitu saja. Mau bukti? sudah terpampang itu si Ratna yang akhirnya dibuang <hashtag>,0
Dasar satpam jahanam! ada orangtua komplen malah ngegas sampe mau ribut.. Goblok goblok walau mungkin bapaknya yang salah tapi apa tidak bisa sebagai petugas stasiun menanggapi dengan baik dan benar tidak usah pakai ngegas segala? Suka ikut emosi kalau ada yang ngegas ke orang tua.,0
Lihat Kondisi Monas Sekarang.. ! [REPPUNC] Mw bilang semakin Bagus.. ! [REPPUNC] gblk [CAPS] anda jangan kebangetan <hashtag>,1
Titel sarjana tapi otak ky ank tk. Dasar <hashtag>,1
Setiap orang yang bekerja keras akan sukses.(hyoyeonGG),0
jangan selalu mengatasnamakan rakyat.rakyatmu yang mn ! [REPPUNC] <hashtag>,0
Alhamdulillah terimakasih ya Allah masyarakat melihat siapa kandidat yang berpotensi memalukan [EMOTICON] [EMOTICON] <hashtag>,1
<username> Hehe Mau di apain saja serah pak prabowo kok sibuk klarifikasi masih ngerasa jubir ya.. Mending saranin nikah lagi saja buat nafkah anak bini lebih berkah..,0
orang: anjing ! [REPPUNC] gila kamu ya ! [REPPUNC] mjm: emang anjing gila kan,0
<hashtag> Menjadi Benteng yang memandu Milenial untuk Secara cerdas dan bijak Menggunakan media internet dan media sosial.,0
Alhamdulillah. [REPPUNC] <hashtag> dibawah pimpinan <hashtag>,1
<username> Justru krna saya tidak tahu makanya nanya apa arti guk. Krna beda daerah beda makna. Drpdp sotoy nebak. kalau kamu mikir mencla mencle ya monggo tapi kalau saya agak ragu dengan ucapan sas [CAPS] tetep kok masih ragu makanya tunggu saja tindakan berikutnya.,0
<username> sok tw ah pa doktel,0
Kena Teguran Vidi Aldiano Minta Maaf Pada Melly Goeslaw dan Anto Hoed <link> lewat <username>,0
ada yang lebih seram di malam jumat dari chat mantan yang minta maaf dan menyesal ingin balikan ? <hashtag>,0
<username> Lanjut Pak ! [REPPUNC] <hashtag> Ganjar Dukung Larangan Cadar di Kantor Pemerintah: Takutnya Kalau Pria <link>,0
Menkeu sontoloyo <link>,0
Keren gubernurnya Jakarta menjadi lautan ! [REPPUNC] salam seiman <username> Bawesdan,1
Cerita Belum Habis Arogansi Selir Kesayangan Ari Askhara Kian Terbongkar » <link> via <hashtag> Besok 12.12 <hashtag> 11 Desember 201i,0
Hasil sidang mk [CAPS] sudah final mari bersatu demi Indonesia maju <hashtag>,0
<username> Kamu memang hebat bung :clapping_hands: :clapping_hands: :clapping_hands:,0
Gara-gara ada yang posting foto pintu mall sepi saat menjelang lebaran seorang manajer marketing mall tersebut dipecat <hashtag>,0
tangkap [CAPS] provokator [CAPS] <hashtag>,0
Para pemudik sewot karena sensasi macet yang diharapkan tidak seruwet sperti dulu.. [EMOTICON] [EMOTICON],0
Sok pahlawan bat Yang bikin ——&gt; <hashtag> Ah sudahlah paling yang ono ono oto oto ono ono ono oto ono,0
alhamdulilah kabar apik bang monggo silahkan lanjut <hashtag>,1
Setidaknya kami telah menyaksikan 2 orang yang tulus buat bangsa ini yang di zholimi habis2an saya bangga berada dibarisan bapak :backhand_index_pointing_up: <hashtag>,0
penghasut [CAPS] Biadab' licik' busuk' laknatullah [CAPS] 'mereka hasut pemimpin dengan rakyatnya 'mereka hasut aparat dengan masyarakatnya 'sahabat memusuhi sahabatnya 'saudara memerangi saudaranya keji' licik' busuk' biadab' laknatullah [CAPS] ! <hashtag>,0
merasa bodoh itu manusiawi <hashtag>,1
Alhamdulillah gubernur nya bukan dia (ahok) ngomongan saja tidak dijaga omongannya amburadul apalagi kerja nya. Gubernur bapak anies top,1
Diskotik Maha Benar Dengan Golongannya. [REPPUNC] Halal gnpf [CAPS] <username> <link>,0
<hashtag> Tiap ari ganti kebanyakan politik lagi eneg [CAPS] woi [CAPS] politik [CAPS] tukaran [CAPS] tok [CAPS],0
Tuhan inginkan <username> memimpin Indonesia lagi. <link>,0
JumatanKarenaUndangan lucu sih wkwkwk jadi minggu depan tidak jumatan lagi dong ya? wkwk,1
film keluarga cendana ini ternyata bercerita tentang keluarga kaya yang jatuh bapet. baru tahu..,1
jangan cepet-cepet jadi orang gede deh. ntar ribet. mau nyeludupin cowok ke kossan sampe pagi saja dek-dekan banget. - dari teater yang ada bedu nya wkwk,0
<username> Setuju <hashtag>,0
<username> Purwaceng dan gerombolannya kebakaran jenggot. Gluebenernya kagak bisa kerja. Cuman ngabisin anggaran buat hal yang tidak penting. Termasuk bayar buzzer goblog kayak si purwaceng ini pantes apbd [CAPS] dki [CAPS] defisit anggaran. Nih saya bantu naikin hesteknya ya. :rolling_on_the_floor_laughing: <hashtag>,0
<hashtag> Gunakan Greta Thunberg Sebagai Tameng Untuk Ketidakbecusannya? <link> <hashtag>,0
Yeap. [REPPUNC] karya besar anies di awal tahun membuat kota Jakarta tenggelam,1
Assalamualaikum Alhamdulillah Jakarta bebas macet siang ini soalnya kami naik karpet terbang (^0_0^),1
Orang waras tahu Jokowi prestasinya bagus sekali. Infrastruktur berjalan luar biasa. Bahkan di Jawa Timur <hashtag>,0
<username> mana ni Pasukan Sontoloyo Indonesia. Kok tidak ada yang nyinyirin beras,0
Rusuh Kok Bangga Gaduh Kok Bangga Hoax Kok Bangga Fitnah Kok Bangga. [REPPUNC] Taubat Woy [ELONG] Emang sudah tidak ada yang bermanfaat buat negeri ini selain itu ? Gunakan otak [CAPS] ! [REPPUNC] <hashtag>,0
Dasar tolol kamu mabok be bangga kamu. goblog [CAPS] <link>,0
Temanmu banyak belum tentu mau membantu saat diajak susah tapi saat diajak senang-senang semua pada mau. Haha maka cobalah untuk pahami semua sifat temanmu. Kadang banyak yang pura-pura hanya untuk eksis sekedar diupload disosmed sebagai geng sosialita.,0
Jaenudin nanti mau dikenang sebagai apa? Presiden amatiran? <hashtag>,1
Prestasi hari ini adalah ke cbd [CAPS].,0
<username> kalau hnya senyum yang ingin bpk lht.. westerling pun tersenyum pak..,0
Kaminingin hidup di jaman pra sejarah makanya <hashtag>,0
Dulu waktu menggugat hasil Pilpres 2014 juga dilakukan hari terakhir. Gembar-gembornya akan bawa 10 truk kontainer bukti kecurangan ternyata 1 trukpun tidak pernah muncul. omong [CAPS] kosong [CAPS] ! Berpikir besar [CAPS] kemudian beraksi. Melawak. Ngibul. ! [REPPUNC] <hashtag> pic.twitter.com/Lua04NiUY5,1
<username> Waw..mulia sekali Mr Ex sudah mempersiapkan & ngejagain jodoh orang ! [REPPUNC],1
rt [CAPS] <username>: Senang rasanya ke Sukabumi lagi daerah yang sedang menggeliat maju. Dulu menuju ke sini kerap tersendat di jalan biasa.,0
Kejujuran akan menuai keberhasilan kebohongan akan menuai kehancuran menutupi kesalahan berarti kebodohan menghormati lawan pertanda pintar & cerdas.<hashtag>,0
<username> Partai Allah ?. [REPPUNC] Patut dicontoh. [REPPUNC] Ngamin ngamin. [REPPUNC] masih mo ngotot anda. [REPPUNC],1
<username> terus bawa² Agama nya ya seferti Mubahala nda ingat twit yang dulu tentang Jualan Agama nya ya [EMOTICON],1
Awas kampret teriak kriminalisasi. [REPPUNC] sudah ketangkep basah woi [ELONG] <hashtag>,0
<username> Mana dia santun unggah unguh saja tidak paham semua ditrabas demi pencitraan dirinya merasa paling kuasa dan sombong dia <hashtag>,1
Pemilu menentukan masa depan bangsa ? Pret [ELONG] ! Pemilu itu hanya menentukan siapa yang berkuasa itu saja <hashtag>,1
<username> Masukan apapun diberikan tidak akan ada guna di kecam saja masih sorot sontoloyo,0
Sialan ! Kamu memang tidak pernah bisa aku lupakan.,0
Gabung Keraton Agung Sejagat ah siapa tahu jadi menteri luar negerinya :see-no-evil_monkey: :face_with_tears_of_joy:,0
Wow.. banyak akun dungu baru terbit hari ini. Ayo ngeroyok saya lagi. saya aplot dungu lu.,0
Kemaruk ! <hashtag> <link>,0
disgusting banget kamu tolol,0
Dukung ! Tindak tegas perusuh tanya siapa yang bayar bayar dengan dolar tidak mungkin orang biasa proses secara hukum ! <hashtag>,0
<username> Agency tolol memang,0
Anak muda lebih bagus good governance-nya. Nadiem dan Angela mundur dari kursi ceo [CAPS] dan direksi. Orang tua di mui [CAPS] gimana? Belum mundur nih pak? <hashtag>,0
Minta di tapuk mulutmu <username>. [REPPUNC] Misal pakai Tapuk Online Aku pesen. [REPPUNC] <hashtag>,0
Para buruh sepakat untuk Rekonsiliasi pasca Pemilu. <hashtag>,0
<username> halloo bung Teri.. salam dari wong ndeso.. :grinning_face_with_big_eyes: <link>,0
Paduan antara kebodohan dengan keinginan hasut untuk diikuti dan didengar mendorongmu berbicara tanpa ilmu mengatakan suatu perkataan atas nama Allah secara bathil. Itulah kenapa whatsappmu macet. <hashtag>,0
<username> bpjs [CAPS] Budget pas-pasan jiwa sosialita,0
Tugas pokok Anies baswedan adalah ngeles berpuisi dan beralasan. jadi kalau sekarang jakarta banjir parah jangan salahkan dia. Salahkan airnya kenapa kok g mau lekas pergi dari jakarta. Ya kan bapak anies. Ya kan ya kan. <hashtag>,1
Katanya negara islam tapi mendukung paslon presiden saja sampe mengancam tuhan nya indonesia mah gitu <hashtag>,0
Fase dimana negara menginginkan perdamaian dengan cara yang tidak lazim tapi indah. <hashtag>,0
Ini salah satu contoh Narasi <username> dalam mengatasi banjir Jakarta telah terbukti berkat narasi Anies sekarang Jakarta telah berhasil tidak [CAPS] bebas [CAPS] dari banjir. [REPPUNC] :clapping_hands: :clapping_hands: :clapping_hands: :clapping_hands: Berenang kita [ELONG] :grinning_face_with_sweat: <hashtag> <link>,1
Bukan cuma Tanjung Selor - Tanah Kuning saja masih banyak daerah lain di Kalimantan Utara yang kondisi jalannya seperti ini bahkan lebih parah dari pada ini. Tolong pak presiden <username> <hashtag> <link>,0
tidak akan merubah apa mau bertemu berapa kali pun karena rakyat sudah <hashtag>,1
Hambok Twitter tuh ngeluarin fitur autolock buat rang goblo. [REPPUNC] Jadi yang goblo tidak bisa ngetwit. Nyusahin idup saja yang goblo itu.,0
<username> Nyi roro kidul tidak sembarangan mendatangi orang apalagi merasuki tubuh manusia kalau pun ada yang mengaku itu beliau dijamin palsu.,0
Bila dari awal mereka bijak akan ke mk [CAPS] maka hal ini tidak perlu terjadi. [REPPUNC] <hashtag>,1
jangan <hashtag> karena ibu saya ngefans sama dia saat iklan daia,0
Mari bersama sama memastikan pemilu berjalan dengan jujur adil dan bersih tanpa ada kecurangan dan intimidasi..,0
Siapa bilang <hashtag> ! [REPPUNC] memang iya manipulator kok. [REPPUNC],1
<username> Mau kaya sampe lupa cara ngupas salak kayak nia ramadhani,0
Politik sejatinya untuk mengatur masyarakat agar sejahtera tetapi masyarakat menjadi melarat <hashtag>,1
Tuntas kan pak <username> saya tidak rela uang rakyat di kayaginiin. <hashtag> <link>,0
Ada saja yang manfaatin untuk pansos dan ngebanyol pakai hastag <hashtag>. Hedeuuh [ELONG],0
Tenang tidak akan bosan sampai habis. [REPPUNC] <hashtag> <link>,0
Terimah Kasih Rezim Sontoloyo Memang Paling Mantap dan Hebat ! Makin Cinta saja saya sama Rezim ini Semoga Allah swt [CAPS] Melaknat Kalian Semua Wahai Manusia Durjana,1
Ibu Susi kemana <hashtag>,0
tsumugi: kali ini terdapat dua korban. [REPPUNC] yaitu tenma-kun dan yuki-chan yuki: kok [CAPS] saya [CAPS] juga? [CAPS] bukannya werewolfnya tinggal satu? tsumugi: tenma-kun dapat kartu lover dan kamu dipilih jadi pasangannya semua: wo [ELONG] ! [REPPUNC] yuki: bangsat [CAPS] ngapain [CAPS] kamu [CAPS] milih [CAPS] saya [CAPS] tenma: saya [CAPS] juga [CAPS] baru [CAPS] tahu [CAPS] yuki: tolol [CAPS],0
Ahok meyakinkan dengan sistem e-budgeting semua orang tahu abpd [CAPS] dki [CAPS]. <link> <username> <hashtag>,0
codot [CAPS] hti [CAPS] lagi ngerong-rong dengan hestek <hashtag>. Mereka tahu nu [CAPS] paling depan soal Indonesia.,0
<username> Doa tambahan di tiap sujud ku kepada Allah di bulan puasa ini agar rezi… <link>,0
Luhut Dukung Edhy Prabowo Buka Ekspor Benih Lobster <link> Sekarang saya mulai mengerti maksud Luhut Percayalah kalian bisa kualat dengan ibu <username>,0
"Emezing ! Pemenang Tender Penataan Monas Senilai Rp 71 3 Miliar ""Kantor""nya di Rumah Petak <hashtag>",1
<username> Mereka kena prank <username> :face_with_hand_over_mouth: <hashtag>,0
<username> Kalau di Cina pejabat yang punya hartanya banyak mereka harus bisa membuktikan asal usulnya apalagi kalau kekayaannya hanya didapat dari gaji saja,0
anies [CAPS] kereen [ELONG] [CAPS]. [REPPUNC] Kontras Diskotek Colosseum Pernah Digerebek bnn [CAPS] Kini Diganjar Penghargaan <hashtag> Fpi kejang Gnpf Wellcome,1
<username> Ada tambahan buat nabung <hashtag>,0
Gerindra ternyata sudah menyiapkan kerusuhan untuk aksi 21 Mei 2019 kemarin <hashtag>,0
Mendung belum tentu hujan lama chat\'an belum tentu jadian <hashtag> <link>,0
Lebih baik pak <hashtag> dari pada minta like tidak lucu kan,0
"yang sabar ya warga dki jakarta pimpinan ada di kelas gubernur hanya kelas kacangan. [REPPUNC] <hashtag>,",1
special thanks to : <username> for bikinin udangan tolol ini,1
<username> ngaku muslim tapi benci Arab. Giliran haji dan umroh ke Arab juga. Kan mantap.. :upside-down_face: Sontoloyo nya :rolling_on_the_floor_laughing: :rolling_on_the_floor_laughing:,0
Itu emak emak lagi kalah bandar arisan tidak masuk pakai duit negara gaya sosialita agagagag. <link>,0
Cobalah sesekali berpihak kepada situasi yang diinginkan pemerintah. Jaringan lelet beberapa hari saja kau panik,1
Kenapa menjadi soal kalau Menteri bukan dari kalangan atau golongan tertentu? Memangnya nkri [CAPS] ini milik nenek moyang mu sendiri? <hashtag>,0
Tetap semangat dan sehat selalu coch semua itu butuh proses <hashtag>,0
<hashtag> Jokowi Sang negarawan sejati..! Kami tidak punya potongan diktator/otoriter kami tidak punya rekam jejak melanggar ham [CAPS] masalah kekerasan dan korupsi,0
Aku muak dengan kenyataan. Lagi-lagi aku yang gagal dicintai Lagi-lagi aku yang ditinggalkan lebih dulu Menyebalkan memang hidup ini. Penuh ambyar [EMOTICON] <hashtag>,0
<username> hus [ELONG] orang kata bos 212 juga tidak ada ug salah ko.brarti mnurut mereka diskotik itu halal.kalian yang gatau apa diem saja.umat 212 lebih paham soal islam,0
Bodoh ! [REPPUNC] Namanya baru ya beda sama yang lama ! [REPPUNC] Kecuali loe bilang Presiden periode selanjutnya itu bisa Jkw atau ps [CAPS] ! [REPPUNC] Ngeles kamu ! [REPPUNC],0
Mantul. Integritas profesionalitas dan Kredibilitas Tetap Di Utamakan. Pro kontra tidak mengubah Warna darah dan putih Tulang kita. <hashtag>,0
Tuhan lebih sayang Anies dengan membiarkan banjir di Jakarta lebih lama dan menggerakkan hati banyak orang untuk membully beliau sehingga gugur dosa-dosanya. ! [REPPUNC],1
<hashtag> Andi Arief menuding jika hubungan yang tidak harmonis antara Ketua Umum pdip [CAPS] Megawati Soekarnoputri dan sby [CAPS] mempengaruhi ahy [CAPS] tidak dipilih oleh Jokowi. Begini bantahan Puan <link>,0
<username> Anda bisa apa tom. [REPPUNC],0
<username> Nyi roro kidul e iso pose foto pisan yo,0
suara pintu ruangan kerjan milik Andreas yang dibuka dengan cukup keras menampakan sosok wanita paru baya dengan setelan busana glamour khas wanita sosialita yang melekat di tubuhnya berdiri di ambang pintu disusul dengan Dennisã…¡ sekretarisnya yang berdiri di belakang ã…¤,0
<username> Emang ada yang salah pakai baju sma? [CAPS] Masih mending pak penggangguran pakai baju putih abu untuk demo.. ketimbang manusia berpakaian pejabat tapi malah nyuri uang rakyat ! [REPPUNC],0
Background it [CAPS] tapi database tidak update. Cara halus ganti presiden. [REPPUNC],1
<username> Sebutek nya kolam kalau disitu ada ikan masnya pasti akan jadi perhatian orang. Karena disitu setiap orang sangat mengharapkan sesuatu yang besar atas perubahan di negeri ini.,0
<username> Pak Menkopolhukam Saya mau urun pikiran. Saat ini hal yang paling urgent adalah Persatuan Anak Bangsa. Polarisasi Pilgub dki [CAPS] Pilpres masih ada sisanya. Kiranya dapat diberikan solusinya yaitu : 1. Tegakkan keadilan kasus terdahulu 2. Pertemuan diskusi berulang antar anak bangsa,0
kalau proyektilnya sebanyak ini knapa yang tertembak cuma dikit ! [REPPUNC] Polisi terlatih tidak mungkin sia2in pelurunya.. <hashtag>,0
Kenapa masih saja meneteskan air mata bukankah sudah terbiasa mendapat kecewa dan luka.. ! [REPPUNC] <hashtag>,0
<username> beda [CAPS] ! haha [CAPS]. Yang sama cuma savage dan sarkasme nya,0
<username> Welcome to Indonesia yang tidak tahu budi sopan santun asal ketus nuduh sembarangan. Dia yang salah ehh dia yang Galak. Allaah Maha Membalas kog buu,1
selamat bekerja kembali bapak menteri idolaku :black_heart:. [REPPUNC] semangat membangun Indonesia.. <username> <hashtag> <link>,0
Di dalam tindakan pemberantasan radikalisme. nan menyesatkan istimewa yakni membalikkan ibarat din ke jurusan pangkal ialah kebaikan. <hashtag> <link>,0
<username> yang begini mereka bungkam sontoloyo iblis itu lur,0
Andai saja rebahan digaji [EMOTICON] <hashtag>,0
Sebelum uninstallbukalapak coba otak nya di install dulu,1
<username> Kesalahan warga Jkt akibat ditipu dengan jualan Ayat dan mayat <hashtag> Sehingga orang bodohpun bisa jadi gubenur <hashtag>,0
Mereka yang selalu optimis dan berpikir positif akan selalu mampu untuk bangkit dari segala kterpurukannya,0
Emang saya harus bersikap seperti apa agar sesuai dengan muslim yang sholat 5wkt. Seperti riziek bahar sugik atau seperti wowo yang tidak bisa nahan emosi dan suka merendahkn orang atau seperti kalian yang suka menghina pemimpin sebar hoax bhkn sebar fitnah? <hashtag>,0
Indonesia penuh keberagaman <hashtag>,0
Terima kasih Pak <username> :folded_hands: Papua juga harus maju seperti daerah - daerah lainnya di Indonesia. <hashtag> <link>,0
Anies maunya Anggaran di buat berdasarkan ketersediaan dana masukin dana nya dulu belanja buat apaan belakangan. Ahok maunya kebutuhan kamu apa tulis detail dananya ngikut.,0
<username> Tompi itu dokter? Sayang Otaknya tidak dipake,1
Harapan kami kepada bpk <username> sebagai Menhan <hashtag> <link>,0
<username> Saya setuju anies itu luar biasa sebagai tokoh pelopor/pencipta sistim aca kadut. Sampurna ! [REPPUNC],1
Gubernur Walikota dan. [REPPUNC] itu pejabat keritiklah ia saat menjabat,0
Sebenernya yang jadi presiden ri [CAPS] itu pak <username> atau Lord Luhut sih :grinning_face_with_sweat:,0
Jangan <hashtag> bang kasihan nanti ada muka bancinya di lp [CAPS] kasihan kalau diperkosa tahanan,0
otaknya gaada kan kamu <username> tidak pernah nyantri apa sampai Ulama kau hina hina <hashtag>,0
<hashtag> alhamdulillah tidak ada ngaruhnya tiket mahal atau tidak ttp saja aku g pernah naik pesawat <hashtag>,1
<username> Guru honorer sudah tgl 31 tapi dana bos [CAPS] belum cair. Jadi belum <hashtag> [EMOTICON],0
Aksi pembakaran dan penyerangan di asrama Brimob ada indikasi by design <hashtag>,0
Kulihat banyak teman seperjuanganku yang mulai maju dan berkreasi jujur aku bangga,0
pak yasona ini keren kinerjanya koruptor dapat grasi napi narkoba dapat grasi. [REPPUNC] hebat lah,1
Terima kasih bapak Anies. [REPPUNC] Goodbener dah ! pbb [CAPS] rumah Rp. 37 jutaan digratiskeun ! [REPPUNC] Banjir sejam dua jam no [CAPS] problemo [CAPS] !,1
Dokter gajinya lebih kecil dari tukang parkir,0
<username> jangan remehkan akun dengan 41 follower itu bg Bisa jadi follower nya termasuk Nyi Roro Kidul Nyi Blorong dan lain lain berbagai Nyi Nyi lain Atau dia nya sendiri termasuk Nyi - Nyir,0
bonafide saya respek sama kader partai amarah nasional ini yang sudah berjuang sampai berdarah-darah. gws yah om <username> ðÿ¤­ðÿ :trade_mark: ,1
Mau tahu kebobrokan rezim sontoloyo [CAPS],0
Katanya indonesia itu negara toleransi tapi perkara nyerempet terus mobil beset langsung bikin tagar <hashtag>. Dimana toleransinya katanya turun dengan itikad baik untuk menyelesaikan masalah secara daimai tapi bikin tagar nya <hashtag> yang salah 1 orang yang kena semua,0
Mana nih emak yang kmren rame bajir itu berkah. [REPPUNC] hujan [CAPS] itu berkah tapi banjir itu bencana krna kita tidak bisa merawt bumi.. Kasian nasib kucing [CAPS] di jkt [CAPS] pada kemna mereka <hashtag>,0
Bener kata budi seringan maen twitter bikin w makin goblok,0
Ketika sahabat saya pemilik hotel di bali berbincang tentang proyek perumahan nya di medan tersendat karena tanah 80 hektar dia terganjal ijin shm [CAPS] oleh bpn [CAPS] saya hy bilang akan bantu lewat jalur saya seraya berbincang bagaimana kelakuan bbrp pejabat ini masih jelek otaknya pdhl bosnya benar,0
Kitong Samua Basudara <hashtag> <link>,0
<username> 500.0? [ELONG]. [REPPUNC] ada potongan lain tidak. [REPPUNC] potongan admin. [REPPUNC] buat potokopi. [REPPUNC] biaya jasa. [REPPUNC] terus take [CAPS] home [CAPS] pay [CAPS] brp?. [REPPUNC] bisa zonk [CAPS]. [REPPUNC] sontoloyo [CAPS] <hashtag>,0
Ngeliat orang-orang yang tweet katanya makan babi sifatnya kayak babi saya terharu. karena kalian gua yakin kalau gua Pintar. Ternyata saya Pintar yaampun ! [REPPUNC] Ternyata otak saya masih bisa diselamatkan. <hashtag>,1
bener kamu andi sukmana putra bener bener bodoh !,1
<username> Welcome to Indonesia. Presiden wakil presiden. dpr. [CAPS] Dan para menteri. Hobi.nya main sandiwara. Mereka yang bikin mereka pula yang gaduh..,1
Ngumpulin koin buat pembangunan gedung kpk? [CAPS] tidak malu apa? Satu lagi yang sudah menjadi budaya Indonesia. mengemis [CAPS] !,1
<username> Hahahaha. [REPPUNC] Kasih arahan ! [REPPUNC] Bisa saja mimpi jadi mendagri Om Tomp?,0
Yth. <username> Pernyataan sikap Yusuf martak atas pemberian Penghargaan Adikarya Wisata kepada Diskotik Colloseum menunjukkan sikap inkonsistensi [CAPS] dalam berAMAR ma\'ruf [CAPS] nahi [CAPS] mungkar [CAPS]. Jika Ahok di Demo tapi kalau Anies di dukung ? <link>,0
Pastikan Ekonomi Akan Meningkat Satgas tmmd [CAPS] Optimis Garap Sasaran,0
Anak dipersiapkan untuk masa depan bangsa kalau dari kecil ajarannya sudah salah kedepan mau jadi apa ! [REPPUNC],0
Sarcasm sarcasm ngarti tidak artinya sarkasme apaan? tidak ngarti? Lah sama.,0
capek liat orang tolol semua. <link>,0
Daripada halu. Mending ikut give away 300k di pinned acc ku. <hashtag>,0
<username> <hashtag>,0
<hashtag> Hi..hi.. sejak kapan jkw ada di playstore/app store ! [REPPUNC],0
Bani kadrun bilang banjir tuh berkah makanya saat banjir datang toa nya mingkem bae <hashtag>,1
Assyem [ELONG]. [REPPUNC] Luar biasa ini presiden. Coba kalau ini acaranya ada berjabat negara. Sudah ampruk ini di <username> :zany_face: <hashtag>,1
peserta yang tidak punya kinerja ya jalannya hanya menjatuhkan lawan dengan bikin hoax. eh punya tidak ya kinerja culik menculik aktivis itu kinerja tidak ya,1
<username> Catur emang sudah haram dari dulu tolol,0
Apa yang ada di otak kalian. belum tentu ada di otak mereka.. Otak anda lebih pintar dari yang mecipta.. Efek bulanan anda kena ya. Pendiri facebook bisa baca isi dapur kalian. [REPPUNC] <hashtag> Sering makan biasa..,0
Wah Rosi turun kelas..the next ilc [CAPS] :thumbs_down: <hashtag>,0
<username> siapa tahu nanti 2020 bisa upgrade ke gold.. tidak ding silver gpp tapi goldnya daddies sebelahan deh podiumnya [EMOTICON] cuman kan mereka sudah tua koh sontoloyo tidak ada teman sparring juga. ya susah lah hiks,0
<username> disuntik mati saja mas <username>,0
<username> tuh kan.. giliran ada yang komen beras pasukan sontoloyo indonesia ngilang seribu bahasa,0
orang hebat lihat masalah sebagai cobaan untuk bikin dia lebih kuat. orang gagal lihat masa lalu & selalu menghindari masalah.,0
<username> Indonesia negara ku kumparan sumber beritaku :man_dancing: :woman_dancing: :man_dancing: :woman_dancing: :man_dancing: :party_popper: :party_popper: :party_popper: <hashtag>,0
Ahok asik nih ke Anies kamu jual saya beli.. :thumbs_up: :thumbs_up: Emangnye netizen aje yang bisa bikin keributan :face_with_tears_of_joy:,0
kalau bisa make duit ngapain pakai prestasi,0
negarawan sejati itu akan selalu menjadi pemersatu bangsa [EMOTICON] <hashtag>,0
Selamat datang di Indonesia dimana murid mau uas [CAPS] bukannya disuruh belajar malah disuruh melunaskan bayaran,1
Tahun Baru Kolam Renang Baru Terima Kasih kepada bapak Anies BaswEDAN ! [REPPUNC],1
Ketololan <username> berawal dari sini.. karena seringnya dicekoki ahok tai kering yang disangka pisang goreng maka buyarlah otaknya jadi idiot. <link>,0
<username> tolong pk persiden<username> usut tuntas yang fitnah guru kami ustadz abdul somad.,0
<username> Cara elegan [CAPS] Anies ngomelin kasudin [CAPS] terkait rapbd [CAPS] 2020: Setiap ada masalah akui lalu perbaiki kesalahan. Saya tidak punya masalah dengan sebuah kesalahan [CAPS] tapi saya punya masalah dengan kesalahan [CAPS] yang [CAPS] sama [CAPS] dan [CAPS] berulang [CAPS] ! Jadi tidak perlu ngomong: kamu [CAPS] taik [CAPS] semua [CAPS] ! taik [CAPS].. taik [CAPS]..! :rolling_on_the_floor_laughing: <link>,0
<username> Iya nanti di atas sosialita pasti,0
akhirnya mulai ditunjukkan dan dipermalukan orang orang yang menzalimi <username>. tidak perlu beliau tunjukkan Tuhan yang akan tunjukkan. <hashtag>,0
Orang goblok juga punya cita-cita.,0
<username> <hashtag> The Best :grimacing_face:,0
Maaf sih bapak Jokowi. Indo saat ini bukan [CAPS] negara hukum [EMOTICON] Jangan sok tidak tahu bapak <hashtag>,1
Indahnya <hashtag> setelah dipimpin <username>.. Prestasi yang tidak bisa ditiru Jokowi dan Ahok.. <hashtag>,1
tmen kos aku lgi grabfutin minuman dan mamang grabnya lama banget mala muter dong. stlah 20mnt mamang grbnya dtang dan bngung ini mnuman dmna ya trnyata ama mmang grbnya di msukin jok mtor dong [EMOTICON] dan itu mnuman sudah pda banjir di dlem jok :loudly_crying_face: :loudly_crying_face:,0
Damai itu bukan soal kedewasaan Damai itu tercipta dengan sendirinya jika ada Keadilan <hashtag>,0
tidak tahu malu ditegur dengan cara halus masih saja punya akal bulus !,0
<username> Selamat min aku mau juga dong menang : <hashtag>,0
Hm [ELONG] dari keterangan pihak rs [CAPS] Tarakan ini berarti <username> juga harus di periksa. <hashtag>,0
Wihh ! jkt48 [CAPS] keren juga nih Lipsyncnya. Jaya terus permusikan Indonesia.,1
Saat raga ini tidak bisa bersama mendoakan yang terbaik adalah salah satu bentuk dukungan dari jarak yang harus memisahkan. <hashtag>',0
Hidupnya capres 02 itu selalu diwarnai denga hoax dan hoax,0
Anak zaman now itu makin pintar. [REPPUNC] Makin pintar ilmunya makin pintar bohongnya makin pintar bikin alesan makin pintar. [REPPUNC],1
Subbhanallah. [REPPUNC] Partai Allah rusuh. ! [REPPUNC],1
Bagi-bagi di bungkus dengan pencitraan. Hmm Makin kelihatan <hashtag>,1
<username> Apalagi hanya sekedar kerabat / keluarga pejabat mantan koruptor saja masih bisa terpilih. Jadi tidak tahu lagi yang dungu ini demokrasinya atau pelaku demokrasinya.,0
Musyawarah internal sembilan hakim mk [CAPS] akan mendapatkan dan menghasilkan putusan yang seadil-adilnya untuk kepentingan bangsa negara dan rakyat. <hashtag>,0
Tipu lah dunia ini dengan senyum biar orang tidak ada yang tahu betapa buruknya hidup ini. [REPPUNC] <hashtag> <link>,0
<username> Semoga Jaya terus menjadi partai nomor satu di Indonesia <hashtag>,0
Apakah ada atm [CAPS] setebal tempe?,0
Main dengan semangat dan menang ! [REPPUNC] <hashtag>,0
Di dalam call center pusat hoax sebaiknya kubu 02 <hashtag> seharusnya untuk lebih fokus membuat program kerja dan memberikan hal positif bukan nya menebar hoax yang aneh dan tidak jelas fakt nya?' 1,1
<username> Ramekan aki. [REPPUNC] kebijakan sontoloyo mntri kkp. [REPPUNC] :grimacing_face:,0
Jakarta tetap banjir mana katanya toa [CAPS] bisa kasih alert ke masyarakat tapi ternyata tidak <hashtag>,0
kenapa korea selatan sekarang menjadi sistem pendidikan terbaik didunia ? Karena tidak ada netizen indonesia <hashtag>,1
Semoga paduka yang mulia <username> tidak terkena virus corona walaupun paduka sekarang terserang virus china.. <hashtag>,0
Pingin ketawa gwe liat anak sarjana tapi otak anak tk [CAPS] so yang salah bukan univ nya tapi otak sih ontong nih geserek <hashtag>,0
Hadiah tahun baru 2020 dari anies [CAPS] yaitu banjir di jakarta di mana mana.,1
kolam raksasa yang dijanjikan <username> akhirnya terwujud di awal tahun 2020 ini terima kasih bapak anies ! kami tunggu kelanjutan lainnya. <hashtag>,1
Hasil kerja bapak Anies yang sudah terlihat hasilnya.. yaitu Banjir [ELONG] <username>,1
Sudahlah mengenang masalalu hanya membuatmu kecewa. Namun sambutlah masadepan dengan penuh pengharapan [EMOTICON],0
Ini kalau om wowo <hashtag> punya hati busuk dan merasa banyak salah Perempuan Islam cadar menjalankan syariat dianggap intel. Dikit-dikit takut dan di curigai capres kok tidak percaya diri. Om wowo selesain urusan pribadi dulu om baru maju capres. ^_^ <username>,0
Susah manusia kalau sudah terbiasa berdusta itu sudah menjadi hoby.,0
Gaya hidup sosialita. [REPPUNC] giliran sakit ingin dikasihani. [REPPUNC] ckckckkck,0
<username> Ish [ELONG] ish [ELONG] rasisnya kampungan kali,0
Kabar gembira: Hendra Setiawan/Mohammad Ahsan sukses menjadi kampiun All England 2019 mengalahkan ganda putra Malaysia,0
smg ak baik saja dikos ini sendirian tolol banget njir gapernah takut sama kos sendiri :slightly_smiling_face:,0
<username> Kerasukan nyi roro kidul,0
Novanto 22 kali berobat keluar lapas itu artinya 22 kali pula Novanto jalan jalan bukan untuk berobat tapi plesiran. [REPPUNC] ! [REPPUNC] Penyakit yang paling parah diderita setyanovanto adalah syaraf otaknya kejepit,1
<username> Ketemu sama <username> tidak ya? [EMOTICON] <link>,0
ya allah ngerasa tolol bat saya,0
vooting seluruh wni [CAPS] pasti menang bapak menteri daripada kadal kebon,1
Masih banyak yang beban nya lebih besar di luar sana gapapa namanya juga belajar menghadapi kerasanya dunia luar.,0
<username> aku butuh banget uang nya : <hashtag>,0
Yuk sekolah lagi dulu yuk belajar bahasa Indonesia lagi dulu sebelum ngetwit. [REPPUNC] Bahaya. Masa tidak tahu bedanya majas sarkasme hiperbola dan adab sopan santun. Meski cuma nge fangirling tapi kalau tidak punya ilmu yang mumpuni juga tidak baik [EMOTICON],0
<username> Zul [ELONG]..gk usah lihat israel..lihat saja pemprov dki [CAPS] mmberi pnghrgaan diskotik [CAPS] terbaik..tp mngapa anda diam 10 [ELONG] basa. Bknkh diskotik tmptny mksiat knp anda dn gnpf [CAPS] ulama tidak demo berjilid jilid..apa karena anis junjungn km jadi km tidak berani krit,0
Kementerian Kelautan dan Perikanan (kkp) [CAPS] menggelar upacara serah terima jabatan (sertijab) dari Susi Pudjiastuti ke Edhy Prabowo (Sumber: Okezone). <hashtag> <link>,0
<username> Ah [ELONG] Masa sih [ELONG] <username> ? Tuh ada anak calonin jadi pejabat solo. Eh gimana kabar beras Bulog ? Suara kalian mana para makhluk ganjen nan centil ! [REPPUNC],0
Masa ia kami yang hanya duduk dan main hp saja jadi kena getah'a? <hashtag>,1
Jokowi Ngaku Keberhasilannya Divestasi Freeport Mencegah Kebakaran Hutan dan Pro E-Commerce. Pdhl semua omong kosong semata.,1
Sebagai perempuan harus kuat Lucinta Luna Semangat bang,1
<username> karena dia tolol jadi gabisa mikir :upside-down_face:,0
Pokoknya harus berjuang untuk menang !,0
<username> Baru saya tahu makhluk Tuhan yang ngaku islam paling bener ternyata berjanggut tapi mulut nya kotor ngatain orang anjing seenaknya. Kadrun berjanggut sontoloyo,0
terbaik [CAPS] memang [CAPS] kemenag [CAPS] indonesia [CAPS]. [REPPUNC] <hashtag> <link>,0
Susah kalau janji temu sama para pejabat <username> &amp; ust. Burhan. Minus Bang Dhio yang pulang duluan <link>,0
Selamat ya gaes..jd duta dusta indonesia,1
Mari kita dukung terus kerja nyata pak jokowi <username> <hashtag>,0
<username> Gerombolan kadrun nalarnya tolol jadi klw ngomong ya begini kwalitasnya tidak nyambung.. Sebutkan siapa/dmn dan oleh siapa fpi diperkusi. sudah lapor <username> tdk.?,0
<hashtag> Syok Lihat Uang Cash Inul Daratista Rp 10 Juta Nia Ramadhani Sindir Tajam: Gete <link>,0
<hashtag> pr [CAPS] Nadiem sngt berat.. <username> <link>,0
namun takut kritikan yang abid didengungkan prabohong tidak pernah punya asal usul yang jelas alias tidak berdata.,1
Kata Polisi soal Pengakuan Sopir Ambulance Gerindra Bawa Batu di Rusuh 22 Mei,0
<username> Tetap semangat terus berjalan walau ada rintangan di perjalanan <hashtag>,0
Di Indonesia Majalah Tempo yang sastrawi bisa blingsatan oleh ulah netizen. Puncak tragedinya pengakuan orang yang mendungu-dungukan liyan tapi ngaku akun twitternya dicuri orang dungu <hashtag>,0
<username> Tuhan tidak perlu di takuti dasar pekok kamu. ! [REPPUNC] Tuhan harus di sembah serta jalani ajaran nya tidak perlu di takuti.yg perlu di takuti itu preman yang suka nggarong duit rakyat dki [CAPS].,0
<username> Mungkin memang dari ngebuzzer lebih seksi daripada sekedar jadi dokter. Apalagi bisa cawe sama penguasa dan mantan penguasa.,0
Selamat datang di Indonesia di mana ucapan tidak suka akan selalu dianggap sebagai menyebar kebencian,1
<username> sudah Ngetop ! [REPPUNC] sudah tidak [CAPS] laku [CAPS] maksudnya ! [REPPUNC] :grinning_face_with_sweat:,0
budayakan membaca isi berita nya bong.. jangan asal komen ! [REPPUNC] goblok di piara,1
Mantap Gerindra Garda Terdepan Membela Anies,1
<username> kan tukang. [REPPUNC] dia. [REPPUNC] racun membedakan psk online dan non online.. makanya harus di giniin dulu baru tahu fox confirm ðÿ¤£ðÿ¤£ðÿ¤£,1
Besok btp [CAPS] keluar dari tahanan..biar dia kafir aseng tapi dia hadapin semua prosedur hukum baik dari pemeriksaan sampai ke pengadilan..tidak pakai acara minta penangguhan keringanan apalagi ampe kabur ! [REPPUNC] <hashtag>,1
<username> Kok jadi ngatain mom goblok ! [REPPUNC],0
Wah keren. [REPPUNC] Koruptor saja mau dijadikan kapolri. [REPPUNC] wkwkwk apa kata dunia?,1
Alhamdulillah suatu kebanggaan bisa bertatap dengan orang-orang yang menginspirasi <username>,0
Berdiri di Lahan Fasos Fasum Enam Reklame di Jakarta Utara Ditertibkan Sabtu (30/11). <link> <username> <hashtag>,0
<username> Daripada ngaku saudaranya dpr [CAPS] ya mending pura pura kesurupan terus minta es buah sama gorengan,0
<username> betapa [CAPS] rakyat [CAPS] kecil [CAPS] dipinggiran [CAPS] sana [CAPS] di [CAPS] pulau [CAPS] pulau [CAPS] terluar [CAPS] jawa [CAPS] sedang [CAPS] menikmati [CAPS] pembangunan [CAPS] jalan [CAPS] tol [CAPS] yang [CAPS] dibuat [CAPS] sang [CAPS] presiden [CAPS] jokowi- [CAPS] jk [CAPS]. dengan [CAPS] bangganya [CAPS] masyarakat [CAPS] dipinggiran [CAPS] perbatasan [CAPS] antara [CAPS] negara [CAPS] berterima [CAPS] kasih [CAPS] buat [CAPS] jokowi [CAPS] - jk [CAPS] yang [CAPS] tela [CAPS] membangun [CAPS] pos [CAPS] pos [CAPS] perbatasan [CAPS].,0
Dasar kau bajingan polos hahaha - -,0
ooh ternyata si hercules sang provokator rusuh semalam <hashtag>,0
<username> Pendapat saya sebagai publik apa yang dipersoalkan dan dilaporkan oleh <username> sudah benar adanya dan menjadi hak preogatif ybs sebagai anggota dewan mewakili konstituennya. Pendapata anggota dewan dprd [CAPS] dki [CAPS] asal <username> ini justru bias [CAPS] dan berpotensi dewan tidak berani transparan [CAPS].,0
awas [CAPS] kamu [CAPS] zonk [CAPS]. [REPPUNC] diciduk [CAPS] nanti [CAPS] jangan [CAPS] nangis [CAPS] <hashtag>,0
mengagumkan.. sungguh sangat amat transparan.. <hashtag>,1
Sekolah itu asik yang tidak asik itu gurunya^-^ Jelang siang. [REPPUNC] <hashtag>,0
tidak ngebayang tuh parabongs kalau jokowi berbaik hubungan dengan Anies kembali. Bisa makin kalap tuh parabongs. Partaipun jadi tambah sontoloyo. <link>,0
Sekali mereka akan turun gelanggang Setelah stgh abad lebih. [REPPUNC] mereka mnjadi yang trgarang mmberantas pki [CAPS] Dan sekarang. [REPPUNC] mereka akan menjadi yang tergarang pula menjadi pemberantas hti [CAPS] (eks) dan kroni2nya [CAPS] <hashtag> <link>,0
Kelompok ini harus disadarkan. Karena jelas menghambat dan susah di ajak maju. Tindakannya anarkhis menganggu keamanan dan ketertiban merusak fasilitas umum ujung-ujungnya salahkan petugas. <hashtag> <link>,0
<username> sekarang bahkan makin kepanasan mbak apalagi kalau pak ps [CAPS] jadi ke as [CAPS] disambut dengan baik / istimewa.. :grinning_squinting_face: :woman_dancing:,0
Perdana Menteri Australia dan Pemimpin Oposisi sibuk kampanye dalam hal isu kesehatan. Mereka main data dan fokus pada peningkatan pelayanan terbaik untuk warga. Siapapun yang kelak terpilih yang menang adalah seluruh warga Australia; bukan hanya 'kecebong' dan 'kampret' [EMOTICON],1
<username> hak veto tidak akan menghapuskan uud [CAPS].. <link>,0
Pak Nadiem seperti musuh bagi para Boomer yang tidak mau beradaptasi dengan perubahan yang ada <link>,0
Indonesia itu keren. Koruptor dapet uang pensiun. fak [CAPS],1
Kepesertaan bpjs [CAPS] Kesehatan di Sragen Terendah di Wilayah Jateng-DIY <hashtag> <link>,0
Pusing hidup pengen jadi Nia Ramadhani saja ah,0
Anjing kamu :angry_face_with_horns: :angry_face_with_horns: :angry_face_with_horns: marah3,0
Menggelikan logika pendukung Jokowi baik timses maupun yang mengaku ilmuwan. Jokowi menyerang personal tidak dianggap negatif bahkan keunggulan Jokowi. Jokowi menyerang personal Prabowo dan ini satu kesalahan besar. Kelihatan aslinya ! <hashtag>,0
jangankan Pak jk [CAPS] masyarakat awam pun akan pesimis masalahnya kondisi ekonomi Indonesia yang sedang mengenaskan kalau di tambah seperti ini bisa makin amburadul pak jokowi lupa kalau ini Indonesia bukan Amerika <link>.com/jk-pesimis-dengan-wacana-tunjangan-pengangguran-jokowi/ … <hashtag>,0
Astaga gua senoob ini kah ngupas salak sampe berdarah-darah? :face_without_mouth: sianying masa gua segolongan ama Nia Ramadhani ! [REPPUNC] <link>,0
Hebat juga ya bapak <username> janji kampanye ditepati. [REPPUNC] kolam besar dki Hidup bapak Anies. [REPPUNC] hidup pendukungnya para kadrun,1
anda [CAPS] sudah [CAPS] melanggar [CAPS] uu [CAPS] it [CAPS] dengan [CAPS] menebar [CAPS] hoax [CAPS] data [CAPS] tahun [CAPS]. 2013 dikatakan [CAPS] tahun [CAPS]. 216 masyarakat [CAPS] sudah [CAPS] cerdas [CAPS] bro [CAPS].. ! [REPPUNC] salam [CAPS],0
tgupp [CAPS] saja kita tidak tahu siapa anggotanya apa target kerjanya dan mana hasilnya? Yang aku bingung itu gaji tiap bulan masuk ke akun siapa? Siapa yang punya wewenang untuk audit? Wan aibon aku ingatkan ya <hashtag> cc <username> :folded_hands:,0
<username> Emang di undang?,0
<username> nantang <username> Semoga direalisasikan oleh <username> :folded_hands: :folded_hands: :folded_hands:,0
<username> Rezim Sontoloyo,0
Ternyata kabinet itu lebih mewakili partai daripada rakyat. Apakah ini kematian atau kebangkitan? <hashtag>,0
<username> partai allah ?. [REPPUNC] apik dicontoh. [REPPUNC] ngamin ngamin. [REPPUNC] masih mo ngotot anda. [REPPUNC],1
<username> Ini namanya ulama goblok ulaman tolol.Ko tempat maksiat di kasih penghargaan.Colloseum menyerap para perek x Dri Alexis goblok.jdi najis saya Cmnts trhdp para Dajjal yang Halal di haramkan dn yang Haram di halalkan,0
dia tidak suka sama kamu goblok dia cuma suka guyonanmu paham tidak su?,0
dalam kapitalisme dengan sistem demokrasinya. [REPPUNC] kebohongan adalah keniscayaan..,0
<username> Insya Allah Prabowo Sandi menang aamiin,0
prestasi [CAPS] gabener [CAPS] Anies Di Musim Hujan ini Bisa Membuat Kolam Renang Di Tengah Rumah Warga dengan Banjir Kiriman yang barokah. Banjir ini bukan [CAPS] musibah [CAPS] Jadi tidak Perlu Diantisipasi Cukup dengan Doa. fokus [CAPS] Ayo tebak [CAPS] Benda-benda apakah yang lagi mengambang itu? <hashtag>,1
Melihat sekuritas bumn [CAPS] yang sempoyongan karena menanggung saham Garuda yang tidak terjual muncul inisiatif dari Menteri bumn [CAPS] yang saat itu dijabat Dahlan Iskan untuk menjual saham Garuda kepada investor strategis. <hashtag>,0
Hari ini akan tercatat dalam sejarah bahwa ada seseorang yang telah berulang kali mencalonkan diri dan selalu gagal untuk menjadi The Presiden <hashtag>,1
<username> Kebalik [ELONG]. [REPPUNC],0
tidak tahu apa apa yang pebting bisa berkuasa <hashtag>,0
Ini hadiah besar dari pa anies [CAPS] 2020 kita dukung bapak anies [CAPS] supaya dapat nobel [CAPS] prize [CAPS] tahun [CAPS] 2020 ! [REPPUNC] Dari Jakarta hingga Bekasi Ini Sejumlah Wilayah yang Banjir.,1
Hasil karya terbaiks gabener <username> disebabkan kelalaian keangkuhan dan kegengsian melanjutkan kebijakan gubernur terdahulu yang terbukti berhasil menangani banjir <hashtag>,1
Peradaban kapitalisme tidak akan pernah bisa mengatur distribusi kekayaan secara merata.,0
Tentara Nasional Indonesia sorong orang tani di Manokwari supaya melaksanakan ketetapan hati hutan di Syrian Arab News Agency <hashtag> <link>,0
Debat saling nge bandingin beban hidup lebih Beratan mana ekwkekkeke kadang kalau orang tolol debat kadang suka Seru saja yang bgini segala di bandingin tidak sekalian Umbar aib u berdua wkwkwkkwkwkwkww,0
dulu kalian milih Anis kan bukan karena program kerjanya karena kalian seagama. Mampus lahh kao sekarang punya gubernur tidak punya program kerja. Aku tidak suka ya agama dijadiin embel dalam politik. Nanti Allah marah. kalau tidak nepatin janjinya. <hashtag>,1
<username> kabar riang kawan jangan pesimis ðÿ'œ ekonomi akan meroket tahun 2021 ðÿ˜‰ tapi kabar buruk nya yang ngomong penyemu ðÿ¤£ <hashtag>,1
Yang pernah dipimpin oleh beliau tweet dengan tagar <hashtag> <link>,0
Ingin ku jambak ginjalnya <hashtag>,0
Ayo jadikan diskotik sebagai ujung tombak kebahagiaan Jakarta. Mumpung gnpf [CAPS] sudah mendukung pemberian penghargaan kepada diskotik. Mr Dan <username> mmg beruntung punya pendukung seperti gnpf [CAPS]. Maju Diskotiknya Bahagia Pendukungnya,1
Kartu Pra Kerja itu ibarat Direktur yang terlibat banyak utang harta perusahaan sudah ludes gaji ampir tidak lebayar. terus dia bilang ke Direksi Percayalah sama saya nanti saya kasih anda Kartu Pra Pailit <hashtag>,0
Tentang pemerintahan kepemimpinan kekuasaan Semua sudah di atur oleh Allah Allah punya rencana yang indah untuk bangsa ini jika tidak bisa merubah jangan merusak tapi doakanlah <hashtag>,0
Stop jangan suka memprovokasi sesama bangsa Indonesia <hashtag>,0
<username> Semoga bisa wujudin keinginan yang belum tercapai <hashtag>,0
Bentar lagi bangkrut kamu.. <hashtag>,0
<username> Bagus bos.tapi biar dak jadi gado gado.tugasnya sebagai menhan dinomer satukan.manteb pak prabowo.,0
Pada Mei 2015 Peresmian Proyek pembangunan Makassar New Port oleh Presiden <username>. Kondisi selama ini pelabuhan M… <link>,0
Terima Kasih Pak <username> <hashtag>,1
Jangan putus asa dulu teruslah berjuang karena pelaut hebat tidak pernah lahir di laut yang tenang [EMOTICON],0
<hashtag> Apapun hasilnya kita semua tetap cinta nkri [CAPS] :clapping_hands:,0
kalau misal memang ada keluhan trhadap perhatian pemerintah sampaikanlah scara lgsg kepada bapak jokowi. Kan anda sndiri yang blg kalau anda sudah anggap beliau sprti bpk sndiri. Beliau psti trbukan dengan masukan anda & bknnya malah bkin tweet macam itu.,1
<username> hadeuh [CAPS].. kebiasaan [CAPS] para [CAPS] gerombolan [CAPS] psi [CAPS] nih [CAPS] bikin [CAPS] penyesatan [CAPS] bukan [CAPS] psi [CAPS] namanya [CAPS] kalau [CAPS] tidak [CAPS] bikin [CAPS] tolol [CAPS]. bacot [CAPS] dulu [CAPS] urusan [CAPS] belakangan [CAPS]. kaya [CAPS] si [CAPS] <username> pekok [CAPS] ini.,0
setelah dinyatakan bebas atas kasus pembunuhan Kim Jong-nam. Aisyah akhirnya pulang ke tanah air dengan bahagia. Trimakasih pak jokowi serta mentri yang terkait <hashtag> <username>,0
<username> Itu tanda Prabowo tidak ambisi harta klu berkuasa,0
<username> Mantap ini bg mantap Rekonsiliasi bangsa itu no satu,0
<username> ternyata cuman sambilan doank nie jadi mentri nya hahaha. <username>,0
Ya ampun Eva Celia Suaranya :smiling_face_with_heart-eyes:,0
Dua Keahlian Terbaik Gabener Wan Aibon: 1. Lepas Tangan 2. Tata Kata,1
Perbanyaklah membaca cerdas [CAPS] biar tidak dicap goblok,0
<username> yeu [ELONG] [CAPS] anjing [CAPS] tolol [CAPS] bangsat [CAPS] tidak [CAPS] guna [CAPS] kamu [CAPS] goblok [CAPS],0
Selamat atas Di tetapkannya Pak Idham Azis sebagai Kapolri yang Baru. [REPPUNC] <username> <link>,0
Maju psi [CAPS]. [REPPUNC] pemberani dan menginspirasi kaum milenial,0
sumpala nilai uts gua tidak ada yang diatas 50 anjir goblok banget semester 1 saja sudah begini gimana kedepannya awokoawkoawkowa,0
Menteri adu lucu bareng Bedu. Bedu kalah lucu di banding para menteri. [REPPUNC] stop [CAPS] korupsi sekecil apapun korupsi tetaplah korupsi. [REPPUNC] <link>,0
Aing tolol bangetkan,0
<username> <hashtag> Akankah buat penguasa adil. [REPPUNC] Aku rasa tidak,0
Yes semua aku adu aku disini liatin kamu sambil niup suling bambu aku tidak mau maju biar orang lain yang mati dulu maafkan kelakuan ku memang selalu begitu. - rais kakek tua bau sampah <hashtag>,1
Demo berjilid jilid Ijtima berjilid jilid Akhirnya dapat penghargaan diskotik Cara kelompok Nasi Bungkus bertahan hidup <link>,0
Assalamualaikum saya imbau saudara saudara sekalian memaklumi saya atas akun kemaren <hashtag>,0
<username> Jika sudah tegas menghapus Materi Khilafah maka tegas juga dong bubarkan fpi [CAPS] agar pedagang Khilafah tidak punya tempat menyusup. Selama ini fpi [CAPS] di jadikan tunggangan setelah hti [CAPS] di bubarkan. <hashtag> <link>,0
kalian mendzolimi aparat polisi namun mereka tetap sabar <hashtag>,0
Akhirnya saya bisa tahu hal positif yang Lucinta Luna punya ! [REPPUNC] Positif narkoba,1
<username> Ya harus kerja keras bagai kuda biar bisa beli atau cari crazy rich people biar bisa beli berlian tiap hari ala Nia Ramadhani :grinning_face: :winking_face_with_tongue:,0
<username> Aebut saja si Maher yng tidak Mahir alias si Soni yng sontoloyo.,0
Waw [ELONG]. [REPPUNC] amanjing bangets [ELONG] <hashtag>,1
Aku kangen manusia yang dulu. Manusia yang kalau ribut itu tinjunya dikepal bukan hanya pakai jempol.,1
Kasus Novel Baswedan sudah mengalami kemajuan Krik. [REPPUNC] Krik. [REPPUNC] Krik. [REPPUNC] Dah setahun lebih tidak ada perkembangan apa pun ! <hashtag>,1
Menolong adalah komunikasi terbaik :sign_of_the_horns: :flexed_biceps: <hashtag>,0
<username> iya [CAPS] kan [CAPS] tolol [CAPS] H [ELONG] terus [CAPS] ge [CAPS] ketemu [CAPS] dia [CAPS] di [CAPS] booth [CAPS] exit [CAPS] tunes [CAPS] sedangkan [CAPS] saya [CAPS] tidak [CAPS] pas [CAPS] ke [CAPS] boothnya [CAPS] kzl [CAPS] banget [CAPS],0
Siapa nih temen kamu yang bisa dapet ini ! [REPPUNC] <hashtag> <link>,0
<username> Prestasi United dah cukup hambar bagi aku kahkahkah,0
Welcome to indonesia yang dmn pelaku pembullyan dibela pelaku pemerkosa ditutup identitasnya dan korban pemerkosannya disalahkan dari segala sudut pandang ! [REPPUNC],1
<username> wih [ELONG] 3 media yang dukung,0
Kalau bgtu tempe lebih berharga juga dri pda kau. <hashtag> mu itu membuat kami muak..,1
Curang curang curang. Disuruh buktikan malah bawa print [CAPS] out [CAPS] berita [CAPS] online [CAPS]. jangan [CAPS] cuma [CAPS] teriak [CAPS] curang [CAPS] tapi [CAPS] tidak [CAPS] bisa [CAPS] ka [CAPS] <link>,0
"<hashtag> ""Saya beribu-ribu terima kasih atas bantuan pemerintah kita "" kata Siti Aisyah. <hashtag>",0
<username> yang baru yang diandalkan oleh rakyat.,0
Seperti maling yang dipenjarakan oleh bandarnya sendiri [EMOTICON] [EMOTICON],0
<username> Rezim Cebong sontoloyo membuat rakyat sengsara. [REPPUNC] ! [REPPUNC],0
nu [CAPS] dan Muhammadiyah menarik jadi rebutan kekuasaan. Sungguh blunder tim sukses yang membully keduanya. [EMOTICON],1
<username> satpam hatiku juga tetap pejabat hatiku,0
<username> Kabar gembira kawan jangan pesimis ! [REPPUNC] Ekonomi akan meroket tahun 2021 ! [REPPUNC] Tapi kabar buruk nya yang ngomong pembohong ! [REPPUNC] <hashtag>,1
Yaa Alloh dapat kabar kaya gini. [REPPUNC] Bener-bener sekarang moto <hashtag> sudah ganti dengan [CAPS] gotong [CAPS] royong [CAPS] semua [CAPS] tertodong [CAPS] :face_screaming_in_fear: <link>,0
Cuaca hari ini cerah semoga kedepan Indonesia juga cerah dengan bangkitnya Islam. Dimulai dari negeri dengan garis pantai terpanjang di dunia ini semoga Islam bisa terus berkembang belahan dunia lain seperti dulu 13 abad silam. <hashtag>,0
Bowok lagi produksi hoax terus,0
Mulutnya melebihi mulut emak ngoceh muak dah <hashtag>,0
Akhirnya terkuak sudah dan bisa digagalkan oleh kepolisian <hashtag> <link>,0
<username> Menag cuk. [REPPUNC] Pecat. [REPPUNC] :enraged_face: <hashtag>,0
Terima kasih pak <username> kami yang bukan warga dki [CAPS] bisa dikasih kesempatan melihat <hashtag> yang penuh air <hashtag>,1
Kementerian Riset dan Pendidikan Tinggi menyebut salah satu kelompok penerima Kartu Indonesia Pintar atau kip [CAPS] Kuliah adalah siswa-siswa yang sebelumnya telah terdaftar sebagai pemegang Kartu Indonesia Pintar. <hashtag> <link>,0
hidup sudah kaya motor angop nyendat [CAPS] - nyendat [CAPS] <hashtag>,0
Kabur kemana bang tidak ngetwit? Sekalinya muncul <username> malah ketangkep nyabu <hashtag>,0
When dana anggaran Ormas lancar lidah pun dapat berlipat ganda. Dan bisa-bisa nya ada hesteg <hashtag> smcm ini. Hadehh negara dapat berkembang saat kedewasaan pada masyarakat nya tercapai. Nah ini? Pantes negara ini stagnan [EMOTICON] <link>,0
Hahha..kita kena trima perubahan :relieved_face: aku masih ingat mak aku marah aku sebab sebut lol [CAPS]. [REPPUNC] die ckp \'x baik kata orang tolol\' ; zmn die lol tu tolol <link>,0
gapernah ngasih disuruh nabung mau nabung apaan w kocak tolol ah,0
<username> Namanya juga rezim suka :rolling_on_the_floor_laughing: <hashtag>,0
<username> Masih juga congkak. [REPPUNC] Walaupun ngemis jabatan. [REPPUNC] Malu dong. [REPPUNC] ! [REPPUNC],0
Mari bersama kita jaga keamanan di bumi cenderawasih <hashtag> <link>,0
Jangan sekali-kali menyakiti hati orang tua. Hormati dan sayangilah mereka. <username>… <link>,0
Luar biasa ada pejabat ngasi penghargaan buat diskotik. Kenapa tidak sekalian bikin diskotik Award aja?,0
<username> amerika kita lawan china kita lawan pelanggaran ham di manapun kita lawan kita suarakan yang tolol itu kamu dan gerombolan setiap hari menjilat naikin tagar ujung nya si jae jangan di usik terdakwa nya itu saja fpi dan hti kan goblok,0
Di dunia internasional Jakarta juga mempunyai julukan J-Town,0
Gejala islamophobia menggejala di kalangan pejabat. Ganti saja. [REPPUNC] <hashtag>. <hashtag> ArsyaSya3 <link> ilmuutama Bocahdolan1,0
<username> kepala sakit [CAPS] leher ke bawah tidak bakalan enak. pemimpin sontoloyo bawahan bego. :grinning_face_with_sweat: :grinning_face_with_sweat: :grinning_face_with_sweat:,0
<username> Dasar dokter tolol saya sering ikut mengasistensi dan membantu para pptk [CAPS] ppk [CAPS] kpa [CAPS] dalam menyusun hps [CAPS] dan anggaran banyak faktor teknis dan parameter yang harus diperhatikan. Jangan asal bacot dokter [CAPS] tolol [CAPS].,0
<username> banyak spyware di mobil dinas alat sadap :face_with_monocle: :nerd_face:,0
pencetus kalimat partai allah mengedukasi generasi spesies untuk saling berujar kebencian <hashtag>,1
goblok ! <link>,0
Demi Allah saya mager banget belajar lsp kaksjsjwisj tolong hamba mu yang terlalu tolol ini Ya Allah,0
<username> Nah. Jadi sstem/software itu hny tool untuk membantu manusia. Sistem sebagus apapun akan utilize/berguna tergantung penggunanya. Sistem memang smart [CAPS] (Specific Measurable Aggressive Realistic Time-bound) tetapi mestinya manusia lebih smart. <hashtag>,0
Semoga pihak sebelah make akal sehat dan sadar [CAPS] diri [CAPS].. <hashtag>,1
<username> Oh jadi <username> tujuanya apa ada di dpr [CAPS] menutupi markup anggaran biar bisa mabok lem rame ! [REPPUNC] Ayo <username> hajar semua perampok anggaran mungkin si inggkar ini takut ketahuan pula boroknya.,0
Yes [ELONG]. [REPPUNC] kira ada diskotik lagi tidak yang mau diberikan penghargaan serupa ? <link>,0
Harapan baru Pertanian Indonesia. Syahrul Yasin Limpo dipercaya sebagai menteri pertanian Indonesia. Amin [ELONG]. Foto-foton lama beredar luas dan kembali viral. [REPPUNC] <hashtag>€¦ <link>,0
Dukung Buka lapak sebatas tulisan doang [EMOTICON] [EMOTICON] belanja saja kagak pernah sok sokan dukung [EMOTICON] [EMOTICON] [EMOTICON] [EMOTICON],1
Saat fazdlizonk [CAPS] meninjau kondisi tanah longsor di Puncak Bogor sambil dipayungi bak raja tanah. Ternyata dia punya vila di situ. Jadi ini meninjau juga ada kepentingan pribadi dong. Dasar penghina Ulama,1
Mereka bilang kalau panutan mereka yaitu Wowo kalau ibadah tidak bilang-bilang. Tapi ini ada bukti kalau ada undangan buat sholat jumat. Yah gimana ini ya. Malu sih gua jadi mereka.,1
Katanya ulama jangan di hina lha anda nyebut ulama dengan kau.. kau..,1
Sepakat dengan pak Nadiem. Hafal tapi tidak memahami apa yang dipelajari hanya omong kosong. Dan omong kosong ini yang perlu kita perbaiki agar menghasilkan sdm [CAPS] yang berkualitas &amp; berintegritas. <link>,0
Baru sadar kalau malam ini <hashtag> pantesan anjing disekitar sini pada demo kukira lagi kawen :face_with_tears_of_joy: rupanya lagi demo mbk kunti :face_with_tears_of_joy: <link>,0
Keberhasilan <hashtag> di bidang teknologi bikin Jokowi yakin dia bisa terapkan standar pendidikan yang sama bgi 300rb sekolah & 50jt pelajar indonesia (Kompas 25/10) <hashtag>,0
<username> goblok,0
<hashtag> Minta maaflah kepada korban 700 nyawa Pemilu korban kerusuhan 21-22 Mei korban aksi demo mahasiswa dan pelajar korban kerusuhan di Wamena korban bencana alam ntb [CAPS] Palu Ambon. bukan [CAPS] kepada [CAPS] yang [CAPS] tidak [CAPS] kebagian [CAPS] kursi [CAPS] ! <link>,0
saya bukan generasi yang mudah terhasut dengan kampanye provakatif firehos the falsehood,0
Insyaallah pak <username> menang Amin.,0
Bapak bingung anak linglung Anak-anak penjilat maksudnya ! [EMOTICON] <hashtag>,1
Apa salahnya motor vario dia yang diparkir pakai dibakar oleh preman makar anarkis itu ? Apa ayo ! Apa salahnya itu belinya pakai kredit tahu baru juga lunas setelah kredit 4 tahun ! <hashtag>,0
( [ELONG] semburan [CAPS] dusta [CAPS] ) [ELONG] Tapi iya sih,0
<username> Berjuang terus mas bro..jangan patah semangat..jika tujuan-Mu adalah mendapatkan ridho Allah swt [CAPS]..tak ada halangan yang mampu merintangi..Allahu Akbar..,0
<username> Di tanya apa jawab apa.. :face_with_tears_of_joy:,0
<username> yang bajingan bangsat itu yang beli lahan milik pemda dki [CAPS] sendiri.,0
Guys. [REPPUNC] Dapat salam dari indonesia [CAPS]. [REPPUNC] bangunlah jiwanya Bangunlah Badannya untuk indonesia [CAPS] raya [CAPS]. [REPPUNC] <hashtag>,0
Banjir itu berkah yakk? kalau begitu Selamat deh buat warga jkt [CAPS] yang selalu diberkahi 4nies ! [REPPUNC] Jangan lupa Bertoa y gaess. [REPPUNC] 4 miliar lho bukan kaleng-kaleng ! [REPPUNC] <hashtag>,1
Kasian banget ketilang [EMOTICON] Padahal lengkap <hashtag> <link>,0
Saya suka membaca komentar netijen di sosial media. Tetiba menjadi serba ahli [CAPS]. Ahli teknik ahli sistem ahli politik ahli ilmu ahli hisap dsb. Plus dibumbui rasa dendam sarkasme. :beaming_face_with_smiling_eyes:,0
<username> penyanyi [CAPS] tolol [CAPS],0
Terima kasih atas jasa bapak Anies <hashtag> kembali trending. Eh bukan ding itu antrian Aer yang mau masuk ke saluran pembuangan. Maap lord. ! [REPPUNC],1
<username> 02 insya Allah menang [CAPS],0
<username> diem kamu anjing,0
<username> Kenangan yang tercecer wkwkwk <hashtag> <link>,0
<username> ; Yasudah saya sekalian minta pizza saja karena katanya gratis. Populasi manusia kalau kamu kelaparan hahaha. Habis katanya suka makan daging manusia \'kan? Jangan sungkan-sungkan mengurangi populasi. Ah tidak seaneh kamu sih. Tapi cuk,0
Aku bangga hidup dengan identitasku sekarang. Cewe kuat tegar pintar. Akhirnya pasti baik aku percaya.,0
Mau sholat jumat kok pakai sebar pamflet. Itu sholat jumat lagi diskonan ? -_-,1
<username> beginilah umatmu. selalu menebar su\'udzon [CAPS]. Padahal khusnudzon itu lebih baik dari <username> :winking_face_with_tongue: :winking_face_with_tongue:,0
<username> Gerindra justru malu tuh sudah lama tua tapi tidak bikin prestasi,0
Lah. [REPPUNC] ada yang bilang tiap rupiah melemah Rp100 kita dapat Rp1 7 trilun. sudah berapa ratus rupiah melemah tingglal dikalikan saja bapak lumayan sudah bisa buat nombokin pln [CAPS] yang rugi,1
Gubernur Pembohong. [REPPUNC] Gunernur yang paling benar BOHONG'nya. ! [REPPUNC] <hashtag>,1
Terima Kasih bl [CAPS] yang baik. [REPPUNC] tidak papa Pramel ini menjadi motivasi untuk menjadi lebih baik lagi yaktities [ELONG],0
Orang bijak mengerjakan sesuatu dengan segera apa yang orang bodoh lakukan pada akhirnya.,0
yang sabar ya warga dki [CAPS] Jakarta Pimpinan ada di Kelas Gubernur hanya kelas Kacangan. [REPPUNC] <hashtag>,1
Mendikbud Nadiem Makarim tetap santai sembari terus melemparkan senyum khasnya saat bertemu para guru. <hashtag> <link>,0
Damailah Indonesiaku <hashtag>,0
Partai Allah is the best. pan [CAPS] agamamu. Amien Rais Tuhanmu. [REPPUNC] Gapapa rusuh yang penting islam dan seiman.. TakeBeer ! [REPPUNC],1
<username> <link> urus yang kecil dulu bro :zany_face: :zany_face: :zany_face:,0
Kalian lihat mereka ini saudara kita semua mereka punya anak istri dan keluarga mereka juga ingin tenang dalam melaksanakan ibadah puasa tapi klian sanggup melakukan tindakan biadab hanya kbodohan kalian serta pmpin yang rakus [CAPS] <hashtag>,0
<username> Ahh. [REPPUNC] ngeles aje kamu ngok.. ! [REPPUNC] Tolol teriak tolol. [REPPUNC] lucu,0
<username> Biasanya orang pinter itu suka minter-minterin. Atau jangan-jangan lagi belajar cara mempengaruhi orang saat debat dengan cara membuyarkan lawan bicara dengan tidak memberi kesempatan lawan berbicara.,0
Saya bercerita tugas-tugas saya jadi menteri. Saya mengurangi tugas memberi kuliah. Tetap jadi dosen. Kerjaan tetap saya dosen menteri jadi sambilan kata Mahfud. <hashtag> <link>,0
Hallo <username> apa kabar? Setelah beberapa saat lalu ingin menandingi Kesultanan mimin <username> dengan iming² tidak [CAPS] yang faktanya pemenang tidak ada satupun dari twitter tapi pgn trending di Twitter :winking_face_with_tongue: :thumbs_up: :face_with_hand_over_mouth: - Tengok nih <hashtag> :smiling_face_with_smiling_eyes: :thumbs_up: Situ apaan? <username> :winking_face_with_tongue: :face_with_hand_over_mouth: <link>,0
Bawang putih & bawang merah. Revalina S. Temat & Nia Ramadhani Berharap ditayangin lagi di tv. [REPPUNC] Seru kayaknya :grinning_squinting_face: :grinning_squinting_face: :grinning_squinting_face:,0
Demi infrastruk duniawi yang dibanggakan makhluk Allah terzalimi. Kalau bijak dan arif serta tidak mengutamakan nafsu duniawi semata hal yang seperti ini tentu tidak akan terjadi. Semoga <username> tidak demikian sayang sama rakyat papa karena Allah swt [CAPS] menyuruh kita menyayanginya.,0
Saat <username> puji prabowo soal ketelitian nya mengelola anggaran kementrian pertahanan.. :smiling_face_with_smiling_eyes: Pak <username> jangan nyindir pak <username> donk ahh. [REPPUNC] :face_with_tears_of_joy: :face_with_tears_of_joy: :face_with_tears_of_joy: :face_with_tears_of_joy: :face_with_tears_of_joy: <hashtag>,0
Wadaww kenapa dia kok bisa trending <hashtag>,0
kalau sudah merasa pintar apapun yang orang lain katakan ternyata bersebrangan pasti di anggap bodo. [REPPUNC] Dukung <hashtag>,0
tidak penting mementingkan manusia yang kepentingan untuk dirinya sendiri saja tidak ia pentingkan.. Sampah ! <hashtag>,1
Bentuk dukungan Indonesia dalam meningkatkan mp [CAPS] pbb [CAPS] <hashtag>,0
Kata guru saya saya itu orangnya penghambur duit orang tua. ya selagi bisa menghamburkan kenapa tidak. [REPPUNC] sarkasme [CAPS] <hashtag>,0
Kebenaran itu akan nampak walaupun terlambat skalipun telah <hashtag>.,1
<username> Goblok banget deh kamu. Hindu itu sudah ada dari 70 [ELONG] tahun sebelum [CAPS] masehi [CAPS]. sedangkan islam baru ada tahun 600 setelah [CAPS] masehi [CAPS]. Lagian taj mahal itu kuil hindu yang didalamny kuburan. Pasti kamu kira itu masjid ya? Bukan !,0
tidak sanggup mikir nya hahaha <hashtag>,0
Perang tagar masih terus berlanjut dan hari ini masih lerlanjut <hashtag>,0
<username> bikin [CAPS] keluhan [CAPS] via [CAPS] twitter/facebook [CAPS] tapi [CAPS] tidak [CAPS] ada [CAPS] jawaban [CAPS] <hashtag>,0
<hashtag> Generasi penerus harus lebih dioptimalkan dalam pendidikan mental spiritual yang positif..agar kelak lebih mengutamakan kebaikan.. kejujuran.. keadilan.,0
Banjir telah tiba.. Banjir telag tiba.. hore.. hore Apa airnya masih antri masuk ke tanah bapak Anies? <hashtag>,1
Terimakasih banyak pak presiden. <hashtag>,0
Pencetus kalimat Partai Allah mengEdukasi generasi bangsa untuk saling berujar kebencian <hashtag>,1
jujur saya bagian dari relawan 212 <hashtag> banget pa,1
Kekuatan Terbesar Kita Adalah Pemuda. Selamat Memperingati Sumpah Pemuda 28 Oktober 2019. <hashtag> <link>,0
selamat buat prabowo atas ganjarannya. ganjaran mempertahankan juara runner up di ajang pilpres 2019 dan 2014. <hashtag>,1
Aku terlalu bodoh tidak pintar menilai pria makanya aku tertipu olehmu - 49Days,0
Kasasi ditolak Bun yani masuk lagi ke sel,0
Jaenudi ngaciro minta stop uninstallbukalapak ! [REPPUNC].. Rasain lue bong. [REPPUNC] Gegara lue Big bos kena getahnya [EMOTICON] Ayo bong bersih tl [CAPS] [EMOTICON] [EMOTICON] Gaspool ! [REPPUNC],1
Kamu itu memang hebat karena kamu tetap bisa membuatku mencintaimu setulus hatiku meskipun kamu jauh [EMOTICON],0
Terkuak sosok selir yang terlibat skandal asmara dengan eks dirut Garuda <hashtag> <link>,0
<username> Bayangin aku yang belum diving dari seminggu lebih yang lalu. Dikit lagi keseret ombak terus diculik Nyi Roro Kidul.,0
. [REPPUNC] tapi setelah un [CAPS] apa yang terjadi bapak-bapak ibu-ibu? Lupa :slightly_smiling_face: ngefans ak sama pak Nadiem <link>,0
Sebuah pembelaan cantik yang menjelaskan pada kita bahwa masalah mereka bukan diskotik dan sebagainya itu -- artinya bukan soal iman syariah agama dan segala jargon sejenis -- tapi soal siapa yang bikin keputusan. Jelasnya ini soal politik bung ! <link>,0
Ya mereka teropsesi kemenangan sampai lupa kenyataan <hashtag>,0
Mahasiswa belajar sesuai dengan kemauannya dan interesnya masing-masing. <hashtag> <link>,0
<username> Bisa sedikit saja membayangkan: anggaran 2019 kemarin berarti tidak mungkin tidak ada salah kan? :smiling_face: Tentu sangat amat naif kalau beranggapan korupsi cm dibawah. [REPPUNC],0
<username> Sesuai pembelaan ulama 212 diskotik itu sudah sesuai nilai nilai agama.. nb [CAPS] tersedia bidadari buat kaum monaslim :grinning_face_with_big_eyes: :rolling_on_the_floor_laughing: :rolling_on_the_floor_laughing:,1
Berseteru Soal Sistem E-Budgeting Ini Beda Transparasi Anggaran Ahok dan Anies Baswedan <link> lewat <username>,0
Terus ya aplikasi ecommerce masih belum menjadi kebutuhan utama yang mendesak banget. Beda kalau gojek yang kerja di jakarta pasti kebingungan sendiri kalau mau boikot gojek. hehe.. So ketika ada blunder ini. Saya kira wajar banyak yang mau <hashtag>' 0,0
Membuat Rakyat semakin tidak bersimpati pada Gerindra <hashtag>.,0
Musim hujan datang ibukota banjir nyalahin siapa ya kira². [REPPUNC] <username> ? <hashtag>,0
<username> Iya Bunda kolam akan selalu abadi bergejolak kepanasan :beaming_face_with_smiling_eyes:,0
<username> Sekalian bilangin pak jangan ngomong radikal radikul melulu. [REPPUNC] tidak bosen apa ya. [REPPUNC] Apa tidak terpikir narasi radikal radikul itu justru melukai umat. [REPPUNC],0
Kau bilang I Love Jokowi tapi sambil ngacung jari tengah. [REPPUNC] kan [ELONG] asyu [ELONG]. [REPPUNC] ! [REPPUNC] maaf saya ikutan uninstallbukalapak,1
Kawan kawan disarankan stop bantu gerakan jod [CAPS]. tidak selamanya berniat baik hasilnya baik. Apalagi gerakannya dipenuhi orang-orang pinter semua. Mending urus daerah masing-masing saja. Kata solidaritas hapus saja dari kbbi [CAPS].,1
Biodata Profil dan Fakta Nadiem Makarim - <hashtag> <link>,0
<username> Harus ditegur itu bpk bpk <username> karena sudah matiin rezeki baru 2 tahun mulai menikmati apbd lagi setelah Ahok berhasil di lengserkan eh skr muncul lagi <username> jadi sandungan,0
<username> Miskin kaya itu sesuai perspektif km nder. Aku juga kalau liat nia ramadhani berasa miskin tapi kalau nntn orang pinggiran berasa kaya.,0
Anda kok sibuk membanggakan cina. Karya anak bangsa Indonesia juga banyak. Kenapa tidak anda promosikan? <hashtag>,0
<username> Moga lebih nyata untuk kontribusi kepentingan bangsa dan negara indonesia [CAPS],0
hidup adalah perjuangan. ayo berjuang ! [REPPUNC],0
Karena cuma itu yang mereka punya dek. Mereka tidak punya empati simpati dan kerendahan hati. Miskin banget kan?,1
Budi Arie diberi tugas oleh Presiden Jokowi mengawal alokasi anggaran yang besar dari apbn [CAPS] untuk pembangunan desa dan daerah tertinggal. <hashtag>-Ma\'ruf <link>,0
Mengalah pada Kebohongan berarti membiarkan keburukan jadi pemenang,0
<username> bpjs [CAPS] naek 100% Kumaha Iyeu ?,0
Selamat menerima tamu pertama (air banjir) di 2020 bapak Anies. Jangan di usir cepet-cepet itu tamu datangnya dari Tuhan apalagi kalau dibuang ke laut. Di Eropa sana main salju kita main air. <hashtag>,1
<username> Iya lah wkwk. Pak bambang kemaren ngomong as pejabat di bnsp [CAPS] doi,0
aku punya temen dimana dia jomblo tapi sering ngatain jomblo. keren banget kan. gatau dirinya [EMOTICON],1
<username> Mantap memang kamu admin,0
Hidup ini singkat. Tidak ada waktu untuk meninggalkan kata-kata penting tidak terkatakan. <hashtag>,0
<username> Tompi ini berperan sebagai apa sih,0
<username> Haha.. lagian kamu nulis di bio anti orang tolol. [REPPUNC],0
Jakarta bisa hat trick gini banjirnye. [REPPUNC] berkah banget [ELONG] dah <hashtag>,0
Ingatlah bahwa cinta dan prestasi yang besar melibatkan resiko yang besar pula. [EMOTICON],0
Dukungan untuk 01 <username> - <username> terus bergulir dari kalangan pemuka agama dan santri.,0
<username> Auto mati dibunuh sama nyi roro kidul kmu kwkwkwk. [REPPUNC] Klw g pakai baju ijo ksna saja dcoba dlu deh,0
Wah seru neh <hashtag>,0
<username> tidak nangka :grinning_squinting_face:,0
<username> Welcome to indonesia di mana kata maaf menjadi solusi untuk semuanya.Dan segala kelakuan dianggap becanda [EMOTICON],1
Puisi keren dari anak sd [CAPS]. [REPPUNC] <hashtag> <link>,0
Alih-alih mereda konflik lahan ini makin memanas di area konsesi pkp2b [CAPS] Adaro Indonesia. <hashtag>,0
<username> Ustad kalau goblok bisa di pecat ngfak yah. [REPPUNC] Serius nih nanya nya ! [REPPUNC],0
Nah ini kaum kampret menuding kalau Jokowi gunakan konsultan asing untuk kampanye medsos namun ternyata semua itu cuma Hoax,0
Impor pangan yang berlebihan apalagi di masa panen menghancurkan masa depan petani dan pertanian kita. <username> <hashtag>,0
Bisa tidak si nge reset orang yang saya tahu dan kenal jadi tidak kenal siapa deh saya abis orang tolol dah gapunya hati consciously hurting fak [ELONG] you all r shits,0
Semoga nular.. (sontoloyo) nya ! Tangan belom bisa move on rasa nya pak mardiguwp @ Mula by Galeria Jakarta <link>,0
<username> Tangkap dan penjarakan gabener kadrun ! <hashtag>,0
kerja [CAPS] nabung [CAPS] goblok [CAPS] bukan [CAPS] retweet [CAPS] <link>,0
Kenapa Kanza posenya mirip mba Thread horror baju ijo Nyi Roro Kidul yang Apartment bawahnya kuburan nisan hitam ! [REPPUNC] <link>,0
<hashtag> Mendikbud Nadiem Makarim mengatakan peringatan Hari <hashtag> merupakan momentum bagi pemuda untuk melangkah maju. Ia meminta semua pemuda tidak takut akan kegagalan. Kesuksesan menurut dia akan diraih dengan terus melangkah ke depan. -- <hashtag> <link>,0
Ambyar [ELONG]..Wayahee <hashtag> mohon doa dari semua korban php [CAPS] tuk perjuangan n pengabdian <username> <hashtag> tuk <hashtag> Ayo Move on brs Para Lebah ! [REPPUNC] <link>,0
<username> Ini bagaikan ngajarin ikan berenang. Benerin dulu hati kamu Tom. tidak enak juga masuk neraka cuma gara ngebelain orang yang salah.,0
dengan tidak mengurangi rasa hormat saya kepada bapak prabowo saya minta usul bapak kalau mau sholat jumat gausah di sebar pakai pamflet juga kali. kan ini bukan promosi potongan harga bapak.,1
<username> dokter [ELONG]. [REPPUNC] Mancrabs [ELONG] :thumbs_up: :thumbs_up:,0
Skill minimal pengen exsis total hhahh <hashtag>,0
woi cina (gw juga cina) apus deh nih thread kamu pakai hashtag <hashtag> ya sama saja kamu 11 12 sama tu cewek stres. sama rasis goblok.,0
<username> Goblok ih hahaha,0
Jangan boros Kamu masih miskin Baek ngopi coeg <hashtag>,1
<username> Mau jadi bangsa optimis atau bangsa yang pesimis. Itu masalah pilihan hidup. Demi masa depan generasi mendat <link>,0
lempar batu sembunyi tangan sebelumnya dicuci dulu biar bersih <username> <hashtag>,0
Katanya pertemuan Prabowo dan Jokowi bertujuan untuk kebaikan bangsa. sekarang kok minta jatah kursi <hashtag>,1
Itu lebih cocok <hashtag> Dia cocoknya sebagai kepala rumah tangga karena sering kagetan..,1
Jangan suka nyebarin berita hoax ya tweeps bisa dipenjara entar <hashtag>,0
Bukti kinerja jokowi untuk rakyat indonesia <hashtag> <username>,0
<username> Pak <username> mohon segera berlakukan hukuman mati bagi pejabat negara yang merangkap jabatan sebagai koruptor juga,0
rt [CAPS] <username>: Kita sll optimis melangkah maju bersama bpk Jokowi <hashtag>,0
Menag: Cadar dan Celana Cingkrang Bukan Ukuran Ketakwaan <link>,0
Banyak orang yang terlalu pintar menilai orang lain tapi dia terlalu bodoh [CAPS] untuk menilai dirinya sendiri. <hashtag>,1
<username> woi bapak kolam ! belajar dulu bahasa indonesia yang baik dan benar sblm belajar filsuf baru kamu mengerti kata dungu itu adalah kata dasar !,0
Terkutuklah oknum yang beberapa waktu lalu sengaja mengviralkan dngn mengatakan bahwa pasukan brimob adalah pasukan,0
<username> ya.. iya belum di jkt makanya haha [CAPS] aduh saya goblok tapi gitu intinya,0
"""Suatu hari kita akan bertemu dalam dimensi yang berbeda.."" Official Poster <hashtag>. :red_heart: Nantikan perjalanan Ainun desember [CAPS] 2019 di bioskop ! :clapper_board: <hashtag> <link>",0
Mah ulangan aku dapet 10 | wah pintar kamu nak. Gimana dengan nilai teman-teman mu? | ada yang dapet 80 90 sampe 100 |. [REPPUNC] <hashtag>,0
Tim futsal ipc [CAPS] Pelindo ii [CAPS] Jakarta resmi mendatangkan pemain jebolan timnas futsal U-20 ia adalah Firman Adriansyah. Bergabungnya Firman ke Pelindo sendiri mengikuti jejak empat pemain U-20 lainnya yaitu Muhammad Wildan Ahmad Habibie Agung Pandega dan Ramadhan Zidani. <hashtag> <link>,0
<username> Tompi cucoknya jadi pasien..pasien rsj [CAPS].,0
<username> Terima kasih anies eh pemprov,1
Orang lagi flu ngedadak sembuh denger bakal UninstallJokowi [EMOTICON],0
<username> Pernyataan yang tidak patut dari sorang pejabat pemerintah. [REPPUNC] Gitu bngt nyari duit pud..,0
Tegas bukan berarti penuh dengan amarah sifat yang ditunjukan wowo <hashtag> sama sekali bukan sifat tegas melainkan sifat yang tempramental <username>,0
tidak seru kalau gkda <username> di ilc [CAPS] selalu dinanti. [REPPUNC] No Rocky Gerung no party.. ! [REPPUNC] <hashtag>,0
Kira kira Nia Ramadhani bisa ngerapihin seprei ga?,0
Tangkap semua aktor dibalik kerusuhan kemarin <hashtag>,0
Selamat datang d negara +62. yang ngelawan begal d penjara yang berdemokrasi menyampaikan aspirasi ditangkap dan d kira propokasi dengan perlakuan tidak manusiawi. yang mungut karet bekas malah d penjara. Apa kabar para korupsi yang malah disembunyikan para pejabat? <hashtag>,1
<username> Diskotik yang baru dapat penghargaan bergengsi dari Gabener dki [CAPS] Jakardah,0
<hashtag> tagar terbaik terkeren bulan ini,0
Banyak Prestasi Kepemimpinan Jokowi yang belum masih kurang dipahami pemilih ayo barisan [CAPS] relawan [CAPS] penggerak [CAPS] desa [CAPS] 01 <hashtag> Lamongan,0
Please deh gausah lebay kalopun iya hanbin juga itu sudah ada credits tolol hehe,0
<username> Yah kan team pak anies banyak atuh teh bisa di bagi dan kalau perlu kan ikut sistem pak ahok dlu di bantu anak magang nyisir anggaran. itu kan sudah ada training sebelumnya apalagi kayak asn sering banyak model sosialisai seminar dan lain lain.jadi tidak ada alasan untuk bilang tidak bisa.,0
<username> gubernur paling tolol,0
Setelah gnpf [CAPS] bela anies yang beri diskotek penghargaan fix dan sah diskotik itu halal :flexed_biceps: :flexed_biceps: :flexed_biceps:,0
Apa yang di inginkan Jokowi dari Nadiem Makarim seorang pemuda penggiat bisnis yang sama sekali tidak bersentuhan dengan dunia pendidikan? <hashtag> <link>,0
<username> Kapan ya Sijahannam Abujanda iNi kena Stroke Karena yang keluar dari mulutnja tidak lain dan tidak bukan Sampah bau busuk Si Abujanda = <hashtag>,0
Alhamdulillah demi kebersamaan kita nkri [CAPS] <hashtag>,0
"Keren ne, Gub Formula E-mpang Wajah tersenyum dengan mulut terbuka dan keringat dinginWajah menyeringai <hashtag>",1
Selamat untuk Bapak Jokowi :smiling_face_with_smiling_eyes: semoga selalu dilimpahkan rahmat dan petunjuk dari allah [CAPS] dalam mewujudkan indonesia [CAPS] menjadi lebih baik dan semoga amanah dalam bertugas :folded_hands: <hashtag>,0
"Mantap Pdi selain save alam, juga save koruptor :beaming_face_with_smiling_eyes: :beaming_face_with_smiling_eyes: :beaming_face_with_smiling_eyes:",1
<username> Ini <username> koq bias mengeluarkan sertifikat tanah kalua memang itu tanah milik dki? [CAPS] <link>,0
Make up mahal skin care mahal baju mahal tas mahal sepatu mahal. [REPPUNC] kok anda murahan <hashtag>,1
Anehnya rata orang sukses malah instagramnya jarang banget update. Nah si miskin ini ini yang sibuk bet update biar tidak keliatan miskin. Brrti aku masih miskin. <hashtag>,1
Ke diskotik pakai jilbab itu sama kayak makan babi pakai bismillah tidak ngaruh..,0
<username> wan [CAPS] Abud penyokong <hashtag>,0
<username> Staf Khusus hehehhehee,0
Jahat banget sih jadi manusia. Dulu dibikin dari tanah sengkete ya?,0
kenapa [CAPS] aku [CAPS] Pintar banget [CAPS] kalau stalkingin [CAPS] orang [CAPS] sih [CAPS]. deuh [CAPS].,1
<username> Hallo para wanita sosialita,0
Apapun ucapan di luar sana kami tetap berada di barisanmu Jenderal. [REPPUNC] allahuakbar [CAPS] ! [REPPUNC] <hashtag> <link>,0
yaa itulah diriku <hashtag> sekjend ku <hashtag> juga ternyata,0
Sekarang warga jkt58 mungkin sangat bahagia sekali melihat sepak terjang sang wan ajaib memimpin jkt.. <hashtag>,1
Garuda harus benahin lagi Good Corporate Governance nya dongg <hashtag> <username>,0
welcome to indonesia semua hal dikomenin. even sebenernya itu gaperlu & gapenting samsek. ! [REPPUNC],1
bapak Anies anda Gubernur terhebat dalam sejarah dki [CAPS] Jakarta. Gubernur pertama yang telah memberi hadiah rutin setiap tahun baru kepada seluruh warganya berupa kolam renang yang bisa dinikmati dirumah masing. Bravo !,1
juara karena kecurangan <hashtag>,1
<username> Ya elah [ELONG] tompi di pikirin. [REPPUNC],0
<username> tkw [CAPS],0
Jangan kau cari sensasi dengan menghilangkan etikamu <username> bedakan lah Ulama sepuh dengan orang yang biasa. [REPPUNC] Untuk sebuah jabatan merendahkan martabat beliau. [REPPUNC] Sangat miris dengan pendidikanmu yang tinggi. [REPPUNC] <hashtag>,0
Doa dari Kyai dipolitisasi oleh Zonk itu sudah melewati batas. Itulah akibatnya jika menjadi kacung dari junjungannya yang rakus kekuasaan. Kyai Sepuh pun tidak dihormatinya.,0
Hahah karena ditolak dan akhir rocky gerung dan said idu naik ambulance ke kampus kocak <hashtag>,0
kpu [CAPS] memang tidak niat dan cuma cari-cari alasan. <hashtag>,0
Kita pnya cerita untuk cucu cicit kita di masa yang akan datang. Bhwa di zaman ini ada seorang bapak dari <username> yang membuat bangsa ini terbelah dan kerusuhan terjadi lagi. Semua itu karena haus kekuasaan sejak zaman reformasi sampe sekarang yang tidak bsa dia dapatkan. <hashtag>,0
Punya Hoax Center tapi tidak punya Program Kerja itu buat apa.? Indonesia butuh pemimpin yang fokus bekerja bukan fokus menebarkan berita hoax.',1
<username> Semoga bisa turun timbangan ku <hashtag>,0
Jos [ELONG] bin mantul.. janji bapak Anies Baswedan menyediakan kolam untuk warga ibu kota Jakarta sudah terBUKTI. ! [REPPUNC],1
<username> Jol jadi nia ramadhani,0
Yang Kecewa biarlah Kecewa. Karena akan terlihat siapa yang jadi penghianat dan pada intinya mereka berdua adalah satu [CAPS] untuk Indonesia. <hashtag>,0
Ya begitulah negara yang kaya akan budaya.budaya yang membesar-besarkan nilai negatif tanpa menoleh nilai positif <hashtag> <link>,1
aku dikatain bucin dan tanpa sadar dia nya dulu pernah cerita ke aku kalau dia pernah bucin juga sampe goblok banget bangsat sia anjing,0
Cawagub dki [CAPS] Riza Patria: Susah Cari Kekurangan Anies Dia Banyak Kelebihan Iya bener banyak kelebihan nya terutama bohongin rakyat dki [CAPS] Jakarta pakai mayat dan ayat.<hashtag>,1
Di laptop saya masih ada lagunya Melly Goeslaw ft Paundra - Tergila gila :face_with_monocle: <link>,0
<username> Jangan Cuman Teriak Ya Pak <username> Tapi Aksi Nyata Untuk Basmi Radikal. [REPPUNC] Itu yang Saya Tunggu ! Selamat Bertugas gbu [CAPS]. <hashtag>,0
partai allah is the best. pan agamamu. amien rais tuhanmu. [REPPUNC] gapapa mengganggu yang penting islam dan seiman.. takebeer ! [REPPUNC],1
Selamat pagi Jakartans ! Bertemu kembali dengan hari senin. Selamat menjalankan aktivitas. Tetap semangat dan sukses !,0
Minus <username> yang akan menjadi nia ramadhani wannabe cabang galek [EMOTICON] '),0
<username> duh [ELONG] jadi pngen ke safety tank :see-no-evil_monkey: :see-no-evil_monkey: :face_with_hand_over_mouth: :face_with_hand_over_mouth:,0
<username> ya Allah goblok banget bukannya itu duit buat senengin orang tua.,0
Akhirnya saya mulai mengerti ternyata anda hanya seorang marketing..,0
Ingatlah selalu hal yang membedakan seorang yang mulia dan seorang yang bodoh : Orang Bijak selalu menyalahkan dirinya orang bodoh akan menyalahkan orang lain.,0
Jangan bicara islam [CAPS] tinggi-tinggi kalao wudhu saja belum benar,1
Berkali kali sudaj dituntaskan janji ke rakyat nya pertahanankan tetap menjadi yang terbaik buat Indonesia <hashtag> <username>,0
Diam dalam kelam. Hening dibalik kabut. Hanyut terbawa arus. Apakah cerah sanggup mengeringkan air mata. Disaat luka malah terlihat seperti badut di mata semuanya <hashtag>,0
Akibat Gagal Nyaleg Otak Ditinggal Dikolam <hashtag>,0
sudah muak lihat dia memprovokasi rakyat terus sudah saatnya aparat bersikap tegas untuk menangkap sih tukang provokasi <hashtag>,0
<username> gua kan titit goblok,0
Bangsat anjing monyet babi goblok tolol henceut kontol [CAPS],0
<username> Kalu ocehan pk mpud jng di denger.. Dia mah gtu orang nya.. mka nya tidak jadi pke jas mendampingi jokowi :grinning_face:,0
taik [CAPS] anjing [CAPS] selama 18 tahun belum pernah ngerasain yang namanya pacaran. Gatau mau marah atau bersyukur :loudly_crying_face: aku bersyukur ko ya allah tapi kadang sering iri kalau liat warga yang pacaran disekelilingku :loudly_crying_face:,0
dwp [CAPS] aman diskotek dapet penghargaan. Makin kagum sama Gubernur Indonesia bapak Anies yang berhasil mengembangkan Wisata Party berbasis Syariah.,1
<username> Ya mas Semoga setelah ini jauh lbh baik lagi kbrnya <hashtag>,0
<username> Lah gub dki [CAPS] sekarang siapa? Ada yang melakukan tindakan salah terus nyeret orang lain. Terus diharap jadi benar? Salah ya salah saja. [REPPUNC] Kek anak kecil merajuk. Kentut. tidak ada argumen,0
<username> Mantaabb. [REPPUNC] :thumbs_up: :thumbs_up:,0
jangan salah paham. diskotik yang diberi penghargaan sama gubernur pilihan umat itu minumannya air zamzam cemilannya kurma ikhwan dan akhwat jogetnya dipisah.jogetnya pun harus joget unta..syariah beud pokoknya,1
Suatu hari nanti kita akan mengingat 14 February bukan hanya sebagai Valentine's Day tapi hari <hashtag> nasional wkwkwkwkwk. [REPPUNC] [EMOTICON],1
<username> Itu sebelahmu cleopatra atau nyi roro kidul?,0
Gubernur terbaik sejagat raya. [REPPUNC] menangulangi banjir dengan beli toa [CAPS].. ! [REPPUNC] <hashtag>,1
Bagus sih. [REPPUNC] Jadi tingkat kemiskinan di Indonesia menurun tapi bukan karena menjadi sederhana atau kaya tapi mati [CAPS] <hashtag>,1
kata kaum milenial semoga pakde <username> memberikan Pendidikan yang lebih layak lagi seperti memperbanyak beasiswa.,0
Kalau mempersoalkan cadar dan celana cingkrang itu dampaknya malah kegaduhan dan tidak substantif. Tapi kalau Pak Menag mampu mendorong ruu [CAPS] Miras disahkan itu baru terobosan. Umat menunggu gebrakan Pak Menag soal regulasi miras tutur Fahira. <link>,0
Hello November ! Welcoming November rain <hashtag>,0
<username> Maksudnya gimana ini? Bukannya realita itu kumpulan fakta? Lha kalau sudah berdasar realita ya berarti bertumpu pada banyak fakta. Berdasar realita tapi tidak sesuai fakta? Uopoh. :thinking_face:,0
<username> Knapa mentri perikanan bukan ibu susi lagi kecewa akutu padahal jasa dan prestasi nya begitu gemilang trimakasih atas jasa mu bu <hashtag>,0
<username> Mantab. Bisa terancam dibilang terbelakang nih sama orang terbelakang dari kader partai sontoloyo indonesia. Cc <username>,0
<username> Di era presiden sontoloyo,0
<username> Astagfirullah tip tolol wkwkwkwk,0
Selamat Pagi para calon billionaire muda [EMOTICON] Sudah siap berjuang meraih mimpi? letakkan sabar dan ikhlas dalam setiap perjalanan ya [EMOTICON],0
Kayanya jalan-jalan bawa bendera isis [CAPS] seru nih. Soalnya kalau bawa atribut pki [CAPS] bisa dihajar.,1
<username> hdh mb ini sbnrny [trik nfs sbntr] ini adlh bhs orang pintar [trkekeh] mb bkl susa mengerti awokwokwok,1
<username> yang butuh Nediem hanya rezim Sontoloyo,0
Alhamdulillah cuma [CAPS] kaca pecah saja. Mcd salah apa pak bu? Antek antek asing? Come on don't like an idiot think right? <hashtag>,0
<username> Bahagia airnya maju bavotnya <hashtag>,1
Menkopulham Mahfud Md Ingatkan Masjid Harus Bawa Kedamaian Bukan Adu Domba. <username> <hashtag> <link>,0
<username> Saya harap jika Pilkada (Pilgub) teruntuk <username> jangan lagi ikut gabung dengan <username> secara tidak langsung citra partai <username> rusak. [REPPUNC],0
Prestasi pencapaian sukses dan lain lain itu cuma bakal menjadi hak milik orang yang optimis & pekerja keras. Anda kah salah satunya?,0
<username> Tolol,0
Dear mantan pasti kamu nyesel aku sudah mirip dominik toreto <hashtag> <link>,0
<username> itu sudah jadi sistem protokolernya beb.. harus pakai plat pemerintahnya..,0
selamat [CAPS] datang [CAPS] banjir [CAPS]. semoga [CAPS] banjir [CAPS] kali [CAPS] ini [CAPS] lebih [CAPS] syari [CAPS] dibanding [CAPS] tahun [CAPS] tahun [CAPS] yang lalu [CAPS]. <username> lupa [CAPS] banjir [CAPS] ingetnya [CAPS] aibon [CAPS] saja [CAPS],1
Semoga air yang tergenang ini jadi berkah bagi Warga Jakarta dan bapak Gubernur akan semakin banyak mendapat pahala dan cepat masuk sorga karena dibully oleh warganya betulkan <username>. <hashtag>,1
<username> Mau elegan? Noh gabung sama nia ramadhani jan sama kita yang sampah.,1
Buat Ruben jangan manjain <hashtag> kasihan talia dan tania.,0
Menang umuk kalah ngamuk ! [REPPUNC] <hashtag>,0
<username> Paling bacaannya seword,0
<username> Kremes ? Ini mah Kresek <hashtag>,0
<username> Mantap kang dede !,0
Pembodohan Untuk Rakyat Kecil Menjanjikan Pengangguran Akan Digajih [EMOTICON] Terus Yang Menguasi Pekerjaan Orang Asing Sedangkan Kita Hanya Jadi Penonton Dinegara Kita Ini Dan Mendapatkan Gaji Buta Tanpa Memikirkan Anak Cucu Kita Di Masadepan Nanti Sangat Bodoh <hashtag>,0
Sektor pertanian mantab petani sejahtera Indonesia swasembada beras. Ini terjadi di era Pak Harto. <hashtag> <username> <hashtag> <link>,0
Korban kadrun sontoloyo <link>,0
<username> Cebong mmg luar biasa selalu merasa plg pinter dan tahu; tetapi makan kebohongan dan janji kosong..,1
Menandai 20 tahun resolusi dk [CAPS] pbb [CAPS] pertama tentang Perlindungan Masyarakat Sipil dalam Konflik Bersenjata,0
Alhamdulillah kemenangan itu anugrah dari Allah. Semoga amanah ya pak. [REPPUNC] <hashtag>,0
Kami menjamin seluruh biaya bpjs [CAPS] akan diselesaikan secara bertahap setiap bulannya demi pelayanan yang maksimal kepada masyarakat. Baik itu pelayan rawat jalan maupun rawat inap kata Terawan. <hashtag> <link>,0
ayodong berkaca maksudnya? jangan banyak bicara kalau gabisa berkarya,1
ngakak [CAPS] banget [CAPS] pas [CAPS] han [CAPS] : bu [ELONG] [CAPS]. [REPPUNC] saya [CAPS] kira [CAPS] apaan [CAPS] ­ malah [CAPS] ibu [CAPS] ibu [CAPS] ilang [CAPS] anjing [CAPS] goblok [CAPS],0
Ini mah peluru pubg [CAPS] saya yang di drop pak bukan punya polisi. Hadehh <hashtag>,0
Nanya lapangan kerja kurang mulu tapi kualitas diri sendiri kurang sekolah ogah ogahan suruh daftar kerja banyak alesan suruh bikin usaha malah sibuk ngopi sambil ketawa ketiwi.,1
<hashtag> tagar yang menghantam mu bang <username>,0
Kita harus bannga punya gubernur spt Anies. [REPPUNC] program pemerataan banjir berjalan sesuai rencana. [REPPUNC] terimakasih bapak <username>,1
Haduh [ELONG] Gubernur jago banget ngelesnya. [REPPUNC] <hashtag>,1
<username> Eleh eleeh [ELONG]. [REPPUNC] sontoloyo. [REPPUNC],0
Untuk sukses memang membutuhkan waktu apa [CAPS] lagi [CAPS] untuk gagal - Anda juga butuh waktu. Pilih yang mana?,0
Beliau sangat diharapkan rakyat. <hashtag> <link>,0
Ya elah g masalah ini keinginan rakyat yang di curangi bukan ke inginan <username>,0
<username> Niorang bergurunya sama sengkuni <hashtag> deh keknya. [REPPUNC],0
<username> Mantul pade,0
kepala kamu gundul.. dasar setan gundul.. wowok saja suruh mundur dari nkri [CAPS].. pergi ke yaman saja <hashtag>,0
<username> Sudipapapapap cipidawpidaw baru rapbd [CAPS] parararppampampamyeah [ELONG],0
Alhamdulilah hari ini suasana sudah membaik. [REPPUNC] temen jangan terhasut dengan isu-isu yang tidak jelas ya. [REPPUNC] don't believe in… <link>,0
Hebat ya. Banjir belum teratasi gabener langsung menghancurkan monas. <hashtag>,1
Salah satu alasan kenapa kekuasaan Jokowi harus diakhiri adalah buzzernya yang tidak segan memfitnah merusak keluarga orang. Berlindung di balik akun anonim dan kekuasaan yang menghalalkan segala cara. Bila Jokowi menang mereka akan makin pongah.,0
<hashtag>. kasihan. [REPPUNC] kasihan. [REPPUNC] kasihan. [REPPUNC] Import air ah biar kelihatan begonya gkgkgkgkgk,1
Urusan menghamburkan anggaran memang jagonya bahkan melebihi tata katanya.. Mungkin warga jkt 58 hanya bisa diam krna takut melawan sunatullah jika mengkritik pilihannya.. <hashtag>,1
elite nya sudah damai nih. mari yang dibawah juga damai :relieved_face: :relieved_face: <hashtag>,0
Puisi <username> Doa Yang Ditukar sudah Keterlaluan. Dimana penghormatanmu terhadapa Ulama? kh [CAPS]. Maimoen Zubair itu Ulama Sepuh bung. <hashtag>,0
<username> kalau sebagai tim ahli seharusnya dia mundur dari keanggotaan dpr [CAPS] kalau dia terpilih lagi periode skr,0
Pemerintah sudah membuat uu [CAPS] tentang bahaya narkoba. Kadernya jadi pengguna/Pengedar narkoba yang di salahkan pemerintah/Jokowi. Agama/Al-Qur'an juga menjelaskan bahaya narkoba dan mengharamkannya. Kadernya jadi pengguna/Pengedar narkoba yang disalahkan agama dan Al-Qur'an. <hashtag>,0
kenapa sih saya selalu dipuji terus <hashtag>,0
<username> Ujung2nya curhat terus dapet jawaban yang itu itu saja sampe nia ramadhani bisa kupas durian pakai tangan :sleepy_face:,0
Sulit mencari kesalahan anies. Dia penuh dengan diamond playbutton,1
Kasian kali laa tapi lucu wk <hashtag> <link>,0
Pantes suka halu.. Doyan nyabu sama wadon ternyata. <hashtag>,0
nilai-nilai ! [REPPUNC] apakah memberi grasi pada koruptor itu termasuk integritas anti korupsi? apakah pemberian remisi pada koruptor itu tidak mencederai nilai anti korupsi? narasi anda seolah penuh kebajikan padahal nyatanya anda menafikan nilai yang anda ucapkan itu kami sebut sontoloyo <link>,0
Bedakan pemimpi otentik yang tulus dengan pemimpin <hashtag> yang licik,1
Membangun sebuah negara besar tidak mungkin menteri berjalan sendiri - sendiri. [REPPUNC] <hashtag> <link>,0
tukang bikin drama politik dan akar kekisruhan <hashtag>,0
Mari sudahi cerita cebong dan kampret biar mereka usang dimakan zaman. Dan kembali menjadi satu Indonesia ! <hashtag>,0
Tahun capek2x 98 Nepotisme di tendang dari Indonesia Tahun 2019 Nepotisme dipertontonkan melalui anak dan menantunya. Dasar Rezim Sontoloyo. <hashtag>,0
Kita jangan mau dipecah belah oleh orang yang punya agenda politik busuk ! sekarang saatnya kembali damai & saling merangkul. merdeka [CAPS] ! <hashtag>,0
Selamat siang prof. [REPPUNC] dungu <hashtag>. [REPPUNC] <hashtag>,1
Merdeka [ELONG].. jangan pilih pemimpin penghina ulama dan suka sebar hoax,1
Hanya di Indonesia rival politik membanggakan ketidak cerdasannya dengan Fitnah dan adu domba dalam mengejar rating,0
Tetap semangat jangan lelah mengawal tanah kelahiran !,0
Capres cawapres 01 sebar visi misi dan kerja nyata sedang 02 hanya berita bohong dan fitnah,1
Ada ada saja Disetiap harinya <hashtag>,0
Ibadah <hashtag> tidak melulu soal pasangan suami istri kan. [REPPUNC] Kasian temen saya yang belom nikah. [REPPUNC] termasuk aku :grinning_face_with_sweat: :grinning_face_with_sweat: :grinning_face_with_sweat: Bisanya cuman ngumpul bahas game film dan ceue tetangga. [REPPUNC],0
Ironi sekali saking ambisi mereka tega merendahkan sosok ulama,0
Sukarelawan berkumpul bantu bersihkan rumah mangsa banjir <link> <link>,0
Kesempatan anda untuk sukses di setiap kondisi selalu dapat diukur oleh seberapa besar kepercayaan anda pada diri sendiri.,0
Katanya bukan negara Islam tapi kok makai dana-dana umat Islam.?,1
<username> Yaampun yauda deh kamu jadi nia ramadhani saja,0
<username> Pekok itu sama saja kek bodoh bloon alias goblok,0
<username> Kalau luka tidak usah pakai bpjs [CAPS].,0
Bukti Sikap Mulia kalian yang bikin onar tukang hoax fitnah aparat belum sadarkah kalian? tidak malukah kalian? terutama Amien Rais <hashtag>-YutLipu-TaLapan added bareskrim [CAPS] polri [CAPS],1
Mantan Ketua Umum Muhammadiyah Syafii Maarif meminta agar kepada pihak-pihak yang menuduh Presiden <username> tidak me… <link>,0
<username> kalau kata simbah aku hidup paling gampang itu maido ( mencaci) sama nyalaho wong ( menyalahkan orang lain),0
<username> Tadi gua abis baca thread nyi roro kidul wkwkwk,0
kalau Ane bilang sbenernya Monas bukan lagi Cagar Budaya Monas sudah jadi Cagar Keimanan sejak laskar 212 ane sering pakai bwat gelar acara Reunian kalau sampai dibatalken ane akan bentuk fpfe [CAPS] (Front Pembela Formula E) dmi mndukung Gubernur jinjingan laskar! <hashtag>,1
<username> tidak cocok ente ngomong gitu dul cocok nye ente ngobrol ma <username>. [REPPUNC] cucok bo [ELONG] :beaming_face_with_smiling_eyes:,0
Kabinet Indonesia Maju terdiri dari para profesinal dan politisi yang hebat yang akan membuat Indonesia Maju <hashtag> <link>,0
Kalau berantem lempar-lemparan dalil. [EMOTICON],0
<username> kenttir [ELONG] kowe [ELONG] <hashtag>,0
dengan keputusan walikota surabaya tri rismaharini taman bungkul surabaya lagi-lagi diramaikan dengan pendukung gerakan <hashtag>,0
Terimakasih bapak Gubernur di Tahun baru ini kami wargamu mendapat fasilitas Kolam renang pribadi di teras masing ! [REPPUNC] tahik [ELONG].,1
<username> Hallo <username> apakah memang kalau baru di dprd [CAPS] lantas diam jika melihat penympangan. Lanjutkan <username>,0
<username> Semoga dengan prestasi beliau sumatera selatan lebih maju dan sejahtera.,0
Kamu anjing yang bunyinya meong meong ya?,0
Kita semua sama-sama manusia tapi kali ini kita sama dengan <hashtag>,0
Sukses itu tidak ada rumus bakunya. Tapi banyak contoh sukses yang bisa kita lihat dan kita pelajari.,0
Ahok mmg betul jitu banget menyebut kalau <username> kelewat pinter. [REPPUNC] Pinter 4 ng - ngibul - ngelez - ngambinghitamkan orang - ngarang alasan Bangsa ini berharap besar <hashtag> <link>,1
Ayo ikutan siapa tahu menang :partying_face: :star-struck: :grinning_face_with_sweat: cek ig <username>.id :red_heart: <hashtag> <link>,0
Yang saya salut belum kenal sudah bisa menilai orang itu bagaimana kamu dukun atau semacam nya sih :squinting_face_with_tongue: :grinning_face_with_smiling_eyes: <hashtag>,0
<username> Ok 17 nanti 02,0
Payah amat lah orang ini baru minum cek in di tmpt begitu saja di umbar eek. Lucu kampungannya terlalu ditunjukin biar keliatan gaul dan nilai sosialita bnyk temen yang bgtu? anjirr lucu amat orang beginian banyak lagi orangnya,0
Sebelum nya baja sekarang semen industri vital semakin di gerus. [REPPUNC] terus kamu masih ngaku <hashtag>? <hashtag>,0
<username> Betul banget susah sekali nyri kekurangan bapak Gub Anies. Berkat beliaulah air bah rasa berkah.,1
Kita nanati akan segera mempotret secara serius apa problem-problem pedesaan kita karena menurut data bps [CAPS] tahun 2020 itu perbandingan penduduk desa dan kota itu sekitar 56% banding 44 % untuk kota dan desa. Budi Arie Setiadi <hashtag> <username> <link>,0
Bohong saja ada kartunya. [REPPUNC] ckckckckck. [REPPUNC] <hashtag>,0
<username> tidak punya prestasi ya dukungannya. [REPPUNC] stress dia,0
Aku juga minta <hashtag> <link>,0
Gd bye otak [EMOTICON] Welcome kegoblokan uninstallbukalapak,1
milenial goblog lah tai anjing,0
<username> Tompel Mabuk kacang panjang..,0
<username> yang mundur si Zon kabinet akan terus maju. Kalau si Zon kan mulut nya yang maju.,0
selamat pak jokowi semoga amanah. Aaminn. <hashtag>,0
Tabrak Aturan Susi soal Lobster Edhy Prabowo Disebut Menteri Sontoloyo - <link> <hashtag> <link>,0
Emang gua pikirin Sekut yang penting ngebul <hashtag>,0
Kuat jawaranya Bahagia warga nya Maju kotanya Habis anggarannya <hashtag>,1
kalau chat di read doang tandanya apa ya? Ya mundur lah goblok pakai nanyaa.,0
Meski berbeda pilihan tapi kita tetap satu yaitu Indonesia. Marilah kita bersama menjaga kembali persatuan & kesatuan republik merah putih kita ini dengan jalan yang damai juga tentram <hashtag>,0
Bagaimana kabar BuniYani ? Masih percaya dengan fitnah penista agama ?,1
<username> Gagal deh jadi Cawalkot Medan <username> :grinning_face: :grinning_face: :grinning_face: <hashtag>,0
Anies Sebut e-Budgeting Tidak Smart Ahok: Itu Baik Kalau tidak Niat Maling <link> <hashtag>,0
Bilangnya stok beras cukup 21 hari.. Anjir [ELONG] bapak Wo.. ngomong tidak pakai data ya bapak.. ! [REPPUNC] Panik gagal lagi ya bapak Wo..? [EMOTICON] [EMOTICON],1
Ambyar [ELONG]. [REPPUNC] Emaak [ELONG]. [REPPUNC] Nunggu link [ELONG] naik sepeda dari <username> <hashtag>,0
Ya. 2019 akan berakhir tanpa di sadari dan 2020 sudah di ambang pintu pembukaan. Tapi hidupku tidak ada yang berubah. Semoga 2020 bisa memberikan hal dan kesan yang baru dalam hidup ku. <hashtag>,0
Mana punya muka <username> ? kalau punya paling muka pantat hitam Kwkwkw Colek neng <username> <hashtag> <link>,0
Atm mu setebel apa mas [EMOTICON] lagi bohong yah ?,1
Batas sarkasme dan memuji itu tipis [ELONG] kadang tidak nampak sama sekali :beaming_face_with_smiling_eyes:,0
<username> Ajarinnya itu mentri biar dipaham Toh selama ini juga banyak asn [CAPS] yang celana cingkrang fine² saja mereka <hashtag>,0
Akhir cerita mereka akan krmbali menjadi kasta paria spt jaman orba. [REPPUNC] <hashtag>,1
<username> Terima kasih bapak Anies Baswedan Cebong mah mana ngarti kalau itu mah hanya aer [CAPS] yang lagi ngantri [CAPS] bukan banjer [CAPS] ! dasar [CAPS] cebong [CAPS] !,1
Terima kasi bu susi telah menajaga laut. Tumbu karang dan semua isi di laut indonesia. Atas kerja keras. Kedisiplinan dan ketegasan ibu selama menjadi mentri kelautan. Saya bangga bu. Terima kasih bu susi. We will miss you. Bu susi. <hashtag> :folded_hands: :folded_hands: <link>,0
<username> Semangat jenderal :red_heart: <hashtag>,0
<hashtag> itu [CAPS] berkah [CAPS]. serius [CAPS] itu [CAPS] berkah [CAPS] ! [REPPUNC] berkah [CAPS] buat [CAPS] gerombolan [CAPS] tertentu [CAPS] yang tetiba [CAPS] dapat [CAPS] hibah [CAPS] media [CAPS] perusak [CAPS] akal [CAPS] dapat [CAPS] uang dari [CAPS] narasi [CAPS] pembelaan [CAPS] gabener [CAPS] el-bh [CAPS] dapat [CAPS] uang jadi [CAPS] jubir [CAPS] emak [CAPS] dapat [CAPS] uang demo [CAPS] berkah [CAPS] bikin [CAPS] anggaran [CAPS] beli [CAPS] toa [CAPS] dulu [ELONG] [CAPS],1
<username> menghantam Jokowi-Ma\'ruf. [REPPUNC] kalau pak <username> seorang yang taat pada pimpinannya maka seharusnya Fadlizon harus sumpal sandal mulutnya. Inilah saat nya melihat seorang prabowo taat setia pada atasannya dan harus sanggup menapok cengkem anak buahnya yang kurang ajar.,0
Jokowi sering dipersepsi tidak pandai bicara & berdebat. Para oposan menyebutnya planga plongo atau tidak terlihat otaknya. Tapi dengan serangan ini saya kira Jokowi lalu mempersiapkan diri dengan baik. Hasilnya dia selalu unggul baik debat semalam maupun 2014. ' 0,0
Angga artinya [CAPS] Anak manis yang bakal ngisi hari-harimu hingga kita sampai ke jenjang status berkeluarga Aso [ELONG] <hashtag>,0
jadi gini..Semenjak kecil <username> itu sudah punya jiwa kepemimpinan.,0
Mari kita luruskan hati mengaji itu untuk beribadah pada Allah bukan kampanye. <hashtag>,1
<username> Luar biasa ini tu kayak dia bilang 'welcome to indonesia' ke virus corona manteb memang junjungan cebong,1
Ngandani masalah e uwong sok pinter padahal awake dewe goblok ancok [EMOTICON],0
Salam hangat dari kami salam wonderful indonesia <hashtag>,0
Busana Mendikbud Nadiem Makarim saat pelantikan Rektor Universitas Indonesia (ui) [CAPS] dikritik terlalu santai. Kemendikbud memberikan penjelasan mengenai gaya sang menteri: <hashtag> <link>,0
<username> semangat ! [REPPUNC] jakarta hancur ditangan anies. monas digunduli demi formula. [REPPUNC] tragis <hashtag>,1
Anak muda harus melatih diri untuk tetap mendorong maju bahkan saat menghadapi ketidak-mungkinan.,0
Melly Goeslaw Marah dan Merasa Dibully soal Kostum Halloween Vidi: tidak Ada Intensi untuk Menyinggung <link> lewat <username>,0
baru tahu kerjaan dpr gerebek psk selamat anda mendapat gelar dpr rasa satpol pp <hashtag>,1
doktrin mencengangkan. takut sama keadaan indonesia saat ini. di liat videonya <hashtag>,1
Negeri yang kaya akan budaya ini sedang sakit [EMOTICON] pesta demokrasi yang harusnya dirayakan ramai ramai penuh kedamaian malah berujung brutal dan barbar. <hashtag> Mari kita hapus kan kubu 01 dan 02.Kita tegakkan kubu 03 persatuan [CAPS] indonesia [CAPS],1
Memang sih edhy prabowo tukang pijitnya prabowo subiantoro itu tamak [CAPS] dan serakah [CAPS] yang = Joker anies baswedan. Pecat segera kedua sampah itu !,0
70% wilayah Indonesia adalah perairan. Kapan impor air? Ngaco. [REPPUNC] Mungkin dia lelah apa yang dimaksud air zam zam <hashtag>,0
Ooh jelas saya pandai dan lihai menasehati orang lain tapi mendadak bodoh kalau menasehati diri sendiri. [EMOTICON],1
wamenkeu [CAPS] Kenaikan iuaran bpjs [CAPS] kesehatan sesuai perhitungan dari djsn [CAPS] (Dewan Jaminan Sosial Nasional). <hashtag> <link>,0
Bagaimana komposisi <hashtag> dari jumlah nonparpol dan parpol? Yuk cari tahu di <hashtag>. <link> <hashtag> <link>,0
Siapa pun presidennya yang penting negri ini damai :smiling_face_with_open_hands: <hashtag>,0
Jubah tidak menjamin kebaikan <hashtag> <link>,0
Noh kan eug ada tuh premium nya sebarin ya ke yang lain kalau mau pamer jangan goblok. <link>,0
Mau jadi apa negeri ini kalau di pimpin penyebar hoax,0
Betul sekali itu hak kebebasan beragama. Tetapi negara juga mempunyai kebebasan mengatur pakaian dinas asn [CAPS]. Kalau tidak mau diatur juga bebas silahkan keluar. pa [CAPS] 212: Cadar dan Celana Cingkrang Bagian dari Kebebasan Beragama <link>,0
8 Bukti Nia Ramadhani Seorang Crazy Rich Tetangga Paris Hilton hingga tidak bisa Kupas Salak <link>.,0
<username> Colek <username>,0
Lho Jokowi bicara unicorn [CAPS]..kemaren malah mengintimidasi Bukalapak. Bukankah mereka pengusaha online yang masuk kategori startup Unicorn Parah nih Jokowi sok-sokan bicara unicorn,1
sudah kerja bagus masih saja dijatuhin [EMOTICON],1
Dan kayaknya American Idol season ini bakal lebih kece - kece sih pesertanya. Baru audisi saja banyak yang bagus-bagusnya banyak banget malah. Ngaco [ELONG] ! Keren [ELONG] !,0
Sesuai saran dan masukan dan belajar dari aksi pada 24.09.19 maka berikut ini harus menjadi perhatian serius kalau besok kamu turun lagi :folded_hands_medium-light_skin_tone: :folded_hands_medium-light_skin_tone: <hashtag> 30.09.19 Jakarta dpr [CAPS] ri [CAPS] <link>,0
<username> tidak ada urusan dengan <username> sikat terus jangan mundur dukung <username>,0
yang ketangkap jangan taruh dipenjara ikat saja di toproof Bawaslu biar kering <hashtag>,0
Keren. [REPPUNC] Seusai Sholat Jumat <username> Di Kepung Para Warga,1
<username> Dikenal sebagai partai yang tidak diterima di Sumbar. [REPPUNC] <hashtag>,0
capres [CAPS] ijtimah ulama [CAPS] kog nista kan cadar <username> <hashtag>,0
Belajar hingga k negeri Cina [ELONG]. [REPPUNC] Cina sekali lagi. [REPPUNC] Cina [ELONG]. <hashtag>,0
Lain kali jangan yah paslonkuh,0
Jakarta lebih keren kameranya selalu ngikutin Anies. [REPPUNC] [EMOTICON] [EMOTICON] [EMOTICON] [EMOTICON],1
mereka benar-benar mementingkan kekuasaan dan suara. Sampai tega menghina seorang ulama. Ironi sekali,1
<username> Subhanallah Trenyuh Banget tidak Ada ham [CAPS] ? Politik Sontoloyo ?,0
Berdiri dengan kaki sendiri jatuh bangun sendiri <hashtag>,0
<username> Setuju. [REPPUNC] saya dukung 100 % dok. [REPPUNC],0
<username> Ini lagi makin salah jelas itu anggaran buat 2020 skr 2019 saja belum beres bro bro mending kamu bnyk istigfar deh,0
Nia Ramadhani itu artis paling pinter. Pinter nyari suami !,1
Selamat datang di Wakwak Land. Tempat dimana Anda bisa uninstall aplikasi karya anak bangsa sesuka hati saat berbeda pandangan politik,1
<username> Manusia sakit jiwa Bajingan Perusak Negara yang disingkat bpn [CAPS]. Kalian mmg bajingan sejati pengadu domba rakyat & perusak kedamaian ! Kalian mmg setan pemuja nafsu & kesesatan yang menjerumuskan akal waras rakyat ! Kalian mmg layak ditumpas habis ! [REPPUNC] <hashtag>,0
<username> memang mantul chef arnold kalau clap back,0
Saya jugak ! Saya tersinggung karena twit-mu mas <username>. Itu hak saya juga karena kamu memberikan data hoax untuk menyudutkan presiden saya :@,0
<username> Sama ini saja dia mau ngeluangin waktu buat manusia model kalian <link>,0
Orang besar menempuh jalan kearah tujuan melalui rintangan dan kesukaran yang hebat,0
terimakasih <username> kami cukup aman kok dengan adanya bah yang ke 5 ini dalam 2 bln terakhir heuheuheu. mungkin <username> berminat agar cabang olah raga ini dijadikan sebagai cabang olah raga resmi nasional ðÿ˜†<hashtag>,1
dia kira masyarakat akan beriktikad pada hoax center di mana pencipta sekaligus merangkap menjadi penangkal hoax?,1
<username> Jakarta nyesal tidak pilih Ahok.,0
Garang saat menyerang Jokowi Cepat saat Menyebarkan Hoax.. Ternyata Ohh Ternyata Andi Arief adalah seorang Pink Lovers Bahkan Kasur penjara saja di request khusus warna pink.. Uluh..uluh imutnya Om Andi dapat salam Dari Sabu dan Durex.. <hashtag>,0
"<username> nah [CAPS] mbak [CAPS] makanya [CAPS] saya blg boleh jawab sarkasme tapi bahasanya jangan ""gue tajir bisa sewa art koki dan lain lain"" gituloh. aduh susah banget ya",0
suatu kekeliruan bisa saja justru merupakan sesuatu yang diperlukan untuk meraih prestasi yang layak,0
Ya setuju. Dan tidak boleh juga ngarang orang pakai cadar atau celana cingkrang karena merasa paling toleran dan open mind yang beda dari dia dianggap radikal. <link>,0
<username> Manusia sontoloyo [CAPS] pengejar dunia [CAPS].. Siapa yang mau melawan negara lewat agama.. Terlalu murah agama ini untk menghadapi kedholiman [CAPS] kalian..,0
<username> Astagfirullahaladzim.. apakah ini karena melawan sunatullah wahai yang mulia bapak anies baswedan ! [REPPUNC] Mending turun saja balik ke kampung kalau tidak bisa urus Jakarta..,0
Porno dalam hal suara masih bisa di terima sarkasme nya masih bisa di mengerti kalau artinya sexy. But how about that one last word? semua hal yang berkaitan sama dia porno you drag him sis.,0
Si Bedu sudah jadi Bapa Rindu tapi anda siapa? <hashtag>,0
Medis disikat peluru tajam disemat pbb [CAPS] sebagai azimat. <hashtag>,0
Terimakasih wan abud <username> Berkat anda ane bisa mancing ikan mas dari depan pager rumah.. <hashtag>,1
bapak prabowo dan bapak sandiaga solahudin uno serta semua pendukung pejuang keadilan tidak ada perjuangan yang sia sia.teruslah jadi pejuang keadilan bagi seluruh rakyat indonesia.bagi saya prabowo sandi adalah presiden dihati. <hashtag>,0
Boleh Bohong Asal santun. 4nies Pembohong Santun. Prestasi yang membanggakan bagi uni Fahira & kelompoknya ! [REPPUNC] <hashtag>,1
saya dukung dan kawal Gus Muwafiq <hashtag> <link>,0
"<username> tidak perlu Bacot lagi sekarang, rekornya sebagai gubernur pengundang banjir sudah tidak bisa dipecahkan oleh orang lain. Gitu ya <username> kira kehebatan sohibmu itu JempolanSimbol tepuk tangan <hashtag>",1
Ini kenapa pada rame <hashtag> dan <hashtag> sih? Malah adem gini mereka ngajak supaya saling rukun. Mengkritik? Perlu tapi yang membangun bukan membabi buta dan emosional.,0
<username> Kalau saya lebih tidak bangga lagi punya pejabat yang tidak bermutu kayak kamu Zonk,0
Pantas saja kubu 02 tidak pernah habis dengan berita-berita kebohongannya. Ternyata memiliki tempat produksinya sendiri untuk menyebarkan kebohongan.,1
<username> Intinya ikuti proses hukum kita negara hukum tidak bsa mau seenaknya sendiri,0
"Makasih gabener, kami bahagiaTertawa berguling di lantaiTertawa berguling di lantaiTertawa berguling di lantai <hashtag>",1
<username> Tukang kerok kan ada. [REPPUNC] nih. :backhand_index_pointing_right: <username> :face_savoring_food:,0
Menurut saya bukan soal dukungan pilpres tertentu mengenai <hashtag> tetapi narasi yang diberikan ke mata publik terkesan sangat tendensius disaat situasi politik sedang panas2nya.,0
Tapi pak jokowi dan luhut adl orang baik <link>,0
<username> Korek kuping kalau lagi gatel..,0
<username> welcome to indonesia dimana dajjal saja dibully,1
mataram [CAPS] tolak [CAPS] neno [CAPS] 2014 Mataram ntb [CAPS] adalah Basis Massa Klowor Alhamdulillah Mataram skrang Sadar Bahwa <hashtag> Dan tinggalkan <hashtag>,0
Selamat <hashtag> ! Angka statistik kemacetan turun pesat di 2020 karena banjir terus kagak ada kendaraan di jalan ! <hashtag>,1
Saya tidak menyesal memilih Prabowo-Sandi tapi saya menyayangkan sikap Prabowo yang berkompromi dengan bapak Jokowi. Setelah ini Golput adalah jalan terbaik untuk saya pribadi. Good bye Prabowo <hashtag>,1
<username> Terus mobil dinas yang sudah terlanjur dibeli ada dmn tuh? Di rmh wowo ya?,0
Ketua Dewan Kehormatan pan [CAPS] Amien Rais memberikan pengarahan pada Workshop Nasional Anggota dprd [CAPS] pan [CAPS]. Apa yang disampaikannya? <hashtag> <link>,0
"Indonesia emang keren, koruptor sama teroris di kasi remisi bebas.",1
Ada apasih rame rame mba mba jadi nyi roro kidul sama apart jogja. [REPPUNC] Admin magang ketinggalan nih,0
<username> Asal jangan masukin mantan anggota dpr [CAPS] nanti Kepolisiannya bego,0
<username> Nah gitu. Gobloknya jangan disembunyi tapi ditunjukkan. Biar semua tahu kamu goblok.,0
<username> bapak Anies makasi kado taon barunya akhirnya Jakarta banjir lagi. 2th lebih menjabat prestasi anda luar binasa [ELONG]. [REPPUNC],1
Plt Dirut Garuda Indonesia Fuad Rizal menghentikan anak perusahaan pt [CAPS] Garuda. Cc : <username> <hashtag> <link>,0
<username> ibu sosialita itu awalnya ibu kantin tahu kak,0
Yakin dengan semua janjinya? Yakin tidak ada lagi rakyat miskin yang jatuh menangis gara gara pembuatan jalan tol? <hashtag>,0
Bapak presiden saja minta maaf kamu yang PHPin aku gamau minta maaf ni? <hashtag>,0
Terkutuk kau <hashtag>,0
Ntah kenapa jadi ikutan kesal Padahal sudah di dukung tapi malah nyebarin Hoax. Mohon maaf kita sudah tidak cocok lagi,0
Rasanya tidak pantas menyebut para perusuh itu seorang mujahid karena sama sekali tidak mencerminkan karakter seorang muslim <hashtag>,0
Hai anjing jangan kamu kaya bangsat dasar anjing :thumbs_up: :loudly_crying_face:,0
Hore [ELONG] seru banget ada rusuh rusuh keaa gini hiburan di akhir tahun ye kan wkwkwkwk <hashtag>,0
2. Saat perayaan Helloween Party ada satu artis yang terlihat mengikuti gaya busana Teh Melly yang nyentrik. Namun gaya tersebut membuat teh Melly merasa dibully. Lho kenapa Teh? <link> <hashtag>,0
<username> Lebih mulia menjual diri. Sangat hina nya <hashtag> yang menyebar kebencian.,1
<username> Emang sebagai apa. [REPPUNC] sih. [REPPUNC],0
Toko sebelah: gus miftah ceramah di diskotik itu munafik ceramah koq ditempat yang kotor haram tyda baik :boy: : <link>,0
<username> Kita juga perlu pintar biar tidak mudah dibodohin,0
Semua yang manual dalam jumlah besar itu berpotensi curang <hashtag>,0
Tolong nilai pakai nurani jangan pakai <hashtag> tidak baik buat kesehatan apalagi jadi <hashtag>. Jangan ya.,0
hanya mau kasih tahu saja..begini kondisi Discotique Colosseum yang dapat penghargaan dari gubernur beriman dan dapat pembelaan dari ulama gnpf [CAPS] 212. Semoga Allah limpahi imbalan setimpal dengan perbuatan mereka orang yang munafik yang tega menjual ayat untuk keperluannya & mengadu umat demi jabatan.,1
Kan ku ingat selalu. [REPPUNC] :musical_notes: Kan ku kenang selalu. [REPPUNC] :musical_notes: Senja indah Senja di Kaimana. [REPPUNC] :musical_notes: :musical_notes: :smiling_face_with_heart-eyes: (lagu : Senja di Kaimana - Alfian) Salam Damai untuk warga papua yaa pakdhe <username> yaa. [REPPUNC] :folded_hands: :smiling_face_with_heart-eyes: :folded_hands: <hashtag> <link>,0
Bersihkan.. Bukan genteng saja yang bocor.. tapi juga anggaran <hashtag> <link>,0
Habis ada keraton agung sejagad muncul sunda empire. Negara lain dah sibuk buat nuklir buat robot motor terbang negara kita malah begini,1
Harusnya tuh kedua pendukung capres <hashtag> bukan malah saling hujat tuduh dan fitnah ini itu.. biar Indonesia aman damai tentram dan sejahtera. [REPPUNC],0
<username> Tahuu itu kostum keren. [REPPUNC] tapi menurutku kok tidak jauh beda sama Nyi Roro Kidul. Wkwkkw. [REPPUNC],0
mang hujan ya ! [REPPUNC] jakarta barat terpantau masi mendung saja,0
Fadly Zonk ini semakin lama semakin seperti orang tidak waras. Lihat saja komen beliau sudah tidak tentu arahnya.,0
Hebat bener anda anus <username> 3x dki [CAPS] banjir <hashtag>,1
<username> goblok..,0
Mbokan lah sibuk kaya pejabat <link>,0
Fakta sidang mk [CAPS] yang seperti itu gamblangnya dan kalian tetep <hashtag>. [REPPUNC] Mikir.. ! [REPPUNC],1
Lhaa. [REPPUNC] Anies itu 100% lhoo. [REPPUNC] ahli tata [CAPS] kata [CAPS] :thumbs_up_medium_skin_tone: :smirking_face:,1
Gampang kok ngukur Nasionalisme mereka dari tweet dan tagar sudah kelihatan-kan mereka pakai produk impor. [REPPUNC],0
Tetap tegar and berani ya jagoan [CAPS] muda [CAPS] gua wahai bro-sis [CAPS] <username> di sarang pemyamun [CAPS] dki [CAPS]. [REPPUNC] - Biarin Loe dibilang nyari [CAPS] panggung [CAPS] sama gabener [CAPS] yang gawenya manggung [CAPS]. - Biarin Loe dibilang tidak punya etika [CAPS] sama politikus [CAPS] bangkotan [CAPS] yang tidak [CAPS] beretika [CAPS]. Bagi gua Loe. [REPPUNC] :thumbs_up:,0
bapak walikota semarang kalau nanti bapak jokowi gagal dua periode mohon jalan tol nya di bungkus ya atau tidak di gulung saja.,1
Bersama <hashtag> <username> siap dukung Kabinet 2019-2024 sebagai pengelola <hashtag>. <hashtag> <link>,0
Ya jelas saja. Duit habis banyak biayai kerusuhan tidak ada hasil buat <username> malah memperburuk karir politiknya,0
<username> yang ini tidak usah kamu cek harga pasarnya ya <link>,0
<username> Sangat mulia sekali pemerintah untuk semua masyarakat pindah fakultas tata boga biar pada bisa bikin ciloq,1
Waspada hoax banyak bertebaran di Pilpres 2019. Kampret kampret yang menyebarkan banyak hoax yang bikin gaduh netizen,1
<username> :grinning_face: :grinning_face: :grinning_face: Maaf tadi ada tante yang jput Salah siapa coba nia tlp tidak di angkatin <hashtag>,0
<username> kamu [CAPS] anjing [CAPS] bangsat [CAPS] tai [CAPS] bego [CAPS] tolol [CAPS] gila [CAPS] monyet [CAPS],0
<username> Goblok,0
<username> di indonesia kata pk<username> penduduk islam terbesar di dunia.kenapa kok ulama kami difitnah?,1
Fenomena bermunculannya start up yang berkembang mjd unicorn hebat adl fenomena kreatifnya orang muda hebat milenials. Sayangnya masih ada dari mereka yang belum dewasa dalam berbisnis. Perush yang sudah bervalue triliunan akhirnya harus oleng akibat perilaku recehan saja.,1
<username> Embuh Bos. [REPPUNC] ngrasakne negoroku dewe wae marai mumet• Yang teriak kopar kapir dikit-dikit haram penistaan tetek bengek Yang lagi hits ngelem Aibon mark up anggaran & pejabat korup Apalagi. [REPPUNC] ormas kadrun monaslimin,0
Saya kira rakyat tidak ingin tidak bkerja kmdian dapat honor. Itu bukan solusi. Solusix adlh ciptkan lapangan kerja yang mu <link>,0
Cawagub dki [CAPS] Riza Patria dari <username> : susah cari kekurangan bapak 4nies. Betul bapak bagaimana tidak susah nyarinya kekurangan bapak 4nies ternyata hanya satu bapak 4nies tidak pny kelebihan. ! [REPPUNC] <hashtag>,1
<username> Sukses selalu pak jokowi dan bpk serta keluarga dalam lindungan Tuhan ymk [CAPS] dalam menjalankan umroh dan terimakas… <link>,0
<username> Setuju pak namun aturan ini tidak berlaku untuk tamu. Bagaimanapun kita harus hormati keputusan presiden,0
<username> manusia kok ingin jadi iblis goblok,0
Dengan berusaha kerja keras dan motivasi yang kuat..pasti cita\ kita akan terwujud.. ^_^,0
Bener juga si Wan Aica Aibon <username> cc [CAPS] <username> <link>,0
Banyak suami yang ingin istri seperti Nia Ramadhani tapi dia sendiri lupa untuk menjadi Ardi Bakrie Kemudian para suami menyinggung balik Banyak istri yang ingin suami seperti Ardi Bakrie tapi dia lupa kalau dia bukan Nia Ramadhani :neutral_face: :expressionless_face:,0
<username> untung sekarang sudah tidak tolol lagi wkwkwk,0
wan [CAPS] Abud kasih penghargaan sama diskotik panti pijatnya kapan pak ditunggu sertifikat nya biar adil pak jangan pilih kasih dan tebang pilih. [REPPUNC] sekalian kasih undangan buat pengikut bapak yang setia itu. [REPPUNC] biar tahu dan tidak protes juga kasih tahu jangan di demo ya. [REPPUNC],0
<username> Sekomplotan mana bisa lurus ! [REPPUNC] Tinggal gimana kejaksaan &amp [EMOTICON] lri nih.klu <username> takut,0
<username> Yaelah ada juga dokter nyebong. [REPPUNC],0
<username> Ya mana saya tahu saya kan nia ramadhani.,0
Banyak akal sehat yang hilang di negeri ini ! rg [CAPS] : Anjjritt [ELONG].. kamu..! 15 tahun mengajar tanpa digaji ! [REPPUNC] Kembalikan akal sehat pada fungsi kampus tradisi akademis adalah menggeleng pada kekuasaan Katakan tidak [CAPS] agar ada dialektika dan tesis-antitesis <hashtag>,0
Tinggal 2 langkah lagi malah harus mundur <hashtag> dan semakin hanyut,1
Akhirnya keluar keahliannya. lepas [CAPS] tangan [CAPS] ! [REPPUNC] <hashtag>,1
Jangan takut melangkah kedepan ambil kesempatan ini dan anda berpeluang jadi pengusaha sukses Gabung vsi [CAPS] sekarang !,0
Tadinyebong sekarangjadi boikot. [REPPUNC] hahhaha <hashtag> <link>,0
ya setidaknya sifat pantang menyerah bapak prabowo untuk menduduki kursi istana etis diacungi jempol. terhitung dari 2004 daim rusak untuk jadi 'raja' istana,1
<username> Ini salah satu fakta sejarah terimakasih <username> pencerahan ini perlu dalam semangat sumpah pemuda. Islam adalah bagian dari negri ini yang ikut membidani lahirnya negri ini,0
<username> Sontoloyo tuh bocah,0
Pilihan beda tidak masalah Tapi saat menghina seseorang yang telah mengangkat derajat hidup itu masalah,1
Dana Desa yang yang telah digulirkan Pusat saja menjadi bancaan orang orang pusat dari pemilihan pendamping desa sampai penempatan dan siapa dapat apa. [REPPUNC] ini harus kita lawan. [REPPUNC],0
<username> Melihat bgtu solidnya semua elemen bangsa bersatu menjaga dan memberantas para radikalisme dinegeri ini sebagai bukti kecintaan kita kepada nkri [CAPS] Tapi kayaknya ada <hashtag> <link>,0
<username> Ciee ke trigger Tuannya disalahin :grinning_face_with_sweat: :grinning_face_with_sweat: :grinning_face_with_sweat: mengerti ebudgetting juga kagak anda mengaku sebagai dokter komentrlah masalah bpjs [CAPS] atau tidak berani karena sudah disetujuin Tuan yang Mulia :grinning_face_with_sweat: :grinning_face_with_sweat: :grinning_face_with_sweat:,0
<hashtag> adil.. andaikan tidak jujur meugikan diri sendiri lurr.. kesel.e ra umum malah disalah2nee,0
<username> Banyak istigfar dan minta ampun pak atas dosa bapak yang lom menempati janji bapak terhadap rakyat,1
<username> yang tidak berkepentingan harap keluar,0
<username> Rocky gerung mulutmu nyinyir kayak perempuan dan itu karena otakmu buntu. Prestasi apa yang telah kau torehkan di Indonesia ? Bandingkan dirimu dengan Jokowi bagaikan bumi dan langit karena kau tidak ada apa2nya.,0
<username> kader beneran negur min ! [REPPUNC] Mimin tidak tegur balik ! [REPPUNC] :see-no-evil_monkey: :see-no-evil_monkey: :see-no-evil_monkey:,0
<username> lama kalau goblok mundur mending yang fresh tapi bener. [REPPUNC] <username>,0
sejak aksi 212 hingga aksi didepan gedung mk [CAPS] sekarang yang mengatas namakan agama tidak ada sangkut paut sama sekali dengan islam karena islam tidak pernah mengajarkan keritik pemimpin dengan cara aksi dan menhujat. <hashtag>,1
Wahai Masyarakat Ibu Kota (saat ini)..beruntunglah kalian apabila Aktor Intelektual Surabaya bakal jadi Nakhoda Kalian 2022 ! [REPPUNC] <hashtag>,1
<username> kepedeannya saya kasih jempol kaki. pasti dah ni contoh warga idaman rezim sontoloyo,1
Anies memang mantab setelah mengatakan kaki sebagai alat transportasi sekarang memberi contoh tangan sebagai pengganti sekop n cangkul. [REPPUNC] lanjutkan bapak jadi anggota ppsu [CAPS],1
daripada ibu kota diurus sama spesialis tata kata <username> mending pindah sekalian ðÿ˜€<hashtag>,1
Terbaik dalam bidang penghancuran Jkt <hashtag>,1
Ak sudah lelah menyelami isi hatimu saatnya aku menyelami pantai selatan bersama nyi roro kidul.,0
Kini Giliran Gadis di Ciamis Mandi lumpur Protes jalan Rusak Katanya bangun jalan desa Bangun apa nambal Nambal apa bangun Rakyat <hashtag>,0
<username> Bu Susi mengucapkan terima kasih kepada gubernur dki [CAPS] Anies Baswedan terus psi [CAPS] ngimana komennya terhadap Jakarta tidak malu nyinyir melulu,0
Berkah buat pendukung wan aibon biar mereka bisa berenang ! [REPPUNC] kan kalau berenang di kolam berenang mahal mereka tidak mampu bayar mumpung <hashtag> mereka bisa berenang gratis. <hashtag>,1
<username> selamat anda layak dapat penghargaan penjilat anies terbaik. [REPPUNC] silahkan ambil di balaikota,1
Ketika hal yang sangat rahasia ada dihadapan kita dan mau tidak mau harus di buka. <hashtag> <link>,0
Pantesan 'Kyai yang mengolok pernikahan Nabi dengan Bunda Aisyah' tidak merasa bersalah. [REPPUNC] jejak [CAPS] digitalnya [CAPS] akan jadi bukti sejarah [CAPS] bhw ada kyai [CAPS] sontoloyo [CAPS] gondrong [CAPS] yang mengolok Nabi ! [REPPUNC] <username> <link>,0
Salut untuk Jajaran Polri. Semoga berkah Ramadan tahun ini berlimpah untuk kalian. <username>… <link>,0
Ketika semua sadboi [ELONG] <username> <hashtag> <link>,0
motaw tolol banget hehew,0
<username> Diselatanin saja ketemu Nyi Roro kidul ntr hehe,0
Seolah olah tahu tentang pertanian dan sangat peduli dengan petani padahal bertani saja malu.,1
Hal ini diperparah dengan kepo nya emak-emak sosialita istri teman Rajata yang menyudutkan Ruby hanya karena dia tidak melahirkan secara normal dan Gendhis diberi susu formula sebagai penambah asi [CAPS] yang belum keluar banyak. <hashtag>,0
<username> Wkkwkwkwkwkwkwkwkw semngat dong qaqa reporter andalanqu [ELONG] ! [REPPUNC] Ya gitulah namanya hidup kita gabisa ngandelin gadun kan. Eh :grinning_face_with_sweat: :rolling_on_the_floor_laughing: Demi nia ramadhani cabang galek katanya wahahah,0
Kapolri baru. Ikut melumpuhkan otak bom Bali. Jadi wakil kepala densus 88 anti teror mendampingi pak Tito. Menjadi anggota tim kobra pemburu Tommy Soeharto. Dia adalah Idham Aziz. <username> <hashtag> <link>,0
<username> Hush [ELONG].. Serius ini Bro [ELONG]. [REPPUNC] Agar jelas sejarah bangsa ini. [REPPUNC] Dan bisa Rekonsiliasi yang sebenarnja. [REPPUNC] Agar Tahun kedepan kita tidak bicara lagi ham [CAPS] yang Sangat Melelahkan dan menghabiskan energi. [REPPUNC] <hashtag>,0
<username> Sarkasme bang biar ente makin dicari,0
<username> Kalau benar kenapa musti takut maju terus <username>,0
<username> Hehe maap ya.besok pg gimana,0
Berlelah-lelahlah sungguh manisnya hidup itu terasa setelah lelah berjuang.,0
Maaf ya Pak <username> nanti tidak akan ada lagi yang menghapal nama ikan tidak perlu siapin sepeda buat hadiah kuis bapak :folded_hands: <link>,0
<username> kalau sudah natural dan lahir bathin.. goblok itu terlihat jelas walau dari ribuan kilometer jaraknya,0
Dia orang memiliki banyak uang. karena itulah di mudah menjadi orang baik,1
dulu asalnya suka makin kesini tapi kok nambah makin suka suka pengen muntah <hashtag>,1
Sukses hanya bagi orang yang tetap semangat meski halangan dan rintangan di depan mata.,0
sudah tahu kalah sekarang malah memaksa jokowi untuk turun memang nya kalian siapa ! kalian tidak lebih dari sekedar anjing2nya prabowo ! <hashtag>,0
<username> Ukhti <username> terima kasih atas penghargaan buat diskotik syariah ini.. sesuai dengan gnpf [CAPS] ulama 212 Bani monaslim.. tq senator yang membawa barokah.. nb [CAPS] tersedia bidadari didiskotik collosseum <link>,1
<username> Hooh seneni kono sekolah ra pinter malah goblok ndang ! [REPPUNC],0
Bangsat sampe jam segini belum juga aktif <hashtag>,0
Saya yakin hal ini menjadi pertanyaan kita semua katanya [CAPS] anti [CAPS] asing [CAPS] tapi [CAPS] kok [CAPS] berkiblat [CAPS] ke [CAPS] barat [CAPS] ?,1
Akibat menghujat Ulama bentar lagih karir dia jadi ojeg payung. [REPPUNC] Laki cicak. [REPPUNC] bini biyawak. [REPPUNC] <hashtag>,0
Gayamu asyik senyummu sumringah dan tatapanmu sejuk engkaulah salah satu pemimpin sejati.. btw Kemeja mu selalu bagus pak beli dimana ! [REPPUNC] :grinning_face_with_sweat: :grinning_face_with_sweat: :backhand_index_pointing_up:,0
<username> karena kamu keliatan tolol sudah ah bye,0
"SiBapak itu emang bener, Banjir besar memang selalu terjadi di hari libur, mau hari apa pun kalau banjirnya besar ya pada libur.. <hashtag>",1
Bilangnya Cinta Indonesia tapi tiap disisipin trip ke museum atau sanggar budaya daerah minta diskip. bagaimana bisa cinta kalau tidak kenal?,1
Mau ngupas mangga indramayu yang masih mengkel kok males ya. Apakah akyu kena sindrom Nia Ramadhani?,0
"bertanya-tanya mengapa suaminya tiba-tiba menghilang. Niyazi adalah satu di antara ratusan ribu orang Uighur yang diduga terseret dalam penahanan massal Muslim yang berbahasa Turki di wilayah paling barat Cina. Bahkan status ""elit"" -nya sebagai pejabat komunis setempat tidak",0
Katanya kan bapak FadliZon memperjuangkan keadilan tahu nya hanya membela orang yang membela junjungannya saja.,1
Susunan Menteri Jokowi Itu Kabinet Obesitas <hashtag> <link>,0
Jujur itu mahal makanya kebanyakan orang yang suka bohong itu tidak punya nilai jual (n) <hashtag>,1
Malam tidak berbintang eh ternyata bintangnya ada di kulkas. <hashtag> <link>,0
tidak ada tempat buat kamu songong Babu Cukong kayak mereka di Tanah bertuah. <hashtag> <link>,0
Pengakuan khilaf permintaan maaf yang belum tentu dibarengi kesadaran memperbaiki sikap nyata bila tidak dikenai sangsi dalam bentuk apapun -- akan membuat mereka tetap tidak jera merongrong demi egoisme pribadi dan kelompok. <username> <hashtag>,0
Lama kelamaan Hoax Center justru jadi bank hoax yang diciptakan kubu 02 karena saking banyaknya hoax yang tercipta. Sayangnya hoax ini terus dipupuk hingga tumbuh subur.,0
Selain un [CAPS] sebenarnya saya mau pak Nadiem juga menghapuskan kkm [CAPS]. Keduanya adalah dua dinding penjara yang serupa bagi para guru.,0
Proyek revitalisasi Monas dihentikan karena melanggar Keputusan Presiden Nomor 25/1995 tentang Pembangunan Kawasan Medan Merdeka di Wilayah Daerah Khusus Ibu Kota. <hashtag>,0
tidak tahu pura-pura go-blok atau idiot beneran. Tolol nya itu loh tidak ketulungan. Makanya otak kemana-mana dibawa jangan buat pajangan doang :kiss_mark:,0
Hujan pertama di Jakarta. Uwuu~,0
"andre telah berhasil menorehkan namanya untuk dikenang selamanya, andre mana? itu andre psk ðÿ :trade_mark: ˆðÿ :trade_mark: ˆ <hashtag>",1
Nanti kalau gabener wan aibon si gabecus kerja sudah lengser mudah2an gubernur yang akan datang langsung ngebongkar hasil revitalisasi monas sambil teriak proyek [CAPS] apa [CAPS] ini [CAPS] tidak [CAPS] guna [CAPS] ! [REPPUNC] guoblok [CAPS] sudah [CAPS] tahu [CAPS] jakarta [CAPS] rawan [CAPS] banjir [CAPS] malah [CAPS] lahan [CAPS] hijau [CAPS] dibetonin [CAPS] ! [REPPUNC] <hashtag>,0
Pdkng jenderal kardus n jenderal baper kampret tidak malu bahas hutang lah sang jenderal sj byk hutang pribadi kengr kok tidak pada ngaca sih ya pdkngnya duh tolol banget bahkan ktnya karyawannya sj belum digaji kok mlh mau mensejahterakan buruh ktnya ngakak guling <hashtag>,0
<username> memang kamu tolol?,0
Adakah yang sepeeti Beliau. tidak melihat dia siapa putra / Putri siapa. kalau memang salah y salah. <hashtag> <link>,0
<username> sosialita manja lom saja kena karma,0
<username> Sontoloyo wkw,0
Ex Menteri kkp [CAPS] terdahulu <username> pernah melarang perdagangan lobster di bawah ukuran 200 gram atau yang berupa benih lobster. Menteri <username> yang baru sodara <username> berencana membuka kembali kran ekspor benih lobster itu. ini sontoloyo [CAPS] namanya :thumbs_down:,0
Tidak bosannya <hashtag> dibuat <hashtag>. [REPPUNC] Gerombolan mereka saling mendukung dengan cara naif yakni kebohongan. Nangis agar hati petani panas dan marah. Petani orang kecil dieksploitasi demi nafsu berkuasa.,0
sengkuni berkepanjangan mengatakan atas nama islam apapun itu. islam yang mana hai bapak tua ! [REPPUNC] sudahkah kau menjalankan,1
Keren ya indonesia yang jelek jadi fuckboi yang ganteng jadi shitposter,1
Temenku ibadah jam 16.00 15.47 dia masih ghibahin orang lain Habis dia ghibah langsung minta ampunn tolol emang :rolling_on_the_floor_laughing: :rolling_on_the_floor_laughing: :rolling_on_the_floor_laughing:,0
<username> Doclang apa an yak :thinking_face:,0
Tong kosong isinya kosong banyak omong dasar orang songong,0
<hashtag> Maunya ini memang tercipta untuk bikin gaduh.,0
Yang provokator kau ! [REPPUNC] kau yang memulai kau pula yang sok jadi penengah ! [REPPUNC] Sok jadi malaikat padahal setan ! [REPPUNC],0
Napa tiba sad vibe si sontoloyo ini :thinking_face: <link>,0
Garuda indonedia terus maju terbang ke angkasa tinggalkan mereka pelaku <link> dan dugaan kasus lainya. [REPPUNC] <hashtag> <link>,0
Saya menduga ini kan semacam tanda kutip balas jasa Pak Tito berjasa ikut memenangkan [pemilu] melalui jajaranya ungkapnya <hashtag> <link>,0
<username> bilangin anaknya nia ramadhani sekolah di sekolah inter yang harga spp seharga mobil boleh boleh saja tuh main tiktok,0
Tempe setipis atm [CAPS] mana mungkin konsultan asing mengerti,1
Yang pintar tuh cem gerombolan kalian ini drun :rolling_on_the_floor_laughing: :rolling_on_the_floor_laughing: :rolling_on_the_floor_laughing:,1
Ada 34 Propinsi di Indonesia. Artinya ada 34 Gubernur di Indonesia. Jika setengahnya atau 17 Propinsi Gubernur nya seperti Anies Baswedan. Artinya di jamin Indonesia Bubar. <link>,0
<username> Partai Sontoloyo Indonesia,0
<username> Otak kamu mana otak ! [REPPUNC] <hashtag> di perut,0
Cerdas [ELONG]. [REPPUNC] Beruntunglah bagi mereka yang mengenal tanda². [REPPUNC] Tanda ketidakbecusan <username> Memimpin jakarta.. <hashtag>,1
Berbeda dengan Pernyataan Jubir Prabowo Tegaskan Akan Ambil Gaji dan Pakai Mobil Dinas <link> <link>,0
Bela agama sudah bela bapak prabowo sudah sekarang tinggal bela sungkawa [EMOTICON]. <hashtag>,1
memang bangun tol pakai uang situ? Hilih,1
Darah itu merah jendral ! Kini perkataan mu dahulu telah terbunuh oleh pertemuan hari ini ! <hashtag>,1
<username> Alkhamdhulillah ikut merasakan kesejukan dan kedamaian dari pemimpin yang menyejukan.semoga pemimpin yang begini slalu mendapat perlindungan Nya Amin.,0
<username> Itu aku nanyak bodoh. Dia bilang tidak ada kan terus aku nanya idiot. sumber waras suruh urus dulu tolol,0
2. Pak Anies <username> mencontohkan dalam perencanaan ada 600k penghapus papan tulis namun saat sudah disahkan penghapus tersebut hilang dan mengatakan bahwa komponen penghapus adl dummy. Menurut saya hal tsb justru merupakan contoh ketelitian Pak Ahok yang berhasil (1/2),0
Sobat ambyar cabang bulak sumur sekaligus hunting foto pejabat. :beaming_face_with_smiling_eyes: <link>,0
kamu segampang itu ngomong gitu hello saya kelihatan kek orang se tolol apaan menurut kamu gausah sok paling mengerti.,0
Batas kebohongan adalah ingatan.' 0,0
sudah tidak sabar pengen tahu ide terbaik dia buat negriku.. Moga tidak bikin makin bego siswanya saja ya kalau tidak jago menghafal.. terus yang dibutuhkan apa dong pak Jago berhitung? Jago nyanyi? Jago olahraga? Jago masak? Jago silat? Ato jago apaan.. penasaran saya :thinking_face: <link>,0
Saya siap [CAPS] pasang badan. Saya siap [CAPS] mati [CAPS] demi membela kepentingan masyarakat Jakarta. Jika ada yang macam-macam saya [CAPS] yang hadapi [CAPS] ! <hashtag>,0
Alhamdulillah akhirnya nemu juga proyekan eang bisa bwat ngebantu ngabisin anggaran setelah program kembar sial oke dan oce hanyut kebawa banjir.. Lancar proyeknya Bahagia Pemprop nya Alhamdulillah <hashtag>,1
Gaya sosialita gaji umr [CAPS] jogja,0
Ritwit berirama semua hestek oposan. [REPPUNC] Jangan terlalu nafsu jangan juga terlalu loyo. 4 hestek kita uber. Bisa? jawab [CAPS] ! [REPPUNC] <hashtag>,0
Airlangga Hartarto menyatakan seluruh kader Partai Golkar turut bangga karena Presiden Jokowi percaya terhadap kader-kader terbaik Golkar untuk berada di Kabinet Indonesia Maju. <hashtag> <link>,0
Aku benci sebahagian diriku yang masih tetap mengagumimu..hais [ELONG]..sontoloyo.. ! [REPPUNC],0
Saya kagum pada bapak Anies semoga tenggelam,1
Pilpres sudah lewat. Sidang mk [CAPS] sudah usai. Saatnya kembali bekerja. <hashtag>,0
Semoga terbaca oleh para elit politik bpn [CAPS] semua jajaran pendukung Prabowo yang mangkir dari faktanya dalang semua,1
terima kasih pak <username> telah mengendalikan sebak dengan salim sehingga jakarta saat ini tidak ada lagi yang tidak sebak.. semua sudah merembet.. ðÿ˜¡ðÿ˜¡ðÿ˜¡ <hashtag>,1
Jakarta Banjir Lagi dampak penebangan190 pohon di Monas akibatkan jalan Merdeka Barat pintu masuk Monas banjir [CAPS] 25cm an <hashtag>,0
<username> <hashtag> gamau tahu harus menang tidak menang terbaik nya berkurang hehe,0
Biadab kau ! Dimana kedaulatan rakyatnya? Bajingan ! [REPPUNC] Ini kah yang kau mau wahai presiden Kertanegara ! [REPPUNC] <username>,0
kami [CAPS] tidak membayar [CAPS] karena [CAPS] keadilan [CAPS] itu [CAPS] tidak ternilai [CAPS] harganya [CAPS]. dan [CAPS] mereka [CAPS] bisa [CAPS] membeli [CAPS] sesuatu [CAPS] yang [CAPS] dianggap [CAPS] murahan [CAPS] ! paham [CAPS] !,1
<username> Tompi anda ini siapa sih? Rasanya kebencian anda ke Anies sudah menghilangkan nalar anda. Gelar dokter anda tidak membuat anda lebih bermoral Tompi. Anda tidak lebih penghamba Ahok yang terbutakan mata hatinya.,0
Projo Bubar lngsg dapet kue.. Budi Ari Setiadi. Hahaha.. <hashtag> <link>,0
<hashtag> 02-02-2020. Haya pengen ngucapain selamat kepda yth bapak Anis. karena sekrang jakrta sudah bisa bikin <hashtag> sendri. Tanpa harus impor dari bogor. Selamat selamat.,1
Apakah ini ulama? Menghalalkan diskotik? Apakah nanti Takbir akan berubah jadi Take a beer ? <link>,0
sudah gede tapi otak gadipake tolol,0
<username> Sontoloyo kebingungan,0
Awali Priode Ke 2 Dengan Melakukan Mengunjungi Daerah Pembangunan Infrastruktur di Papua <hashtag> <link>,0
<username> :beaming_face_with_smiling_eyes: :backhand_index_pointing_up: ngeles ala plagiator :face_with_tears_of_joy: :face_with_tears_of_joy: :face_with_tears_of_joy:,0
Karya yang [CAPS] diawali Dari kampanye melindungi Mata air Di salatiga. <username> <hashtag>,0
<username> Ngomong opo [ELONG] iki. [REPPUNC] ! [REPPUNC] :face_with_tears_of_joy: :face_with_tears_of_joy: :face_with_tears_of_joy: :face_with_tears_of_joy: <hashtag>,0
"Mantap nih ketua dan dewasny <username>, smangat lindungi koruptor ! [REPPUNC]",1
Aneh sama warga twitter rebahan saja bangga. <hashtag>,0
Satu-satunya prestasi pak jokowi selama menjabat yang buat saya kagum adalah pernah menjabat sebagai ri1 [CAPS] terima kasih telah pimpin kami Harapannya Cukuplah satu periode untuk bapak,1
Rakyat sudah pintar kok. Koalisi busuk 02 sudah ketahuan hoax [CAPS] nya.,1
Nilai ujian itu penting tapi bukan segalanya. Bersama memperbaiki hubungan dengan Allah membangun impian bakat martabat kejujuran dan kepercayaan diri -insyaallah- lebih menentukan potensi & masadepan ananda yang lebih baik.,0
"partai allah"" tidak butuh kursi bahkan mereka ikhlas membagikannya kepada yang lain. heuheuheuheu. [REPPUNC]",1
<username> Katanya negara menjamin kebebasan beragama kok di larang celana cingkrang sama cadar kan sunnah. Katanya negara mayoritas muslim,0
Ya sudah di gas ajaa sekalian ini si jonk <hashtag>,0
<username> Sehat jasmani dan rohani <hashtag>,0
Pantesan saja sering bilang Tiongkok baik kok ! [REPPUNC] suka nyumbang n kasih duit. [REPPUNC] Jangan diganggu politiknya. [REPPUNC] ternyata tiongkok sering menghujani dengan duit. [REPPUNC] <link> <hashtag>,0
<username> Tolong tuhan jauhkan anies baswedan dari jawa tengah.,1
Siap siaga melindungi anak dan istriku <hashtag> <link>,0
Hati hati dengan wsj [CAPS] media amerika ini <hashtag> <link>,0
Perusahaan nya mang ada dan alamatnya bener kok Cuman ntuh kantor kgak bakal keliatan bagi mata Rang yang kgak Beriman.. <hashtag>,1
<username> Ya Allah berikan selalu kesehatan untuk Presiden Indonesia bapak Jokowi dan lindungilah b… <link>,0
<username> Terlalu cinta dengan om Anies melanggar hukum pun dilakukan [EMOTICON],1
Hei <username> jujur saja puisi anda memang ditujukan buat hina ulama kan ? tidak malu kau?,1
Luar biasa jakarta berkahnya tidak abis. Semoga berkah terus setiap hari. <hashtag>,1
Sukses <username> mencptakan water park di dki. [CAPS] Cuma sayang nya dia ambil air kafir..jadi yah tidak seiman. Liar kemana..! Tunggu bacot <username> Punggung tangan dengan jari telunjuk mengarah ke kiri <hashtag>,1
<username> Pa <username> berbuat yang terbaik lalu situ berbuat apa untuk dki [CAPS]. [REPPUNC] Yang melemahkan semangat ada dua; pertama prasangka kedua hati busuk. – hamka [CAPS],0
Kami sangat optimis bahwa Partai Golkar akan mendapatkan kursi di Ketua mpr [CAPS] ri [CAPS]. Keyakinan itu didasarkan pada pertama tentu kita memiliki asas proporsionalitas. Ace Hasan Syadzily Ketua dpp [CAPS] Partai Golkar <hashtag> <username> (link: <link>.com/live) metrotvnews.com/live,0
<username> Hahaha akan kah keluar <hashtag>,0
Panik boleh goblok jangan <hashtag>. <hashtag> <username>,0
<hashtag> mereka dengan mudah mengatasnamakan dan menjual ayat untuk mengerahkan massa dan membelanya. Korban yang berjatuhan diframing sebagai korban aparat. Miris sekali,0
<username> hwhwhwh tolol,0
Katanya Pemuka Agama mana Tawadhu? Ngeles tidak ada rasa penyesalan urat malu ! [REPPUNC] (sangat disayangkan ! [REPPUNC] ) <hashtag>,1
<username> dulu jmn orba [CAPS] mereka pada teriak brantas kkn [CAPS] nepotisme tapi kini mereka mnjd pelaku bahkn lbh rakus dari sblmnya :loudly_crying_face: <hashtag>,0
ceo [CAPS] tidak [CAPS] tahu [CAPS] diri? [CAPS] harusnya kebalik. Anda² yang sudah dikasih platform buat jual beli dengan mudah yang tidak tahu diri. sudah dikasih promo bnyk. kamu bilang e-commerce tidak boleh politik? Ust. Yusuf Mansur saja dukung pak Joko. saya tidak mslh. yang jadi masalah standar ganda ! 1,0
<username> mengingatkan bahwa negara ini sudah ada aturan mainnya. Konstitusinya jelas undang-undangnya jelas,0
Alhamdulillah Bekasi dan Jakarta hujan guys. tidak panas lagi Ya Allah makasih :pleading_face: :loudly_crying_face:,0
<username> Pacar sontoloyo,0
tidak usah sokan bela kalau makan saja susah apalagi tidak kuat nonton video ini. [REPPUNC] beli kuota dulu wkwkwk Ini video tips kalau tidak punya uang jangan jadi sok pahlawan kalau cuman nyetatus tapi tidak kuat nonton <link> <hashtag> <link>,0
Retweet lagi ah prestasi anak bangsa. [REPPUNC] Kampret jangan kejang kejang ya.,1
Gausah pada sok bilang bucan bucin bucan bucin kalau sama pernah goblok kena cinta juga.,0
Salah satu prestasi Anies itu menciptakan banyak lokasi surfing di jalanan Ibu Kota ! [REPPUNC],1
selamat datang di kerasnya sepakbola indonesia takut. <hashtag>,1
Bukan pesimis dengan keadaan tapi kapan aku bisa buat orang keluarga bangga ! [REPPUNC] <hashtag>,0
kalau orang pinter yang ngmong ya.. semua pasti ada isinya. Love pak ahok <link>,0
Alhamdulillah kelompok ini mulai positif dengan keberadaan diskotik. Semoga tidak ada lagi razia ilegal terhadap diskotik dari kelompok ini.,1
Banyak politikus di tim ekonomi Jokowi. Kondisi itu menimbulkan pertanyaan apakah mereka mampu mendorong investasi seperti yang diinginkan Jokowi? <hashtag> <link>,0
Dari bungkus <username> bersetuju dewan menteri <username> | bengkarung padang luas makin masalah merusak Negara Kesatuan Republik Indonesia mencupaikan parakuat khilafah isis [CAPS] mereka <hashtag>,0
Hobi banget ngebacot di sosmed padahal dirumah mah kalem <hashtag>,0
Minim prestasi jadi menciptakan Hoax centre yang gunanya untuk produksi hoax,0
Langkah tegas dan konkrit pastinya <hashtag>,0
Anda tidak layak jadi Pemimpin :double_exclamation_mark: Himbauanmu Telat tidak akan bisa membangunkan mayat yang menjadi Tumbal Ambisi Inkonstitusional untuk Berkuasa.<hashtag>,0
Terima kasih kepada Google Translate. Teman setia ngarang-ngarangku. Uwuwuw.,0
Saya harus memuji susunan kabinet baru ini. Berarti saya harus memuji yang menyusunnya: Presiden Joko \'Jokowi\' Widodo kata Dahlan. <hashtag> via <username> <link>,0
<username> Aibon Kelapa Aibon Nanas <hashtag>,0
Mengapa saya memilih <username> bukan <username> ? Karena Jokowi melupakan semua dari empat etika yang penting ini: 1. Hormat 2. Kesetiaan 3. Integritas 4. Rasa Syukur,0
Muka dua itu ketemu Fans Prabowo nyerang Jokowi. Ketemu Fans Jokowi nyerang Prabowo. [EMOTICON],0
<username> untuk PresidenKU yang handal [CAPS] <username> Indonesia maju [CAPS]. [REPPUNC],0
kamu tuh lebih beruntung dari Ardhi Bakrie Iya tapi kamu tidak seberuntung Nia Ramadhani dan Ardhi Bakrie sayang&amp;manjain Nia banget tanpa perlu Nia ngelist apa saja yang dia bisa :rolling_on_the_floor_laughing: Nia Ramadhani 1 - 0 Ibu insekyur yang menggunakan kekurangan orang lain untuk merasa lebih <link>,0
Terimakasih bapak Anies kamu hebat ! Bisa membuatku tertawa seharian dengan semua ucapanmu ! [REPPUNC] semoga panjang umur sehat selalu ya bapak amin,1
<username> <hashtag> Masak aku mesti ngomong hankam gitu sih,0
<username> pakai jilbab mulut macam lonte sudah tidak aneh di jaman Now :smiling_face_with_smiling_eyes:,0
<username> radikalisme tidak boleh ada di Indonesia <hashtag>,0
Alhamdulillah ya. Dapat fasilitas itu tentu karena seiman. Dulu Ahok mana mau berbagi kolam renang? Dasar tapir !,1
Semoga para sesepuh terutama para ulama tidak lagi menjadi partisan politik yang membela salah satunya tapi bisa memand <link>,0
Dah ahh jangan banyak sambat disini Takut nanti diangkat jadi mentrinya kabinet pak <username> Hapus jejak digitalnya kebanyakan. [REPPUNC] <hashtag>,0
Alhamdulillah pak presiden taubat <hashtag>,0
Mau coba kesana? Langsung saja ke lokasinya di Jalan Jeruk Purut Kemang Jakarta Selatan.. Happy tgif [CAPS] Smart People !. <hashtag>,0
<username> Yang paling pintar dokter tompi.. saya kasih obat biar anda tambah pintar banyak tidak hanya berak sekebon,0
Hanya orang bodoh yang menganggap celana cingkrang identik dengan radikal ada bbrp pertimbangan orang milih celana cingkrang Salah satunya spy tidak gampang terkena najis so dia dapat sholat dengan busana yang sama tnp khawatir apa pakaiannya terkena najis atau tidak <hashtag>,0
<username> Pintar banget sih fnc Pintar bikin dompet ini kempes [EMOTICON],1
wahai [CAPS] Kaum Muda Millenials Kita Berjuang tidak perlu demo turun ke jalan seperti tahun 1998.,0
kalau tidak pilih 01 jangan pakai jalan tol [CAPS]. Boleh ya kalau sekarang tidak bayar pajak dulu nunggu ganti presiden..,1
Politik Nyinyir untuk dapat Jabatan saat ini sudah mulai basi tapi masih ada yang mencoba. [REPPUNC] <hashtag>,0
dasar mommy sosialita <link>,0
<username> Si Zon mulut nya saja yang maju saran saya majukan Indonesia dengan karya dan membangun Zon dan itu akan lebih bermanfaat.,0
Perjumpaan Kakitangan Jabatan Penerangan Kedah Bersama Exco Penerangan Kedah. Turut dihadiri oleh Timbalan Pengarah Penerangan Malaysia. yb [CAPS] Exco turut mengumumkan insentif rm10 [CAPS] 0 [ELONG] kepada mana-mana Pejabat. [REPPUNC] <link>,0
kalau lagi ngumpul tuh hp taroh goblok kalian ngumpul buat apa.,0
Ini semua berkah [CAPS]. [REPPUNC] semoga toanya bisa mengatasi banjir <hashtag>,1
coba lah sesekali kau berfikir baik terhadap yang dilakukan atas perbuatanmu tidak usah sampe menjilat ludah sendiri.,0
. [REPPUNC] Dalam hal seseorang memiliki kompetensi maka ia boleh mengusulkan diri dan berjuang untuk hal tersebut. <hashtag>. <hashtag>,0
Kalau liat pendukungnya liat saja pemimpinya kalau pemimpinnya munafik berarti pendukungnya juga.,1
Dongarians lagi apa nih? Saya suka lupa kalau jumat saya bertugas. [REPPUNC] t_t [CAPS] modem leletnya mintak di bacok.,1
<username> Kepala kasad [CAPS] harusnya di beri teguran atau Sanaksi agar tidak seenaknya saja mencopot dandim Kan belum ketahuan bersalah istrinya di pengadilan umum.,0
Kita harusnya memilih pemimpin yang cakap dan memiliki jiwa yang matang. Secara rasional dan logis kita baiknya memilih juga pemimpin yang berpengalaman. <hashtag>,0
Ikut Serang Anies Akun Transmart dan Bank Mega Dihajar Tagar <hashtag> – Warta Kota <link>,0
Soeharto berani bantai 3 juta rakyat Indonesia masa sby [CAPS] tidak berani bantai fpi [CAPS] ? Dududuudu [ELONG],1
Meski saat ini dia pergi dan selalu pura lupa tapi kita tetap harus percaya dan berkeyakinan bahwa suatu saat dia pasti akan kembali dan membayar lunas hutangmu tanpa cicilan [EMOTICON] karena kita <hashtag>,0
Langkah bagus untuk pariwisata. [REPPUNC] giatkan kegiatan di diskotik yang sesuai syariah. [REPPUNC] (ada tidak ya. [REPPUNC] ) <link>,0
jadilah pribadi yang dewasa dan jadi komunitas yang dewasa pula. <hashtag>,0
Waduh para cebong sekolam kerjanya nangkap melulu <hashtag>,0
Akhir ini sering banget ngerasain aura aura mantan apa aku ini indihom? <hashtag>,0
<username> Jgnkan buka salak kak makan salak saja aku g bisa tapi g viral juga. [REPPUNC] Maklum beda nasib sama nia ramadhani,0
Ayo kita bantu tanda-tangan petisi ini <link> <hashtag>,0
Pengumuman ! [REPPUNC] Running Text Offline kena retas. [REPPUNC] pasti ini kerjaan Sanusi <hashtag>,0
Itu preman pintar. Itu provokator sama kayak kau.,1
belajar untuk kemajuan Kampung Halaman di kemudian hari <hashtag> <link>,0
Aku Syuka Lagu Ini. Seru [ELONG] Menjelang Pesta Rakyat nkri [CAPS] di twitter bikin tidak bisa tidur. <hashtag>. <hashtag>,0
untuk ngurus negara sebesar indonesia ini tidak punya konsep? Katanya sudah pengalaman. <hashtag>,1
"Alih-alih jadi oposisi setelah kalah bersaing melawan <username> dan <username> justru bergabung dalam barisan pemerintah. Lobi politik seperti apa yang dilakukan Prabowo? Simak dalam collection ""Prabowo Dari Seteru ke Sekutu"" di <link>. <hashtag> <link>",0
Dibawah naungan Pak <username> sebagai Kemhan dan dipimpin oleh Pak ia [CAPS] sebagai Kapolri. Semoga :Indonesia: aman dari berbagai ancaman rakyat pun nyaman. Aamiin. [REPPUNC] :folded_hands: <hashtag> <link>,0
Mereka benci Arab tapi mesra dengan Komunis. <hashtag>,0
orang bodoh yang sudah mencoreng kedamaian islam dan ramadhan <hashtag>,0
Bukannya masjid itu tempat ibadah ya? terus kalau jumatan mah biasanya tidak pakai undangan kalau tidak dapet undangan tidak boleh jumatan atau gimana nih bapak [EMOTICON] Jumatan kok berasa kayak kondangan,1
"terlalu keren bahasanya.koruptor, Bilang saja maling /rampok <username>",1
Syahwat Politikmu Besar tapi Syhawat Birahimu sudah Pudar Wahai Pak Pleciden 02. [REPPUNC] <hashtag>,0
<username> tolol jangan diborong. :grinning_face:,0
Boikot boikot and boikot :backhand_index_pointing_down: :backhand_index_pointing_down: :backhand_index_pointing_down: :backhand_index_pointing_down: <hashtag>,0
goblok banget tidak si,0
Akhirnya ada hal yang positif juga dari lucinta luna ! [REPPUNC],1
Selamat <hashtag> Semoga amanah Segera berantas monalisem <link>,0
Satu lagi masuk bui Bakalan ada demo besar lagi tidak ya ? Buni Yani masukin juga dong penjara <hashtag>,1
<username> Bagaimanapun juga Anis tanggung jawab <username>..jadi bobroknya dki [CAPS] bobroknya pemilih,0
<hashtag> masak kamu tidak. [REPPUNC],0
Jngn bodoh ya yang di un install itu aplikasi bukan orang [EMOTICON],0
"Pinter Anies, bukan cuma warga Jakarta saja yang dibego begoin. Tuhan saja mau di bego begoin si Anies. [REPPUNC] hahahahahahaha. [REPPUNC]",1
Taik anjing sekarang saya jadi pilih² kalau mo sayang sama cewek,0
<username> gaenak sbnrnya woee. tapi serem. mana abis baca thread yang nyi roro kidul itu :loudly_crying_face: :thumbs_up:,0
bangun tol nerusin presiden terdahulu saja sembrono emang yang mana yang dibangun dari uang si jae,1
<username> Sarkasme saja lucu banget drama perlontean garuda.,0
Berkontribusi untuk merusak fasilitas rakyat <hashtag> <link>,0
Malu dong sama paus dan lumba-lumba.. Mereka saja rukun ko kita tidak bisa.. <hashtag>,0
sibuk membangun jalan tol lupa membangun jalan pikiran,1
Maaf mak cuma bawak segini hujan soalnya :grinning_face_with_sweat: :grinning_face_with_sweat: <hashtag> <link>,0
anies mmg punya banyak kelebihan. punya kekebalan hukum punya kunci syurga. namun kelebihan anies yang sangat menonjol hanya satu. [REPPUNC] dia lebih bodo ! [REPPUNC],1
Baru Kemaren beli baju buah sama kue ditransmart nyesel jadinya tapi untung nabungnya tidak di bank mega <hashtag> <link>,0
<username> <hashtag>. [REPPUNC] thank s mom engkau lah srikandi dan kartini masa kini. [REPPUNC] karya dan kerjaMu di kkp [CAPS] sungguh luarbiasa..semoga allah swt tuhan yang maha esa selalu memberikan kesehatan kepada ibu <username>. [REPPUNC],0
pts [CAPS] alias Perguruan Tinggi Swasta yang terakreditasi A berharap Mendikbud Nadiem Makarim bisa memberikan kewenangan penuh kepada mereka. <hashtag> <link>,0
Semakin yakin dengan pilihan 02. Kubu petahana tidak bisa bermain sportif. Selamat jalan <username> team dan cara kerja,1
Pembayaran bpjs [CAPS] tk [CAPS] yang praktis dan tanpa ribet ya di loket ppob [CAPS] Nusantara ! :winking_face: :thumbs_up: Belum terdaftar sebagai loket hebat ppob [CAPS] Nusantara? Segera daftar dan nikmati fitur lengkap serta komisi menarik di tiap transaksinya ! <hashtag> <link>,0
<username> Ingat loh.. jas itu pakaian orang eropa. [REPPUNC] ingat,0
<username> Selamat bertugas dengan penuh tanggung jawab semoga sukses <hashtag>,0
Aku memang begini saat orang istirahat aku mulai memahami materi yang harus aku pahami dan memaksakan aku jatuh Cinta pada materi. [REPPUNC] Oh psikologi abnormal aku kira aku akan terhindar dari abnormal nyatanya aku mulai mendekati abnormal. [REPPUNC] <hashtag>,0
Disiplin dan fokus lakukan secara terus-menerus konsisten dari waktu ke waktu maka Anda akan mencapai sukses yang spektakuler <hashtag>,0
jeby goblok anjic,0
Alhamdulillah diskotik Syarie Colosseum (Kulsum) semoga Jakarta makin barokah dan bersyari\'ah. [REPPUNC] Untuk LastCar beib <username> ada bonus khusus. [REPPUNC] Latihan dapet bidadari. [REPPUNC],1
<username> Mampir dong ke Istana..baca puisi keq..didepan Bossnya..Bossmu.. Masa ke Menhan ajah..?,0
Dan narasinya skarang adalah Ingin mengadu domba <username> Dengan <username> Semua kampret sama² mengatakn tni [CAPS] lebih Manusiawi daripada Polisi Eh Kampret Aparat Negara Emang Manusiawi smua Elu² saja Yang mirip Dajjal Brmata satu Mirip sama <username> <hashtag>,0
Om <hashtag> ngmusik lagi saja yuk saya suka sama Republik Cinta Management dan artis artisnya dari dulu. Ngapain berpolitik ujung²nya masuk bui. [EMOTICON] <hashtag>,1
Luhut Dukung Ekspor Benin Lobster Susi Ungkit Harley dan Brompton <link> <link>,0
<username> Tolol wkwkwk,0
Terima kasih <username> sudah membuat orang sakit sekarang semakin sengsara.. Cc <username> <hashtag>,1
Pergi kamu gua sudah strowberry mangga apel sorry tidak lepel <hashtag> <link>,0
Penghargaan sebesar-sebesarnya kepada para wanita yang rela bekerja mencari nafkah. Buat para pria soal menjemput rezeki kita tidak ada apa-apanya. Jika mau wanita bisa dapatkan puluhan juta dalam semalam tapi itu ia tinggalkan demi rezeki halal meski berpanas-panas di jalanan.,0
<username> Eh [ELONG] para wortel ku :see-no-evil_monkey: Iya [ELONG] iya [ELONG] besok aku jadi Nia Ramadhani part 2 yang tidak bisa ngupas wortel. Bakal dinikahi konglomerat juga tidak yaa,0
Ini nih kelakuannya. Memfitnah polri [CAPS] <hashtag>,0
<username> Habib mampir numpang sholat di mesjid pbnu [CAPS] habib bicara ke rombongannya dan beberapa jamaah. Keberulan saya ikut sholat juga jadi tidak ada pengurus pbnu [CAPS] yang hadir mendengarkannya.,0
kepo deh Nia ramadhani pakai kuota yang berapa giga ?,0
Aku cinta Jokowi Aku sayang Pencitraan,1
<username> Mantap semoga cepat direalisasikan. <hashtag>,0
<username> Goblok nya akut bang..,0
a bebas beroperasi bandela joko widodo dan bandela maruf mem(per)bolehkan <hashtag> <link>,0
<username> Provokator ! [REPPUNC] <hashtag>,0
Astaga Prabowo adalah capres hasil Ijtima Ulama lho kenapa sering ditanya jumatan di mana ? <hashtag>,1
hore [ELONG]. [REPPUNC] ðÿ'ðÿ'ðÿ' mantab [ELONG] ðÿ' sepak terjang bejat andre dengan menjebak nn bakal diseret ke meja hijau. dukung nn dengan: <hashtag>,1
Save Humanity <hashtag>,0
Sungguh mulia Ustadz am [CAPS] agar santri selalu fit tahan begadang mikir cepet dan gacor dia beri sabu ke santri sabu tidak haram kan tidak ada larangan dalam Al-Quran. Malaikat Mukar Nakir dan Malaikat Malik pasti tidak sabar mau bertemu beliau.,1
<username> Amanah ya pak <hashtag>,0
Sudah 2 minggu saya kkn [CAPS] dan hampir 2 minggu itu pula sya makan tempe terus2an tidak ada tu tempenya setipis atm. Alay banget pakk melebih lebihkann bangett.,1
Pintar banget anies motong anggaran banjir buat aibon [EMOTICON],1
Beasiswa untuk Indonesia Maju. <hashtag> <link>,0
hidup [CAPS] presiden [CAPS] jokowi [CAPS] ! [REPPUNC] berangus [CAPS] seniman-seniman [CAPS] kontra-revolusi [CAPS] mental [CAPS] ! [REPPUNC],1
Anak anak ingusan kan tidak ngarti kalau Mereka Puluhan tahun Terdzalimi..hehehe. jadi Wajarlah kalau puluhan tahun kedepan bagian mereka membawa nkri [CAPS] ke arah yang lebih baik.impas kan. [REPPUNC] ? <hashtag> <link>,0
Abdul halim iskandar yang beralatar belakang santri dan anak desa mengisi pos menteri Kementerian Desa pembangunan Daerah Tertinggal dan Transmigrasi di kabinet indonesia maju. <username> <hashtag> <link>,0
<username> Muda energik dan idealis bagus,0
Selamat datang di indonesia Dimana orang kaya takut miskin tapi orang miskin tidak takut kaya,1
adab tapi penyilap ! <hashtag>,1
<username> hash tahik kamu anjing,0
tidak harus bicara pembeda negara maju atau negara miskin kalau anda sendiri sudah dibantu pemerintah malah membelot,1
solak atau tidak solak bapaknya <username> yang harus bertanggung jawab dari semua ini,1
Berkah apaan pusing mau cari nafkah tidak bisa uang pas2an rmh kebanjiran kacau nih Gabeneer ! [REPPUNC] <hashtag>,1
<username> memang aku miskin dan suka bergunjing daripada kamu kaya anjing,0
Program Naturalisasi Sungai oleh Anies Baswedan berhasil. Terbukti banjir baru datang di 2020,1
Dengan berlanjutnya masa pemerintahan Presiden Jokowi maka prioritas beliau untuk memajukan wilayah Papua akan terlaksana. Papua adalah Indonesia. <hashtag> <link>,0
<username> sontoloyo [CAPS] !,0
Tidak ada orang gagal yang tidak punya masa depan dan tidak ada orang sukses yang tidak punya masa lalu.,0
Mungkin mungkin ini ya.. istilah Pejabat idealnya diganti jadi Pelayan Masyarakat <hashtag>,0
<username> Mereka mah selalu benar Kang <hashtag>,0
<hashtag> cerdas dan selalu mau belajar,0
Ya Anies sedang berusaha untuk memecahkan rekor dunia lempar tanggung jawab yang masih dipegang juara bertahan. Mohon dukungannya [EMOTICON],1
<username> Bubah itu laki. Melly itu perempuan dan muslimah. dalam ajaran agama teh <username> laki tidak boleh (haram) menyerupai perempuan dan juga sebaliknya meskipun itu tujuannya bercanda.,0
Yang laain tanam pohon dia tebang pohon Pintar sih kalau urusan serapan anggaran <hashtag>,1
Kafir nuduh <hashtag> selagi si kafir nuduh islam radikal jangan pernah berhenti bilang kafir [CAPS] pada mereka. [REPPUNC],0
<username> Semoga sukses pak <username>,0
Hai <username> videonya keren loh.. ! [REPPUNC] Langsung trending ditiktok.. ! [REPPUNC] Sering sering ya [ELONG] partai Allah bikin beginian.. ! [REPPUNC] Goyang [ELONG] kuy.. [ELONG] ! [REPPUNC],1
kalau dah terbiasa menganggap Hoaks dan fitnah sebagai Fakta dan Fakta malah dianggap hoaks maka tidak heran kalau ada yang bilang Haiti itu di Afrika dan Mindanao bagian dari Indonesia [EMOTICON],0
makmur boleh stress jangan yah.. <hashtag>,1
Kami tidak berani lawan opm [CAPS] Kami beraninya cuma bubarin pengajian Ust Felix,1
Untuk apa grup kelas diciptakan kalau saja saya nanya masih tidak ada yang respon tolol <link>,0
<username> Pemimpin Idolah.. :smiling_face_with_open_hands:,0
Sekarang kalau mau ngambil rapot tinggal pesen gosend saja deh biar tidak nyapein mama <hashtag>,0
<username> Kasih arahan tuh junjungan Janji 7% real 5% Lima taun depan mo ngapain masa 25 T cm jualan radikal radikul terus Ekonominya piye cuk,0
Ilustrator Hari Prast pun memberikan penghormatan terhadap sosok Bu Susi yang melegenda. Bu Susi digambarkan oleh komikus yang membuat komik Jokowi sedang tersenyum di lautan. Ini karyanya: <hashtag> via <username> <link>,0
Radikal radikul redekel. Iuran bpjs naik. Tdl tidak turun. Ekonomi jongkok. Kerja kerja kerja ! [REPPUNC] <hashtag>,0
daripada ibu kota diurus sama ahli tata kata <username> mending pindah sekalian ! [REPPUNC] <hashtag>,1
<username> Salahkan karena tidak bisa main sembunyi-sembunyi. [REPPUNC],0
<username> Ashobiyah thdp sesuatu emang merusak nilai keadilan dan kejujuran. Ada pejabat berkoar asn [CAPS] yang bercadar dan bercelana cingkrang dituduh radikal. Padahal belum dibuktikan hukum juga kalau radikal apakah ente sudah ingatkan/bersuara ke pejabat itu ?,0
-imf yang nonton itzy dom jakarta barengan yukk aku sendirian,0
<hashtag> sapa yang ganggu Anies ! [REPPUNC] cuma bantu pabrik Aibon naikkan omzet,0
Transparan adalah kunci untuk memajukan negara ini tidak ada gelap sembunyi-sembunyi ataupun remang-remang. <hashtag>,0
Sok pinter kamu. kalau elo yang jadi presiden emang bakal lebih bagus. Bacot,0
<username> Jadi bergariah baca info dri akun <username>,0
Beli gorengan 80juta Kenyang [ELONG] [EMOTICON] <hashtag>,1
goblok [CAPS] banget [CAPS] knpsi [CAPS] ! [REPPUNC],0
Memang kita ini tidak ada lagi kata maaf ya? saya tidak pernah instal bl [CAPS] bahkan make juga tidak tapi gara beda pilihan sampe hilang sudah kasih itu..' 0,0
Dan Bandung bagiku bukan hanya masalah geografis lebih jauh dari itu melibatkan kekerasan bersama aparat ketika menggusurku. [REPPUNC] <username> <hashtag>,1
<username> G usah bawa surga n neraka bos..kyak km takmir aj wkwkwkkckckck [ELONG],0
<username> pengen jadi nia ramadhani saja,0
8 Bukti Nia Ramadhani Miliki Jiwa Crazy Rich Nyasar di Rumah Sendiri hingga tidak Bisa Kupas Salak – Tribun Timur <link> <link>,0
<username> Bubar jalan. [REPPUNC],0
Anjir setan kalah sama lonte :grinning_face_with_sweat:,0
Sedih Melihat Hukum Negeri Ini. <hashtag> <link>,0
Jangan sampek bpjs [CAPS] budget [CAPS] paspasan [CAPS] jiwa [CAPS] sosialita [CAPS],0
Ml nggarai badmood sumpah jnck ngepush susah ketemunya legend tolol,0
btw [CAPS] ini [CAPS] aku [CAPS] kerasukan [CAPS] nyi [CAPS] roro [CAPS] kidul [CAPS] apa [CAPS] gmn? [CAPS] beli [CAPS] slogannya [CAPS] ijo [CAPS] ijo [CAPS] semua [CAPS] :loudly_crying_face: :loudly_crying_face: :loudly_crying_face: :loudly_crying_face: :loudly_crying_face: :loudly_crying_face: mau demo go green apa bagaimana geb.,0
Dasar kau Licik bisanya cuma nusuk dari blakang。¿,0
Mereka bersikeras ingin mencampur kecap manis dengan oli bekas walaupun wujudnya sama tidak akan pernah menyatu massa jenisnya berbeda. Begitu juga yang haq dan yang bhatil selamanya tidak akan bisa disatukan. <hashtag>,0
<username> Otak dipakai Dulu buat mikir sebelum jari jarinya buat status.. <username> yakin tidak anti kritik selama kritikannya pakai data dan fakta tidak asbun macam gerombolan partai trotoar,0
Beranai mendukung tetapi tidak berani mengkritik <hashtag> ! [REPPUNC],0
<hashtag>,0
Pak Anies saya mau tanya apakah diskotek Colosseum lebih syar\'i daripada Alexis?,0
Hebat benar Memang pemerintahan di bawah pak Jokowi.. <hashtag>,0
<username> jialillah [ELONG] [CAPS] bijak amat buk afi,0
<username> Repotnya punya pemimpin tidak [CAPS] mengerti apa². Saya khawatir juga k<username> dikasih masukan itu tahu next stepnya seperti apa. Atau jadi malah bingung. Karena tipe orang model begini seperti seorang raja yang belum baligh. Beruntung kalau orang sekelilingnya peduli sama kesejahteraan rakyat.,0
<username> yach [ELONG] berudu yang cari majikan baru.. mslh sudah dberesin sebelum elo komen bong,0
<username> Kadrun Tolol Dibaca Itu. dki [CAPS] jauh drun. :face_savoring_food: <link>,0
<username> Alhamdulillah prabowotelah diberi hidayah menjadi kecebong. [REPPUNC],0
plus62 hebat [CAPS] <hashtag>,1
mk [CAPS] menolak mereka anggap tidak adil nanti dibawah ke mahkamah internasional ditolak lagi dianggap tidak adil nanti mereka gugat ke Tuhan mereka anggap Tuhan tidak adil juga kayaknya.,0
Prabohong menghadiri perayaan hari kemerdekaan ke-69 Republik Rakyat Cina (rrc) [CAPS] yang digelar Kedutaan Besar rrc [CAPS]. Prabohong memandang China sangat penting bagi Indonesia. Nahkann ! Bukankah itu wujud Prabohong pro Asing ?,1
Makin horror nih negara <hashtag> <link>,0
Menkopolhukam Prof Mahfud md [CAPS] [EMOTICON] ancasila itu sudah benar jangan mengkafir-kafirkan orang <hashtag> <link>,0
Terimakasih bapak Anies Baswedan. Kini kantor ku punya kolam renang huaAaAh [ELONG] senangnya,1
Yang masih bahagia di tipu itu yang hebat.. hebat dungunya ! [REPPUNC] <hashtag>,1
Kendati sukses dirikan Gojek sejumlah pihak pesimis Nadiem Makarim akan berhasil sebagai Mendikbud. Bagaimana pandangan Alamanda mantan emak programer Gojek? <hashtag> via <username> <link>,0
Sungguh berhati mulia sekali kau mas padahal anda juga jomblo: ),1
sosialita yang punya kebutuhan rakyat yang susah. [REPPUNC] <hashtag>,1
Hey bung <username> bayar dulu tuh tuggakan listrik wakil rakyat kok keree,0
<username> Diskotik surga dunia yakk hha,0
Welcome to indonesia dimana semua ditutup dengan uang,1
<username> Nah kasus si bib juga apakabar? kamu pada diem bae kadrun sontoloyo.,0
tengok full version kat youtube banjir siot :loudly_crying_face: :loudly_crying_face: <link>,0
Pilpres kali ini Pendukung akal [CAPS] sehat [CAPS] 80 % Pendukung Indonesia Menang 15 % tidak tahu 5 %<hashtag> Rocky Gerung,0
Syuram [ELONG] <hashtag> <link>,0
Alhamdulillah semua berkah yang harus kita syukuri semua berkat kepintaran <username> dan doa <username> <hashtag>,1
Kita bersyukur mk [CAPS] telah melaksanakan kewajibannya. Kita bersyukur pidato Pak Prabowo bijak dan bermakna.. Selamat untuk warga Indonesia yang cukup dewasa berdemokrasi..,0
periode [CAPS] tlh memaksa menangkan dengan ribuan tumbal nyawa. Setiap aksi rakyat dihadang olh Pembantaian. Begitupun hari ini <hashtag> dibalas hantaman membabi buta pagar penguasa.. tidak mustahil bsk lusa giliran kita juga ente :backhand_index_pointing_right: :frog: Bacot ! [REPPUNC] <link>,0
<username> Mantap. [REPPUNC] bos sama jubir mulai tidak singkron nich. [REPPUNC] satu bilang A satunya bilang B,1
Keinginan Mendikbud Nadiem Makarim menciptakan suatu pendidikan berbasis kompetensi dan karakter mendapat apresiasi. <hashtag> <link>,0
semua gara-gara orang berbudi pekerti yang baik (disana) gunung dan laut pun dijual ! [REPPUNC] <hashtag> @ lhokseumawe,1
<username> Semoga jadi partai teladan dan memiliki wakil membanggakan di dpr [CAPS] <hashtag>,0
kalau mak bilang si <username> ini otaknya dah sakit keseringan kena lempar telektonggenggam [EMOTICON] mak heran? Kenapa dulu mantan aktivis 98 byk yang jadi kampret? kalau tidak gila tidak makan ya bahkan sekelas yang katanya bpk reformasi juga ngampret [EMOTICON],0
Nah tapi disini yang dikrubungin temen saya namanya kita samarin jadi sontoloyo dipanggil oyo,0
1. Hari ini saya lagi ada perlu ke Bogor dan karena saya males kena macet saya milih naik kereta ke Bogor pas di Stasiun Tanjung Barat ada sosok yang kayak saya kenal. Eh saya lihat-lihat ternyata Pak <username> Presiden kita. Gokil ! <hashtag>,0
Pak Mendagri di sebut-sebut dalam kasus Meikarta sebelum terlambat buruan pak masuk ke Nasdem [EMOTICON] [EMOTICON],0
"wahai pembela anies dan tim buzzer 5m, kalian mmg perlu terus diberi update petunjuk, coba otak kanan dan otak kirinya dipake, baca nih, update pengkibulan gubernur idola kalian! what next, tunggu episode selanjutnya ðÿ˜' <hashtag>",1
<username> tidak ada yang salah ko dengan mereka bilang <hashtag> lagi pula siapa juga yang memuji sampai sebegitu tinggi ah itu hanya perasaan mu saja kali..slow ajalah tidak usah gusar pak Prabowo masih tahu ko posisi dia dimana tenang saja tenang.,0
Heh peler [CAPS] (People Power) kamu kira warga twitteer bakal dukung aksi klean semua? Yahh [ELONG] salah tempat klean bgst ! [REPPUNC],0
stop [CAPS] Kerusuhan ! Jangan sampai aksi sekelompok orang seperti kalian justru membuat seluruh rakyat Indonesia menderita karena Indonesia tidak damai. tolak [CAPS] kejadian [CAPS] 21/22 Mei <hashtag>,0
Sudah Kudugem. [REPPUNC] ! [REPPUNC] :thinking_face: :thinking_face: - <hashtag> <link>,0
Pintar banget sih mbak ngehancurin mood seseorang,1
menang karena Kecurangan <hashtag>,1
Karena 02 ada harapan lebih baik dari pada dengan sang pembuat janji yang lupa janjinya Rocky Gerung Ungkap Alasan Sering Isi Acara Prabowo Dibanding Jokowi,0
<username> Semoga yang diminta mundur masih punya urat malu ya Bang <hashtag>,0
Entah apa tiba-tiba banyak yang menjadi panitia penerima taubat seolah-olah ingin mengambil alih tugas tuhan. <hashtag>,0
Kalau yang ini sudah bukan lagi menjadi rahasia publik. Publik sudah tahu pelaku yang sengaja menjadikan hoax sebagai alat propaganda menggiring opini.,0
Astaghfirulah prabowo Jumatan karena pilpres [EMOTICON] <hashtag>,1
Pengkhianat jaman now itu sekarang sdg memperjuangkan kecurangannya [CAPS] di mk [CAPS] ! Mereka ingin agar kecurangannya dilegalkan ! Akhirnya. [REPPUNC] apakah mk [CAPS] mau jadi penegak keadilan atau pengkhianat keadilan ! [REPPUNC] <hashtag>,0
wooww jawaban yang sangat aksi ðÿ' dulu jaman ahok. smw serba terbuka & transparan.. emang sih beda pemimpin beda gaya. saya pikir tidak berlebihan jika kita katakan. selamat datang dimasa mental anti transparansi <username> ðÿ'ðÿ' <hashtag>,1
<hashtag> Stop ganggu gubener kesayangan saya ! [REPPUNC] <link>,0
<username> Semoga berkah dan lebih baik lagi aamiin.. <hashtag>,0
Sekedar mengingatkan kamu <username> bagaimana orang yang kamu anggap ayah ini mendukung bhkn memujimu tapi balasannya kamu lupakan dia. Kamu tidak punya hati.,1
memang terbaik dah Indonesia taik anjing bisa jadi trending,1
Allahuakbar <username> pasti bangga dan senang lihat Monas banyak airnya. Ini lah kolam terbesar di Jakarta kebanggaan umat monaslimin. ! [REPPUNC] <hashtag>,1
Aibon salah ketik Bolpoin salah input Penghargaan diskotek colosseum salah Kadis Sekarang. [REPPUNC] Rekomendasi Formula E salah ketik lagi. Bukannya salah otak tuh ! [REPPUNC],1
mari bersama-sama kami deklarasikan Kota Manokwari polos saat mengawal persediaan zat asam di tempat <hashtag> <link>,0
<username> Tul AutoBlock aq kecepatannya TerraByte jk mncium Aroma Bani kali item bin togog Sontoloyo :victory_hand:,0
Selain niat jahat hatinya <username> juga sadis,0
Pasal Makar kubu 01 sebagai alat pembungkam bagi yang Vocal menyuarakan kebenaran <username> hanya menjalankan perintah.maka satu persatu di lemahkan tapi mereka salah semakin di tekan maka semakin kuat gaung nya <username> sudah mutlak menjadi Presiden. [REPPUNC],0
Ah nanti kalau ada kasus kegawatan serangan jantung misal saya komunikasi ke keluarga dulu ah. Paling meninggal duluan pasiennya,1
Dengan tegas Presiden Jokowi beri Mendag dan Menlu serta jajaran kerjanya deadline hingga tahun 2020 untuk bentuk perjanjian dagang. <hashtag> <link>,0
Anak muda masa kini sudah mampu mencari uang sendiri. Disini wadah inspirasi kamu berada Follow MbakDesi,0
bapak Gubernur kebanjiran penghargaan masyarakatnya kebanjiran air <hashtag>,1
<username> Peraturan allah hanya berlaku di negara allah. Disini berlaku peraturan Nyi Roro Kidul.,1
<username> Dapat Tugas Percepat Proses Birokrasi Reformasi <link> <username> <hashtag> <link>,0
Belum menjabat ke-1 di Indonesia saja sudah banyak *sensasi negatif* lebih baik prestasi walaupun negatif daripada sensasi masih negatif pula. Pening pala aku bebi. Diskotik,0
<username> Soalnya mo dapat g jadi mas bro. [REPPUNC] :rolling_on_the_floor_laughing: :rolling_on_the_floor_laughing: <hashtag>,0
Kalau sudah mengganggu ketertiban ada prosedurnya apakah ditembak dan lain lain. Sama halnya seperti makar dan penghasutan,0
